"url","catalogNumber","family","subfamily","genus","specificEpithet","scientific_name","typeStatus","stateProvince","country","dateIdentified","habitat","minimumElevationInMeters","geojson.type","decimal_latitude","decimal_longitude"
"http://antweb.org/api/v2/?occurrenceId=CAS:ANTWEB:casent0106243","casent0106243","formicidae","myrmicinae","Acanthomyrmex","ferox","Acanthomyrmex ferox","","Sabah","Malaysia","2010-12-31","second-growth rainforest on low vegetation",300,"point","4.96961","117.83722"
"http://antweb.org/api/v2/?occurrenceId=CAS:ANTWEB:casent0106243-d01","casent0106243-d01","formicidae","myrmicinae","Acanthomyrmex","ferox","Acanthomyrmex ferox","","Sabah","Malaysia","2010-12-31","second-growth rainforest on low vegetation",300,"point","4.96961","117.83722"
"http://antweb.org/api/v2/?occurrenceId=CAS:ANTWEB:casent0178570","casent0178570","formicidae","myrmicinae","Acanthomyrmex","ferox","Acanthomyrmex ferox","","Selangor","Malaysia","1998-12-31","on rainforest floor",NA,NA,NA,NA
"http://antweb.org/api/v2/?occurrenceId=CAS:ANTWEB:casent0178571","casent0178571","formicidae","myrmicinae","Acanthomyrmex","ferox","Acanthomyrmex ferox","","Selangor","Malaysia","1998-12-31","on rainforest floor",NA,NA,NA,NA
"http://antweb.org/api/v2/?occurrenceId=CAS:ANTWEB:casent0178572","casent0178572","formicidae","myrmicinae","Acanthomyrmex","ferox","Acanthomyrmex ferox","","Selangor","Malaysia","2008-12-31","on rainforest floor",NA,NA,NA,NA
"http://antweb.org/api/v2/?occurrenceId=CAS:ANTWEB:casent0178573","casent0178573","formicidae","myrmicinae","Acanthomyrmex","ferox","Acanthomyrmex ferox","","Selangor","Malaysia","2008-12-31","on rainforest floor",NA,NA,NA,NA
"http://antweb.org/api/v2/?occurrenceId=CAS:ANTWEB:casent0179619","casent0179619","formicidae","myrmicinae","Acanthomyrmex","ferox","Acanthomyrmex ferox","","Sabah","Malaysia","2008-12-31","rainforest litter",88,"point","5.20194","118.77528"
"http://antweb.org/api/v2/?occurrenceId=CAS:ANTWEB:casent0234238","casent0234238","formicidae","myrmicinae","Acanthomyrmex","ferox","Acanthomyrmex ferox","","Sabah","Malaysia","","rainforest",173,"point","5.06667","117.75"
"http://antweb.org/api/v2/?occurrenceId=CAS:ANTWEB:casent0234238-d01","casent0234238-d01","formicidae","myrmicinae","Acanthomyrmex","ferox","Acanthomyrmex ferox","","Sabah","Malaysia","","rainforest",173,"point","5.06667","117.75"
"http://antweb.org/api/v2/?occurrenceId=CAS:ANTWEB:casent0616363","casent0616363","formicidae","myrmicinae","Acanthomyrmex","ferox","Acanthomyrmex ferox","","Sabah","Malaysia","2011-02-22","tropical rainforest ex sifted leaf litter",190,"point","4.96328","117.80495"
"http://antweb.org/api/v2/?occurrenceId=CAS:ANTWEB:casent0616364","casent0616364","formicidae","myrmicinae","Acanthomyrmex","ferox","Acanthomyrmex ferox","","Sabah","Malaysia","2011-02-22","tropical rainforest ex sifted leaf litter",190,"point","4.96328","117.80495"
"http://antweb.org/api/v2/?occurrenceId=CAS:ANTWEB:casent0616368","casent0616368","formicidae","myrmicinae","Acanthomyrmex","ferox","Acanthomyrmex ferox","","Sabah","Malaysia","2011-02-22","tropical rainforest ex sifted leaf litter",190,"point","4.96328","117.80495"
"http://antweb.org/api/v2/?occurrenceId=CAS:ANTWEB:casent0616369","casent0616369","formicidae","myrmicinae","Acanthomyrmex","ferox","Acanthomyrmex ferox","","Sabah","Malaysia","2011-02-22","tropical rainforest ex sifted leaf litter",190,"point","4.96328","117.80495"
"http://antweb.org/api/v2/?occurrenceId=CAS:ANTWEB:casent0616373","casent0616373","formicidae","myrmicinae","Acanthomyrmex","ferox","Acanthomyrmex ferox","","Sabah","Malaysia","2011-02-22","tropical rainforest ex sifted leaf litter",190,"point","4.96328","117.80495"
"http://antweb.org/api/v2/?occurrenceId=CAS:ANTWEB:casent0616678","casent0616678","formicidae","myrmicinae","Acanthomyrmex","ferox","Acanthomyrmex ferox","","Sabah","Malaysia","2011-02-22","tropical rainforest ex sifted leaf litter",515,"point","4.94447","117.78392"
"http://antweb.org/api/v2/?occurrenceId=CAS:ANTWEB:casent0616688","casent0616688","formicidae","myrmicinae","Acanthomyrmex","ferox","Acanthomyrmex ferox","","Sabah","Malaysia","2011-02-22","tropical rainforest ex sifted leaf litter",515,"point","4.94447","117.78392"
"http://antweb.org/api/v2/?occurrenceId=CAS:ANTWEB:casent0616838","casent0616838","formicidae","myrmicinae","Acanthomyrmex","ferox","Acanthomyrmex ferox","","Sabah","Malaysia","2011-02-22","tropical rainforest ex sifted leaf litter",180,"point","4.95751","117.80207"
"http://antweb.org/api/v2/?occurrenceId=CAS:ANTWEB:casent0634207","casent0634207","formicidae","myrmicinae","Acanthomyrmex","ferox","Acanthomyrmex ferox","","Sabah","Malaysia","2014-10-01","mature wet forest ex sifted leaf litter",350,"point","4.64045","116.61342"
"http://antweb.org/api/v2/?occurrenceId=CAS:ANTWEB:casent0634277","casent0634277","formicidae","myrmicinae","Acanthomyrmex","ferox","Acanthomyrmex ferox","","Sabah","Malaysia","2014-10-01","2nd growth wet forest",450,"point","4.72573","116.39057"
"http://antweb.org/api/v2/?occurrenceId=CAS:ANTWEB:casent0635359","casent0635359","formicidae","myrmicinae","Acanthomyrmex","ferox","Acanthomyrmex ferox","","Sabah","Malaysia","2014-10-01","mature wet forest ex sifted leaf litter",240,"point","4.74332","116.97303"
"http://antweb.org/api/v2/?occurrenceId=CAS:ANTWEB:casent0635361","casent0635361","formicidae","myrmicinae","Acanthomyrmex","ferox","Acanthomyrmex ferox","","Sabah","Malaysia","2014-10-01","mature wet forest ex sifted leaf litter",240,"point","4.74332","116.97303"
"http://antweb.org/api/v2/?occurrenceId=CAS:ANTWEB:casent0635364","casent0635364","formicidae","myrmicinae","Acanthomyrmex","ferox","Acanthomyrmex ferox","","Sabah","Malaysia","2014-10-01","mature wet forest ex sifted leaf litter",240,"point","4.74332","116.97303"
"http://antweb.org/api/v2/?occurrenceId=CAS:ANTWEB:casent0901705","casent0901705","formicidae","myrmicinae","Acanthomyrmex","ferox","Acanthomyrmex ferox","","","Indonesia","","lowland rainforest nesting in litter",NA,NA,NA,NA
"http://antweb.org/api/v2/?occurrenceId=CAS:ANTWEB:casent0901787","casent0901787","formicidae","myrmicinae","Acanthomyrmex","ferox","Acanthomyrmex ferox","","Sarawak","Malaysia","","lowland rainforest soil pocket on rock",NA,NA,NA,NA
"http://antweb.org/api/v2/?occurrenceId=CAS:ANTWEB:casent0901788","casent0901788","formicidae","myrmicinae","Acanthomyrmex","ferox","Acanthomyrmex ferox","","Sarawak","Malaysia","","lowland rainforest soil pocket on rock",NA,NA,NA,NA
"http://antweb.org/api/v2/?occurrenceId=CAS:ANTWEB:casent0904703","casent0904703","formicidae","myrmicinae","Acanthomyrmex","ferox","Acanthomyrmex ferox","syntype of Acanthomyrmex ferox","Perak","Malaysia","","",NA,NA,NA,NA
"http://antweb.org/api/v2/?occurrenceId=CAS:ANTWEB:fmnhins0002821982","fmnhins0002821982","formicidae","myrmicinae","Acanthomyrmex","ferox","Acanthomyrmex ferox","","","","2014-01-01","forest floor tree buttress litter",NA,NA,NA,NA
"http://antweb.org/api/v2/?occurrenceId=CAS:ANTWEB:fmnhins0002821983","fmnhins0002821983","formicidae","myrmicinae","Acanthomyrmex","ferox","Acanthomyrmex ferox","","","","2014-01-01","forest floor tree buttress litter",NA,NA,NA,NA
"http://antweb.org/api/v2/?occurrenceId=CAS:ANTWEB:fmnhins0002821984","fmnhins0002821984","formicidae","myrmicinae","Acanthomyrmex","ferox","Acanthomyrmex ferox","","","","2014-01-01","forest floor tree buttress litter",NA,NA,NA,NA
"http://antweb.org/api/v2/?occurrenceId=CAS:ANTWEB:fmnhins0002821985","fmnhins0002821985","formicidae","myrmicinae","Acanthomyrmex","ferox","Acanthomyrmex ferox","","","","2014-01-01","forest floor tree buttress litter",NA,NA,NA,NA
"http://antweb.org/api/v2/?occurrenceId=CAS:ANTWEB:fmnhins0002821986","fmnhins0002821986","formicidae","myrmicinae","Acanthomyrmex","ferox","Acanthomyrmex ferox","","","","2014-01-01","forest floor tree buttress litter",NA,NA,NA,NA
"http://antweb.org/api/v2/?occurrenceId=CAS:ANTWEB:fmnhins0002821987","fmnhins0002821987","formicidae","myrmicinae","Acanthomyrmex","ferox","Acanthomyrmex ferox","","","","2014-01-01","forest floor tree buttress litter",NA,NA,NA,NA
"http://antweb.org/api/v2/?occurrenceId=CAS:ANTWEB:fmnhins0002821988","fmnhins0002821988","formicidae","myrmicinae","Acanthomyrmex","ferox","Acanthomyrmex ferox","","","","2014-01-01","forest floor tree buttress litter",NA,NA,NA,NA
"http://antweb.org/api/v2/?occurrenceId=CAS:ANTWEB:fmnhins0002821989","fmnhins0002821989","formicidae","myrmicinae","Acanthomyrmex","ferox","Acanthomyrmex ferox","","","","2014-01-01","forest floor tree buttress litter",NA,NA,NA,NA
"http://antweb.org/api/v2/?occurrenceId=CAS:ANTWEB:fmnhins0002821990","fmnhins0002821990","formicidae","myrmicinae","Acanthomyrmex","ferox","Acanthomyrmex ferox","","","","2014-01-01","forest floor tree buttress litter",NA,NA,NA,NA
"http://antweb.org/api/v2/?occurrenceId=CAS:ANTWEB:jtl725743","jtl725743","formicidae","myrmicinae","Acanthomyrmex","ferox","Acanthomyrmex ferox","","Sabah","Malaysia","2014-10-01","mature wet forest ex sifted leaf litter",240,"point","4.74332","116.97303"
