"url","catalogNumber","family","subfamily","genus","specificEpithet","scientific_name","typeStatus","stateProvince","country","dateIdentified","habitat","minimumElevationInMeters","geojson.type","decimal_latitude","decimal_longitude"
"http://antweb.org/api/v2/?occurrenceId=CAS:ANTWEB:alas378360","alas378360","formicidae","heteroponerinae","Acanthoponera","minor","Acanthoponera minor","","Heredia","Costa Rica","2004-01-01","",50,"point","10.422678","-84.00937"
"http://antweb.org/api/v2/?occurrenceId=CAS:ANTWEB:alas378361","alas378361","formicidae","heteroponerinae","Acanthoponera","minor","Acanthoponera minor","","Heredia","Costa Rica","2004-01-01","",50,"point","10.432042","-84.01378"
"http://antweb.org/api/v2/?occurrenceId=CAS:ANTWEB:alas378362","alas378362","formicidae","heteroponerinae","Acanthoponera","minor","Acanthoponera minor","","Heredia","Costa Rica","2004-01-01","",50,"point","10.43577","-84.01226"
"http://antweb.org/api/v2/?occurrenceId=CAS:ANTWEB:alas378363","alas378363","formicidae","heteroponerinae","Acanthoponera","minor","Acanthoponera minor","","Heredia","Costa Rica","2004-01-01","",50,"point","10.413376","-84.01227"
"http://antweb.org/api/v2/?occurrenceId=CAS:ANTWEB:alas378364","alas378364","formicidae","heteroponerinae","Acanthoponera","minor","Acanthoponera minor","","Heredia","Costa Rica","2004-01-01","lowland wet forest canopy fogging",50,"point","10.413648","-84.01245"
"http://antweb.org/api/v2/?occurrenceId=CAS:ANTWEB:alas378365","alas378365","formicidae","heteroponerinae","Acanthoponera","minor","Acanthoponera minor","","Heredia","Costa Rica","2004-01-01","CC 1250m. Copa de arbol",50,"point","10.414448","-84.01222"
"http://antweb.org/api/v2/?occurrenceId=CAS:ANTWEB:alas378366","alas378366","formicidae","heteroponerinae","Acanthoponera","minor","Acanthoponera minor","","Heredia","Costa Rica","2004-01-01","CC 1200m. Copa de arbol",50,"point","10.414721","-84.01204"
"http://antweb.org/api/v2/?occurrenceId=CAS:ANTWEB:alas378367","alas378367","formicidae","heteroponerinae","Acanthoponera","minor","Acanthoponera minor","","Heredia","Costa Rica","2004-01-01","CC 1200m. Copa de arbol",50,"point","10.414794","-84.012215"
"http://antweb.org/api/v2/?occurrenceId=CAS:ANTWEB:alas378368","alas378368","formicidae","heteroponerinae","Acanthoponera","minor","Acanthoponera minor","","Heredia","Costa Rica","2004-01-01","Entre LOC y SAT",50,"point","10.432572","-84.014565"
"http://antweb.org/api/v2/?occurrenceId=CAS:ANTWEB:alas378369","alas378369","formicidae","heteroponerinae","Acanthoponera","minor","Acanthoponera minor","","Heredia","Costa Rica","2004-01-01","",50,"point","10.423018","-84.00968"
"http://antweb.org/api/v2/?occurrenceId=CAS:ANTWEB:alas378370","alas378370","formicidae","heteroponerinae","Acanthoponera","minor","Acanthoponera minor","","Heredia","Costa Rica","2004-01-01","",50,"point","10.42543","-84.004875"
"http://antweb.org/api/v2/?occurrenceId=CAS:ANTWEB:alas378371","alas378371","formicidae","heteroponerinae","Acanthoponera","minor","Acanthoponera minor","","Heredia","Costa Rica","2004-01-01","",50,"point","10.431556","-84.014404"
"http://antweb.org/api/v2/?occurrenceId=CAS:ANTWEB:alas378372","alas378372","formicidae","heteroponerinae","Acanthoponera","minor","Acanthoponera minor","","Heredia","Costa Rica","2004-01-01","",50,"point","10.436055","-84.01153"
"http://antweb.org/api/v2/?occurrenceId=CAS:ANTWEB:alas378373","alas378373","formicidae","heteroponerinae","Acanthoponera","minor","Acanthoponera minor","","Heredia","Costa Rica","2004-01-01","",50,"point","10.420305","-84.011375"
"http://antweb.org/api/v2/?occurrenceId=CAS:ANTWEB:alas378374","alas378374","formicidae","heteroponerinae","Acanthoponera","minor","Acanthoponera minor","","Heredia","Costa Rica","2004-01-01","",50,"point","10.423487","-84.009384"
"http://antweb.org/api/v2/?occurrenceId=CAS:ANTWEB:alas378375","alas378375","formicidae","heteroponerinae","Acanthoponera","minor","Acanthoponera minor","","Heredia","Costa Rica","2004-01-01","",50,"point","10.426958","-84.00844"
"http://antweb.org/api/v2/?occurrenceId=CAS:ANTWEB:alas378376","alas378376","formicidae","heteroponerinae","Acanthoponera","minor","Acanthoponera minor","","Heredia","Costa Rica","2004-01-01","",50,"point","10.424867","-84.0048"
"http://antweb.org/api/v2/?occurrenceId=CAS:ANTWEB:alas378377","alas378377","formicidae","heteroponerinae","Acanthoponera","minor","Acanthoponera minor","","Heredia","Costa Rica","2004-01-01","",50,"point","10.432212","-84.01444"
"http://antweb.org/api/v2/?occurrenceId=CAS:ANTWEB:antweb1008491","antweb1008491","formicidae","heteroponerinae","Acanthoponera","minor","Acanthoponera minor","","Choc","Colombia","","",800,NA,NA,NA
"http://antweb.org/api/v2/?occurrenceId=CAS:ANTWEB:casent0039772","casent0039772","formicidae","heteroponerinae","Acanthoponera","minor","Acanthoponera minor","","Heredia","Costa Rica","2005-04-01","tropical rainforest on low vegetation",50,"point","10.41667","-84.06667"
"http://antweb.org/api/v2/?occurrenceId=CAS:ANTWEB:casent0039772-d01","casent0039772-d01","formicidae","heteroponerinae","Acanthoponera","minor","Acanthoponera minor","","Heredia","Costa Rica","2009-01-13","tropical rainforest on low vegetation",50,"point","10.41667","-84.06667"
"http://antweb.org/api/v2/?occurrenceId=CAS:ANTWEB:casent0039772-d11","casent0039772-d11","formicidae","heteroponerinae","Acanthoponera","minor","Acanthoponera minor","","Heredia","Costa Rica","2009-01-13","tropical rainforest on low vegetation",50,"point","10.41667","-84.06667"
"http://antweb.org/api/v2/?occurrenceId=CAS:ANTWEB:casent0178699","casent0178699","formicidae","heteroponerinae","Acanthoponera","minor","Acanthoponera minor","","Aragua","Venezuela","2009-01-13","",1100,NA,NA,NA
"http://antweb.org/api/v2/?occurrenceId=CAS:ANTWEB:casent0609817","casent0609817","formicidae","heteroponerinae","Acanthoponera","minor","Acanthoponera minor","","Chiapas","Mexico","2009-02-10","lowland wet forest beating vegetation",570,"point","17.12562","-91.63086"
"http://antweb.org/api/v2/?occurrenceId=CAS:ANTWEB:casent0613060","casent0613060","formicidae","heteroponerinae","Acanthoponera","minor","Acanthoponera minor","","Izabal","Guatemala","2009-12-08","2 lowland rainforest beating vegetation",195,"point","15.5112","-88.86143"
"http://antweb.org/api/v2/?occurrenceId=CAS:ANTWEB:casent0617302","casent0617302","formicidae","heteroponerinae","Acanthoponera","minor","Acanthoponera minor","","Comayagua","Honduras","2011-03-05","montane rainforest ex sifted leaf litter",750,"point","14.87045","-87.90567"
"http://antweb.org/api/v2/?occurrenceId=CAS:ANTWEB:casent0618791","casent0618791","formicidae","heteroponerinae","Acanthoponera","minor","Acanthoponera minor","","Atl ntida","Honduras","2011-04-15","2 tropical rainforest beating vegetation",20,"point","15.76504","-87.45693"
"http://antweb.org/api/v2/?occurrenceId=CAS:ANTWEB:casent0625245","casent0625245","formicidae","heteroponerinae","Acanthoponera","minor","Acanthoponera minor","","Atl ntida","Honduras","2012-01-11","treefall gap in trop rainforest ex sifted leaf litter",200,"point","15.69449","-86.86381"
"http://antweb.org/api/v2/?occurrenceId=CAS:ANTWEB:casent0628687","casent0628687","formicidae","heteroponerinae","Acanthoponera","minor","Acanthoponera minor","","Regi n Aut noma del Atl ntico Norte","Nicaragua","2012-04-22","mature wet forest ex sifted leaf litter",310,"point","13.7707","-84.980576"
"http://antweb.org/api/v2/?occurrenceId=CAS:ANTWEB:casent0633283","casent0633283","formicidae","heteroponerinae","Acanthoponera","minor","Acanthoponera minor","","Matagalpa","Nicaragua","2015-08-26","tropical wet forest ex low vegetation",700,"point","12.95806","-85.22506"
"http://antweb.org/api/v2/?occurrenceId=CAS:ANTWEB:casent0636144","casent0636144","formicidae","heteroponerinae","Acanthoponera","minor","Acanthoponera minor","","Alajuela","Costa Rica","2014-02-28","wet forest pan trap",1000,"point","10.714","-85.036"
"http://antweb.org/api/v2/?occurrenceId=CAS:ANTWEB:casent0710518","casent0710518","formicidae","heteroponerinae","Acanthoponera","minor","Acanthoponera minor","","Jinotega","Nicaragua","2013-09-18","montane wet forest mercury vapor lamp",1070,"point","13.76912","-85.02421"
"http://antweb.org/api/v2/?occurrenceId=CAS:ANTWEB:casent0711772","casent0711772","formicidae","heteroponerinae","Acanthoponera","minor","Acanthoponera minor","","Jinotega","Nicaragua","2013-10-02","montane wet forest mercury vapor lamp",1070,"point","13.76912","-85.02421"
"http://antweb.org/api/v2/?occurrenceId=CAS:ANTWEB:castype06888","castype06888","formicidae","heteroponerinae","Acanthoponera","minor","Acanthoponera minor","","Pichincha","Ecuador","2009-01-13","",NA,NA,NA,NA
"http://antweb.org/api/v2/?occurrenceId=CAS:ANTWEB:ecosur26702","ecosur26702","formicidae","heteroponerinae","Acanthoponera","minor","Acanthoponera minor","","Chiapas","Mexico","2015-09-07","",1055,"point","16.876596","-93.45278"
"http://antweb.org/api/v2/?occurrenceId=CAS:ANTWEB:inb0003202055","inb0003202055","formicidae","heteroponerinae","Acanthoponera","minor","Acanthoponera minor","","Heredia","Costa Rica","2002-04-19","montane wet forest",1100,"point","10.26667","-84.08333"
"http://antweb.org/api/v2/?occurrenceId=CAS:ANTWEB:inb0003202801","inb0003202801","formicidae","heteroponerinae","Acanthoponera","minor","Acanthoponera minor","","Heredia","Costa Rica","2002-04-19","montane wet forest",1100,"point","10.26667","-84.08333"
"http://antweb.org/api/v2/?occurrenceId=CAS:ANTWEB:inb0003202939","inb0003202939","formicidae","heteroponerinae","Acanthoponera","minor","Acanthoponera minor","","Heredia","Costa Rica","2002-04-19","montane wet forest",1100,"point","10.26667","-84.08333"
"http://antweb.org/api/v2/?occurrenceId=CAS:ANTWEB:inb0003203585","inb0003203585","formicidae","heteroponerinae","Acanthoponera","minor","Acanthoponera minor","","Heredia","Costa Rica","2002-04-19","montane wet forest",1100,"point","10.26667","-84.08333"
"http://antweb.org/api/v2/?occurrenceId=CAS:ANTWEB:inb0003209278","inb0003209278","formicidae","heteroponerinae","Acanthoponera","minor","Acanthoponera minor","","Heredia","Costa Rica","2002-04-19","montane wet forest bajo de M/17",1100,"point","10.26667","-84.08333"
"http://antweb.org/api/v2/?occurrenceId=CAS:ANTWEB:inb0003209466","inb0003209466","formicidae","heteroponerinae","Acanthoponera","minor","Acanthoponera minor","","Heredia","Costa Rica","2002-04-19","montane wet forest bajo de M/19",1100,"point","10.26667","-84.08333"
"http://antweb.org/api/v2/?occurrenceId=CAS:ANTWEB:inb0003209515","inb0003209515","formicidae","heteroponerinae","Acanthoponera","minor","Acanthoponera minor","","Heredia","Costa Rica","2002-04-19","montane wet forest bajo de M/20",1100,"point","10.26667","-84.08333"
"http://antweb.org/api/v2/?occurrenceId=CAS:ANTWEB:inb0003209516","inb0003209516","formicidae","heteroponerinae","Acanthoponera","minor","Acanthoponera minor","","Heredia","Costa Rica","2002-04-19","montane wet forest bajo de M/20",1100,"point","10.26667","-84.08333"
"http://antweb.org/api/v2/?occurrenceId=CAS:ANTWEB:inb0003209555","inb0003209555","formicidae","heteroponerinae","Acanthoponera","minor","Acanthoponera minor","","Heredia","Costa Rica","2002-04-19","montane wet forest bajo de M/17",1100,"point","10.26667","-84.08333"
"http://antweb.org/api/v2/?occurrenceId=CAS:ANTWEB:inb0003209556","inb0003209556","formicidae","heteroponerinae","Acanthoponera","minor","Acanthoponera minor","","Heredia","Costa Rica","2002-04-19","montane wet forest bajo de M/17",1100,"point","10.26667","-84.08333"
"http://antweb.org/api/v2/?occurrenceId=CAS:ANTWEB:inb0003209557","inb0003209557","formicidae","heteroponerinae","Acanthoponera","minor","Acanthoponera minor","","Heredia","Costa Rica","2002-04-19","montane wet forest bajo de M/17",1100,"point","10.26667","-84.08333"
"http://antweb.org/api/v2/?occurrenceId=CAS:ANTWEB:inb0003209804","inb0003209804","formicidae","heteroponerinae","Acanthoponera","minor","Acanthoponera minor","","Heredia","Costa Rica","2002-04-19","montane wet forest bajo de M/20",1100,"point","10.26667","-84.08333"
"http://antweb.org/api/v2/?occurrenceId=CAS:ANTWEB:inb0003210891","inb0003210891","formicidae","heteroponerinae","Acanthoponera","minor","Acanthoponera minor","","Heredia","Costa Rica","2002-04-19","montane wet forest bajo de M/19",1100,"point","10.26667","-84.08333"
"http://antweb.org/api/v2/?occurrenceId=CAS:ANTWEB:inb0003211194","inb0003211194","formicidae","heteroponerinae","Acanthoponera","minor","Acanthoponera minor","","Heredia","Costa Rica","2002-04-19","montane wet forest",1100,"point","10.26667","-84.08333"
"http://antweb.org/api/v2/?occurrenceId=CAS:ANTWEB:inb0003211250","inb0003211250","formicidae","heteroponerinae","Acanthoponera","minor","Acanthoponera minor","","Heredia","Costa Rica","2002-04-19","montane wet forest bajo de M/17",1100,"point","10.26667","-84.08333"
"http://antweb.org/api/v2/?occurrenceId=CAS:ANTWEB:inb0003211400","inb0003211400","formicidae","heteroponerinae","Acanthoponera","minor","Acanthoponera minor","","Heredia","Costa Rica","2002-04-19","montane wet forest bajo de M/20",1100,"point","10.26667","-84.08333"
"http://antweb.org/api/v2/?occurrenceId=CAS:ANTWEB:inb0003211713","inb0003211713","formicidae","heteroponerinae","Acanthoponera","minor","Acanthoponera minor","","Heredia","Costa Rica","2002-04-19","montane wet forest bajo de M/16",1100,"point","10.26667","-84.08333"
"http://antweb.org/api/v2/?occurrenceId=CAS:ANTWEB:inb0003213573","inb0003213573","formicidae","heteroponerinae","Acanthoponera","minor","Acanthoponera minor","","Heredia","Costa Rica","2002-04-19","montane wet forest Hojarasca",1100,"point","10.26667","-84.08333"
"http://antweb.org/api/v2/?occurrenceId=CAS:ANTWEB:inb0003213756","inb0003213756","formicidae","heteroponerinae","Acanthoponera","minor","Acanthoponera minor","","Heredia","Costa Rica","2002-04-19","montane wet forest Hojarasca",1100,"point","10.26667","-84.08333"
"http://antweb.org/api/v2/?occurrenceId=CAS:ANTWEB:inb0003224539","inb0003224539","formicidae","heteroponerinae","Acanthoponera","minor","Acanthoponera minor","","Heredia","Costa Rica","2003-02-19","montane wet forest Sobre Vegetacion",1100,"point","10.26667","-84.08333"
"http://antweb.org/api/v2/?occurrenceId=CAS:ANTWEB:inb0003224555","inb0003224555","formicidae","heteroponerinae","Acanthoponera","minor","Acanthoponera minor","","Heredia","Costa Rica","2003-02-19","montane wet forest Sobre Vegetacion",1100,"point","10.26667","-84.08333"
"http://antweb.org/api/v2/?occurrenceId=CAS:ANTWEB:inb0003224583","inb0003224583","formicidae","heteroponerinae","Acanthoponera","minor","Acanthoponera minor","","Heredia","Costa Rica","2003-02-19","montane wet forest Sobre Vegetacion",1100,"point","10.26667","-84.08333"
"http://antweb.org/api/v2/?occurrenceId=CAS:ANTWEB:inb0003224595","inb0003224595","formicidae","heteroponerinae","Acanthoponera","minor","Acanthoponera minor","","Heredia","Costa Rica","2003-02-19","montane wet forest Sobre Vegetacion",1100,"point","10.26667","-84.08333"
"http://antweb.org/api/v2/?occurrenceId=CAS:ANTWEB:inb0003224618","inb0003224618","formicidae","heteroponerinae","Acanthoponera","minor","Acanthoponera minor","","Heredia","Costa Rica","2003-02-19","montane wet forest Sobre Vegetacion",1100,"point","10.26667","-84.08333"
"http://antweb.org/api/v2/?occurrenceId=CAS:ANTWEB:inb0003224804","inb0003224804","formicidae","heteroponerinae","Acanthoponera","minor","Acanthoponera minor","","Heredia","Costa Rica","2003-02-19","montane wet forest Sobre Vegetacion",1100,"point","10.26667","-84.08333"
"http://antweb.org/api/v2/?occurrenceId=CAS:ANTWEB:inb0003224843","inb0003224843","formicidae","heteroponerinae","Acanthoponera","minor","Acanthoponera minor","","Heredia","Costa Rica","2003-02-19","montane wet forest Sobre Vegetacion",1100,"point","10.26667","-84.08333"
"http://antweb.org/api/v2/?occurrenceId=CAS:ANTWEB:inb0003224923","inb0003224923","formicidae","heteroponerinae","Acanthoponera","minor","Acanthoponera minor","","Heredia","Costa Rica","2003-02-19","montane wet forest Sobre Vegetacion",1100,"point","10.26667","-84.08333"
"http://antweb.org/api/v2/?occurrenceId=CAS:ANTWEB:inb0003224963","inb0003224963","formicidae","heteroponerinae","Acanthoponera","minor","Acanthoponera minor","","Heredia","Costa Rica","2003-02-19","montane wet forest Sobre Vegetacion",1100,"point","10.26667","-84.08333"
"http://antweb.org/api/v2/?occurrenceId=CAS:ANTWEB:inb0003225044","inb0003225044","formicidae","heteroponerinae","Acanthoponera","minor","Acanthoponera minor","","Heredia","Costa Rica","2003-02-19","montane wet forest Sobre Vegetacion",1100,"point","10.26667","-84.08333"
"http://antweb.org/api/v2/?occurrenceId=CAS:ANTWEB:inb0003225097","inb0003225097","formicidae","heteroponerinae","Acanthoponera","minor","Acanthoponera minor","","Heredia","Costa Rica","2003-02-19","montane wet forest Sobre Vegetacion",1100,"point","10.26667","-84.08333"
"http://antweb.org/api/v2/?occurrenceId=CAS:ANTWEB:inb0003225178","inb0003225178","formicidae","heteroponerinae","Acanthoponera","minor","Acanthoponera minor","","Heredia","Costa Rica","2003-02-19","montane wet forest Sobre Vegetacion",1100,"point","10.26667","-84.08333"
"http://antweb.org/api/v2/?occurrenceId=CAS:ANTWEB:inb0003225210","inb0003225210","formicidae","heteroponerinae","Acanthoponera","minor","Acanthoponera minor","","Heredia","Costa Rica","2003-02-19","montane wet forest Sobre Vegetacion",1100,"point","10.26667","-84.08333"
"http://antweb.org/api/v2/?occurrenceId=CAS:ANTWEB:inb0003225298","inb0003225298","formicidae","heteroponerinae","Acanthoponera","minor","Acanthoponera minor","","Heredia","Costa Rica","2003-02-19","montane wet forest Sobre Vegetacion",1100,"point","10.26667","-84.08333"
"http://antweb.org/api/v2/?occurrenceId=CAS:ANTWEB:inb0003225319","inb0003225319","formicidae","heteroponerinae","Acanthoponera","minor","Acanthoponera minor","","Heredia","Costa Rica","2003-02-19","montane wet forest Sobre Vegetacion",1100,"point","10.26667","-84.08333"
"http://antweb.org/api/v2/?occurrenceId=CAS:ANTWEB:inb0003225328","inb0003225328","formicidae","heteroponerinae","Acanthoponera","minor","Acanthoponera minor","","Heredia","Costa Rica","2003-02-19","montane wet forest Sobre Vegetacion",1100,"point","10.26667","-84.08333"
"http://antweb.org/api/v2/?occurrenceId=CAS:ANTWEB:inb0003225343","inb0003225343","formicidae","heteroponerinae","Acanthoponera","minor","Acanthoponera minor","","Heredia","Costa Rica","2003-02-19","montane wet forest Sobre Vegetacion",1100,"point","10.26667","-84.08333"
"http://antweb.org/api/v2/?occurrenceId=CAS:ANTWEB:inb0003225359","inb0003225359","formicidae","heteroponerinae","Acanthoponera","minor","Acanthoponera minor","","Heredia","Costa Rica","2003-02-19","montane wet forest Sobre Vegetacion",1100,"point","10.26667","-84.08333"
"http://antweb.org/api/v2/?occurrenceId=CAS:ANTWEB:inb0003225459","inb0003225459","formicidae","heteroponerinae","Acanthoponera","minor","Acanthoponera minor","","Heredia","Costa Rica","2003-02-19","montane wet forest Sobre Vegetacion",1100,"point","10.26667","-84.08333"
"http://antweb.org/api/v2/?occurrenceId=CAS:ANTWEB:inb0003225505","inb0003225505","formicidae","heteroponerinae","Acanthoponera","minor","Acanthoponera minor","","Heredia","Costa Rica","2003-02-19","montane wet forest Sobre Vegetacion",1100,"point","10.26667","-84.08333"
"http://antweb.org/api/v2/?occurrenceId=CAS:ANTWEB:inb0003225507","inb0003225507","formicidae","heteroponerinae","Acanthoponera","minor","Acanthoponera minor","","Heredia","Costa Rica","2003-02-19","montane wet forest Sobre Vegetacion",1100,"point","10.26667","-84.08333"
"http://antweb.org/api/v2/?occurrenceId=CAS:ANTWEB:inb0003225533","inb0003225533","formicidae","heteroponerinae","Acanthoponera","minor","Acanthoponera minor","","Heredia","Costa Rica","2003-02-19","montane wet forest Sobre Vegetacion",1100,"point","10.26667","-84.08333"
"http://antweb.org/api/v2/?occurrenceId=CAS:ANTWEB:inb0003235756","inb0003235756","formicidae","heteroponerinae","Acanthoponera","minor","Acanthoponera minor","","Heredia","Costa Rica","2004-04-20","montane wet forest",500,"point","10.33333","-84.06667"
"http://antweb.org/api/v2/?occurrenceId=CAS:ANTWEB:inb0003235794","inb0003235794","formicidae","heteroponerinae","Acanthoponera","minor","Acanthoponera minor","","Heredia","Costa Rica","2004-04-20","montane wet forest",500,"point","10.33333","-84.06667"
"http://antweb.org/api/v2/?occurrenceId=CAS:ANTWEB:inb0003236266","inb0003236266","formicidae","heteroponerinae","Acanthoponera","minor","Acanthoponera minor","","Heredia","Costa Rica","2004-04-20","montane wet forest",500,"point","10.33333","-84.06667"
"http://antweb.org/api/v2/?occurrenceId=CAS:ANTWEB:inb0003237147","inb0003237147","formicidae","heteroponerinae","Acanthoponera","minor","Acanthoponera minor","","Heredia","Costa Rica","2004-04-20","montane wet forest",500,"point","10.33333","-84.06667"
"http://antweb.org/api/v2/?occurrenceId=CAS:ANTWEB:inb0003237506","inb0003237506","formicidae","heteroponerinae","Acanthoponera","minor","Acanthoponera minor","","Heredia","Costa Rica","2004-04-20","montane wet forest",500,"point","10.33333","-84.06667"
"http://antweb.org/api/v2/?occurrenceId=CAS:ANTWEB:inb0003237785","inb0003237785","formicidae","heteroponerinae","Acanthoponera","minor","Acanthoponera minor","","Heredia","Costa Rica","2004-04-20","montane wet forest bajo de M/18",500,"point","10.33333","-84.06667"
"http://antweb.org/api/v2/?occurrenceId=CAS:ANTWEB:inb0003237987","inb0003237987","formicidae","heteroponerinae","Acanthoponera","minor","Acanthoponera minor","","Heredia","Costa Rica","2004-04-20","montane wet forest",500,"point","10.33333","-84.06667"
"http://antweb.org/api/v2/?occurrenceId=CAS:ANTWEB:inb0003238195","inb0003238195","formicidae","heteroponerinae","Acanthoponera","minor","Acanthoponera minor","","Heredia","Costa Rica","2004-04-20","montane wet forest",500,"point","10.33333","-84.06667"
"http://antweb.org/api/v2/?occurrenceId=CAS:ANTWEB:inb0003239453","inb0003239453","formicidae","heteroponerinae","Acanthoponera","minor","Acanthoponera minor","","Heredia","Costa Rica","2004-04-20","montane wet forest",500,"point","10.33333","-84.06667"
"http://antweb.org/api/v2/?occurrenceId=CAS:ANTWEB:inb0003240102","inb0003240102","formicidae","heteroponerinae","Acanthoponera","minor","Acanthoponera minor","","Heredia","Costa Rica","2004-04-20","montane wet forest",500,"point","10.33333","-84.06667"
"http://antweb.org/api/v2/?occurrenceId=CAS:ANTWEB:inb0003240273","inb0003240273","formicidae","heteroponerinae","Acanthoponera","minor","Acanthoponera minor","","Heredia","Costa Rica","2004-04-20","montane wet forest",500,"point","10.33333","-84.06667"
"http://antweb.org/api/v2/?occurrenceId=CAS:ANTWEB:inb0003240574","inb0003240574","formicidae","heteroponerinae","Acanthoponera","minor","Acanthoponera minor","","Heredia","Costa Rica","2004-04-20","montane wet forest bajo de M/18",500,"point","10.33333","-84.06667"
"http://antweb.org/api/v2/?occurrenceId=CAS:ANTWEB:inb0003240635","inb0003240635","formicidae","heteroponerinae","Acanthoponera","minor","Acanthoponera minor","","Heredia","Costa Rica","2004-04-20","montane wet forest bajo de M/03",500,"point","10.33333","-84.06667"
"http://antweb.org/api/v2/?occurrenceId=CAS:ANTWEB:inb0003241142","inb0003241142","formicidae","heteroponerinae","Acanthoponera","minor","Acanthoponera minor","","Heredia","Costa Rica","2004-04-20","montane wet forest bajo de M/01",500,"point","10.33333","-84.06667"
"http://antweb.org/api/v2/?occurrenceId=CAS:ANTWEB:inb0003242485","inb0003242485","formicidae","heteroponerinae","Acanthoponera","minor","Acanthoponera minor","","Heredia","Costa Rica","2004-04-20","montane wet forest bajo de M/07",500,"point","10.33333","-84.06667"
"http://antweb.org/api/v2/?occurrenceId=CAS:ANTWEB:inb0003242526","inb0003242526","formicidae","heteroponerinae","Acanthoponera","minor","Acanthoponera minor","","Heredia","Costa Rica","2004-04-20","montane wet forest bajo de M/01",500,"point","10.33333","-84.06667"
"http://antweb.org/api/v2/?occurrenceId=CAS:ANTWEB:inb0003242743","inb0003242743","formicidae","heteroponerinae","Acanthoponera","minor","Acanthoponera minor","","Heredia","Costa Rica","2004-04-20","montane wet forest bajo de M/07",500,"point","10.33333","-84.06667"
"http://antweb.org/api/v2/?occurrenceId=CAS:ANTWEB:inb0003242851","inb0003242851","formicidae","heteroponerinae","Acanthoponera","minor","Acanthoponera minor","","Heredia","Costa Rica","2004-04-20","montane wet forest bajo de M/03",500,"point","10.33333","-84.06667"
"http://antweb.org/api/v2/?occurrenceId=CAS:ANTWEB:inb0003604726","inb0003604726","formicidae","heteroponerinae","Acanthoponera","minor","Acanthoponera minor","","Heredia","Costa Rica","2004-04-20","montane wet forest Hojarasca",500,"point","10.33333","-84.06667"
"http://antweb.org/api/v2/?occurrenceId=CAS:ANTWEB:inb0003606532","inb0003606532","formicidae","heteroponerinae","Acanthoponera","minor","Acanthoponera minor","","Heredia","Costa Rica","2004-04-20","montane wet forest Sobre Vegetacion",500,"point","10.33333","-84.06667"
"http://antweb.org/api/v2/?occurrenceId=CAS:ANTWEB:inb0003606626","inb0003606626","formicidae","heteroponerinae","Acanthoponera","minor","Acanthoponera minor","","Heredia","Costa Rica","2004-04-20","montane wet forest Sobre Vegetacion",500,"point","10.33333","-84.06667"
"http://antweb.org/api/v2/?occurrenceId=CAS:ANTWEB:inb0003606739","inb0003606739","formicidae","heteroponerinae","Acanthoponera","minor","Acanthoponera minor","","Heredia","Costa Rica","2004-04-20","montane wet forest Sobre Vegetacion",500,"point","10.33333","-84.06667"
"http://antweb.org/api/v2/?occurrenceId=CAS:ANTWEB:inb0003606792","inb0003606792","formicidae","heteroponerinae","Acanthoponera","minor","Acanthoponera minor","","Heredia","Costa Rica","2004-04-20","montane wet forest Sobre Vegetacion",500,"point","10.33333","-84.06667"
"http://antweb.org/api/v2/?occurrenceId=CAS:ANTWEB:inb0003606870","inb0003606870","formicidae","heteroponerinae","Acanthoponera","minor","Acanthoponera minor","","Heredia","Costa Rica","2004-04-20","montane wet forest Sobre Vegetacion",500,"point","10.33333","-84.06667"
"http://antweb.org/api/v2/?occurrenceId=CAS:ANTWEB:inb0003606949","inb0003606949","formicidae","heteroponerinae","Acanthoponera","minor","Acanthoponera minor","","Heredia","Costa Rica","2004-04-20","montane wet forest Sobre Vegetacion",500,"point","10.33333","-84.06667"
"http://antweb.org/api/v2/?occurrenceId=CAS:ANTWEB:inb0003607049","inb0003607049","formicidae","heteroponerinae","Acanthoponera","minor","Acanthoponera minor","","Heredia","Costa Rica","2004-04-20","montane wet forest Sobre Vegetacion",500,"point","10.33333","-84.06667"
"http://antweb.org/api/v2/?occurrenceId=CAS:ANTWEB:inb0003607088","inb0003607088","formicidae","heteroponerinae","Acanthoponera","minor","Acanthoponera minor","","Heredia","Costa Rica","2004-04-20","montane wet forest Sobre Vegetacion",500,"point","10.33333","-84.06667"
"http://antweb.org/api/v2/?occurrenceId=CAS:ANTWEB:inb0003607091","inb0003607091","formicidae","heteroponerinae","Acanthoponera","minor","Acanthoponera minor","","Heredia","Costa Rica","2004-04-20","montane wet forest Sobre Vegetacion",500,"point","10.33333","-84.06667"
"http://antweb.org/api/v2/?occurrenceId=CAS:ANTWEB:inb0003607099","inb0003607099","formicidae","heteroponerinae","Acanthoponera","minor","Acanthoponera minor","","Heredia","Costa Rica","2004-04-20","montane wet forest Sobre Vegetacion",500,"point","10.33333","-84.06667"
"http://antweb.org/api/v2/?occurrenceId=CAS:ANTWEB:inb0003607102","inb0003607102","formicidae","heteroponerinae","Acanthoponera","minor","Acanthoponera minor","","Heredia","Costa Rica","2004-04-20","montane wet forest Sobre Vegetacion",500,"point","10.33333","-84.06667"
"http://antweb.org/api/v2/?occurrenceId=CAS:ANTWEB:inb0003607180","inb0003607180","formicidae","heteroponerinae","Acanthoponera","minor","Acanthoponera minor","","Heredia","Costa Rica","2004-04-20","montane wet forest Sobre Vegetacion",500,"point","10.33333","-84.06667"
"http://antweb.org/api/v2/?occurrenceId=CAS:ANTWEB:inb0003607182","inb0003607182","formicidae","heteroponerinae","Acanthoponera","minor","Acanthoponera minor","","Heredia","Costa Rica","2004-04-20","montane wet forest Sobre Vegetacion",500,"point","10.33333","-84.06667"
"http://antweb.org/api/v2/?occurrenceId=CAS:ANTWEB:inb0003607426","inb0003607426","formicidae","heteroponerinae","Acanthoponera","minor","Acanthoponera minor","","Heredia","Costa Rica","2004-04-20","montane wet forest Sobre Vegetacion",500,"point","10.33333","-84.06667"
"http://antweb.org/api/v2/?occurrenceId=CAS:ANTWEB:inb0003607534","inb0003607534","formicidae","heteroponerinae","Acanthoponera","minor","Acanthoponera minor","","Heredia","Costa Rica","2004-04-20","montane wet forest Sobre Vegetacion",500,"point","10.33333","-84.06667"
"http://antweb.org/api/v2/?occurrenceId=CAS:ANTWEB:inb0003607584","inb0003607584","formicidae","heteroponerinae","Acanthoponera","minor","Acanthoponera minor","","Heredia","Costa Rica","2004-04-20","montane wet forest Sobre Vegetacion",500,"point","10.33333","-84.06667"
"http://antweb.org/api/v2/?occurrenceId=CAS:ANTWEB:inb0003607632","inb0003607632","formicidae","heteroponerinae","Acanthoponera","minor","Acanthoponera minor","","Heredia","Costa Rica","2004-04-20","montane wet forest Sobre Vegetacion",500,"point","10.33333","-84.06667"
"http://antweb.org/api/v2/?occurrenceId=CAS:ANTWEB:inb0003607728","inb0003607728","formicidae","heteroponerinae","Acanthoponera","minor","Acanthoponera minor","","Heredia","Costa Rica","2004-04-20","montane wet forest Sobre Vegetacion",500,"point","10.33333","-84.06667"
"http://antweb.org/api/v2/?occurrenceId=CAS:ANTWEB:inb0003607784","inb0003607784","formicidae","heteroponerinae","Acanthoponera","minor","Acanthoponera minor","","Heredia","Costa Rica","2004-04-20","montane wet forest Sobre Vegetacion",500,"point","10.33333","-84.06667"
"http://antweb.org/api/v2/?occurrenceId=CAS:ANTWEB:inb0003607942","inb0003607942","formicidae","heteroponerinae","Acanthoponera","minor","Acanthoponera minor","","Heredia","Costa Rica","2004-04-20","montane wet forest Sobre Vegetacion",500,"point","10.33333","-84.06667"
"http://antweb.org/api/v2/?occurrenceId=CAS:ANTWEB:inb0003607982","inb0003607982","formicidae","heteroponerinae","Acanthoponera","minor","Acanthoponera minor","","Heredia","Costa Rica","2004-04-20","montane wet forest Sobre Vegetacion",500,"point","10.33333","-84.06667"
"http://antweb.org/api/v2/?occurrenceId=CAS:ANTWEB:inb0003608033","inb0003608033","formicidae","heteroponerinae","Acanthoponera","minor","Acanthoponera minor","","Heredia","Costa Rica","2004-04-20","montane wet forest Sobre Vegetacion",500,"point","10.33333","-84.06667"
"http://antweb.org/api/v2/?occurrenceId=CAS:ANTWEB:inb0003608094","inb0003608094","formicidae","heteroponerinae","Acanthoponera","minor","Acanthoponera minor","","Heredia","Costa Rica","2004-04-20","montane wet forest Sobre Vegetacion",500,"point","10.33333","-84.06667"
"http://antweb.org/api/v2/?occurrenceId=CAS:ANTWEB:inb0003608134","inb0003608134","formicidae","heteroponerinae","Acanthoponera","minor","Acanthoponera minor","","Heredia","Costa Rica","2004-04-20","montane wet forest Sobre Vegetacion",500,"point","10.33333","-84.06667"
"http://antweb.org/api/v2/?occurrenceId=CAS:ANTWEB:inb0003608175","inb0003608175","formicidae","heteroponerinae","Acanthoponera","minor","Acanthoponera minor","","Heredia","Costa Rica","2004-04-20","montane wet forest Sobre Vegetacion",500,"point","10.33333","-84.06667"
"http://antweb.org/api/v2/?occurrenceId=CAS:ANTWEB:inb0003608227","inb0003608227","formicidae","heteroponerinae","Acanthoponera","minor","Acanthoponera minor","","Heredia","Costa Rica","2004-04-20","montane wet forest Sobre Vegetacion",500,"point","10.33333","-84.06667"
"http://antweb.org/api/v2/?occurrenceId=CAS:ANTWEB:inb0003610469","inb0003610469","formicidae","heteroponerinae","Acanthoponera","minor","Acanthoponera minor","","Heredia","Costa Rica","2005-04-15","montane wet forest",300,"point","10.35","-84.05"
"http://antweb.org/api/v2/?occurrenceId=CAS:ANTWEB:inb0003610759","inb0003610759","formicidae","heteroponerinae","Acanthoponera","minor","Acanthoponera minor","","Heredia","Costa Rica","2005-04-15","montane wet forest",300,"point","10.35","-84.05"
"http://antweb.org/api/v2/?occurrenceId=CAS:ANTWEB:inb0003611051","inb0003611051","formicidae","heteroponerinae","Acanthoponera","minor","Acanthoponera minor","","Heredia","Costa Rica","2005-04-15","montane wet forest",300,"point","10.35","-84.05"
"http://antweb.org/api/v2/?occurrenceId=CAS:ANTWEB:inb0003613126","inb0003613126","formicidae","heteroponerinae","Acanthoponera","minor","Acanthoponera minor","","Heredia","Costa Rica","2005-04-15","montane wet forest",300,"point","10.35","-84.05"
"http://antweb.org/api/v2/?occurrenceId=CAS:ANTWEB:inb0003613175","inb0003613175","formicidae","heteroponerinae","Acanthoponera","minor","Acanthoponera minor","","Heredia","Costa Rica","2005-04-15","montane wet forest",300,"point","10.35","-84.05"
"http://antweb.org/api/v2/?occurrenceId=CAS:ANTWEB:inb0003613246","inb0003613246","formicidae","heteroponerinae","Acanthoponera","minor","Acanthoponera minor","","Heredia","Costa Rica","2005-04-15","montane wet forest",300,"point","10.35","-84.05"
"http://antweb.org/api/v2/?occurrenceId=CAS:ANTWEB:inb0003615001","inb0003615001","formicidae","heteroponerinae","Acanthoponera","minor","Acanthoponera minor","","Heredia","Costa Rica","2005-04-15","montane wet forest",300,"point","10.35","-84.05"
"http://antweb.org/api/v2/?occurrenceId=CAS:ANTWEB:inb0003615073","inb0003615073","formicidae","heteroponerinae","Acanthoponera","minor","Acanthoponera minor","","Heredia","Costa Rica","2005-04-15","montane wet forest",300,"point","10.35","-84.05"
"http://antweb.org/api/v2/?occurrenceId=CAS:ANTWEB:inb0003615422","inb0003615422","formicidae","heteroponerinae","Acanthoponera","minor","Acanthoponera minor","","Heredia","Costa Rica","2005-04-15","montane wet forest",300,"point","10.35","-84.05"
"http://antweb.org/api/v2/?occurrenceId=CAS:ANTWEB:inb0003615611","inb0003615611","formicidae","heteroponerinae","Acanthoponera","minor","Acanthoponera minor","","Heredia","Costa Rica","2005-04-15","montane wet forest",300,"point","10.35","-84.05"
"http://antweb.org/api/v2/?occurrenceId=CAS:ANTWEB:inb0003617101","inb0003617101","formicidae","heteroponerinae","Acanthoponera","minor","Acanthoponera minor","","Heredia","Costa Rica","2005-04-15","montane wet forest",300,"point","10.35","-84.05"
"http://antweb.org/api/v2/?occurrenceId=CAS:ANTWEB:inb0003617135","inb0003617135","formicidae","heteroponerinae","Acanthoponera","minor","Acanthoponera minor","","Heredia","Costa Rica","2005-04-15","montane wet forest",300,"point","10.35","-84.05"
"http://antweb.org/api/v2/?occurrenceId=CAS:ANTWEB:inb0003617153","inb0003617153","formicidae","heteroponerinae","Acanthoponera","minor","Acanthoponera minor","","Heredia","Costa Rica","2005-04-15","montane wet forest",300,"point","10.35","-84.05"
"http://antweb.org/api/v2/?occurrenceId=CAS:ANTWEB:inb0003617863","inb0003617863","formicidae","heteroponerinae","Acanthoponera","minor","Acanthoponera minor","","Heredia","Costa Rica","2004-06-16","mature wet forest",50,"point","10.416641","-84.017975"
"http://antweb.org/api/v2/?occurrenceId=CAS:ANTWEB:inb0003617878","inb0003617878","formicidae","heteroponerinae","Acanthoponera","minor","Acanthoponera minor","","Heredia","Costa Rica","2004-06-16","mature wet forest",50,"point","10.41642","-84.018135"
"http://antweb.org/api/v2/?occurrenceId=CAS:ANTWEB:inb0003618139","inb0003618139","formicidae","heteroponerinae","Acanthoponera","minor","Acanthoponera minor","","Heredia","Costa Rica","2004-06-16","mature wet forest",50,"point","10.41503","-84.02365"
"http://antweb.org/api/v2/?occurrenceId=CAS:ANTWEB:inb0003618519","inb0003618519","formicidae","heteroponerinae","Acanthoponera","minor","Acanthoponera minor","","Heredia","Costa Rica","2004-06-16","mature wet forest ex sifted leaf litter",50,"point","10.418123","-84.019165"
"http://antweb.org/api/v2/?occurrenceId=CAS:ANTWEB:inb0003618550","inb0003618550","formicidae","heteroponerinae","Acanthoponera","minor","Acanthoponera minor","","Heredia","Costa Rica","2004-06-16","mature wet forest",50,"point","10.418567","-84.018845"
"http://antweb.org/api/v2/?occurrenceId=CAS:ANTWEB:inb0003619142","inb0003619142","formicidae","heteroponerinae","Acanthoponera","minor","Acanthoponera minor","","Heredia","Costa Rica","2005-04-15","montane wet forest bajo de M/16",300,"point","10.35","-84.05"
"http://antweb.org/api/v2/?occurrenceId=CAS:ANTWEB:inb0003619362","inb0003619362","formicidae","heteroponerinae","Acanthoponera","minor","Acanthoponera minor","","Heredia","Costa Rica","2005-04-15","montane wet forest bajo de M/03",300,"point","10.35","-84.05"
"http://antweb.org/api/v2/?occurrenceId=CAS:ANTWEB:inb0003619682","inb0003619682","formicidae","heteroponerinae","Acanthoponera","minor","Acanthoponera minor","","Heredia","Costa Rica","2005-04-15","montane wet forest bajo de M/16",300,"point","10.35","-84.05"
"http://antweb.org/api/v2/?occurrenceId=CAS:ANTWEB:inb0003619853","inb0003619853","formicidae","heteroponerinae","Acanthoponera","minor","Acanthoponera minor","","Heredia","Costa Rica","2005-04-15","montane wet forest bajo de M/13",300,"point","10.35","-84.05"
"http://antweb.org/api/v2/?occurrenceId=CAS:ANTWEB:inb0003619929","inb0003619929","formicidae","heteroponerinae","Acanthoponera","minor","Acanthoponera minor","","Heredia","Costa Rica","2005-04-15","montane wet forest bajo de M/04",300,"point","10.35","-84.05"
"http://antweb.org/api/v2/?occurrenceId=CAS:ANTWEB:inb0003619947","inb0003619947","formicidae","heteroponerinae","Acanthoponera","minor","Acanthoponera minor","","Heredia","Costa Rica","2005-04-15","montane wet forest bajo de M/16",300,"point","10.35","-84.05"
"http://antweb.org/api/v2/?occurrenceId=CAS:ANTWEB:inb0003622616","inb0003622616","formicidae","heteroponerinae","Acanthoponera","minor","Acanthoponera minor","","Heredia","Costa Rica","2005-04-15","montane wet forest en vegetacion",1100,"point","10.26667","-84.08333"
"http://antweb.org/api/v2/?occurrenceId=CAS:ANTWEB:inb0003622692","inb0003622692","formicidae","heteroponerinae","Acanthoponera","minor","Acanthoponera minor","","Heredia","Costa Rica","2005-04-15","montane wet forest en el suelo",1100,"point","10.26667","-84.08333"
"http://antweb.org/api/v2/?occurrenceId=CAS:ANTWEB:inb0003624432","inb0003624432","formicidae","heteroponerinae","Acanthoponera","minor","Acanthoponera minor","","Heredia","Costa Rica","2005-04-15","montane wet forest Sobre Vegetacion",300,"point","10.35","-84.05"
"http://antweb.org/api/v2/?occurrenceId=CAS:ANTWEB:inb0003624466","inb0003624466","formicidae","heteroponerinae","Acanthoponera","minor","Acanthoponera minor","","Heredia","Costa Rica","2005-04-15","montane wet forest Sobre Vegetacion",300,"point","10.35","-84.05"
"http://antweb.org/api/v2/?occurrenceId=CAS:ANTWEB:inb0003624502","inb0003624502","formicidae","heteroponerinae","Acanthoponera","minor","Acanthoponera minor","","Heredia","Costa Rica","2005-04-15","montane wet forest Sobre Vegetacion",300,"point","10.35","-84.05"
"http://antweb.org/api/v2/?occurrenceId=CAS:ANTWEB:inb0003624735","inb0003624735","formicidae","heteroponerinae","Acanthoponera","minor","Acanthoponera minor","","Heredia","Costa Rica","2005-04-15","montane wet forest Sobre Vegetacion",300,"point","10.35","-84.05"
"http://antweb.org/api/v2/?occurrenceId=CAS:ANTWEB:inb0003654574","inb0003654574","formicidae","heteroponerinae","Acanthoponera","minor","Acanthoponera minor","","Heredia","Costa Rica","2005-04-15","montane wet forest Sobre Vegetacion",300,"point","10.35","-84.05"
"http://antweb.org/api/v2/?occurrenceId=CAS:ANTWEB:inb0003655692","inb0003655692","formicidae","heteroponerinae","Acanthoponera","minor","Acanthoponera minor","","Heredia","Costa Rica","2005-04-15","montane wet forest Sobre Vegetacion",300,"point","10.35","-84.05"
"http://antweb.org/api/v2/?occurrenceId=CAS:ANTWEB:inb0003655733","inb0003655733","formicidae","heteroponerinae","Acanthoponera","minor","Acanthoponera minor","","Heredia","Costa Rica","2005-04-15","montane wet forest Sobre Vegetacion",300,"point","10.35","-84.05"
"http://antweb.org/api/v2/?occurrenceId=CAS:ANTWEB:inb0003656147","inb0003656147","formicidae","heteroponerinae","Acanthoponera","minor","Acanthoponera minor","","Heredia","Costa Rica","2005-04-15","montane wet forest Sobre Vegetacion",300,"point","10.35","-84.05"
"http://antweb.org/api/v2/?occurrenceId=CAS:ANTWEB:inb0003657425","inb0003657425","formicidae","heteroponerinae","Acanthoponera","minor","Acanthoponera minor","","Heredia","Costa Rica","2005-04-15","montane wet forest Sobre Vegetacion",500,"point","10.33333","-84.06667"
"http://antweb.org/api/v2/?occurrenceId=CAS:ANTWEB:inb0003657456","inb0003657456","formicidae","heteroponerinae","Acanthoponera","minor","Acanthoponera minor","","Heredia","Costa Rica","2005-04-15","montane wet forest Sobre Vegetacion",500,"point","10.33333","-84.06667"
"http://antweb.org/api/v2/?occurrenceId=CAS:ANTWEB:inb0003657635","inb0003657635","formicidae","heteroponerinae","Acanthoponera","minor","Acanthoponera minor","","Heredia","Costa Rica","2005-04-15","montane wet forest Sobre Vegetacion",500,"point","10.33333","-84.06667"
"http://antweb.org/api/v2/?occurrenceId=CAS:ANTWEB:inb0003657684","inb0003657684","formicidae","heteroponerinae","Acanthoponera","minor","Acanthoponera minor","","Heredia","Costa Rica","2005-04-15","montane wet forest Sobre Vegetacion",500,"point","10.33333","-84.06667"
"http://antweb.org/api/v2/?occurrenceId=CAS:ANTWEB:inb0003657736","inb0003657736","formicidae","heteroponerinae","Acanthoponera","minor","Acanthoponera minor","","Heredia","Costa Rica","2005-04-15","montane wet forest Sobre Vegetacion",500,"point","10.33333","-84.06667"
"http://antweb.org/api/v2/?occurrenceId=CAS:ANTWEB:inb0003660686","inb0003660686","formicidae","heteroponerinae","Acanthoponera","minor","Acanthoponera minor","","Heredia","Costa Rica","2005-11-15","mature wet forest ex sifted leaf litter",50,"point","10.415688","-84.02092"
"http://antweb.org/api/v2/?occurrenceId=CAS:ANTWEB:inb0003663498","inb0003663498","formicidae","heteroponerinae","Acanthoponera","minor","Acanthoponera minor","","Heredia","Costa Rica","2005-11-15","lowland rainforest Sura",50,"point","10.432271","-84.01333"
"http://antweb.org/api/v2/?occurrenceId=CAS:ANTWEB:inb0003663705","inb0003663705","formicidae","heteroponerinae","Acanthoponera","minor","Acanthoponera minor","","Heredia","Costa Rica","2005-11-15","lowland rainforest Sura",50,"point","10.432069","-84.01447"
"http://antweb.org/api/v2/?occurrenceId=CAS:ANTWEB:inb0003663862","inb0003663862","formicidae","heteroponerinae","Acanthoponera","minor","Acanthoponera minor","","Heredia","Costa Rica","2005-11-15","lowland rainforest Sura",50,"point","10.432412","-84.013855"
"http://antweb.org/api/v2/?occurrenceId=CAS:ANTWEB:inb0003664116","inb0003664116","formicidae","heteroponerinae","Acanthoponera","minor","Acanthoponera minor","","Heredia","Costa Rica","2005-11-15","lowland rainforest Sura",50,"point","10.431009","-84.01227"
"http://antweb.org/api/v2/?occurrenceId=CAS:ANTWEB:inb0003664321","inb0003664321","formicidae","heteroponerinae","Acanthoponera","minor","Acanthoponera minor","","Heredia","Costa Rica","2005-11-15","lowland rainforest Sura",50,"point","10.432069","-84.01447"
"http://antweb.org/api/v2/?occurrenceId=CAS:ANTWEB:inb0003665729","inb0003665729","formicidae","heteroponerinae","Acanthoponera","minor","Acanthoponera minor","","Heredia","Costa Rica","2005-11-12","montane wet forest sobre la vegetacion",1100,"point","10.26667","-84.08333"
"http://antweb.org/api/v2/?occurrenceId=CAS:ANTWEB:inb0003667839","inb0003667839","formicidae","heteroponerinae","Acanthoponera","minor","Acanthoponera minor","","Heredia","Costa Rica","2005-11-15","mature wet forest ex sifted leaf litter",160,"point","10.409587","-84.03953"
"http://antweb.org/api/v2/?occurrenceId=CAS:ANTWEB:inb0003678061","inb0003678061","formicidae","heteroponerinae","Acanthoponera","minor","Acanthoponera minor","","Heredia","Costa Rica","2005-11-15","mature wet forest ex sifted leaf litter",50,"point","10.420642","-84.02074"
"http://antweb.org/api/v2/?occurrenceId=CAS:ANTWEB:inb0003679870","inb0003679870","formicidae","heteroponerinae","Acanthoponera","minor","Acanthoponera minor","","Heredia","Costa Rica","2006-04-19","mature wet forest ex sifted leaf litter",500,"point","10.305202","-84.05794"
"http://antweb.org/api/v2/?occurrenceId=CAS:ANTWEB:inb0003694852","inb0003694852","formicidae","heteroponerinae","Acanthoponera","minor","Acanthoponera minor","","Heredia","Costa Rica","2006-11-02","mature wet forest ex sifted leaf litter",500,"point","10.307919","-84.057304"
"http://antweb.org/api/v2/?occurrenceId=CAS:ANTWEB:inb0003694936","inb0003694936","formicidae","heteroponerinae","Acanthoponera","minor","Acanthoponera minor","","Heredia","Costa Rica","2006-11-02","mature wet forest ex sifted leaf litter",500,"point","10.307916","-84.05776"
"http://antweb.org/api/v2/?occurrenceId=CAS:ANTWEB:inb0003695079","inb0003695079","formicidae","heteroponerinae","Acanthoponera","minor","Acanthoponera minor","","Heredia","Costa Rica","2006-11-02","mature wet forest ex sifted leaf litter",160,"point","10.405221","-84.03751"
"http://antweb.org/api/v2/?occurrenceId=CAS:ANTWEB:inb0003695909","inb0003695909","formicidae","heteroponerinae","Acanthoponera","minor","Acanthoponera minor","","Heredia","Costa Rica","2006-11-02","mature wet forest ex sifted leaf litter",50,"point","10.413329","-84.02374"
"http://antweb.org/api/v2/?occurrenceId=CAS:ANTWEB:inb0004101341","inb0004101341","formicidae","heteroponerinae","Acanthoponera","minor","Acanthoponera minor","","Heredia","Costa Rica","2007-09-27","mature wet forest ex sifted leaf litter",300,"point","10.338782","-84.05078"
"http://antweb.org/api/v2/?occurrenceId=CAS:ANTWEB:inbiocri001217971","inbiocri001217971","formicidae","heteroponerinae","Acanthoponera","minor","Acanthoponera minor","","Heredia","Costa Rica","1994-04-23","",50,"point","10.433333","-84.01667"
"http://antweb.org/api/v2/?occurrenceId=CAS:ANTWEB:inbiocri001218729","inbiocri001218729","formicidae","heteroponerinae","Acanthoponera","minor","Acanthoponera minor","","Heredia","Costa Rica","1994-04-23","",50,"point","10.433333","-84.01667"
"http://antweb.org/api/v2/?occurrenceId=CAS:ANTWEB:inbiocri001229496","inbiocri001229496","formicidae","heteroponerinae","Acanthoponera","minor","Acanthoponera minor","","Heredia","Costa Rica","1993-09-07","CCL 840M",50,"point","10.424612","-84.007454"
"http://antweb.org/api/v2/?occurrenceId=CAS:ANTWEB:inbiocri001229704","inbiocri001229704","formicidae","heteroponerinae","Acanthoponera","minor","Acanthoponera minor","","Heredia","Costa Rica","1993-09-07","CCL 840M",50,"point","10.424612","-84.007454"
"http://antweb.org/api/v2/?occurrenceId=CAS:ANTWEB:inbiocri001229724","inbiocri001229724","formicidae","heteroponerinae","Acanthoponera","minor","Acanthoponera minor","","Heredia","Costa Rica","1993-09-07","CCL 840M",50,"point","10.424612","-84.007454"
"http://antweb.org/api/v2/?occurrenceId=CAS:ANTWEB:inbiocri001229725","inbiocri001229725","formicidae","heteroponerinae","Acanthoponera","minor","Acanthoponera minor","","Heredia","Costa Rica","1993-09-07","CCL 840M",50,"point","10.424612","-84.007454"
"http://antweb.org/api/v2/?occurrenceId=CAS:ANTWEB:inbiocri001229726","inbiocri001229726","formicidae","heteroponerinae","Acanthoponera","minor","Acanthoponera minor","","Heredia","Costa Rica","1993-09-07","CCL 840M",50,"point","10.424612","-84.007454"
"http://antweb.org/api/v2/?occurrenceId=CAS:ANTWEB:inbiocri001230085","inbiocri001230085","formicidae","heteroponerinae","Acanthoponera","minor","Acanthoponera minor","","Heredia","Costa Rica","1993-09-07","CCL 840M",50,"point","10.424612","-84.007454"
"http://antweb.org/api/v2/?occurrenceId=CAS:ANTWEB:inbiocri001234197","inbiocri001234197","formicidae","heteroponerinae","Acanthoponera","minor","Acanthoponera minor","","Heredia","Costa Rica","1993-09-07","Trampa 2.",50,"point","10.420117","-84.002014"
"http://antweb.org/api/v2/?occurrenceId=CAS:ANTWEB:inbiocri001235159","inbiocri001235159","formicidae","heteroponerinae","Acanthoponera","minor","Acanthoponera minor","","Heredia","Costa Rica","1994-03-23","La Selva",50,"point","10.4242525","-84.00839"
"http://antweb.org/api/v2/?occurrenceId=CAS:ANTWEB:inbiocri001235164","inbiocri001235164","formicidae","heteroponerinae","Acanthoponera","minor","Acanthoponera minor","","Heredia","Costa Rica","1994-03-23","La Selva",50,"point","10.4242525","-84.00839"
"http://antweb.org/api/v2/?occurrenceId=CAS:ANTWEB:inbiocri001238102","inbiocri001238102","formicidae","heteroponerinae","Acanthoponera","minor","Acanthoponera minor","","Heredia","Costa Rica","1993-03-10","",50,"point","10.43333","-84.01667"
"http://antweb.org/api/v2/?occurrenceId=CAS:ANTWEB:inbiocri001239794","inbiocri001239794","formicidae","heteroponerinae","Acanthoponera","minor","Acanthoponera minor","","Heredia","Costa Rica","1994-03-23","Trampa 5",50,"point","10.4242525","-84.00839"
"http://antweb.org/api/v2/?occurrenceId=CAS:ANTWEB:inbiocri001240805","inbiocri001240805","formicidae","heteroponerinae","Acanthoponera","minor","Acanthoponera minor","","Heredia","Costa Rica","1994-03-23","CCL 400 m",50,"point","10.424867","-84.0048"
"http://antweb.org/api/v2/?occurrenceId=CAS:ANTWEB:inbiocri001240806","inbiocri001240806","formicidae","heteroponerinae","Acanthoponera","minor","Acanthoponera minor","","Heredia","Costa Rica","1994-03-23","CCL 400 m",50,"point","10.424867","-84.0048"
"http://antweb.org/api/v2/?occurrenceId=CAS:ANTWEB:inbiocri001240807","inbiocri001240807","formicidae","heteroponerinae","Acanthoponera","minor","Acanthoponera minor","","Heredia","Costa Rica","1994-03-23","CCL 400 m",50,"point","10.424867","-84.0048"
"http://antweb.org/api/v2/?occurrenceId=CAS:ANTWEB:inbiocri001240821","inbiocri001240821","formicidae","heteroponerinae","Acanthoponera","minor","Acanthoponera minor","","Heredia","Costa Rica","1994-03-23","CCL 400 m",50,"point","10.424867","-84.0048"
"http://antweb.org/api/v2/?occurrenceId=CAS:ANTWEB:inbiocri001240839","inbiocri001240839","formicidae","heteroponerinae","Acanthoponera","minor","Acanthoponera minor","","Heredia","Costa Rica","1994-03-23","CCL 400 m",50,"point","10.424867","-84.0048"
"http://antweb.org/api/v2/?occurrenceId=CAS:ANTWEB:inbiocri001240840","inbiocri001240840","formicidae","heteroponerinae","Acanthoponera","minor","Acanthoponera minor","","Heredia","Costa Rica","1994-03-23","CCL 400 m",50,"point","10.424867","-84.0048"
"http://antweb.org/api/v2/?occurrenceId=CAS:ANTWEB:inbiocri001240841","inbiocri001240841","formicidae","heteroponerinae","Acanthoponera","minor","Acanthoponera minor","","Heredia","Costa Rica","1994-03-23","CCL 400 m",50,"point","10.424867","-84.0048"
"http://antweb.org/api/v2/?occurrenceId=CAS:ANTWEB:inbiocri001240842","inbiocri001240842","formicidae","heteroponerinae","Acanthoponera","minor","Acanthoponera minor","","Heredia","Costa Rica","1994-03-23","CCL 400 m",50,"point","10.424867","-84.0048"
"http://antweb.org/api/v2/?occurrenceId=CAS:ANTWEB:inbiocri001243320","inbiocri001243320","formicidae","heteroponerinae","Acanthoponera","minor","Acanthoponera minor","","Heredia","Costa Rica","1995-07-24","La Selva",50,"point","10.43333","-84.01667"
"http://antweb.org/api/v2/?occurrenceId=CAS:ANTWEB:inbiocri001258557","inbiocri001258557","formicidae","heteroponerinae","Acanthoponera","minor","Acanthoponera minor","","Heredia","Costa Rica","1994-03-23","CCL 400",50,"point","10.42543","-84.004875"
"http://antweb.org/api/v2/?occurrenceId=CAS:ANTWEB:inbiocri001277877","inbiocri001277877","formicidae","heteroponerinae","Acanthoponera","minor","Acanthoponera minor","","Heredia","Costa Rica","1993-09-07","CCL820M",50,"point","10.424108","-84.00793"
"http://antweb.org/api/v2/?occurrenceId=CAS:ANTWEB:inbiocri001280453","inbiocri001280453","formicidae","heteroponerinae","Acanthoponera","minor","Acanthoponera minor","","Heredia","Costa Rica","1995-11-25","",550,"point","10.3","-84.03333"
"http://antweb.org/api/v2/?occurrenceId=CAS:ANTWEB:inbiocri001281105","inbiocri001281105","formicidae","heteroponerinae","Acanthoponera","minor","Acanthoponera minor","","Puntarenas","Costa Rica","1994-04-12","",10,"point","8.48333","-83.6"
"http://antweb.org/api/v2/?occurrenceId=CAS:ANTWEB:inbiocri001281106","inbiocri001281106","formicidae","heteroponerinae","Acanthoponera","minor","Acanthoponera minor","","Lim n","Costa Rica","1994-04-12","mature and second growth wet forest nocturnal strays",100,"point","9.666667","-83.03333"
"http://antweb.org/api/v2/?occurrenceId=CAS:ANTWEB:inbiocri001281813","inbiocri001281813","formicidae","heteroponerinae","Acanthoponera","minor","Acanthoponera minor","","Alajuela","Costa Rica","1996-08-29","",800,"point","10.31667","-84.71667"
"http://antweb.org/api/v2/?occurrenceId=CAS:ANTWEB:inbiocri002623659.4","inbiocri002623659.4","formicidae","heteroponerinae","Acanthoponera","minor","Acanthoponera minor","","Heredia","Costa Rica","2013-08-28","LEP 1250 trap",50,"point","10.426899","-84.0375"
"http://antweb.org/api/v2/?occurrenceId=CAS:ANTWEB:jtl-sv00611.09","jtl-sv00611.09","formicidae","heteroponerinae","Acanthoponera","minor","Acanthoponera minor","","Matagalpa","Nicaragua","2013-11-02","",1000,"point","12.96618","-85.23331"
"http://antweb.org/api/v2/?occurrenceId=CAS:ANTWEB:jtl007648","jtl007648","formicidae","heteroponerinae","Acanthoponera","minor","Acanthoponera minor","","Alajuela","Costa Rica","1994-04-11","",940,"point","10.3","-84.7"
"http://antweb.org/api/v2/?occurrenceId=CAS:ANTWEB:jtl007649","jtl007649","formicidae","heteroponerinae","Acanthoponera","minor","Acanthoponera minor","","Alajuela","Costa Rica","1994-04-11","",800,"point","10.31667","-84.71667"
"http://antweb.org/api/v2/?occurrenceId=CAS:ANTWEB:jtl007650","jtl007650","formicidae","heteroponerinae","Acanthoponera","minor","Acanthoponera minor","","Alajuela","Costa Rica","1994-04-11","wet forest ex sifted leaf litter",1000,"point","10.33422","-84.70779"
"http://antweb.org/api/v2/?occurrenceId=CAS:ANTWEB:jtl007651","jtl007651","formicidae","heteroponerinae","Acanthoponera","minor","Acanthoponera minor","","Cartago","Costa Rica","1994-04-11","",945,"point","9.9","-83.63333"
"http://antweb.org/api/v2/?occurrenceId=CAS:ANTWEB:jtl007652","jtl007652","formicidae","heteroponerinae","Acanthoponera","minor","Acanthoponera minor","","Heredia","Costa Rica","1994-04-12","Primary wet forest Strays from nocturnal collecting in prim",500,"point","10.33333","-84.06667"
"http://antweb.org/api/v2/?occurrenceId=CAS:ANTWEB:jtl007653","jtl007653","formicidae","heteroponerinae","Acanthoponera","minor","Acanthoponera minor","","Heredia","Costa Rica","1994-04-12","",950,"point","10.28333","-84.08333"
"http://antweb.org/api/v2/?occurrenceId=CAS:ANTWEB:jtl007654","jtl007654","formicidae","heteroponerinae","Acanthoponera","minor","Acanthoponera minor","","Heredia","Costa Rica","1994-04-12","",50,"point","10.433333","-84.01667"
"http://antweb.org/api/v2/?occurrenceId=CAS:ANTWEB:jtl007655","jtl007655","formicidae","heteroponerinae","Acanthoponera","minor","Acanthoponera minor","","Lim n","Costa Rica","1994-04-12","",500,"point","9.8","-83.36667"
"http://antweb.org/api/v2/?occurrenceId=CAS:ANTWEB:jtl007656","jtl007656","formicidae","heteroponerinae","Acanthoponera","minor","Acanthoponera minor","","Lim n","Costa Rica","1994-04-12","",500,"point","9.8","-83.36667"
"http://antweb.org/api/v2/?occurrenceId=CAS:ANTWEB:jtl007658","jtl007658","formicidae","heteroponerinae","Acanthoponera","minor","Acanthoponera minor","","Puntarenas","Costa Rica","1994-04-12","",10,"point","8.48333","-83.6"
"http://antweb.org/api/v2/?occurrenceId=CAS:ANTWEB:jtl007659","jtl007659","formicidae","heteroponerinae","Acanthoponera","minor","Acanthoponera minor","","Puntarenas","Costa Rica","1994-04-12","",10,"point","8.48333","-83.6"
"http://antweb.org/api/v2/?occurrenceId=CAS:ANTWEB:jtl007660","jtl007660","formicidae","heteroponerinae","Acanthoponera","minor","Acanthoponera minor","","Puntarenas","Costa Rica","1994-04-12","",10,"point","8.48333","-83.6"
"http://antweb.org/api/v2/?occurrenceId=CAS:ANTWEB:jtl007661","jtl007661","formicidae","heteroponerinae","Acanthoponera","minor","Acanthoponera minor","","Puntarenas","Costa Rica","1994-04-12","wet forest",10,"point","8.48333","-83.6"
"http://antweb.org/api/v2/?occurrenceId=CAS:ANTWEB:jtl007662","jtl007662","formicidae","heteroponerinae","Acanthoponera","minor","Acanthoponera minor","","Puntarenas","Costa Rica","1994-04-12","",10,"point","8.48333","-83.6"
"http://antweb.org/api/v2/?occurrenceId=CAS:ANTWEB:jtl007663","jtl007663","formicidae","heteroponerinae","Acanthoponera","minor","Acanthoponera minor","","Puntarenas","Costa Rica","1994-04-12","",10,"point","8.48333","-83.6"
"http://antweb.org/api/v2/?occurrenceId=CAS:ANTWEB:jtl007664","jtl007664","formicidae","heteroponerinae","Acanthoponera","minor","Acanthoponera minor","","Puntarenas","Costa Rica","1994-04-12","lowland rainforest nocturnal foragers",10,"point","8.48333","-83.6"
"http://antweb.org/api/v2/?occurrenceId=CAS:ANTWEB:jtl126059","jtl126059","formicidae","heteroponerinae","Acanthoponera","minor","Acanthoponera minor","","Heredia","Costa Rica","2006-04-26","Sura bajo de M/20",50,"point","10.431009","-84.01227"
"http://antweb.org/api/v2/?occurrenceId=CAS:ANTWEB:jtl126101","jtl126101","formicidae","heteroponerinae","Acanthoponera","minor","Acanthoponera minor","","Heredia","Costa Rica","2006-04-26","lowland rainforest Sura",50,"point","10.432069","-84.01447"
"http://antweb.org/api/v2/?occurrenceId=CAS:ANTWEB:jtl126135","jtl126135","formicidae","heteroponerinae","Acanthoponera","minor","Acanthoponera minor","","Heredia","Costa Rica","2006-04-26","lowland rainforest Sura",50,"point","10.432069","-84.01447"
"http://antweb.org/api/v2/?occurrenceId=CAS:ANTWEB:jtl126215","jtl126215","formicidae","heteroponerinae","Acanthoponera","minor","Acanthoponera minor","","Heredia","Costa Rica","2006-04-26","lowland rainforest SCH",50,"point","10.438293","-84.01368"
"http://antweb.org/api/v2/?occurrenceId=CAS:ANTWEB:jtl132456","jtl132456","formicidae","heteroponerinae","Acanthoponera","minor","Acanthoponera minor","","Heredia","Costa Rica","2007-05-06","STR bajo de M/29",50,"point","10.432065","-84.006874"
"http://antweb.org/api/v2/?occurrenceId=CAS:ANTWEB:jtl132463","jtl132463","formicidae","heteroponerinae","Acanthoponera","minor","Acanthoponera minor","","Heredia","Costa Rica","2007-05-06","SCH bajo de M/26",50,"point","10.438293","-84.01368"
"http://antweb.org/api/v2/?occurrenceId=CAS:ANTWEB:jtl132481","jtl132481","formicidae","heteroponerinae","Acanthoponera","minor","Acanthoponera minor","","Heredia","Costa Rica","2007-05-06","Sura bajo de M/23",50,"point","10.432412","-84.013855"
"http://antweb.org/api/v2/?occurrenceId=CAS:ANTWEB:jtl132490","jtl132490","formicidae","heteroponerinae","Acanthoponera","minor","Acanthoponera minor","","Heredia","Costa Rica","2007-05-06","Sura bajo de M/24",50,"point","10.432069","-84.01447"
"http://antweb.org/api/v2/?occurrenceId=CAS:ANTWEB:jtl132533","jtl132533","formicidae","heteroponerinae","Acanthoponera","minor","Acanthoponera minor","","Heredia","Costa Rica","2007-05-06","Sura bajo de M/23",50,"point","10.432412","-84.013855"
"http://antweb.org/api/v2/?occurrenceId=CAS:ANTWEB:jtl132542","jtl132542","formicidae","heteroponerinae","Acanthoponera","minor","Acanthoponera minor","","Heredia","Costa Rica","2007-05-06","Sura bajo de M/21",50,"point","10.431818","-84.01302"
"http://antweb.org/api/v2/?occurrenceId=CAS:ANTWEB:jtl132547","jtl132547","formicidae","heteroponerinae","Acanthoponera","minor","Acanthoponera minor","","Heredia","Costa Rica","2007-05-06","Sura bajo de M/24",50,"point","10.432069","-84.01447"
"http://antweb.org/api/v2/?occurrenceId=CAS:ANTWEB:jtl132615","jtl132615","formicidae","heteroponerinae","Acanthoponera","minor","Acanthoponera minor","","Heredia","Costa Rica","2007-05-06","Sura bajo de M/21",50,"point","10.431818","-84.01302"
"http://antweb.org/api/v2/?occurrenceId=CAS:ANTWEB:jtl132637","jtl132637","formicidae","heteroponerinae","Acanthoponera","minor","Acanthoponera minor","","Heredia","Costa Rica","2007-05-06","Sura bajo de M/24",50,"point","10.432069","-84.01447"
"http://antweb.org/api/v2/?occurrenceId=CAS:ANTWEB:jtl132654","jtl132654","formicidae","heteroponerinae","Acanthoponera","minor","Acanthoponera minor","","Heredia","Costa Rica","2007-05-06","SCH bajo de M/25",50,"point","10.437478","-84.01381"
"http://antweb.org/api/v2/?occurrenceId=CAS:ANTWEB:jtl132687","jtl132687","formicidae","heteroponerinae","Acanthoponera","minor","Acanthoponera minor","","Heredia","Costa Rica","2007-05-06","Sura bajo de M/23",50,"point","10.432412","-84.013855"
"http://antweb.org/api/v2/?occurrenceId=CAS:ANTWEB:jtl132717","jtl132717","formicidae","heteroponerinae","Acanthoponera","minor","Acanthoponera minor","","Heredia","Costa Rica","2007-05-06","SCH bajo de M/26",50,"point","10.438293","-84.01368"
"http://antweb.org/api/v2/?occurrenceId=CAS:ANTWEB:jtl219759","jtl219759","formicidae","heteroponerinae","Acanthoponera","minor","Acanthoponera minor","","Chiapas","Mexico","2009-02-10","lowland wet forest beating vegetation",575,"point","17.1238","-91.63635"
"http://antweb.org/api/v2/?occurrenceId=CAS:ANTWEB:jtl219789","jtl219789","formicidae","heteroponerinae","Acanthoponera","minor","Acanthoponera minor","","Chiapas","Mexico","2009-02-10","lowland wet forest beating vegetation",570,"point","17.12562","-91.63086"
"http://antweb.org/api/v2/?occurrenceId=CAS:ANTWEB:jtl223637","jtl223637","formicidae","heteroponerinae","Acanthoponera","minor","Acanthoponera minor","","Chiapas","Mexico","2009-03-02","2 wet forest beating vegetation",180,"point","17.38542","-92.42802"
"http://antweb.org/api/v2/?occurrenceId=CAS:ANTWEB:jtl223722","jtl223722","formicidae","heteroponerinae","Acanthoponera","minor","Acanthoponera minor","","Chiapas","Mexico","2009-03-02","lowland wet forest beating vegetation",160,"point","16.15929","-90.90155"
"http://antweb.org/api/v2/?occurrenceId=CAS:ANTWEB:jtl223738","jtl223738","formicidae","heteroponerinae","Acanthoponera","minor","Acanthoponera minor","","Chiapas","Mexico","2009-03-02","lowland wet forest beating vegetation",180,"point","16.14833","-90.89713"
"http://antweb.org/api/v2/?occurrenceId=CAS:ANTWEB:jtl278032","jtl278032","formicidae","heteroponerinae","Acanthoponera","minor","Acanthoponera minor","","Pet n","Guatemala","2009-12-08","tropical moist forest beating vegetation",270,"point","17.24115","-89.62226"
"http://antweb.org/api/v2/?occurrenceId=CAS:ANTWEB:jtl278065","jtl278065","formicidae","heteroponerinae","Acanthoponera","minor","Acanthoponera minor","","Pet n","Guatemala","2009-12-08","tropical moist forest beating vegetation",270,"point","17.24115","-89.62226"
"http://antweb.org/api/v2/?occurrenceId=CAS:ANTWEB:jtl278191","jtl278191","formicidae","heteroponerinae","Acanthoponera","minor","Acanthoponera minor","","Izabal","Guatemala","2009-12-08","2 lowland rainforest beating vegetation",195,"point","15.51133","-88.86185"
"http://antweb.org/api/v2/?occurrenceId=CAS:ANTWEB:jtl306520","jtl306520","formicidae","heteroponerinae","Acanthoponera","minor","Acanthoponera minor","","Comayagua","Honduras","2011-03-05","montane rainforest beating vegetation",750,"point","14.87045","-87.90567"
"http://antweb.org/api/v2/?occurrenceId=CAS:ANTWEB:jtl656803","jtl656803","formicidae","heteroponerinae","Acanthoponera","minor","Acanthoponera minor","","Atl ntida","Honduras","2012-01-11","tropical rainforest ex sifted leaf litter",280,"point","15.691141","-86.86125"
"http://antweb.org/api/v2/?occurrenceId=CAS:ANTWEB:jtl673738","jtl673738","formicidae","heteroponerinae","Acanthoponera","minor","Acanthoponera minor","","Regi n Aut noma del Atl ntico Norte","Nicaragua","2012-05-17","tropical wet forest beating vegetation",290,"point","13.77057","-84.97907"
"http://antweb.org/api/v2/?occurrenceId=CAS:ANTWEB:jtl673739","jtl673739","formicidae","heteroponerinae","Acanthoponera","minor","Acanthoponera minor","","Regi n Aut noma del Atl ntico Norte","Nicaragua","2012-05-17","tropical wet forest beating vegetation",270,"point","13.77013","-84.97707"
"http://antweb.org/api/v2/?occurrenceId=CAS:ANTWEB:jtl673740","jtl673740","formicidae","heteroponerinae","Acanthoponera","minor","Acanthoponera minor","","Jinotega","Nicaragua","2012-05-20","montane wet forest beating vegetation",1100,"point","13.76993","-85.02489"
"http://antweb.org/api/v2/?occurrenceId=CAS:ANTWEB:jtl673741","jtl673741","formicidae","heteroponerinae","Acanthoponera","minor","Acanthoponera minor","","Jinotega","Nicaragua","2012-05-20","montane wet forest beating vegetation",1040,"point","13.76653","-85.02481"
"http://antweb.org/api/v2/?occurrenceId=CAS:ANTWEB:jtl673742","jtl673742","formicidae","heteroponerinae","Acanthoponera","minor","Acanthoponera minor","","Jinotega","Nicaragua","2012-05-20","montane wet forest beating vegetation",1040,"point","13.76743","-85.02465"
"http://antweb.org/api/v2/?occurrenceId=CAS:ANTWEB:jtl684347","jtl684347","formicidae","heteroponerinae","Acanthoponera","minor","Acanthoponera minor","","Regi n Aut noma del Atl ntico Sur","Nicaragua","2012-06-30","2 lowland rainforest beating vegetation",30,"point","12.67009","-83.71576"
"http://antweb.org/api/v2/?occurrenceId=CAS:ANTWEB:jtl691304","jtl691304","formicidae","heteroponerinae","Acanthoponera","minor","Acanthoponera minor","","Heredia","Costa Rica","2013-02-08","clay bank in second growth forest nest in soil with clay tube",300,"point","10.35","-84.05"
"http://antweb.org/api/v2/?occurrenceId=CAS:ANTWEB:jtl691311","jtl691311","formicidae","heteroponerinae","Acanthoponera","minor","Acanthoponera minor","","Jinotega","Nicaragua","2013-02-08","montane wet forest beating vegetation",1040,"point","13.76653","-85.02481"
"http://antweb.org/api/v2/?occurrenceId=CAS:ANTWEB:jtl702890","jtl702890","formicidae","heteroponerinae","Acanthoponera","minor","Acanthoponera minor","","Heredia","Costa Rica","2013-08-28","lowland rainforest Sura",50,"point","10.432412","-84.013855"
"http://antweb.org/api/v2/?occurrenceId=CAS:ANTWEB:jtl705087","jtl705087","formicidae","heteroponerinae","Acanthoponera","minor","Acanthoponera minor","","Heredia","Costa Rica","2013-08-28","lowland rainforest Sura",50,"point","10.432069","-84.01447"
"http://antweb.org/api/v2/?occurrenceId=CAS:ANTWEB:jtl718382","jtl718382","formicidae","heteroponerinae","Acanthoponera","minor","Acanthoponera minor","","Alajuela","Costa Rica","2014-02-28","wet forest pan trap",1350,"point","10.698","-85.012"
"http://antweb.org/api/v2/?occurrenceId=CAS:ANTWEB:jtlc-vial-000006","jtlc-vial-000006","formicidae","heteroponerinae","Acanthoponera","minor","Acanthoponera minor","","Heredia","Costa Rica","2001-01-05","wet forest worker on leaf",1100,"point","10.26667","-84.08333"
"http://antweb.org/api/v2/?occurrenceId=CAS:ANTWEB:jtlc-vial-000990","jtlc-vial-000990","formicidae","heteroponerinae","Acanthoponera","minor","Acanthoponera minor","","Heredia","Costa Rica","2003-12-14","clay bank in second growth forest nest in soil with clay tube",300,"point","10.35","-84.05"
"http://antweb.org/api/v2/?occurrenceId=CAS:ANTWEB:jtlc000004475","jtlc000004475","formicidae","heteroponerinae","Acanthoponera","minor","Acanthoponera minor","","Heredia","Costa Rica","2003-12-15","second growth forest nocturnal foragers",300,"point","10.35","-84.05"
"http://antweb.org/api/v2/?occurrenceId=CAS:ANTWEB:jtlc000010952","jtlc000010952","formicidae","heteroponerinae","Acanthoponera","minor","Acanthoponera minor","","Heredia","Costa Rica","2007-10-06","mature wet forest ex sifted leaf litter",50,"point","10.418525","-84.01718"
"http://antweb.org/api/v2/?occurrenceId=CAS:ANTWEB:jtlc000015364","jtlc000015364","formicidae","heteroponerinae","Acanthoponera","minor","Acanthoponera minor","","Trujillo","Venezuela","1994-04-11","",1160,"point","9.183333","-70.15"
