"url","catalogNumber","family","subfamily","genus","specificEpithet","scientific_name","typeStatus","stateProvince","country","dateIdentified","habitat","minimumElevationInMeters","geojson.type","decimal_latitude","decimal_longitude"
"http://antweb.org/api/v2/?occurrenceId=CAS:ANTWEB:alas379050","alas379050","formicidae","myrmicinae","Acanthognathus","ocellatus","Acanthognathus ocellatus","","Heredia","Costa Rica","2004-01-01","",50,"point","10.431768","-84.009735"
"http://antweb.org/api/v2/?occurrenceId=CAS:ANTWEB:alas593736","alas593736","formicidae","myrmicinae","Acanthognathus","ocellatus","Acanthognathus ocellatus","","Heredia","Costa Rica","2005-12-25","lowland rainforest sifted litter",50,"point","10.43333","-84.01667"
"http://antweb.org/api/v2/?occurrenceId=CAS:ANTWEB:alas594023","alas594023","formicidae","myrmicinae","Acanthognathus","ocellatus","Acanthognathus ocellatus","","Heredia","Costa Rica","2005-12-25","lowland rainforest sifted litter",50,"point","10.43333","-84.01667"
"http://antweb.org/api/v2/?occurrenceId=CAS:ANTWEB:alas594024","alas594024","formicidae","myrmicinae","Acanthognathus","ocellatus","Acanthognathus ocellatus","","Heredia","Costa Rica","2005-12-25","lowland rainforest sifted litter",50,"point","10.43333","-84.01667"
"http://antweb.org/api/v2/?occurrenceId=CAS:ANTWEB:alas605483","alas605483","formicidae","myrmicinae","Acanthognathus","ocellatus","Acanthognathus ocellatus","","Heredia","Costa Rica","2006-05-09","montane wet forest hojarasca suspendida",1100,"point","10.26667","-84.08333"
"http://antweb.org/api/v2/?occurrenceId=CAS:ANTWEB:casent0007007","casent0007007","formicidae","myrmicinae","Acanthognathus","ocellatus","Acanthognathus ocellatus","","Aragua","Venezuela","2004-03-09","El platanal Bosque Nublado leaf litter",1100,"point","10.35","-67.82667"
"http://antweb.org/api/v2/?occurrenceId=CAS:ANTWEB:casent0007007-d01","casent0007007-d01","formicidae","myrmicinae","Acanthognathus","ocellatus","Acanthognathus ocellatus","","Aragua","Venezuela","2004-03-09","El platanal Bosque Nublado leaf litter",1100,"point","10.35","-67.82667"
"http://antweb.org/api/v2/?occurrenceId=CAS:ANTWEB:casent0007007-d11","casent0007007-d11","formicidae","myrmicinae","Acanthognathus","ocellatus","Acanthognathus ocellatus","","Aragua","Venezuela","2004-03-09","El platanal Bosque Nublado leaf litter",1100,"point","10.35","-67.82667"
"http://antweb.org/api/v2/?occurrenceId=CAS:ANTWEB:casent0178718","casent0178718","formicidae","myrmicinae","Acanthognathus","ocellatus","Acanthognathus ocellatus","","Trujillo","Venezuela","2008-09-09","",1100,NA,NA,NA
"http://antweb.org/api/v2/?occurrenceId=CAS:ANTWEB:casent0609653","casent0609653","formicidae","myrmicinae","Acanthognathus","ocellatus","Acanthognathus ocellatus","","Chiapas","Mexico","2009-01-06","mature wet forest ex sifted leaf litter",160,"point","16.16051","-90.90149"
"http://antweb.org/api/v2/?occurrenceId=CAS:ANTWEB:casent0611523","casent0611523","formicidae","myrmicinae","Acanthognathus","ocellatus","Acanthognathus ocellatus","","Izabal","Guatemala","2009-09-16","2 lowland rainforest ex sifted leaf litter",215,"point","15.51214","-88.8662"
"http://antweb.org/api/v2/?occurrenceId=CAS:ANTWEB:casent0611524","casent0611524","formicidae","myrmicinae","Acanthognathus","ocellatus","Acanthognathus ocellatus","","Izabal","Guatemala","2009-09-16","2 lowland rainforest ex sifted leaf litter",215,"point","15.51214","-88.8662"
"http://antweb.org/api/v2/?occurrenceId=CAS:ANTWEB:casent0612379","casent0612379","formicidae","myrmicinae","Acanthognathus","ocellatus","Acanthognathus ocellatus","","Gracias a Dios","Honduras","2010-11-10","tropical rainforest ex sifted leaf litter",50,"point","15.70481","-84.86154"
"http://antweb.org/api/v2/?occurrenceId=CAS:ANTWEB:casent0614310","casent0614310","formicidae","myrmicinae","Acanthognathus","ocellatus","Acanthognathus ocellatus","","Pet n","Guatemala","2009-10-14","tropical moist forest ex sifted leaf litter",390,"point","16.441738","-89.53447"
"http://antweb.org/api/v2/?occurrenceId=CAS:ANTWEB:casent0615253","casent0615253","formicidae","myrmicinae","Acanthognathus","ocellatus","Acanthognathus ocellatus","","Comayagua","Honduras","2011-02-22","ridgetop cloud forest ex sifted leaf litter",1120,"point","14.871197","-87.90011"
"http://antweb.org/api/v2/?occurrenceId=CAS:ANTWEB:casent0615265","casent0615265","formicidae","myrmicinae","Acanthognathus","ocellatus","Acanthognathus ocellatus","","Comayagua","Honduras","2011-02-22","ridgetop cloud forest ex sifted leaf litter",1120,"point","14.871131","-87.89935"
"http://antweb.org/api/v2/?occurrenceId=CAS:ANTWEB:casent0615389","casent0615389","formicidae","myrmicinae","Acanthognathus","ocellatus","Acanthognathus ocellatus","","Comayagua","Honduras","2011-02-22","ridgetop cloud forest ex sifted leaf litter",1120,"point","14.871197","-87.90011"
"http://antweb.org/api/v2/?occurrenceId=CAS:ANTWEB:casent0617714","casent0617714","formicidae","myrmicinae","Acanthognathus","ocellatus","Acanthognathus ocellatus","","Cort s","Honduras","2012-02-15","mesophyll forest Malaise trap",1210,"point","15.48572","-88.23746"
"http://antweb.org/api/v2/?occurrenceId=CAS:ANTWEB:casent0618741","casent0618741","formicidae","myrmicinae","Acanthognathus","ocellatus","Acanthognathus ocellatus","","Atl ntida","Honduras","2011-04-15","tropical wet forest ex sifted leaf litter",770,"point","15.693738","-87.47797"
"http://antweb.org/api/v2/?occurrenceId=CAS:ANTWEB:casent0623951","casent0623951","formicidae","myrmicinae","Acanthognathus","ocellatus","Acanthognathus ocellatus","","Matagalpa","Nicaragua","2012-01-18","tropical wet forest ex sifted leaf litter",750,"point","12.96093","-85.23273"
"http://antweb.org/api/v2/?occurrenceId=CAS:ANTWEB:casent0624930","casent0624930","formicidae","myrmicinae","Acanthognathus","ocellatus","Acanthognathus ocellatus","","Regi n Aut noma del Atl ntico Sur","Nicaragua","2012-01-11","2 lowland rainforest ex sifted leaf litter",30,"point","12.6724825","-83.71572"
"http://antweb.org/api/v2/?occurrenceId=CAS:ANTWEB:casent0625025","casent0625025","formicidae","myrmicinae","Acanthognathus","ocellatus","Acanthognathus ocellatus","","Regi n Aut noma del Atl ntico Sur","Nicaragua","2012-01-11","2nd growth riparian forest ex sifted leaf litter",50,"point","12.12267","-84.46227"
"http://antweb.org/api/v2/?occurrenceId=CAS:ANTWEB:casent0625264","casent0625264","formicidae","myrmicinae","Acanthognathus","ocellatus","Acanthognathus ocellatus","","Atl ntida","Honduras","2012-01-11","tropical rainforest ex sifted leaf litter",200,"point","15.69449","-86.86325"
"http://antweb.org/api/v2/?occurrenceId=CAS:ANTWEB:casent0625361","casent0625361","formicidae","myrmicinae","Acanthognathus","ocellatus","Acanthognathus ocellatus","","Regi n Aut noma del Atl ntico Sur","Nicaragua","2012-01-11","2 lowland rainforest ex sifted leaf litter",30,"point","12.672941","-83.71528"
"http://antweb.org/api/v2/?occurrenceId=CAS:ANTWEB:casent0627758","casent0627758","formicidae","myrmicinae","Acanthognathus","ocellatus","Acanthognathus ocellatus","","Matagalpa","Nicaragua","2013-08-28","2nd growth veg. Malaise trap",570,"point","12.95781","-85.22821"
"http://antweb.org/api/v2/?occurrenceId=CAS:ANTWEB:casent0633077","casent0633077","formicidae","myrmicinae","Acanthognathus","ocellatus","Acanthognathus ocellatus","","Dari n","Panama","2015-04-17","montane wet forest ex sifted leaf litter",1190,"point","8.79487","-78.46095"
"http://antweb.org/api/v2/?occurrenceId=CAS:ANTWEB:casent0636076","casent0636076","formicidae","myrmicinae","Acanthognathus","ocellatus","Acanthognathus ocellatus","","Puntarenas","Costa Rica","2014-02-09","tropical rainforest ex sifted leaf litter",130,"point","8.406667","-83.32833"
"http://antweb.org/api/v2/?occurrenceId=CAS:ANTWEB:casent0914660","casent0914660","formicidae","myrmicinae","Acanthognathus","ocellatus","Acanthognathus ocellatus","","Heredia","Costa Rica","","",50,"point","10.41667","-84.06667"
"http://antweb.org/api/v2/?occurrenceId=CAS:ANTWEB:casent0919583","casent0919583","formicidae","myrmicinae","Acanthognathus","ocellatus","Acanthognathus ocellatus","syntype of Acanthognathus ocellatus","Santa Catarina","Brazil","","",NA,NA,NA,NA
"http://antweb.org/api/v2/?occurrenceId=CAS:ANTWEB:fmnhins0000047884","fmnhins0000047884","formicidae","myrmicinae","Acanthognathus","ocellatus","Acanthognathus ocellatus","","","","","buttress duff w/soil",100,NA,NA,NA
"http://antweb.org/api/v2/?occurrenceId=CAS:ANTWEB:inb0003213594","inb0003213594","formicidae","myrmicinae","Acanthognathus","ocellatus","Acanthognathus ocellatus","","Heredia","Costa Rica","2002-04-19","montane wet forest Hojarasca",1100,"point","10.26667","-84.08333"
"http://antweb.org/api/v2/?occurrenceId=CAS:ANTWEB:inb0003240845","inb0003240845","formicidae","myrmicinae","Acanthognathus","ocellatus","Acanthognathus ocellatus","","Heredia","Costa Rica","2004-04-20","montane wet forest bajo de M/04",500,"point","10.33333","-84.06667"
"http://antweb.org/api/v2/?occurrenceId=CAS:ANTWEB:inb0003605058","inb0003605058","formicidae","myrmicinae","Acanthognathus","ocellatus","Acanthognathus ocellatus","","Heredia","Costa Rica","2004-04-20","montane wet forest Cerca del Refugio Cascante",500,"point","10.33333","-84.06667"
"http://antweb.org/api/v2/?occurrenceId=CAS:ANTWEB:inb0003617790","inb0003617790","formicidae","myrmicinae","Acanthognathus","ocellatus","Acanthognathus ocellatus","","Heredia","Costa Rica","2004-06-17","mature wet forest ex sifted leaf litter",50,"point","10.416568","-84.01803"
"http://antweb.org/api/v2/?occurrenceId=CAS:ANTWEB:inb0003617920","inb0003617920","formicidae","myrmicinae","Acanthognathus","ocellatus","Acanthognathus ocellatus","","Heredia","Costa Rica","2004-06-17","mature wet forest ex sifted leaf litter",50,"point","10.415759","-84.01974"
"http://antweb.org/api/v2/?occurrenceId=CAS:ANTWEB:inb0003624130","inb0003624130","formicidae","myrmicinae","Acanthognathus","ocellatus","Acanthognathus ocellatus","","Heredia","Costa Rica","2005-04-15","montane wet forest Camino toma de Agua",300,"point","10.35","-84.05"
"http://antweb.org/api/v2/?occurrenceId=CAS:ANTWEB:inb0003624214","inb0003624214","formicidae","myrmicinae","Acanthognathus","ocellatus","Acanthognathus ocellatus","","Heredia","Costa Rica","2005-04-15","montane wet forest Frente al refugio hacia el sendero entre M/14 y M/15",300,"point","10.35","-84.05"
"http://antweb.org/api/v2/?occurrenceId=CAS:ANTWEB:inb0003624272","inb0003624272","formicidae","myrmicinae","Acanthognathus","ocellatus","Acanthognathus ocellatus","","Heredia","Costa Rica","2005-04-15","montane wet forest Alrrededor de M/12",300,"point","10.35","-84.05"
"http://antweb.org/api/v2/?occurrenceId=CAS:ANTWEB:inb0003677323","inb0003677323","formicidae","myrmicinae","Acanthognathus","ocellatus","Acanthognathus ocellatus","","Heredia","Costa Rica","2005-11-15","mature wet forest ex sifted leaf litter",50,"point","10.415531","-84.01765"
"http://antweb.org/api/v2/?occurrenceId=CAS:ANTWEB:inb0003680270","inb0003680270","formicidae","myrmicinae","Acanthognathus","ocellatus","Acanthognathus ocellatus","","Heredia","Costa Rica","2006-04-19","mature wet forest ex sifted leaf litter",50,"point","10.418188","-84.01573"
"http://antweb.org/api/v2/?occurrenceId=CAS:ANTWEB:inbiocri001237660","inbiocri001237660","formicidae","myrmicinae","Acanthognathus","ocellatus","Acanthognathus ocellatus","","Heredia","Costa Rica","1999-04-21","lowland rainforest canopy, under epiphytes",50,"point","10.433333","-84.01667"
"http://antweb.org/api/v2/?occurrenceId=CAS:ANTWEB:inbiocri001237661","inbiocri001237661","formicidae","myrmicinae","Acanthognathus","ocellatus","Acanthognathus ocellatus","","Heredia","Costa Rica","1994-04-23","wet forest ex sifted leaf litter",50,"point","10.419679","-84.013565"
"http://antweb.org/api/v2/?occurrenceId=CAS:ANTWEB:inbiocri001282606","inbiocri001282606","formicidae","myrmicinae","Acanthognathus","ocellatus","Acanthognathus ocellatus","","Guanacaste","Costa Rica","1996-06-24","",700,"point","10.98333","-85.43333"
"http://antweb.org/api/v2/?occurrenceId=CAS:ANTWEB:inbiocri001283655","inbiocri001283655","formicidae","myrmicinae","Acanthognathus","ocellatus","Acanthognathus ocellatus","","Heredia","Costa Rica","1996-06-24","",50,"point","10.433333","-84.01667"
"http://antweb.org/api/v2/?occurrenceId=CAS:ANTWEB:inbiocri001283656","inbiocri001283656","formicidae","myrmicinae","Acanthognathus","ocellatus","Acanthognathus ocellatus","","Puntarenas","Costa Rica","1996-06-24","moist forest ex sifted leaf litter",900,"point","10.266666","-84.833336"
"http://antweb.org/api/v2/?occurrenceId=CAS:ANTWEB:inbiocri001283657","inbiocri001283657","formicidae","myrmicinae","Acanthognathus","ocellatus","Acanthognathus ocellatus","","Puntarenas","Costa Rica","1996-06-24","",500,"point","9.78333","-84.6"
"http://antweb.org/api/v2/?occurrenceId=CAS:ANTWEB:inbiocri002720180","inbiocri002720180","formicidae","myrmicinae","Acanthognathus","ocellatus","Acanthognathus ocellatus","","Heredia","Costa Rica","2000-01-01","SSO Hojarasca.",50,"point","10.42237","-84.018074"
"http://antweb.org/api/v2/?occurrenceId=CAS:ANTWEB:inbiocri002728617","inbiocri002728617","formicidae","myrmicinae","Acanthognathus","ocellatus","Acanthognathus ocellatus","","Heredia","Costa Rica","2000-06-09","Sendero Jaguar Hojarasca",50,"point","10.42118","-84.02531"
"http://antweb.org/api/v2/?occurrenceId=CAS:ANTWEB:jtl208326","jtl208326","formicidae","myrmicinae","Acanthognathus","ocellatus","Acanthognathus ocellatus","","Chiapas","Mexico","2008-12-16","mesophil forest ex sifted leaf litter",985,"point","16.96349","-91.59333"
"http://antweb.org/api/v2/?occurrenceId=CAS:ANTWEB:jtl208472","jtl208472","formicidae","myrmicinae","Acanthognathus","ocellatus","Acanthognathus ocellatus","","Chiapas","Mexico","2008-12-16","mesophil forest ex sifted leaf litter",985,"point","16.96384","-91.59311"
"http://antweb.org/api/v2/?occurrenceId=CAS:ANTWEB:jtl208555","jtl208555","formicidae","myrmicinae","Acanthognathus","ocellatus","Acanthognathus ocellatus","","Chiapas","Mexico","2008-12-16","mesophil forest ex sifted leaf litter",985,"point","16.96397","-91.59287"
"http://antweb.org/api/v2/?occurrenceId=CAS:ANTWEB:jtl219768","jtl219768","formicidae","myrmicinae","Acanthognathus","ocellatus","Acanthognathus ocellatus","","Chiapas","Mexico","2009-02-10","lowland wet forest beating vegetation",570,"point","17.12562","-91.63086"
"http://antweb.org/api/v2/?occurrenceId=CAS:ANTWEB:jtl300260","jtl300260","formicidae","myrmicinae","Acanthognathus","ocellatus","Acanthognathus ocellatus","","Comayagua","Honduras","2011-02-22","ridgetop cloud forest ex sifted leaf litter",1120,"point","14.871139","-87.90004"
"http://antweb.org/api/v2/?occurrenceId=CAS:ANTWEB:jtl300261","jtl300261","formicidae","myrmicinae","Acanthognathus","ocellatus","Acanthognathus ocellatus","","Comayagua","Honduras","2011-02-22","ridgetop cloud forest ex sifted leaf litter",1120,"point","14.8714","-87.89987"
"http://antweb.org/api/v2/?occurrenceId=CAS:ANTWEB:jtl300262","jtl300262","formicidae","myrmicinae","Acanthognathus","ocellatus","Acanthognathus ocellatus","","Comayagua","Honduras","2011-02-22","ridgetop cloud forest ex sifted leaf litter",1120,"point","14.871377","-87.89978"
"http://antweb.org/api/v2/?occurrenceId=CAS:ANTWEB:jtl300263","jtl300263","formicidae","myrmicinae","Acanthognathus","ocellatus","Acanthognathus ocellatus","","Comayagua","Honduras","2011-02-22","ridgetop cloud forest ex sifted leaf litter",1120,"point","14.871353","-87.89969"
"http://antweb.org/api/v2/?occurrenceId=CAS:ANTWEB:jtl300264","jtl300264","formicidae","myrmicinae","Acanthognathus","ocellatus","Acanthognathus ocellatus","","Comayagua","Honduras","2011-02-22","ridgetop cloud forest ex sifted leaf litter",1120,"point","14.87133","-87.899605"
"http://antweb.org/api/v2/?occurrenceId=CAS:ANTWEB:jtl300265","jtl300265","formicidae","myrmicinae","Acanthognathus","ocellatus","Acanthognathus ocellatus","","Comayagua","Honduras","2011-02-22","ridgetop cloud forest ex sifted leaf litter",1120,"point","14.871318","-87.89956"
"http://antweb.org/api/v2/?occurrenceId=CAS:ANTWEB:jtl300266","jtl300266","formicidae","myrmicinae","Acanthognathus","ocellatus","Acanthognathus ocellatus","","Comayagua","Honduras","2011-02-22","ridgetop cloud forest ex sifted leaf litter",1120,"point","14.871306","-87.89951"
"http://antweb.org/api/v2/?occurrenceId=CAS:ANTWEB:jtl300267","jtl300267","formicidae","myrmicinae","Acanthognathus","ocellatus","Acanthognathus ocellatus","","Comayagua","Honduras","2011-02-22","ridgetop cloud forest ex sifted leaf litter",1120,"point","14.871222","-87.89948"
"http://antweb.org/api/v2/?occurrenceId=CAS:ANTWEB:jtl300268","jtl300268","formicidae","myrmicinae","Acanthognathus","ocellatus","Acanthognathus ocellatus","","Comayagua","Honduras","2011-02-22","ridgetop cloud forest ex sifted leaf litter",1120,"point","14.871131","-87.89935"
"http://antweb.org/api/v2/?occurrenceId=CAS:ANTWEB:jtl300269","jtl300269","formicidae","myrmicinae","Acanthognathus","ocellatus","Acanthognathus ocellatus","","Comayagua","Honduras","2011-02-22","ridgetop cloud forest ex sifted leaf litter",1120,"point","14.871096","-87.89932"
"http://antweb.org/api/v2/?occurrenceId=CAS:ANTWEB:jtl300270","jtl300270","formicidae","myrmicinae","Acanthognathus","ocellatus","Acanthognathus ocellatus","","Comayagua","Honduras","2011-02-22","ridgetop cloud forest ex sifted leaf litter",1120,"point","14.870993","-87.89923"
"http://antweb.org/api/v2/?occurrenceId=CAS:ANTWEB:jtl300271","jtl300271","formicidae","myrmicinae","Acanthognathus","ocellatus","Acanthognathus ocellatus","","Comayagua","Honduras","2011-02-22","ridgetop cloud forest ex sifted leaf litter",1120,"point","14.870957","-87.8992"
"http://antweb.org/api/v2/?occurrenceId=CAS:ANTWEB:jtl300272","jtl300272","formicidae","myrmicinae","Acanthognathus","ocellatus","Acanthognathus ocellatus","","Comayagua","Honduras","2011-02-22","ridgetop cloud forest ex sifted leaf litter",1120,"point","14.870923","-87.89917"
"http://antweb.org/api/v2/?occurrenceId=CAS:ANTWEB:jtl300273","jtl300273","formicidae","myrmicinae","Acanthognathus","ocellatus","Acanthognathus ocellatus","","Comayagua","Honduras","2011-02-22","ridgetop cloud forest ex sifted leaf litter",1120,"point","14.870889","-87.89914"
"http://antweb.org/api/v2/?occurrenceId=CAS:ANTWEB:jtl300274","jtl300274","formicidae","myrmicinae","Acanthognathus","ocellatus","Acanthognathus ocellatus","","Comayagua","Honduras","2011-02-22","ridgetop cloud forest ex sifted leaf litter",1120,"point","14.869998","-87.89882"
"http://antweb.org/api/v2/?occurrenceId=CAS:ANTWEB:jtl300275","jtl300275","formicidae","myrmicinae","Acanthognathus","ocellatus","Acanthognathus ocellatus","","Comayagua","Honduras","2011-02-22","ridgetop cloud forest ex sifted leaf litter",1120,"point","14.869955","-87.8988"
"http://antweb.org/api/v2/?occurrenceId=CAS:ANTWEB:jtl300276","jtl300276","formicidae","myrmicinae","Acanthognathus","ocellatus","Acanthognathus ocellatus","","Comayagua","Honduras","2011-02-22","ridgetop cloud forest ex sifted leaf litter",1120,"point","14.86987","-87.89877"
"http://antweb.org/api/v2/?occurrenceId=CAS:ANTWEB:jtl300277","jtl300277","formicidae","myrmicinae","Acanthognathus","ocellatus","Acanthognathus ocellatus","","Comayagua","Honduras","2011-02-22","ridgetop cloud forest ex sifted leaf litter",1120,"point","14.869785","-87.898735"
"http://antweb.org/api/v2/?occurrenceId=CAS:ANTWEB:jtl300278","jtl300278","formicidae","myrmicinae","Acanthognathus","ocellatus","Acanthognathus ocellatus","","Comayagua","Honduras","2011-02-22","ridgetop cloud forest ex sifted leaf litter",1120,"point","14.869742","-87.89872"
"http://antweb.org/api/v2/?occurrenceId=CAS:ANTWEB:jtl300279","jtl300279","formicidae","myrmicinae","Acanthognathus","ocellatus","Acanthognathus ocellatus","","Comayagua","Honduras","2011-02-22","ridgetop cloud forest ex sifted leaf litter",1140,"point","14.869713","-87.898575"
"http://antweb.org/api/v2/?occurrenceId=CAS:ANTWEB:jtl300280","jtl300280","formicidae","myrmicinae","Acanthognathus","ocellatus","Acanthognathus ocellatus","","Comayagua","Honduras","2011-02-22","ridgetop cloud forest ex sifted leaf litter",1140,"point","14.86951","-87.89814"
"http://antweb.org/api/v2/?occurrenceId=CAS:ANTWEB:jtl300281","jtl300281","formicidae","myrmicinae","Acanthognathus","ocellatus","Acanthognathus ocellatus","","Comayagua","Honduras","2011-02-22","ridgetop cloud forest ex sifted leaf litter",1140,"point","14.86951","-87.898094"
"http://antweb.org/api/v2/?occurrenceId=CAS:ANTWEB:jtl300282","jtl300282","formicidae","myrmicinae","Acanthognathus","ocellatus","Acanthognathus ocellatus","","Comayagua","Honduras","2011-02-22","ridgetop cloud forest ex sifted leaf litter",1140,"point","14.869478","-87.89792"
"http://antweb.org/api/v2/?occurrenceId=CAS:ANTWEB:jtl300283","jtl300283","formicidae","myrmicinae","Acanthognathus","ocellatus","Acanthognathus ocellatus","","Comayagua","Honduras","2011-02-22","ridgetop cloud forest ex sifted leaf litter",1140,"point","14.869463","-87.89787"
"http://antweb.org/api/v2/?occurrenceId=CAS:ANTWEB:jtl300284","jtl300284","formicidae","myrmicinae","Acanthognathus","ocellatus","Acanthognathus ocellatus","","Comayagua","Honduras","2011-02-22","ridgetop cloud forest ex sifted leaf litter",1140,"point","14.86951","-87.89701"
"http://antweb.org/api/v2/?occurrenceId=CAS:ANTWEB:jtl300285","jtl300285","formicidae","myrmicinae","Acanthognathus","ocellatus","Acanthognathus ocellatus","","Comayagua","Honduras","2011-02-22","ridgetop cloud forest ex sifted leaf litter",1140,"point","14.86951","-87.89687"
"http://antweb.org/api/v2/?occurrenceId=CAS:ANTWEB:jtl300286","jtl300286","formicidae","myrmicinae","Acanthognathus","ocellatus","Acanthognathus ocellatus","","Comayagua","Honduras","2011-02-22","ridgetop cloud forest ex sifted leaf litter",1140,"point","14.86951","-87.89683"
"http://antweb.org/api/v2/?occurrenceId=CAS:ANTWEB:jtl300287","jtl300287","formicidae","myrmicinae","Acanthognathus","ocellatus","Acanthognathus ocellatus","","Comayagua","Honduras","2011-02-22","ridgetop cloud forest ex sifted leaf litter",1140,"point","14.86951","-87.89678"
"http://antweb.org/api/v2/?occurrenceId=CAS:ANTWEB:jtl300288","jtl300288","formicidae","myrmicinae","Acanthognathus","ocellatus","Acanthognathus ocellatus","","Comayagua","Honduras","2011-02-22","ridgetop cloud forest ex sifted leaf litter",1140,"point","14.86951","-87.89668"
"http://antweb.org/api/v2/?occurrenceId=CAS:ANTWEB:jtl300289","jtl300289","formicidae","myrmicinae","Acanthognathus","ocellatus","Acanthognathus ocellatus","","Comayagua","Honduras","2011-02-22","ridgetop cloud forest ex sifted leaf litter",1140,"point","14.86951","-87.89659"
"http://antweb.org/api/v2/?occurrenceId=CAS:ANTWEB:jtl300290","jtl300290","formicidae","myrmicinae","Acanthognathus","ocellatus","Acanthognathus ocellatus","","Comayagua","Honduras","2011-02-22","ridgetop cloud forest ex sifted leaf litter",1140,"point","14.86951","-87.896545"
"http://antweb.org/api/v2/?occurrenceId=CAS:ANTWEB:jtl300291","jtl300291","formicidae","myrmicinae","Acanthognathus","ocellatus","Acanthognathus ocellatus","","Comayagua","Honduras","2011-02-22","ridgetop cloud forest ex sifted leaf litter",1140,"point","14.869452","-87.896286"
"http://antweb.org/api/v2/?occurrenceId=CAS:ANTWEB:jtl300292","jtl300292","formicidae","myrmicinae","Acanthognathus","ocellatus","Acanthognathus ocellatus","","Comayagua","Honduras","2011-02-22","ridgetop cloud forest ex sifted leaf litter",1140,"point","14.869429","-87.89615"
"http://antweb.org/api/v2/?occurrenceId=CAS:ANTWEB:jtl300293","jtl300293","formicidae","myrmicinae","Acanthognathus","ocellatus","Acanthognathus ocellatus","","Comayagua","Honduras","2011-02-22","ridgetop cloud forest ex sifted leaf litter",1140,"point","14.869421","-87.8961"
"http://antweb.org/api/v2/?occurrenceId=CAS:ANTWEB:jtl300294","jtl300294","formicidae","myrmicinae","Acanthognathus","ocellatus","Acanthognathus ocellatus","","Comayagua","Honduras","2011-02-22","ridgetop cloud forest ex sifted leaf litter",1140,"point","14.869405","-87.89601"
"http://antweb.org/api/v2/?occurrenceId=CAS:ANTWEB:jtl300295","jtl300295","formicidae","myrmicinae","Acanthognathus","ocellatus","Acanthognathus ocellatus","","Comayagua","Honduras","2011-02-22","ridgetop cloud forest ex sifted leaf litter",1140,"point","14.869373","-87.89583"
"http://antweb.org/api/v2/?occurrenceId=CAS:ANTWEB:jtl300296","jtl300296","formicidae","myrmicinae","Acanthognathus","ocellatus","Acanthognathus ocellatus","","Comayagua","Honduras","2011-02-22","ridgetop cloud forest ex sifted leaf litter",1140,"point","14.869315","-87.89576"
"http://antweb.org/api/v2/?occurrenceId=CAS:ANTWEB:jtl306087","jtl306087","formicidae","myrmicinae","Acanthognathus","ocellatus","Acanthognathus ocellatus","","Comayagua","Honduras","2011-03-05","ridgetop cloud forest ex sifted leaf litter",1150,"point","14.86951","-87.89701"
"http://antweb.org/api/v2/?occurrenceId=CAS:ANTWEB:jtl306186","jtl306186","formicidae","myrmicinae","Acanthognathus","ocellatus","Acanthognathus ocellatus","","Comayagua","Honduras","2011-03-05","cloud forest ex sifted leaf litter",1040,"point","14.87236","-87.90098"
"http://antweb.org/api/v2/?occurrenceId=CAS:ANTWEB:jtl306219","jtl306219","formicidae","myrmicinae","Acanthognathus","ocellatus","Acanthognathus ocellatus","","Comayagua","Honduras","2011-03-05","montane rainforest ex sifted leaf litter",1000,"point","14.87209","-87.90187"
"http://antweb.org/api/v2/?occurrenceId=CAS:ANTWEB:jtl306255","jtl306255","formicidae","myrmicinae","Acanthognathus","ocellatus","Acanthognathus ocellatus","","Comayagua","Honduras","2011-03-05","montane rainforest ex sifted leaf litter",890,"point","14.87314","-87.90297"
"http://antweb.org/api/v2/?occurrenceId=CAS:ANTWEB:jtl656140","jtl656140","formicidae","myrmicinae","Acanthognathus","ocellatus","Acanthognathus ocellatus","","Atl ntida","Honduras","2012-01-11","tropical rainforest ex sifted leaf litter",200,"point","15.69449","-86.86316"
"http://antweb.org/api/v2/?occurrenceId=CAS:ANTWEB:jtl656877","jtl656877","formicidae","myrmicinae","Acanthognathus","ocellatus","Acanthognathus ocellatus","","Atl ntida","Honduras","2012-01-11","tropical rainforest ex sifted leaf litter",280,"point","15.691296","-86.861374"
"http://antweb.org/api/v2/?occurrenceId=CAS:ANTWEB:jtl657482","jtl657482","formicidae","myrmicinae","Acanthognathus","ocellatus","Acanthognathus ocellatus","","Regi n Aut noma del Atl ntico Sur","Nicaragua","2012-01-11","2 lowland rainforest ex sifted leaf litter",30,"point","12.672705","-83.71544"
"http://antweb.org/api/v2/?occurrenceId=CAS:ANTWEB:jtl657578","jtl657578","formicidae","myrmicinae","Acanthognathus","ocellatus","Acanthognathus ocellatus","","Regi n Aut noma del Atl ntico Sur","Nicaragua","2012-01-11","2 lowland rainforest ex sifted leaf litter",30,"point","12.672941","-83.71528"
"http://antweb.org/api/v2/?occurrenceId=CAS:ANTWEB:jtl657767","jtl657767","formicidae","myrmicinae","Acanthognathus","ocellatus","Acanthognathus ocellatus","","Regi n Aut noma del Atl ntico Sur","Nicaragua","2012-01-11","2 lowland rainforest ex sifted leaf litter",30,"point","12.678296","-83.71521"
"http://antweb.org/api/v2/?occurrenceId=CAS:ANTWEB:jtl658223","jtl658223","formicidae","myrmicinae","Acanthognathus","ocellatus","Acanthognathus ocellatus","","Regi n Aut noma del Atl ntico Sur","Nicaragua","2012-01-11","2 lowland rainforest ex sifted leaf litter",30,"point","12.676657","-83.71512"
"http://antweb.org/api/v2/?occurrenceId=CAS:ANTWEB:jtl664325","jtl664325","formicidae","myrmicinae","Acanthognathus","ocellatus","Acanthognathus ocellatus","","Matagalpa","Nicaragua","2012-01-18","tropical wet forest ex sifted leaf litter",750,"point","12.96093","-85.23273"
"http://antweb.org/api/v2/?occurrenceId=CAS:ANTWEB:jtl664458","jtl664458","formicidae","myrmicinae","Acanthognathus","ocellatus","Acanthognathus ocellatus","","Matagalpa","Nicaragua","2012-01-18","tropical wet forest ex sifted leaf litter",750,"point","12.961","-85.23236"
"http://antweb.org/api/v2/?occurrenceId=CAS:ANTWEB:jtl664516","jtl664516","formicidae","myrmicinae","Acanthognathus","ocellatus","Acanthognathus ocellatus","","Matagalpa","Nicaragua","2012-01-18","tropical wet forest ex sifted leaf litter",750,"point","12.96092","-85.2324"
"http://antweb.org/api/v2/?occurrenceId=CAS:ANTWEB:jtl664611","jtl664611","formicidae","myrmicinae","Acanthognathus","ocellatus","Acanthognathus ocellatus","","Matagalpa","Nicaragua","2012-01-18","tropical wet forest ex sifted leaf litter",750,"point","12.96071","-85.2325"
"http://antweb.org/api/v2/?occurrenceId=CAS:ANTWEB:jtl664900","jtl664900","formicidae","myrmicinae","Acanthognathus","ocellatus","Acanthognathus ocellatus","","Matagalpa","Nicaragua","2012-01-18","tropical wet forest ex sifted leaf litter",750,"point","12.96022","-85.23274"
"http://antweb.org/api/v2/?occurrenceId=CAS:ANTWEB:jtl665159","jtl665159","formicidae","myrmicinae","Acanthognathus","ocellatus","Acanthognathus ocellatus","","Matagalpa","Nicaragua","2012-01-18","tropical wet forest ex sifted leaf litter",750,"point","12.95983","-85.23263"
"http://antweb.org/api/v2/?occurrenceId=CAS:ANTWEB:jtl665761","jtl665761","formicidae","myrmicinae","Acanthognathus","ocellatus","Acanthognathus ocellatus","","Matagalpa","Nicaragua","2012-01-18","tropical wet forest ex sifted leaf litter",700,"point","12.95947","-85.22486"
"http://antweb.org/api/v2/?occurrenceId=CAS:ANTWEB:jtl666040","jtl666040","formicidae","myrmicinae","Acanthognathus","ocellatus","Acanthognathus ocellatus","","Matagalpa","Nicaragua","2012-01-18","tropical wet forest ex sifted leaf litter",700,"point","12.9601","-85.22486"
"http://antweb.org/api/v2/?occurrenceId=CAS:ANTWEB:jtl666691","jtl666691","formicidae","myrmicinae","Acanthognathus","ocellatus","Acanthognathus ocellatus","","Matagalpa","Nicaragua","2012-01-18","tropical wet forest ex sifted leaf litter",700,"point","12.95927","-85.22496"
"http://antweb.org/api/v2/?occurrenceId=CAS:ANTWEB:jtl671599","jtl671599","formicidae","myrmicinae","Acanthognathus","ocellatus","Acanthognathus ocellatus","","Regi n Aut noma del Atl ntico Norte","Nicaragua","2012-04-21","mature wet forest ex sifted leaf litter",310,"point","13.77019","-84.98077"
"http://antweb.org/api/v2/?occurrenceId=CAS:ANTWEB:jtl672785","jtl672785","formicidae","myrmicinae","Acanthognathus","ocellatus","Acanthognathus ocellatus","","Regi n Aut noma del Atl ntico Norte","Nicaragua","2012-05-04","montane wet forest ex sifted leaf litter",670,"point","13.77216","-84.99613"
"http://antweb.org/api/v2/?occurrenceId=CAS:ANTWEB:jtl673008","jtl673008","formicidae","myrmicinae","Acanthognathus","ocellatus","Acanthognathus ocellatus","","Jinotega","Nicaragua","2012-05-04","montane wet forest ex sifted leaf litter",850,"point","13.77077","-85.00156"
"http://antweb.org/api/v2/?occurrenceId=CAS:ANTWEB:jtl673172","jtl673172","formicidae","myrmicinae","Acanthognathus","ocellatus","Acanthognathus ocellatus","","Jinotega","Nicaragua","2012-05-04","ridgetop cloud forest ex sifted leaf litter",990,"point","13.77041","-85.00496"
"http://antweb.org/api/v2/?occurrenceId=CAS:ANTWEB:jtl673737","jtl673737","formicidae","myrmicinae","Acanthognathus","ocellatus","Acanthognathus ocellatus","","Jinotega","Nicaragua","2012-05-17","montane wet forest ex sifted leaf litter",1040,"point","13.76779","-85.02442"
"http://antweb.org/api/v2/?occurrenceId=CAS:ANTWEB:jtl684479","jtl684479","formicidae","myrmicinae","Acanthognathus","ocellatus","Acanthognathus ocellatus","","Regi n Aut noma del Atl ntico Sur","Nicaragua","2012-06-30","2 lowland rainforest ex sifted leaf litter",30,"point","12.67754","-83.71519"
"http://antweb.org/api/v2/?occurrenceId=CAS:ANTWEB:jtl684594","jtl684594","formicidae","myrmicinae","Acanthognathus","ocellatus","Acanthognathus ocellatus","","Regi n Aut noma del Atl ntico Sur","Nicaragua","2012-06-30","2 lowland rainforest ex sifted leaf litter",50,"point","12.68818","-83.71291"
"http://antweb.org/api/v2/?occurrenceId=CAS:ANTWEB:jtl722945","jtl722945","formicidae","myrmicinae","Acanthognathus","ocellatus","Acanthognathus ocellatus","","Puntarenas","Costa Rica","2014-07-17","rainforest ex sifted leaf litter",175,"point","8.407","-83.32774"
"http://antweb.org/api/v2/?occurrenceId=CAS:ANTWEB:jtl723101","jtl723101","formicidae","myrmicinae","Acanthognathus","ocellatus","Acanthognathus ocellatus","","Puntarenas","Costa Rica","2014-07-17","rainforest ex sifted leaf litter",175,"point","8.407","-83.32811"
"http://antweb.org/api/v2/?occurrenceId=CAS:ANTWEB:jtl723200","jtl723200","formicidae","myrmicinae","Acanthognathus","ocellatus","Acanthognathus ocellatus","","Puntarenas","Costa Rica","2014-07-17","rainforest ex sifted leaf litter",175,"point","8.4066","-83.32804"
"http://antweb.org/api/v2/?occurrenceId=CAS:ANTWEB:jtl723445","jtl723445","formicidae","myrmicinae","Acanthognathus","ocellatus","Acanthognathus ocellatus","","Puntarenas","Costa Rica","2014-07-17","rainforest ex sifted leaf litter",175,"point","8.4062","-83.32835"
"http://antweb.org/api/v2/?occurrenceId=CAS:ANTWEB:jtl723468","jtl723468","formicidae","myrmicinae","Acanthognathus","ocellatus","Acanthognathus ocellatus","","Puntarenas","Costa Rica","2014-07-17","rainforest ex sifted leaf litter",175,"point","8.4062","-83.3284"
"http://antweb.org/api/v2/?occurrenceId=CAS:ANTWEB:jtl723599","jtl723599","formicidae","myrmicinae","Acanthognathus","ocellatus","Acanthognathus ocellatus","","Puntarenas","Costa Rica","2014-07-17","moist forest ex sifted leaf litter",1380,"point","10.29089","-84.79262"
"http://antweb.org/api/v2/?occurrenceId=CAS:ANTWEB:jtl732366","jtl732366","formicidae","myrmicinae","Acanthognathus","ocellatus","Acanthognathus ocellatus","","Puntarenas","Costa Rica","2015-03-31","mature moist forest ex sifted litter",1380,"point","10.30262","-84.811"
"http://antweb.org/api/v2/?occurrenceId=CAS:ANTWEB:jtl733588","jtl733588","formicidae","myrmicinae","Acanthognathus","ocellatus","Acanthognathus ocellatus","","Dari n","Panama","2015-04-17","montane wet forest ex sifted leaf litter",1190,"point","8.79487","-78.46095"
"http://antweb.org/api/v2/?occurrenceId=CAS:ANTWEB:jtlc-vial-002065-373","jtlc-vial-002065-373","formicidae","myrmicinae","Acanthognathus","ocellatus","Acanthognathus ocellatus","","Puntarenas","Costa Rica","2008-04-09","tropical rainforest ex sifted leaf litter",130,"point","8.406667","-83.32833"
"http://antweb.org/api/v2/?occurrenceId=CAS:ANTWEB:jtlc-vial-002065-407","jtlc-vial-002065-407","formicidae","myrmicinae","Acanthognathus","ocellatus","Acanthognathus ocellatus","","Puntarenas","Costa Rica","2008-04-09","tropical rainforest ex sifted leaf litter",130,"point","8.406667","-83.32833"
"http://antweb.org/api/v2/?occurrenceId=CAS:ANTWEB:jtlc000010949","jtlc000010949","formicidae","myrmicinae","Acanthognathus","ocellatus","Acanthognathus ocellatus","","Heredia","Costa Rica","2007-10-06","mature wet forest ex sifted leaf litter",50,"point","10.418525","-84.01718"
"http://antweb.org/api/v2/?occurrenceId=CAS:ANTWEB:jtlc000014039","jtlc000014039","formicidae","myrmicinae","Acanthognathus","ocellatus","Acanthognathus ocellatus","","Puntarenas","Costa Rica","2008-04-09","tropical rainforest ex sifted leaf litter",130,"point","8.406667","-83.32833"
"http://antweb.org/api/v2/?occurrenceId=CAS:ANTWEB:jtlc000014390","jtlc000014390","formicidae","myrmicinae","Acanthognathus","ocellatus","Acanthognathus ocellatus","","Chiapas","Mexico","2008-10-27","lowland wet forest ex sifted leaf litter",570,"point","17.12722","-91.62988"
"http://antweb.org/api/v2/?occurrenceId=CAS:ANTWEB:jtlc000015039","jtlc000015039","formicidae","myrmicinae","Acanthognathus","ocellatus","Acanthognathus ocellatus","","Aragua","Venezuela","2009-01-08","montane wet forest ex sifted leaf litter",1140,"point","10.34756","-67.68787"
"http://antweb.org/api/v2/?occurrenceId=CAS:ANTWEB:usnment00445730","usnment00445730","formicidae","myrmicinae","Acanthognathus","ocellatus","Acanthognathus ocellatus","","","Suriname","2006-01-01","1 forest tall forest, rocky soil",619,"point","4.25295","-54.7561"
