"url","catalogNumber","family","subfamily","genus","specificEpithet","scientific_name","typeStatus","stateProvince","country","dateIdentified","habitat","minimumElevationInMeters","geojson.type","decimal_latitude","decimal_longitude"
"http://antweb.org/api/v2/?occurrenceId=CAS:ANTWEB:casent0173540","casent0173540","formicidae","heteroponerinae","Acanthoponera","mucronata","Acanthoponera mucronata","","Napo","Ecuador","2008-10-09","2nd growth forest foraging ants",600,"point","-0.88333","-77.8"
"http://antweb.org/api/v2/?occurrenceId=CAS:ANTWEB:casent0248680","casent0248680","formicidae","heteroponerinae","Acanthoponera","mucronata","Acanthoponera mucronata","","Jujuy","Argentina","2013-12-31","dryforest ex soil",890,"point","-24.33376","-65.04827"
"http://antweb.org/api/v2/?occurrenceId=CAS:ANTWEB:casent0248680-d40","casent0248680-d40","formicidae","heteroponerinae","Acanthoponera","mucronata","Acanthoponera mucronata","","Jujuy","Argentina","","dryforest ex soil",890,"point","-24.33376","-65.04827"
"http://antweb.org/api/v2/?occurrenceId=CAS:ANTWEB:casent0913592","casent0913592","formicidae","heteroponerinae","Acanthoponera","mucronata","Acanthoponera mucronata","syntype of Ponera mucronata","","Brazil","","",NA,NA,NA,NA
"http://antweb.org/api/v2/?occurrenceId=CAS:ANTWEB:casent0915105","casent0915105","formicidae","heteroponerinae","Acanthoponera","mucronata","Acanthoponera mucronata","syntype of Acanthoponera mucronata wagneri","","Argentina","","",NA,NA,NA,NA
"http://antweb.org/api/v2/?occurrenceId=CAS:ANTWEB:casent0915355","casent0915355","formicidae","heteroponerinae","Acanthoponera","mucronata","Acanthoponera mucronata","Holotype of Ponera mucronata","","Argentina","","",NA,NA,NA,NA
