"url","catalogNumber","family","subfamily","genus","specificEpithet","scientific_name","typeStatus","stateProvince","country","dateIdentified","habitat","minimumElevationInMeters"
"http://antweb.org/api/v2/?occurrenceId=CAS:ANTWEB:casent0281970","casent0281970","formicidae","dorylinae","Acanthostichus","laticornis","Acanthostichus laticornis","","","Brazil","","",NA
"http://antweb.org/api/v2/?occurrenceId=CAS:ANTWEB:casent0752144","casent0752144","formicidae","dorylinae","Acanthostichus","laticornis","Acanthostichus laticornis","","Cordillera","Paraguay","","",NA
"http://antweb.org/api/v2/?occurrenceId=CAS:ANTWEB:casent0752145","casent0752145","formicidae","dorylinae","Acanthostichus","laticornis","Acanthostichus laticornis","","Cordillera","Paraguay","","",NA
"http://antweb.org/api/v2/?occurrenceId=CAS:ANTWEB:casent0907071","casent0907071","formicidae","dorylinae","Acanthostichus","laticornis","Acanthostichus laticornis","Lectotype of Acanthostichus laticornis","","Paraguay","","",NA
"http://antweb.org/api/v2/?occurrenceId=CAS:ANTWEB:casent0911256","casent0911256","formicidae","dorylinae","Acanthostichus","laticornis","Acanthostichus laticornis","Lectotype of Acanthostichus laticornis obscuridens","Misiones","Argentina","","",NA
