"url","catalogNumber","family","subfamily","genus","specificEpithet","scientific_name","typeStatus","stateProvince","country","dateIdentified","habitat","minimumElevationInMeters","geojson.type","decimal_latitude","decimal_longitude"
"http://antweb.org/api/v2/?occurrenceId=CAS:ANTWEB:casent0281791","casent0281791","formicidae","myrmicinae","Acanthomyrmex","luciolae","Acanthomyrmex luciolae","","","Sri Lanka","","",NA,NA,NA,NA
"http://antweb.org/api/v2/?occurrenceId=CAS:ANTWEB:casent0715301","casent0715301","formicidae","myrmicinae","Acanthomyrmex","luciolae","Acanthomyrmex luciolae","","Yunnan","China","","rain forest",550,"point","21.918638","101.27239"
"http://antweb.org/api/v2/?occurrenceId=CAS:ANTWEB:casent0715302","casent0715302","formicidae","myrmicinae","Acanthomyrmex","luciolae","Acanthomyrmex luciolae","","Yunnan","China","","rain forest",552,"point","21.918638","101.27397"
"http://antweb.org/api/v2/?occurrenceId=CAS:ANTWEB:casent0715303","casent0715303","formicidae","myrmicinae","Acanthomyrmex","luciolae","Acanthomyrmex luciolae","","Yunnan","China","","rain forest",552,"point","21.918638","101.27397"
"http://antweb.org/api/v2/?occurrenceId=CAS:ANTWEB:casent0716551","casent0716551","formicidae","myrmicinae","Acanthomyrmex","luciolae","Acanthomyrmex luciolae","","Yunnan","China","","rain forest",615,"point","21.91625","101.27392"
"http://antweb.org/api/v2/?occurrenceId=CAS:ANTWEB:casent0716552","casent0716552","formicidae","myrmicinae","Acanthomyrmex","luciolae","Acanthomyrmex luciolae","","Yunnan","China","","rain forest",615,"point","21.91625","101.27392"
"http://antweb.org/api/v2/?occurrenceId=CAS:ANTWEB:casent0716553","casent0716553","formicidae","myrmicinae","Acanthomyrmex","luciolae","Acanthomyrmex luciolae","","Yunnan","China","","rain forest",615,"point","21.91625","101.27392"
"http://antweb.org/api/v2/?occurrenceId=CAS:ANTWEB:casent0716554","casent0716554","formicidae","myrmicinae","Acanthomyrmex","luciolae","Acanthomyrmex luciolae","","Yunnan","China","","rain forest",615,"point","21.91625","101.27392"
"http://antweb.org/api/v2/?occurrenceId=CAS:ANTWEB:casent0716555","casent0716555","formicidae","myrmicinae","Acanthomyrmex","luciolae","Acanthomyrmex luciolae","","Yunnan","China","","rain forest",615,"point","21.91625","101.27392"
"http://antweb.org/api/v2/?occurrenceId=CAS:ANTWEB:casent0716556","casent0716556","formicidae","myrmicinae","Acanthomyrmex","luciolae","Acanthomyrmex luciolae","","Yunnan","China","","rain forest",615,"point","21.91625","101.27392"
"http://antweb.org/api/v2/?occurrenceId=CAS:ANTWEB:casent0716557","casent0716557","formicidae","myrmicinae","Acanthomyrmex","luciolae","Acanthomyrmex luciolae","","Yunnan","China","","rain forest",615,"point","21.91625","101.27392"
"http://antweb.org/api/v2/?occurrenceId=CAS:ANTWEB:casent0716558","casent0716558","formicidae","myrmicinae","Acanthomyrmex","luciolae","Acanthomyrmex luciolae","","Yunnan","China","","rain forest",615,"point","21.91625","101.27392"
"http://antweb.org/api/v2/?occurrenceId=CAS:ANTWEB:casent0716559","casent0716559","formicidae","myrmicinae","Acanthomyrmex","luciolae","Acanthomyrmex luciolae","","Yunnan","China","","rain forest",615,"point","21.91625","101.27392"
"http://antweb.org/api/v2/?occurrenceId=CAS:ANTWEB:casent0716560","casent0716560","formicidae","myrmicinae","Acanthomyrmex","luciolae","Acanthomyrmex luciolae","","Yunnan","China","","rain forest",590,"point","21.918806","101.2737"
"http://antweb.org/api/v2/?occurrenceId=CAS:ANTWEB:casent0716561","casent0716561","formicidae","myrmicinae","Acanthomyrmex","luciolae","Acanthomyrmex luciolae","","Yunnan","China","","rain forest",590,"point","21.918806","101.2737"
"http://antweb.org/api/v2/?occurrenceId=CAS:ANTWEB:casent0716562","casent0716562","formicidae","myrmicinae","Acanthomyrmex","luciolae","Acanthomyrmex luciolae","","Yunnan","China","","rain forest",590,"point","21.918806","101.2737"
"http://antweb.org/api/v2/?occurrenceId=CAS:ANTWEB:casent0716563","casent0716563","formicidae","myrmicinae","Acanthomyrmex","luciolae","Acanthomyrmex luciolae","","Yunnan","China","","rain forest",615,"point","21.91625","101.27392"
"http://antweb.org/api/v2/?occurrenceId=CAS:ANTWEB:casent0716564","casent0716564","formicidae","myrmicinae","Acanthomyrmex","luciolae","Acanthomyrmex luciolae","","Yunnan","China","","rain forest",615,"point","21.91625","101.27392"
"http://antweb.org/api/v2/?occurrenceId=CAS:ANTWEB:casent0716565","casent0716565","formicidae","myrmicinae","Acanthomyrmex","luciolae","Acanthomyrmex luciolae","","Yunnan","China","","rain forest",590,"point","21.918806","101.2737"
"http://antweb.org/api/v2/?occurrenceId=CAS:ANTWEB:casent0716566","casent0716566","formicidae","myrmicinae","Acanthomyrmex","luciolae","Acanthomyrmex luciolae","","Yunnan","China","","rain forest",615,"point","21.91625","101.27392"
"http://antweb.org/api/v2/?occurrenceId=CAS:ANTWEB:casent0904701","casent0904701","formicidae","myrmicinae","Acanthomyrmex","luciolae","Acanthomyrmex luciolae","syntype of Acanthomyrmex luciolae","Central","Sri Lanka","","",NA,NA,NA,NA
"http://antweb.org/api/v2/?occurrenceId=CAS:ANTWEB:casent0904702","casent0904702","formicidae","myrmicinae","Acanthomyrmex","luciolae","Acanthomyrmex luciolae","syntype of Acanthomyrmex luciolae","Central","Sri Lanka","","",NA,NA,NA,NA
