"url","catalogNumber","family","subfamily","genus","specificEpithet","scientific_name","typeStatus","stateProvince","country","dateIdentified","habitat","minimumElevationInMeters","geojson.type","decimal_latitude","decimal_longitude"
"http://antweb.org/api/v2/?occurrenceId=CAS:ANTWEB:alas188682","alas188682","formicidae","myrmicinae","Acanthognathus","teledectus","Acanthognathus teledectus","","Heredia","Costa Rica","2000-06-06","LEP Hojarasca",50,"point","10.425819","-84.043175"
"http://antweb.org/api/v2/?occurrenceId=CAS:ANTWEB:alas188683","alas188683","formicidae","myrmicinae","Acanthognathus","teledectus","Acanthognathus teledectus","","Heredia","Costa Rica","2000-06-06","Lindero Peje Hojarasca",50,"point","10.434356","-84.03159"
"http://antweb.org/api/v2/?occurrenceId=CAS:ANTWEB:alas188684","alas188684","formicidae","myrmicinae","Acanthognathus","teledectus","Acanthognathus teledectus","","Heredia","Costa Rica","2000-06-06","Sendero Jaguar Hojarasca",50,"point","10.42118","-84.02531"
"http://antweb.org/api/v2/?occurrenceId=CAS:ANTWEB:alas188685","alas188685","formicidae","myrmicinae","Acanthognathus","teledectus","Acanthognathus teledectus","","Heredia","Costa Rica","2000-06-06","Sendero Tres R os Hojarasca",50,"point","10.431441","-84.024185"
"http://antweb.org/api/v2/?occurrenceId=CAS:ANTWEB:alas593772","alas593772","formicidae","myrmicinae","Acanthognathus","teledectus","Acanthognathus teledectus","","Heredia","Costa Rica","2005-12-25","lowland rainforest sifted litter",50,"point","10.43333","-84.01667"
"http://antweb.org/api/v2/?occurrenceId=CAS:ANTWEB:alas594270","alas594270","formicidae","myrmicinae","Acanthognathus","teledectus","Acanthognathus teledectus","","Heredia","Costa Rica","2005-12-25","lowland rainforest sifted litter",50,"point","10.43333","-84.01667"
"http://antweb.org/api/v2/?occurrenceId=CAS:ANTWEB:alas594378","alas594378","formicidae","myrmicinae","Acanthognathus","teledectus","Acanthognathus teledectus","","Heredia","Costa Rica","2005-12-25","lowland rainforest sifted litter",50,"point","10.43333","-84.01667"
"http://antweb.org/api/v2/?occurrenceId=CAS:ANTWEB:alas594649","alas594649","formicidae","myrmicinae","Acanthognathus","teledectus","Acanthognathus teledectus","","Heredia","Costa Rica","2005-12-25","lowland rainforest sifted litter",50,"point","10.43333","-84.01667"
"http://antweb.org/api/v2/?occurrenceId=CAS:ANTWEB:alas594804","alas594804","formicidae","myrmicinae","Acanthognathus","teledectus","Acanthognathus teledectus","","Heredia","Costa Rica","2005-12-25","lowland rainforest sifted litter",50,"point","10.43333","-84.01667"
"http://antweb.org/api/v2/?occurrenceId=CAS:ANTWEB:alas605339","alas605339","formicidae","myrmicinae","Acanthognathus","teledectus","Acanthognathus teledectus","","Heredia","Costa Rica","2006-05-09","montane wet forest mixed primary forest litter",1100,"point","10.26667","-84.08333"
"http://antweb.org/api/v2/?occurrenceId=CAS:ANTWEB:casent0039799","casent0039799","formicidae","myrmicinae","Acanthognathus","teledectus","Acanthognathus teledectus","","Heredia","Costa Rica","2005-08-26","",50,"point","10.41667","-84.06667"
"http://antweb.org/api/v2/?occurrenceId=CAS:ANTWEB:casent0039800","casent0039800","formicidae","myrmicinae","Acanthognathus","teledectus","Acanthognathus teledectus","","Heredia","Costa Rica","2005-09-28","",50,"point","10.41667","-84.06667"
"http://antweb.org/api/v2/?occurrenceId=CAS:ANTWEB:casent0610148","casent0610148","formicidae","myrmicinae","Acanthognathus","teledectus","Acanthognathus teledectus","","Izabal","Guatemala","2009-09-16","2 lowland tropical rainforest ex sifted leaf litter",250,"point","15.514409","-88.864586"
"http://antweb.org/api/v2/?occurrenceId=CAS:ANTWEB:casent0611287","casent0611287","formicidae","myrmicinae","Acanthognathus","teledectus","Acanthognathus teledectus","","Izabal","Guatemala","2009-09-16","2 lowland rainforest ex sifted leaf litter",245,"point","15.51351","-88.86647"
"http://antweb.org/api/v2/?occurrenceId=CAS:ANTWEB:casent0611288","casent0611288","formicidae","myrmicinae","Acanthognathus","teledectus","Acanthognathus teledectus","","Izabal","Guatemala","2009-09-16","2 lowland rainforest ex sifted leaf litter",245,"point","15.51351","-88.86647"
"http://antweb.org/api/v2/?occurrenceId=CAS:ANTWEB:casent0611376","casent0611376","formicidae","myrmicinae","Acanthognathus","teledectus","Acanthognathus teledectus","","Izabal","Guatemala","2009-09-16","2 lowland rainforest ex sifted leaf litter",245,"point","15.51341","-88.86616"
"http://antweb.org/api/v2/?occurrenceId=CAS:ANTWEB:casent0615238","casent0615238","formicidae","myrmicinae","Acanthognathus","teledectus","Acanthognathus teledectus","","Comayagua","Honduras","2011-02-22","ridgetop cloud forest ex sifted leaf litter",1120,"point","14.871284","-87.900215"
"http://antweb.org/api/v2/?occurrenceId=CAS:ANTWEB:casent0615382","casent0615382","formicidae","myrmicinae","Acanthognathus","teledectus","Acanthognathus teledectus","","Comayagua","Honduras","2011-02-22","ridgetop cloud forest ex sifted leaf litter",1120,"point","14.871284","-87.900215"
"http://antweb.org/api/v2/?occurrenceId=CAS:ANTWEB:casent0618561","casent0618561","formicidae","myrmicinae","Acanthognathus","teledectus","Acanthognathus teledectus","","Atl ntida","Honduras","2011-04-15","tropical rainforest ex sifted leaf litter",120,"point","15.72792","-87.4497"
"http://antweb.org/api/v2/?occurrenceId=CAS:ANTWEB:casent0618612","casent0618612","formicidae","myrmicinae","Acanthognathus","teledectus","Acanthognathus teledectus","","Atl ntida","Honduras","2011-04-15","tropical wet forest ex sifted leaf litter",660,"point","15.69652","-87.47636"
"http://antweb.org/api/v2/?occurrenceId=CAS:ANTWEB:casent0618728","casent0618728","formicidae","myrmicinae","Acanthognathus","teledectus","Acanthognathus teledectus","","Atl ntida","Honduras","2011-04-15","tropical rainforest ex sifted leaf litter",120,"point","15.72792","-87.4497"
"http://antweb.org/api/v2/?occurrenceId=CAS:ANTWEB:casent0623939","casent0623939","formicidae","myrmicinae","Acanthognathus","teledectus","Acanthognathus teledectus","","Matagalpa","Nicaragua","2012-01-18","tropical wet forest ex sifted leaf litter",750,"point","12.96085","-85.23294"
"http://antweb.org/api/v2/?occurrenceId=CAS:ANTWEB:casent0633364","casent0633364","formicidae","myrmicinae","Acanthognathus","teledectus","Acanthognathus teledectus","","Pichincha","Ecuador","2014-12-19","",850,"point","-0.31361","-78.95417"
"http://antweb.org/api/v2/?occurrenceId=CAS:ANTWEB:casent0633365","casent0633365","formicidae","myrmicinae","Acanthognathus","teledectus","Acanthognathus teledectus","","Pichincha","Ecuador","2014-12-19","",850,"point","-0.31361","-78.95417"
"http://antweb.org/api/v2/?occurrenceId=CAS:ANTWEB:casent0637592","casent0637592","formicidae","myrmicinae","Acanthognathus","teledectus","Acanthognathus teledectus","","Madre de Dios","Peru","2013-09-01","Bamboo forest ex sifted leaf litter",252,"point","-13.14142","-69.623"
"http://antweb.org/api/v2/?occurrenceId=CAS:ANTWEB:casent0914661","casent0914661","formicidae","myrmicinae","Acanthognathus","teledectus","Acanthognathus teledectus","","Heredia","Costa Rica","","",50,"point","10.4333","-83.9833"
"http://antweb.org/api/v2/?occurrenceId=CAS:ANTWEB:fmnhins0000120549","fmnhins0000120549","formicidae","myrmicinae","Acanthognathus","teledectus","Acanthognathus teledectus","","","","","floor litter",100,NA,NA,NA
"http://antweb.org/api/v2/?occurrenceId=CAS:ANTWEB:inb0003211900","inb0003211900","formicidae","myrmicinae","Acanthognathus","teledectus","Acanthognathus teledectus","","Heredia","Costa Rica","2002-04-19","montane wet forest Hojarasca",1100,"point","10.26667","-84.08333"
"http://antweb.org/api/v2/?occurrenceId=CAS:ANTWEB:inb0003211966","inb0003211966","formicidae","myrmicinae","Acanthognathus","teledectus","Acanthognathus teledectus","","Heredia","Costa Rica","2002-04-19","montane wet forest epifitas",1100,"point","10.26667","-84.08333"
"http://antweb.org/api/v2/?occurrenceId=CAS:ANTWEB:inb0003212213","inb0003212213","formicidae","myrmicinae","Acanthognathus","teledectus","Acanthognathus teledectus","","Heredia","Costa Rica","2002-04-19","montane wet forest Hojarasca",1100,"point","10.26667","-84.08333"
"http://antweb.org/api/v2/?occurrenceId=CAS:ANTWEB:inb0003212243","inb0003212243","formicidae","myrmicinae","Acanthognathus","teledectus","Acanthognathus teledectus","","Heredia","Costa Rica","2002-04-19","montane wet forest madera podrida",1100,"point","10.26667","-84.08333"
"http://antweb.org/api/v2/?occurrenceId=CAS:ANTWEB:inb0003212349","inb0003212349","formicidae","myrmicinae","Acanthognathus","teledectus","Acanthognathus teledectus","","Heredia","Costa Rica","2002-04-19","montane wet forest Hojarasca",1100,"point","10.26667","-84.08333"
"http://antweb.org/api/v2/?occurrenceId=CAS:ANTWEB:inb0003212404","inb0003212404","formicidae","myrmicinae","Acanthognathus","teledectus","Acanthognathus teledectus","","Heredia","Costa Rica","2002-04-19","montane wet forest Hojarasca",1100,"point","10.26667","-84.08333"
"http://antweb.org/api/v2/?occurrenceId=CAS:ANTWEB:inb0003212420","inb0003212420","formicidae","myrmicinae","Acanthognathus","teledectus","Acanthognathus teledectus","","Heredia","Costa Rica","2002-04-19","montane wet forest Hojarasca",1100,"point","10.26667","-84.08333"
"http://antweb.org/api/v2/?occurrenceId=CAS:ANTWEB:inb0003212537","inb0003212537","formicidae","myrmicinae","Acanthognathus","teledectus","Acanthognathus teledectus","","Heredia","Costa Rica","2002-04-19","montane wet forest Hojarasca",1100,"point","10.26667","-84.08333"
"http://antweb.org/api/v2/?occurrenceId=CAS:ANTWEB:inb0003212804","inb0003212804","formicidae","myrmicinae","Acanthognathus","teledectus","Acanthognathus teledectus","","Heredia","Costa Rica","2002-04-19","montane wet forest Hojarasca",1100,"point","10.26667","-84.08333"
"http://antweb.org/api/v2/?occurrenceId=CAS:ANTWEB:inb0003212848","inb0003212848","formicidae","myrmicinae","Acanthognathus","teledectus","Acanthognathus teledectus","","Heredia","Costa Rica","2002-04-19","montane wet forest Hojarasca",1100,"point","10.26667","-84.08333"
"http://antweb.org/api/v2/?occurrenceId=CAS:ANTWEB:inb0003212907","inb0003212907","formicidae","myrmicinae","Acanthognathus","teledectus","Acanthognathus teledectus","","Heredia","Costa Rica","2002-04-19","montane wet forest Hojarasca",1100,"point","10.26667","-84.08333"
"http://antweb.org/api/v2/?occurrenceId=CAS:ANTWEB:inb0003212975","inb0003212975","formicidae","myrmicinae","Acanthognathus","teledectus","Acanthognathus teledectus","","Heredia","Costa Rica","2002-04-19","montane wet forest Hojarasca",1100,"point","10.26667","-84.08333"
"http://antweb.org/api/v2/?occurrenceId=CAS:ANTWEB:inb0003213062","inb0003213062","formicidae","myrmicinae","Acanthognathus","teledectus","Acanthognathus teledectus","","Heredia","Costa Rica","2002-04-19","montane wet forest Hojarasca",1100,"point","10.26667","-84.08333"
"http://antweb.org/api/v2/?occurrenceId=CAS:ANTWEB:inb0003213299","inb0003213299","formicidae","myrmicinae","Acanthognathus","teledectus","Acanthognathus teledectus","","Heredia","Costa Rica","2002-04-19","montane wet forest Hojarasca",1100,"point","10.26667","-84.08333"
"http://antweb.org/api/v2/?occurrenceId=CAS:ANTWEB:inb0003213392","inb0003213392","formicidae","myrmicinae","Acanthognathus","teledectus","Acanthognathus teledectus","","Heredia","Costa Rica","2002-04-19","montane wet forest Hojarasca",1100,"point","10.26667","-84.08333"
"http://antweb.org/api/v2/?occurrenceId=CAS:ANTWEB:inb0003213576","inb0003213576","formicidae","myrmicinae","Acanthognathus","teledectus","Acanthognathus teledectus","","Heredia","Costa Rica","2002-04-19","montane wet forest Hojarasca",1100,"point","10.26667","-84.08333"
"http://antweb.org/api/v2/?occurrenceId=CAS:ANTWEB:inb0003213846","inb0003213846","formicidae","myrmicinae","Acanthognathus","teledectus","Acanthognathus teledectus","","Heredia","Costa Rica","2002-04-19","montane wet forest Hojarasca",1100,"point","10.26667","-84.08333"
"http://antweb.org/api/v2/?occurrenceId=CAS:ANTWEB:inb0003213878","inb0003213878","formicidae","myrmicinae","Acanthognathus","teledectus","Acanthognathus teledectus","","Heredia","Costa Rica","2002-04-19","montane wet forest Hojarasca",1100,"point","10.26667","-84.08333"
"http://antweb.org/api/v2/?occurrenceId=CAS:ANTWEB:inb0003213941","inb0003213941","formicidae","myrmicinae","Acanthognathus","teledectus","Acanthognathus teledectus","","Heredia","Costa Rica","2002-04-19","montane wet forest Hojarasca",1100,"point","10.26667","-84.08333"
"http://antweb.org/api/v2/?occurrenceId=CAS:ANTWEB:inb0003213963","inb0003213963","formicidae","myrmicinae","Acanthognathus","teledectus","Acanthognathus teledectus","","Heredia","Costa Rica","2002-04-19","montane wet forest Hojarasca",1100,"point","10.26667","-84.08333"
"http://antweb.org/api/v2/?occurrenceId=CAS:ANTWEB:inb0003213996","inb0003213996","formicidae","myrmicinae","Acanthognathus","teledectus","Acanthognathus teledectus","","Heredia","Costa Rica","2002-04-19","montane wet forest Hojarasca",1100,"point","10.26667","-84.08333"
"http://antweb.org/api/v2/?occurrenceId=CAS:ANTWEB:inb0003214018","inb0003214018","formicidae","myrmicinae","Acanthognathus","teledectus","Acanthognathus teledectus","","Heredia","Costa Rica","2002-04-19","montane wet forest Hojarasca",1100,"point","10.26667","-84.08333"
"http://antweb.org/api/v2/?occurrenceId=CAS:ANTWEB:inb0003214049","inb0003214049","formicidae","myrmicinae","Acanthognathus","teledectus","Acanthognathus teledectus","","Heredia","Costa Rica","2002-04-19","montane wet forest Hojarasca",1100,"point","10.26667","-84.08333"
"http://antweb.org/api/v2/?occurrenceId=CAS:ANTWEB:inb0003603918","inb0003603918","formicidae","myrmicinae","Acanthognathus","teledectus","Acanthognathus teledectus","","Heredia","Costa Rica","2004-04-20","montane wet forest Hojarasca",500,"point","10.33333","-84.06667"
"http://antweb.org/api/v2/?occurrenceId=CAS:ANTWEB:inb0003603942","inb0003603942","formicidae","myrmicinae","Acanthognathus","teledectus","Acanthognathus teledectus","","Heredia","Costa Rica","2004-04-20","montane wet forest Hojarasca",500,"point","10.33333","-84.06667"
"http://antweb.org/api/v2/?occurrenceId=CAS:ANTWEB:inb0003604212","inb0003604212","formicidae","myrmicinae","Acanthognathus","teledectus","Acanthognathus teledectus","","Heredia","Costa Rica","2004-04-20","montane wet forest Hojarasca",500,"point","10.33333","-84.06667"
"http://antweb.org/api/v2/?occurrenceId=CAS:ANTWEB:inb0003604293","inb0003604293","formicidae","myrmicinae","Acanthognathus","teledectus","Acanthognathus teledectus","","Heredia","Costa Rica","2004-04-20","montane wet forest Hojarasca",500,"point","10.33333","-84.06667"
"http://antweb.org/api/v2/?occurrenceId=CAS:ANTWEB:inb0003605214","inb0003605214","formicidae","myrmicinae","Acanthognathus","teledectus","Acanthognathus teledectus","","Heredia","Costa Rica","2004-04-20","montane wet forest Hojarasca",500,"point","10.33333","-84.06667"
"http://antweb.org/api/v2/?occurrenceId=CAS:ANTWEB:inb0003605288","inb0003605288","formicidae","myrmicinae","Acanthognathus","teledectus","Acanthognathus teledectus","","Heredia","Costa Rica","2004-04-20","montane wet forest Hojarasca",500,"point","10.33333","-84.06667"
"http://antweb.org/api/v2/?occurrenceId=CAS:ANTWEB:inb0003605311","inb0003605311","formicidae","myrmicinae","Acanthognathus","teledectus","Acanthognathus teledectus","","Heredia","Costa Rica","2004-04-20","montane wet forest Hojarasca",500,"point","10.33333","-84.06667"
"http://antweb.org/api/v2/?occurrenceId=CAS:ANTWEB:inb0003605412","inb0003605412","formicidae","myrmicinae","Acanthognathus","teledectus","Acanthognathus teledectus","","Heredia","Costa Rica","2004-04-20","montane wet forest Hojarasca",500,"point","10.33333","-84.06667"
"http://antweb.org/api/v2/?occurrenceId=CAS:ANTWEB:inb0003605424","inb0003605424","formicidae","myrmicinae","Acanthognathus","teledectus","Acanthognathus teledectus","","Heredia","Costa Rica","2004-04-20","montane wet forest Hojarasca",500,"point","10.33333","-84.06667"
"http://antweb.org/api/v2/?occurrenceId=CAS:ANTWEB:inb0003605474","inb0003605474","formicidae","myrmicinae","Acanthognathus","teledectus","Acanthognathus teledectus","","Heredia","Costa Rica","2004-04-20","montane wet forest Hojarasca",500,"point","10.33333","-84.06667"
"http://antweb.org/api/v2/?occurrenceId=CAS:ANTWEB:inb0003619030","inb0003619030","formicidae","myrmicinae","Acanthognathus","teledectus","Acanthognathus teledectus","","Heredia","Costa Rica","2005-04-15","montane wet forest bajo de M/14",300,"point","10.35","-84.05"
"http://antweb.org/api/v2/?occurrenceId=CAS:ANTWEB:inb0003620859","inb0003620859","formicidae","myrmicinae","Acanthognathus","teledectus","Acanthognathus teledectus","","Heredia","Costa Rica","2005-04-15","montane wet forest Hojarasca",300,"point","10.35","-84.05"
"http://antweb.org/api/v2/?occurrenceId=CAS:ANTWEB:inb0003620861","inb0003620861","formicidae","myrmicinae","Acanthognathus","teledectus","Acanthognathus teledectus","","Heredia","Costa Rica","2005-04-15","montane wet forest Hojarasca",300,"point","10.35","-84.05"
"http://antweb.org/api/v2/?occurrenceId=CAS:ANTWEB:inb0003620951","inb0003620951","formicidae","myrmicinae","Acanthognathus","teledectus","Acanthognathus teledectus","","Heredia","Costa Rica","2005-04-15","montane wet forest Hojarasca",300,"point","10.35","-84.05"
"http://antweb.org/api/v2/?occurrenceId=CAS:ANTWEB:inb0003620956","inb0003620956","formicidae","myrmicinae","Acanthognathus","teledectus","Acanthognathus teledectus","","Heredia","Costa Rica","2005-04-15","montane wet forest Hojarasca",300,"point","10.35","-84.05"
"http://antweb.org/api/v2/?occurrenceId=CAS:ANTWEB:inb0003620978","inb0003620978","formicidae","myrmicinae","Acanthognathus","teledectus","Acanthognathus teledectus","","Heredia","Costa Rica","2005-04-15","montane wet forest Hojarasca",300,"point","10.35","-84.05"
"http://antweb.org/api/v2/?occurrenceId=CAS:ANTWEB:inb0003621106","inb0003621106","formicidae","myrmicinae","Acanthognathus","teledectus","Acanthognathus teledectus","","Heredia","Costa Rica","2005-04-15","montane wet forest Hojarasca",300,"point","10.35","-84.05"
"http://antweb.org/api/v2/?occurrenceId=CAS:ANTWEB:inb0003621151","inb0003621151","formicidae","myrmicinae","Acanthognathus","teledectus","Acanthognathus teledectus","","Heredia","Costa Rica","2005-04-15","montane wet forest Hojarasca",300,"point","10.35","-84.05"
"http://antweb.org/api/v2/?occurrenceId=CAS:ANTWEB:inb0003621159","inb0003621159","formicidae","myrmicinae","Acanthognathus","teledectus","Acanthognathus teledectus","","Heredia","Costa Rica","2005-04-15","montane wet forest Hojarasca",300,"point","10.35","-84.05"
"http://antweb.org/api/v2/?occurrenceId=CAS:ANTWEB:inb0003621325","inb0003621325","formicidae","myrmicinae","Acanthognathus","teledectus","Acanthognathus teledectus","","Heredia","Costa Rica","2005-04-15","montane wet forest Hojarasca",300,"point","10.35","-84.05"
"http://antweb.org/api/v2/?occurrenceId=CAS:ANTWEB:inb0003621342","inb0003621342","formicidae","myrmicinae","Acanthognathus","teledectus","Acanthognathus teledectus","","Heredia","Costa Rica","2005-04-15","montane wet forest Hojarasca",300,"point","10.35","-84.05"
"http://antweb.org/api/v2/?occurrenceId=CAS:ANTWEB:inb0003621356","inb0003621356","formicidae","myrmicinae","Acanthognathus","teledectus","Acanthognathus teledectus","","Heredia","Costa Rica","2005-04-15","montane wet forest Hojarasca",300,"point","10.35","-84.05"
"http://antweb.org/api/v2/?occurrenceId=CAS:ANTWEB:inb0003621362","inb0003621362","formicidae","myrmicinae","Acanthognathus","teledectus","Acanthognathus teledectus","","Heredia","Costa Rica","2005-04-15","montane wet forest Hojarasca",300,"point","10.35","-84.05"
"http://antweb.org/api/v2/?occurrenceId=CAS:ANTWEB:inb0003621380","inb0003621380","formicidae","myrmicinae","Acanthognathus","teledectus","Acanthognathus teledectus","","Heredia","Costa Rica","2005-04-15","montane wet forest Hojarasca",300,"point","10.35","-84.05"
"http://antweb.org/api/v2/?occurrenceId=CAS:ANTWEB:inb0003621395","inb0003621395","formicidae","myrmicinae","Acanthognathus","teledectus","Acanthognathus teledectus","","Heredia","Costa Rica","2005-04-15","montane wet forest Hojarasca",300,"point","10.35","-84.05"
"http://antweb.org/api/v2/?occurrenceId=CAS:ANTWEB:inb0003621438","inb0003621438","formicidae","myrmicinae","Acanthognathus","teledectus","Acanthognathus teledectus","","Heredia","Costa Rica","2005-04-15","montane wet forest Hojarasca",300,"point","10.35","-84.05"
"http://antweb.org/api/v2/?occurrenceId=CAS:ANTWEB:inb0003621465","inb0003621465","formicidae","myrmicinae","Acanthognathus","teledectus","Acanthognathus teledectus","","Heredia","Costa Rica","2005-04-15","montane wet forest Hojarasca",300,"point","10.35","-84.05"
"http://antweb.org/api/v2/?occurrenceId=CAS:ANTWEB:inb0003621478","inb0003621478","formicidae","myrmicinae","Acanthognathus","teledectus","Acanthognathus teledectus","","Heredia","Costa Rica","2005-04-15","montane wet forest Hojarasca",300,"point","10.35","-84.05"
"http://antweb.org/api/v2/?occurrenceId=CAS:ANTWEB:inb0003621504","inb0003621504","formicidae","myrmicinae","Acanthognathus","teledectus","Acanthognathus teledectus","","Heredia","Costa Rica","2005-04-15","montane wet forest Hojarasca",300,"point","10.35","-84.05"
"http://antweb.org/api/v2/?occurrenceId=CAS:ANTWEB:inb0003621548","inb0003621548","formicidae","myrmicinae","Acanthognathus","teledectus","Acanthognathus teledectus","","Heredia","Costa Rica","2005-04-15","montane wet forest Hojarasca",300,"point","10.35","-84.05"
"http://antweb.org/api/v2/?occurrenceId=CAS:ANTWEB:inb0003621567","inb0003621567","formicidae","myrmicinae","Acanthognathus","teledectus","Acanthognathus teledectus","","Heredia","Costa Rica","2005-04-15","montane wet forest Hojarasca",300,"point","10.35","-84.05"
"http://antweb.org/api/v2/?occurrenceId=CAS:ANTWEB:inb0003621609","inb0003621609","formicidae","myrmicinae","Acanthognathus","teledectus","Acanthognathus teledectus","","Heredia","Costa Rica","2005-04-15","montane wet forest Hojarasca",300,"point","10.35","-84.05"
"http://antweb.org/api/v2/?occurrenceId=CAS:ANTWEB:inb0003621626","inb0003621626","formicidae","myrmicinae","Acanthognathus","teledectus","Acanthognathus teledectus","","Heredia","Costa Rica","2005-04-15","montane wet forest Hojarasca",300,"point","10.35","-84.05"
"http://antweb.org/api/v2/?occurrenceId=CAS:ANTWEB:inb0003621630","inb0003621630","formicidae","myrmicinae","Acanthognathus","teledectus","Acanthognathus teledectus","","Heredia","Costa Rica","2005-04-15","montane wet forest Hojarasca",300,"point","10.35","-84.05"
"http://antweb.org/api/v2/?occurrenceId=CAS:ANTWEB:inb0003621721","inb0003621721","formicidae","myrmicinae","Acanthognathus","teledectus","Acanthognathus teledectus","","Heredia","Costa Rica","2005-04-15","montane wet forest Hojarasca",300,"point","10.35","-84.05"
"http://antweb.org/api/v2/?occurrenceId=CAS:ANTWEB:inb0003621747","inb0003621747","formicidae","myrmicinae","Acanthognathus","teledectus","Acanthognathus teledectus","","Heredia","Costa Rica","2005-04-15","montane wet forest Hojarasca",300,"point","10.35","-84.05"
"http://antweb.org/api/v2/?occurrenceId=CAS:ANTWEB:inb0003621797","inb0003621797","formicidae","myrmicinae","Acanthognathus","teledectus","Acanthognathus teledectus","","Heredia","Costa Rica","2005-04-15","montane wet forest Hojarasca",300,"point","10.35","-84.05"
"http://antweb.org/api/v2/?occurrenceId=CAS:ANTWEB:inb0003621857","inb0003621857","formicidae","myrmicinae","Acanthognathus","teledectus","Acanthognathus teledectus","","Heredia","Costa Rica","2005-04-15","montane wet forest Hojarasca",300,"point","10.35","-84.05"
"http://antweb.org/api/v2/?occurrenceId=CAS:ANTWEB:inb0003621892","inb0003621892","formicidae","myrmicinae","Acanthognathus","teledectus","Acanthognathus teledectus","","Heredia","Costa Rica","2005-04-15","montane wet forest Hojarasca",300,"point","10.35","-84.05"
"http://antweb.org/api/v2/?occurrenceId=CAS:ANTWEB:inb0003621979","inb0003621979","formicidae","myrmicinae","Acanthognathus","teledectus","Acanthognathus teledectus","","Heredia","Costa Rica","2005-04-15","montane wet forest Hojarasca",300,"point","10.35","-84.05"
"http://antweb.org/api/v2/?occurrenceId=CAS:ANTWEB:inb0003623124","inb0003623124","formicidae","myrmicinae","Acanthognathus","teledectus","Acanthognathus teledectus","","Heredia","Costa Rica","2005-04-15","montane wet forest Hojarasca",300,"point","10.35","-84.05"
"http://antweb.org/api/v2/?occurrenceId=CAS:ANTWEB:inb0003623154","inb0003623154","formicidae","myrmicinae","Acanthognathus","teledectus","Acanthognathus teledectus","","Heredia","Costa Rica","2005-04-15","montane wet forest Hojarasca",300,"point","10.35","-84.05"
"http://antweb.org/api/v2/?occurrenceId=CAS:ANTWEB:inb0003623209","inb0003623209","formicidae","myrmicinae","Acanthognathus","teledectus","Acanthognathus teledectus","","Heredia","Costa Rica","2005-04-15","montane wet forest Hojarasca",300,"point","10.35","-84.05"
"http://antweb.org/api/v2/?occurrenceId=CAS:ANTWEB:inb0003623214","inb0003623214","formicidae","myrmicinae","Acanthognathus","teledectus","Acanthognathus teledectus","","Heredia","Costa Rica","2005-04-15","montane wet forest Hojarasca",300,"point","10.35","-84.05"
"http://antweb.org/api/v2/?occurrenceId=CAS:ANTWEB:inb0003623310","inb0003623310","formicidae","myrmicinae","Acanthognathus","teledectus","Acanthognathus teledectus","","Heredia","Costa Rica","2005-04-15","montane wet forest Hojarasca",300,"point","10.35","-84.05"
"http://antweb.org/api/v2/?occurrenceId=CAS:ANTWEB:inb0003623320","inb0003623320","formicidae","myrmicinae","Acanthognathus","teledectus","Acanthognathus teledectus","","Heredia","Costa Rica","2005-04-15","montane wet forest Hojarasca",300,"point","10.35","-84.05"
"http://antweb.org/api/v2/?occurrenceId=CAS:ANTWEB:inb0003623332","inb0003623332","formicidae","myrmicinae","Acanthognathus","teledectus","Acanthognathus teledectus","","Heredia","Costa Rica","2005-04-15","montane wet forest Hojarasca",300,"point","10.35","-84.05"
"http://antweb.org/api/v2/?occurrenceId=CAS:ANTWEB:inb0003623367","inb0003623367","formicidae","myrmicinae","Acanthognathus","teledectus","Acanthognathus teledectus","","Heredia","Costa Rica","2005-04-15","montane wet forest Hojarasca",300,"point","10.35","-84.05"
"http://antweb.org/api/v2/?occurrenceId=CAS:ANTWEB:inb0003623416","inb0003623416","formicidae","myrmicinae","Acanthognathus","teledectus","Acanthognathus teledectus","","Heredia","Costa Rica","2005-04-15","montane wet forest Hojarasca",300,"point","10.35","-84.05"
"http://antweb.org/api/v2/?occurrenceId=CAS:ANTWEB:inb0003623432","inb0003623432","formicidae","myrmicinae","Acanthognathus","teledectus","Acanthognathus teledectus","","Heredia","Costa Rica","2005-04-15","montane wet forest Hojarasca",300,"point","10.35","-84.05"
"http://antweb.org/api/v2/?occurrenceId=CAS:ANTWEB:inb0003623438","inb0003623438","formicidae","myrmicinae","Acanthognathus","teledectus","Acanthognathus teledectus","","Heredia","Costa Rica","2005-04-15","montane wet forest Hojarasca",300,"point","10.35","-84.05"
"http://antweb.org/api/v2/?occurrenceId=CAS:ANTWEB:inb0003623459","inb0003623459","formicidae","myrmicinae","Acanthognathus","teledectus","Acanthognathus teledectus","","Heredia","Costa Rica","2005-04-15","montane wet forest Hojarasca",300,"point","10.35","-84.05"
"http://antweb.org/api/v2/?occurrenceId=CAS:ANTWEB:inb0003623476","inb0003623476","formicidae","myrmicinae","Acanthognathus","teledectus","Acanthognathus teledectus","","Heredia","Costa Rica","2005-04-15","montane wet forest Hojarasca",300,"point","10.35","-84.05"
"http://antweb.org/api/v2/?occurrenceId=CAS:ANTWEB:inb0003623631","inb0003623631","formicidae","myrmicinae","Acanthognathus","teledectus","Acanthognathus teledectus","","Heredia","Costa Rica","2005-04-15","montane wet forest Hojarasca",300,"point","10.35","-84.05"
"http://antweb.org/api/v2/?occurrenceId=CAS:ANTWEB:inb0003623654","inb0003623654","formicidae","myrmicinae","Acanthognathus","teledectus","Acanthognathus teledectus","","Heredia","Costa Rica","2005-04-15","montane wet forest Hojarasca",300,"point","10.35","-84.05"
"http://antweb.org/api/v2/?occurrenceId=CAS:ANTWEB:inb0003623694","inb0003623694","formicidae","myrmicinae","Acanthognathus","teledectus","Acanthognathus teledectus","","Heredia","Costa Rica","2005-04-15","montane wet forest Hojarasca",300,"point","10.35","-84.05"
"http://antweb.org/api/v2/?occurrenceId=CAS:ANTWEB:inb0003623809","inb0003623809","formicidae","myrmicinae","Acanthognathus","teledectus","Acanthognathus teledectus","","Heredia","Costa Rica","2005-04-15","montane wet forest Cerca de M/20 y orilla de Quebrada Cantarrana",300,"point","10.35","-84.05"
"http://antweb.org/api/v2/?occurrenceId=CAS:ANTWEB:inb0003623846","inb0003623846","formicidae","myrmicinae","Acanthognathus","teledectus","Acanthognathus teledectus","","Heredia","Costa Rica","2005-04-15","montane wet forest Camino toma de Agua",300,"point","10.35","-84.05"
"http://antweb.org/api/v2/?occurrenceId=CAS:ANTWEB:inb0003623857","inb0003623857","formicidae","myrmicinae","Acanthognathus","teledectus","Acanthognathus teledectus","","Heredia","Costa Rica","2005-04-15","montane wet forest Muestra tomada alrrededor de M/20",300,"point","10.35","-84.05"
"http://antweb.org/api/v2/?occurrenceId=CAS:ANTWEB:inb0003623919","inb0003623919","formicidae","myrmicinae","Acanthognathus","teledectus","Acanthognathus teledectus","","Heredia","Costa Rica","2005-04-15","montane wet forest Muestras tomada en el transecto de Mini Winkler 2",300,"point","10.35","-84.05"
"http://antweb.org/api/v2/?occurrenceId=CAS:ANTWEB:inb0003646532","inb0003646532","formicidae","myrmicinae","Acanthognathus","teledectus","Acanthognathus teledectus","","Heredia","Costa Rica","2007-10-01","mature wet forest ex sifted leaf litter",300,"point","10.335609","-84.04849"
"http://antweb.org/api/v2/?occurrenceId=CAS:ANTWEB:inb0003646562","inb0003646562","formicidae","myrmicinae","Acanthognathus","teledectus","Acanthognathus teledectus","","Heredia","Costa Rica","2007-10-01","mature wet forest ex sifted leaf litter",300,"point","10.33543","-84.048515"
"http://antweb.org/api/v2/?occurrenceId=CAS:ANTWEB:inb0003646602","inb0003646602","formicidae","myrmicinae","Acanthognathus","teledectus","Acanthognathus teledectus","","Heredia","Costa Rica","2007-10-01","mature wet forest ex sifted leaf litter",300,"point","10.335161","-84.04856"
"http://antweb.org/api/v2/?occurrenceId=CAS:ANTWEB:inb0003646637","inb0003646637","formicidae","myrmicinae","Acanthognathus","teledectus","Acanthognathus teledectus","","Heredia","Costa Rica","2007-10-01","mature wet forest ex sifted leaf litter",300,"point","10.334893","-84.0486"
"http://antweb.org/api/v2/?occurrenceId=CAS:ANTWEB:inb0003655112","inb0003655112","formicidae","myrmicinae","Acanthognathus","teledectus","Acanthognathus teledectus","","Heredia","Costa Rica","2005-03-01","mature wet forest ex sifted leaf litter",160,"point","10.404124","-84.03604"
"http://antweb.org/api/v2/?occurrenceId=CAS:ANTWEB:inb0003655151","inb0003655151","formicidae","myrmicinae","Acanthognathus","teledectus","Acanthognathus teledectus","","Heredia","Costa Rica","2005-03-01","mature wet forest ex sifted leaf litter",160,"point","10.403934","-84.03624"
"http://antweb.org/api/v2/?occurrenceId=CAS:ANTWEB:inb0003655228","inb0003655228","formicidae","myrmicinae","Acanthognathus","teledectus","Acanthognathus teledectus","","Heredia","Costa Rica","2005-03-01","mature wet forest ex sifted leaf litter",160,"point","10.407351","-84.04052"
"http://antweb.org/api/v2/?occurrenceId=CAS:ANTWEB:inb0003655302","inb0003655302","formicidae","myrmicinae","Acanthognathus","teledectus","Acanthognathus teledectus","","Heredia","Costa Rica","2005-03-01","mature wet forest ex sifted leaf litter",160,"point","10.40319","-84.04089"
"http://antweb.org/api/v2/?occurrenceId=CAS:ANTWEB:inb0003655310","inb0003655310","formicidae","myrmicinae","Acanthognathus","teledectus","Acanthognathus teledectus","","Heredia","Costa Rica","2005-03-01","mature wet forest ex sifted leaf litter",160,"point","10.403126","-84.04096"
"http://antweb.org/api/v2/?occurrenceId=CAS:ANTWEB:inb0003655338","inb0003655338","formicidae","myrmicinae","Acanthognathus","teledectus","Acanthognathus teledectus","","Heredia","Costa Rica","2005-03-01","mature wet forest ex sifted leaf litter",160,"point","10.402998","-84.04109"
"http://antweb.org/api/v2/?occurrenceId=CAS:ANTWEB:inb0003655461","inb0003655461","formicidae","myrmicinae","Acanthognathus","teledectus","Acanthognathus teledectus","","Heredia","Costa Rica","2005-03-01","mature wet forest ex sifted leaf litter",160,"point","10.399978","-84.039"
"http://antweb.org/api/v2/?occurrenceId=CAS:ANTWEB:inb0003655544","inb0003655544","formicidae","myrmicinae","Acanthognathus","teledectus","Acanthognathus teledectus","","Heredia","Costa Rica","2005-03-01","mature wet forest ex sifted leaf litter",160,"point","10.399595","-84.03939"
"http://antweb.org/api/v2/?occurrenceId=CAS:ANTWEB:inb0003655555","inb0003655555","formicidae","myrmicinae","Acanthognathus","teledectus","Acanthognathus teledectus","","Heredia","Costa Rica","2005-03-01","mature wet forest ex sifted leaf litter",160,"point","10.399531","-84.03946"
"http://antweb.org/api/v2/?occurrenceId=CAS:ANTWEB:inb0003667497","inb0003667497","formicidae","myrmicinae","Acanthognathus","teledectus","Acanthognathus teledectus","","Heredia","Costa Rica","2005-11-15","mature wet forest ex sifted leaf litter",160,"point","10.401003","-84.039246"
"http://antweb.org/api/v2/?occurrenceId=CAS:ANTWEB:inb0003667635","inb0003667635","formicidae","myrmicinae","Acanthognathus","teledectus","Acanthognathus teledectus","","Heredia","Costa Rica","2005-11-15","mature wet forest ex sifted leaf litter",160,"point","10.403572","-84.040504"
"http://antweb.org/api/v2/?occurrenceId=CAS:ANTWEB:inb0003667645","inb0003667645","formicidae","myrmicinae","Acanthognathus","teledectus","Acanthognathus teledectus","","Heredia","Costa Rica","2005-11-15","mature wet forest ex sifted leaf litter",160,"point","10.403508","-84.040565"
"http://antweb.org/api/v2/?occurrenceId=CAS:ANTWEB:inb0003667681","inb0003667681","formicidae","myrmicinae","Acanthognathus","teledectus","Acanthognathus teledectus","","Heredia","Costa Rica","2005-11-15","mature wet forest ex sifted leaf litter",160,"point","10.40338","-84.0407"
"http://antweb.org/api/v2/?occurrenceId=CAS:ANTWEB:inb0003667743","inb0003667743","formicidae","myrmicinae","Acanthognathus","teledectus","Acanthognathus teledectus","","Heredia","Costa Rica","2005-11-15","mature wet forest ex sifted leaf litter",160,"point","10.404393","-84.03836"
"http://antweb.org/api/v2/?occurrenceId=CAS:ANTWEB:inb0003667756","inb0003667756","formicidae","myrmicinae","Acanthognathus","teledectus","Acanthognathus teledectus","","Heredia","Costa Rica","2005-11-15","mature wet forest ex sifted leaf litter",160,"point","10.404329","-84.03843"
"http://antweb.org/api/v2/?occurrenceId=CAS:ANTWEB:inb0003667766","inb0003667766","formicidae","myrmicinae","Acanthognathus","teledectus","Acanthognathus teledectus","","Heredia","Costa Rica","2005-11-15","mature wet forest ex sifted leaf litter",160,"point","10.404265","-84.0385"
"http://antweb.org/api/v2/?occurrenceId=CAS:ANTWEB:inb0003667853","inb0003667853","formicidae","myrmicinae","Acanthognathus","teledectus","Acanthognathus teledectus","","Heredia","Costa Rica","2005-11-15","mature wet forest ex sifted leaf litter",160,"point","10.409523","-84.03959"
"http://antweb.org/api/v2/?occurrenceId=CAS:ANTWEB:inb0003677607","inb0003677607","formicidae","myrmicinae","Acanthognathus","teledectus","Acanthognathus teledectus","","Heredia","Costa Rica","2005-11-15","mature wet forest ex sifted leaf litter",160,"point","10.40617","-84.03525"
"http://antweb.org/api/v2/?occurrenceId=CAS:ANTWEB:inb0003677709","inb0003677709","formicidae","myrmicinae","Acanthognathus","teledectus","Acanthognathus teledectus","","Heredia","Costa Rica","2005-11-15","mature wet forest ex sifted leaf litter",160,"point","10.408299","-84.03825"
"http://antweb.org/api/v2/?occurrenceId=CAS:ANTWEB:inb0003677866","inb0003677866","formicidae","myrmicinae","Acanthognathus","teledectus","Acanthognathus teledectus","","Heredia","Costa Rica","2005-11-15","mature wet forest ex sifted leaf litter",160,"point","10.400863","-84.0368"
"http://antweb.org/api/v2/?occurrenceId=CAS:ANTWEB:inb0003677948","inb0003677948","formicidae","myrmicinae","Acanthognathus","teledectus","Acanthognathus teledectus","","Heredia","Costa Rica","2005-11-15","mature wet forest ex sifted leaf litter",160,"point","10.404209","-84.03985"
"http://antweb.org/api/v2/?occurrenceId=CAS:ANTWEB:inb0003677955","inb0003677955","formicidae","myrmicinae","Acanthognathus","teledectus","Acanthognathus teledectus","","Heredia","Costa Rica","2005-11-15","mature wet forest ex sifted leaf litter",160,"point","10.404145","-84.03992"
"http://antweb.org/api/v2/?occurrenceId=CAS:ANTWEB:inb0003677998","inb0003677998","formicidae","myrmicinae","Acanthognathus","teledectus","Acanthognathus teledectus","","Heredia","Costa Rica","2005-11-15","mature wet forest ex sifted leaf litter",160,"point","10.403954","-84.04011"
"http://antweb.org/api/v2/?occurrenceId=CAS:ANTWEB:inb0003679011","inb0003679011","formicidae","myrmicinae","Acanthognathus","teledectus","Acanthognathus teledectus","","Heredia","Costa Rica","2005-11-15","mature wet forest ex sifted leaf litter",160,"point","10.401781","-84.04104"
"http://antweb.org/api/v2/?occurrenceId=CAS:ANTWEB:inb0003679311","inb0003679311","formicidae","myrmicinae","Acanthognathus","teledectus","Acanthognathus teledectus","","Heredia","Costa Rica","2005-11-15","mature wet forest ex sifted leaf litter",160,"point","10.406367","-84.03634"
"http://antweb.org/api/v2/?occurrenceId=CAS:ANTWEB:inb0003679379","inb0003679379","formicidae","myrmicinae","Acanthognathus","teledectus","Acanthognathus teledectus","","Heredia","Costa Rica","2005-11-15","mature wet forest ex sifted leaf litter",160,"point","10.406113","-84.0366"
"http://antweb.org/api/v2/?occurrenceId=CAS:ANTWEB:inb0003679566","inb0003679566","formicidae","myrmicinae","Acanthognathus","teledectus","Acanthognathus teledectus","","Heredia","Costa Rica","2005-11-15","mature wet forest ex sifted leaf litter",160,"point","10.403643","-84.041725"
"http://antweb.org/api/v2/?occurrenceId=CAS:ANTWEB:inb0003679777","inb0003679777","formicidae","myrmicinae","Acanthognathus","teledectus","Acanthognathus teledectus","","Heredia","Costa Rica","2006-04-19","mature wet forest ex sifted leaf litter",500,"point","10.307022","-84.05594"
"http://antweb.org/api/v2/?occurrenceId=CAS:ANTWEB:inb0003679868","inb0003679868","formicidae","myrmicinae","Acanthognathus","teledectus","Acanthognathus teledectus","","Heredia","Costa Rica","2006-04-19","mature wet forest ex sifted leaf litter",500,"point","10.305202","-84.05794"
"http://antweb.org/api/v2/?occurrenceId=CAS:ANTWEB:inb0003680269","inb0003680269","formicidae","myrmicinae","Acanthognathus","teledectus","Acanthognathus teledectus","","Heredia","Costa Rica","2006-04-19","mature wet forest ex sifted leaf litter",50,"point","10.418188","-84.01573"
"http://antweb.org/api/v2/?occurrenceId=CAS:ANTWEB:inb0003680421","inb0003680421","formicidae","myrmicinae","Acanthognathus","teledectus","Acanthognathus teledectus","","Heredia","Costa Rica","2006-04-19","mature wet forest ex sifted leaf litter",50,"point","10.413098","-84.02053"
"http://antweb.org/api/v2/?occurrenceId=CAS:ANTWEB:inb0003680464","inb0003680464","formicidae","myrmicinae","Acanthognathus","teledectus","Acanthognathus teledectus","","Heredia","Costa Rica","2006-04-19","mature wet forest ex sifted leaf litter",50,"point","10.412877","-84.02068"
"http://antweb.org/api/v2/?occurrenceId=CAS:ANTWEB:inb0003680801","inb0003680801","formicidae","myrmicinae","Acanthognathus","teledectus","Acanthognathus teledectus","","Heredia","Costa Rica","2006-04-19","mature wet forest ex sifted leaf litter",160,"point","10.402291","-84.04052"
"http://antweb.org/api/v2/?occurrenceId=CAS:ANTWEB:inb0003680835","inb0003680835","formicidae","myrmicinae","Acanthognathus","teledectus","Acanthognathus teledectus","","Heredia","Costa Rica","2006-04-19","mature wet forest ex sifted leaf litter",160,"point","10.4021","-84.04072"
"http://antweb.org/api/v2/?occurrenceId=CAS:ANTWEB:inb0003687191","inb0003687191","formicidae","myrmicinae","Acanthognathus","teledectus","Acanthognathus teledectus","","Heredia","Costa Rica","2006-06-20","mature wet forest ex sifted leaf litter",160,"point","10.407528","-84.03774"
"http://antweb.org/api/v2/?occurrenceId=CAS:ANTWEB:inb0003687209","inb0003687209","formicidae","myrmicinae","Acanthognathus","teledectus","Acanthognathus teledectus","","Heredia","Costa Rica","2006-06-20","mature wet forest ex sifted leaf litter",160,"point","10.407464","-84.03781"
"http://antweb.org/api/v2/?occurrenceId=CAS:ANTWEB:inb0003689362","inb0003689362","formicidae","myrmicinae","Acanthognathus","teledectus","Acanthognathus teledectus","","Heredia","Costa Rica","2006-06-20","mature wet forest ex sifted leaf litter",300,"point","10.337886","-84.052765"
"http://antweb.org/api/v2/?occurrenceId=CAS:ANTWEB:inb0003689538","inb0003689538","formicidae","myrmicinae","Acanthognathus","teledectus","Acanthognathus teledectus","","Heredia","Costa Rica","2006-06-20","mature wet forest ex sifted leaf litter",300,"point","10.333594","-84.04972"
"http://antweb.org/api/v2/?occurrenceId=CAS:ANTWEB:inb0003689824","inb0003689824","formicidae","myrmicinae","Acanthognathus","teledectus","Acanthognathus teledectus","","Heredia","Costa Rica","2006-09-05","mature wet forest ex sifted leaf litter",500,"point","10.305185","-84.06058"
"http://antweb.org/api/v2/?occurrenceId=CAS:ANTWEB:inb0003690095","inb0003690095","formicidae","myrmicinae","Acanthognathus","teledectus","Acanthognathus teledectus","","Heredia","Costa Rica","2006-09-05","mature wet forest ex sifted leaf litter",500,"point","10.308842","-84.05421"
"http://antweb.org/api/v2/?occurrenceId=CAS:ANTWEB:inb0003690113","inb0003690113","formicidae","myrmicinae","Acanthognathus","teledectus","Acanthognathus teledectus","","Heredia","Costa Rica","2006-09-05","mature wet forest ex sifted leaf litter",500,"point","10.308841","-84.0543"
"http://antweb.org/api/v2/?occurrenceId=CAS:ANTWEB:inb0003690242","inb0003690242","formicidae","myrmicinae","Acanthognathus","teledectus","Acanthognathus teledectus","","Heredia","Costa Rica","2006-09-05","mature wet forest ex sifted leaf litter",160,"point","10.407075","-84.03691"
"http://antweb.org/api/v2/?occurrenceId=CAS:ANTWEB:inb0003690335","inb0003690335","formicidae","myrmicinae","Acanthognathus","teledectus","Acanthognathus teledectus","","Heredia","Costa Rica","2006-09-05","mature wet forest ex sifted leaf litter",160,"point","10.406566","-84.03743"
"http://antweb.org/api/v2/?occurrenceId=CAS:ANTWEB:inb0003690361","inb0003690361","formicidae","myrmicinae","Acanthognathus","teledectus","Acanthognathus teledectus","","Heredia","Costa Rica","2006-09-05","mature wet forest ex sifted leaf litter",160,"point","10.407068","-84.03562"
"http://antweb.org/api/v2/?occurrenceId=CAS:ANTWEB:inb0003690502","inb0003690502","formicidae","myrmicinae","Acanthognathus","teledectus","Acanthognathus teledectus","","Heredia","Costa Rica","2006-09-05","mature wet forest ex sifted leaf litter",160,"point","10.403585","-84.04308"
"http://antweb.org/api/v2/?occurrenceId=CAS:ANTWEB:inb0003694944","inb0003694944","formicidae","myrmicinae","Acanthognathus","teledectus","Acanthognathus teledectus","","Heredia","Costa Rica","2006-11-02","mature wet forest ex sifted leaf litter",160,"point","10.405794","-84.03693"
"http://antweb.org/api/v2/?occurrenceId=CAS:ANTWEB:inb0003695070","inb0003695070","formicidae","myrmicinae","Acanthognathus","teledectus","Acanthognathus teledectus","","Heredia","Costa Rica","2006-11-02","mature wet forest ex sifted leaf litter",160,"point","10.405221","-84.03751"
"http://antweb.org/api/v2/?occurrenceId=CAS:ANTWEB:inb0003695229","inb0003695229","formicidae","myrmicinae","Acanthognathus","teledectus","Acanthognathus teledectus","","Heredia","Costa Rica","2006-11-02","mature wet forest ex sifted leaf litter",160,"point","10.400436","-84.04112"
"http://antweb.org/api/v2/?occurrenceId=CAS:ANTWEB:inb0003695833","inb0003695833","formicidae","myrmicinae","Acanthognathus","teledectus","Acanthognathus teledectus","","Heredia","Costa Rica","2006-11-02","mature wet forest ex sifted leaf litter",50,"point","10.413846","-84.02338"
"http://antweb.org/api/v2/?occurrenceId=CAS:ANTWEB:inb0003695883","inb0003695883","formicidae","myrmicinae","Acanthognathus","teledectus","Acanthognathus teledectus","","Heredia","Costa Rica","2006-11-02","mature wet forest ex sifted leaf litter",50,"point","10.413477","-84.023636"
"http://antweb.org/api/v2/?occurrenceId=CAS:ANTWEB:inb0003695918","inb0003695918","formicidae","myrmicinae","Acanthognathus","teledectus","Acanthognathus teledectus","","Heredia","Costa Rica","2006-11-02","mature wet forest ex sifted leaf litter",300,"point","10.332119","-84.04902"
"http://antweb.org/api/v2/?occurrenceId=CAS:ANTWEB:inb0003696020","inb0003696020","formicidae","myrmicinae","Acanthognathus","teledectus","Acanthognathus teledectus","","Heredia","Costa Rica","2006-11-02","mature wet forest ex sifted leaf litter",300,"point","10.331493","-84.04911"
"http://antweb.org/api/v2/?occurrenceId=CAS:ANTWEB:inb0003696771","inb0003696771","formicidae","myrmicinae","Acanthognathus","teledectus","Acanthognathus teledectus","","Heredia","Costa Rica","2006-12-18","mature wet forest ex sifted leaf litter",500,"point","10.31152","-84.06022"
"http://antweb.org/api/v2/?occurrenceId=CAS:ANTWEB:inb0003696847","inb0003696847","formicidae","myrmicinae","Acanthognathus","teledectus","Acanthognathus teledectus","","Heredia","Costa Rica","2006-12-18","mature wet forest ex sifted leaf litter",160,"point","10.405503","-84.04241"
"http://antweb.org/api/v2/?occurrenceId=CAS:ANTWEB:inb0003696908","inb0003696908","formicidae","myrmicinae","Acanthognathus","teledectus","Acanthognathus teledectus","","Heredia","Costa Rica","2006-12-18","mature wet forest ex sifted leaf litter",160,"point","10.407648","-84.03632"
"http://antweb.org/api/v2/?occurrenceId=CAS:ANTWEB:inb0003696982","inb0003696982","formicidae","myrmicinae","Acanthognathus","teledectus","Acanthognathus teledectus","","Heredia","Costa Rica","2006-12-18","mature wet forest ex sifted leaf litter",160,"point","10.40733","-84.03665"
"http://antweb.org/api/v2/?occurrenceId=CAS:ANTWEB:inb0003697024","inb0003697024","formicidae","myrmicinae","Acanthognathus","teledectus","Acanthognathus teledectus","","Heredia","Costa Rica","2006-12-18","mature wet forest ex sifted leaf litter",160,"point","10.400048","-84.04022"
"http://antweb.org/api/v2/?occurrenceId=CAS:ANTWEB:inb0003697034","inb0003697034","formicidae","myrmicinae","Acanthognathus","teledectus","Acanthognathus teledectus","","Heredia","Costa Rica","2006-12-18","mature wet forest ex sifted leaf litter",160,"point","10.399984","-84.04029"
"http://antweb.org/api/v2/?occurrenceId=CAS:ANTWEB:inb0003697068","inb0003697068","formicidae","myrmicinae","Acanthognathus","teledectus","Acanthognathus teledectus","","Heredia","Costa Rica","2006-12-18","mature wet forest ex sifted leaf litter",160,"point","10.399857","-84.04042"
"http://antweb.org/api/v2/?occurrenceId=CAS:ANTWEB:inb0003697093","inb0003697093","formicidae","myrmicinae","Acanthognathus","teledectus","Acanthognathus teledectus","","Heredia","Costa Rica","2006-12-18","mature wet forest ex sifted leaf litter",160,"point","10.39973","-84.04055"
"http://antweb.org/api/v2/?occurrenceId=CAS:ANTWEB:inb0003697198","inb0003697198","formicidae","myrmicinae","Acanthognathus","teledectus","Acanthognathus teledectus","","Heredia","Costa Rica","2006-12-18","mature wet forest ex sifted leaf litter",160,"point","10.404839","-84.0379"
"http://antweb.org/api/v2/?occurrenceId=CAS:ANTWEB:inb0003697343","inb0003697343","formicidae","myrmicinae","Acanthognathus","teledectus","Acanthognathus teledectus","","Heredia","Costa Rica","2007-04-03","mature wet forest ex sifted leaf litter",50,"point","10.411915","-84.02025"
"http://antweb.org/api/v2/?occurrenceId=CAS:ANTWEB:inb0003697540","inb0003697540","formicidae","myrmicinae","Acanthognathus","teledectus","Acanthognathus teledectus","","Heredia","Costa Rica","2007-04-03","mature wet forest ex sifted leaf litter",50,"point","10.414218","-84.02423"
"http://antweb.org/api/v2/?occurrenceId=CAS:ANTWEB:inb0003697734","inb0003697734","formicidae","myrmicinae","Acanthognathus","teledectus","Acanthognathus teledectus","","Heredia","Costa Rica","2007-04-03","mature wet forest ex sifted leaf litter",300,"point","10.331934","-84.054596"
"http://antweb.org/api/v2/?occurrenceId=CAS:ANTWEB:inb0003698013","inb0003698013","formicidae","myrmicinae","Acanthognathus","teledectus","Acanthognathus teledectus","","Heredia","Costa Rica","2007-04-03","mature wet forest ex sifted leaf litter",160,"point","10.404691","-84.034164"
"http://antweb.org/api/v2/?occurrenceId=CAS:ANTWEB:inb0003698097","inb0003698097","formicidae","myrmicinae","Acanthognathus","teledectus","Acanthognathus teledectus","","Heredia","Costa Rica","2007-04-03","mature wet forest ex sifted leaf litter",160,"point","10.408178","-84.03967"
"http://antweb.org/api/v2/?occurrenceId=CAS:ANTWEB:inb0003698333","inb0003698333","formicidae","myrmicinae","Acanthognathus","teledectus","Acanthognathus teledectus","","Heredia","Costa Rica","2007-04-03","mature wet forest ex sifted leaf litter",160,"point","10.405949","-84.04196"
"http://antweb.org/api/v2/?occurrenceId=CAS:ANTWEB:inb0003698347","inb0003698347","formicidae","myrmicinae","Acanthognathus","teledectus","Acanthognathus teledectus","","Heredia","Costa Rica","2007-04-03","mature wet forest ex sifted leaf litter",160,"point","10.405886","-84.04202"
"http://antweb.org/api/v2/?occurrenceId=CAS:ANTWEB:inb0003698502","inb0003698502","formicidae","myrmicinae","Acanthognathus","teledectus","Acanthognathus teledectus","","Heredia","Costa Rica","2007-10-01","mature wet forest ex sifted leaf litter",500,"point","10.308803","-84.06076"
"http://antweb.org/api/v2/?occurrenceId=CAS:ANTWEB:inb0003699070","inb0003699070","formicidae","myrmicinae","Acanthognathus","teledectus","Acanthognathus teledectus","","Heredia","Costa Rica","2007-10-01","mature wet forest ex sifted leaf litter",300,"point","10.333955","-84.04782"
"http://antweb.org/api/v2/?occurrenceId=CAS:ANTWEB:inb0003699163","inb0003699163","formicidae","myrmicinae","Acanthognathus","teledectus","Acanthognathus teledectus","","Heredia","Costa Rica","2007-10-01","mature wet forest ex sifted leaf litter",50,"point","10.41073","-84.01997"
"http://antweb.org/api/v2/?occurrenceId=CAS:ANTWEB:inb0003699424","inb0003699424","formicidae","myrmicinae","Acanthognathus","teledectus","Acanthognathus teledectus","","Heredia","Costa Rica","2007-10-01","mature wet forest ex sifted leaf litter",160,"point","10.404909","-84.03913"
"http://antweb.org/api/v2/?occurrenceId=CAS:ANTWEB:inb0003699439","inb0003699439","formicidae","myrmicinae","Acanthognathus","teledectus","Acanthognathus teledectus","","Heredia","Costa Rica","2007-10-01","mature wet forest ex sifted leaf litter",160,"point","10.404845","-84.0392"
"http://antweb.org/api/v2/?occurrenceId=CAS:ANTWEB:inb0003699568","inb0003699568","formicidae","myrmicinae","Acanthognathus","teledectus","Acanthognathus teledectus","","Heredia","Costa Rica","2007-10-01","mature wet forest ex sifted leaf litter",160,"point","10.399142","-84.03856"
"http://antweb.org/api/v2/?occurrenceId=CAS:ANTWEB:inb0003699879","inb0003699879","formicidae","myrmicinae","Acanthognathus","teledectus","Acanthognathus teledectus","","Heredia","Costa Rica","2007-10-01","mature wet forest ex sifted leaf litter",500,"point","10.30431","-84.055664"
"http://antweb.org/api/v2/?occurrenceId=CAS:ANTWEB:inb0003699902","inb0003699902","formicidae","myrmicinae","Acanthognathus","teledectus","Acanthognathus teledectus","","Heredia","Costa Rica","2007-10-01","mature wet forest ex sifted leaf litter",500,"point","10.30431","-84.055756"
"http://antweb.org/api/v2/?occurrenceId=CAS:ANTWEB:inb0004100296","inb0004100296","formicidae","myrmicinae","Acanthognathus","teledectus","Acanthognathus teledectus","","Heredia","Costa Rica","2007-10-01","mature wet forest ex sifted leaf litter",160,"point","10.404364","-84.04488"
"http://antweb.org/api/v2/?occurrenceId=CAS:ANTWEB:inb0004100392","inb0004100392","formicidae","myrmicinae","Acanthognathus","teledectus","Acanthognathus teledectus","","Heredia","Costa Rica","2007-10-01","mature wet forest ex sifted leaf litter",160,"point","10.402602","-84.0389"
"http://antweb.org/api/v2/?occurrenceId=CAS:ANTWEB:inb0004100484","inb0004100484","formicidae","myrmicinae","Acanthognathus","teledectus","Acanthognathus teledectus","","Heredia","Costa Rica","2007-10-01","mature wet forest ex sifted leaf litter",160,"point","10.402221","-84.03929"
"http://antweb.org/api/v2/?occurrenceId=CAS:ANTWEB:inb0004100619","inb0004100619","formicidae","myrmicinae","Acanthognathus","teledectus","Acanthognathus teledectus","","Heredia","Costa Rica","2007-10-01","mature wet forest ex sifted leaf litter",160,"point","10.406763","-84.03853"
"http://antweb.org/api/v2/?occurrenceId=CAS:ANTWEB:inb0004100630","inb0004100630","formicidae","myrmicinae","Acanthognathus","teledectus","Acanthognathus teledectus","","Heredia","Costa Rica","2007-10-01","mature wet forest ex sifted leaf litter",160,"point","10.4067","-84.03859"
"http://antweb.org/api/v2/?occurrenceId=CAS:ANTWEB:inb0004100656","inb0004100656","formicidae","myrmicinae","Acanthognathus","teledectus","Acanthognathus teledectus","","Heredia","Costa Rica","2007-10-01","mature wet forest ex sifted leaf litter",160,"point","10.406572","-84.03873"
"http://antweb.org/api/v2/?occurrenceId=CAS:ANTWEB:inb0004101225","inb0004101225","formicidae","myrmicinae","Acanthognathus","teledectus","Acanthognathus teledectus","","Heredia","Costa Rica","2007-10-01","mature wet forest ex sifted leaf litter",300,"point","10.331899","-84.04628"
"http://antweb.org/api/v2/?occurrenceId=CAS:ANTWEB:inbiocri001237662","inbiocri001237662","formicidae","myrmicinae","Acanthognathus","teledectus","Acanthognathus teledectus","","Heredia","Costa Rica","1999-04-21","",50,"point","10.421162","-84.01252"
"http://antweb.org/api/v2/?occurrenceId=CAS:ANTWEB:inbiocri001237663","inbiocri001237663","formicidae","myrmicinae","Acanthognathus","teledectus","Acanthognathus teledectus","","Heredia","Costa Rica","1999-04-21","",50,"point","10.421162","-84.01252"
"http://antweb.org/api/v2/?occurrenceId=CAS:ANTWEB:inbiocri001237664","inbiocri001237664","formicidae","myrmicinae","Acanthognathus","teledectus","Acanthognathus teledectus","","Heredia","Costa Rica","","",50,"point","10.421162","-84.01252"
"http://antweb.org/api/v2/?occurrenceId=CAS:ANTWEB:inbiocri001238332","inbiocri001238332","formicidae","myrmicinae","Acanthognathus","teledectus","Acanthognathus teledectus","","Heredia","Costa Rica","","",50,"point","10.433333","-84.01667"
"http://antweb.org/api/v2/?occurrenceId=CAS:ANTWEB:inbiocri001241971","inbiocri001241971","formicidae","myrmicinae","Acanthognathus","teledectus","Acanthognathus teledectus","","Heredia","Costa Rica","1994-04-26","Puesto18,210G,10m",50,"point","10.428302","-84.01805"
"http://antweb.org/api/v2/?occurrenceId=CAS:ANTWEB:inbiocri001241972","inbiocri001241972","formicidae","myrmicinae","Acanthognathus","teledectus","Acanthognathus teledectus","","Heredia","Costa Rica","1994-04-26","Puesto18,210G,10m",50,"point","10.428302","-84.01805"
"http://antweb.org/api/v2/?occurrenceId=CAS:ANTWEB:inbiocri001241973","inbiocri001241973","formicidae","myrmicinae","Acanthognathus","teledectus","Acanthognathus teledectus","","Heredia","Costa Rica","1994-04-26","Puesto18,210G,10m",50,"point","10.428302","-84.01805"
"http://antweb.org/api/v2/?occurrenceId=CAS:ANTWEB:inbiocri001253735","inbiocri001253735","formicidae","myrmicinae","Acanthognathus","teledectus","Acanthognathus teledectus","","Heredia","Costa Rica","1995-07-26","CES 700.350 GIS",50,"point","10.433333","-84.01667"
"http://antweb.org/api/v2/?occurrenceId=CAS:ANTWEB:inbiocri001253765","inbiocri001253765","formicidae","myrmicinae","Acanthognathus","teledectus","Acanthognathus teledectus","","Heredia","Costa Rica","1995-07-26","CES 700.350 GIS",50,"point","10.433333","-84.01667"
"http://antweb.org/api/v2/?occurrenceId=CAS:ANTWEB:inbiocri001253766","inbiocri001253766","formicidae","myrmicinae","Acanthognathus","teledectus","Acanthognathus teledectus","","Heredia","Costa Rica","1995-07-26","CES 700.350 GIS",50,"point","10.433333","-84.01667"
"http://antweb.org/api/v2/?occurrenceId=CAS:ANTWEB:inbiocri001253767","inbiocri001253767","formicidae","myrmicinae","Acanthognathus","teledectus","Acanthognathus teledectus","","Heredia","Costa Rica","1995-07-26","CES 700.350 GIS",50,"point","10.433333","-84.01667"
"http://antweb.org/api/v2/?occurrenceId=CAS:ANTWEB:inbiocri001253780","inbiocri001253780","formicidae","myrmicinae","Acanthognathus","teledectus","Acanthognathus teledectus","","Heredia","Costa Rica","1995-07-26","CES 700.350 GIS",50,"point","10.433333","-84.01667"
"http://antweb.org/api/v2/?occurrenceId=CAS:ANTWEB:inbiocri001253790","inbiocri001253790","formicidae","myrmicinae","Acanthognathus","teledectus","Acanthognathus teledectus","","Heredia","Costa Rica","1995-07-26","CES 700.350 GIS",50,"point","10.433333","-84.01667"
"http://antweb.org/api/v2/?occurrenceId=CAS:ANTWEB:inbiocri001253791","inbiocri001253791","formicidae","myrmicinae","Acanthognathus","teledectus","Acanthognathus teledectus","","Heredia","Costa Rica","1995-07-26","CES 700.350 GIS",50,"point","10.433333","-84.01667"
"http://antweb.org/api/v2/?occurrenceId=CAS:ANTWEB:inbiocri001253813","inbiocri001253813","formicidae","myrmicinae","Acanthognathus","teledectus","Acanthognathus teledectus","","Heredia","Costa Rica","1995-07-26","CES 700.350 GIS",50,"point","10.433333","-84.01667"
"http://antweb.org/api/v2/?occurrenceId=CAS:ANTWEB:inbiocri001253814","inbiocri001253814","formicidae","myrmicinae","Acanthognathus","teledectus","Acanthognathus teledectus","","Heredia","Costa Rica","1995-07-26","CES 700.350 GIS",50,"point","10.433333","-84.01667"
"http://antweb.org/api/v2/?occurrenceId=CAS:ANTWEB:inbiocri001253841","inbiocri001253841","formicidae","myrmicinae","Acanthognathus","teledectus","Acanthognathus teledectus","","Heredia","Costa Rica","1995-07-26","CES 700.350 GIS",50,"point","10.433333","-84.01667"
"http://antweb.org/api/v2/?occurrenceId=CAS:ANTWEB:inbiocri001253842","inbiocri001253842","formicidae","myrmicinae","Acanthognathus","teledectus","Acanthognathus teledectus","","Heredia","Costa Rica","1995-07-26","CES 700.350 GIS",50,"point","10.433333","-84.01667"
"http://antweb.org/api/v2/?occurrenceId=CAS:ANTWEB:inbiocri001253855","inbiocri001253855","formicidae","myrmicinae","Acanthognathus","teledectus","Acanthognathus teledectus","","Heredia","Costa Rica","1995-07-26","CES 700.350 GIS",50,"point","10.433333","-84.01667"
"http://antweb.org/api/v2/?occurrenceId=CAS:ANTWEB:inbiocri001253856","inbiocri001253856","formicidae","myrmicinae","Acanthognathus","teledectus","Acanthognathus teledectus","","Heredia","Costa Rica","1995-07-26","CES 700.350 GIS",50,"point","10.433333","-84.01667"
"http://antweb.org/api/v2/?occurrenceId=CAS:ANTWEB:inbiocri001253882","inbiocri001253882","formicidae","myrmicinae","Acanthognathus","teledectus","Acanthognathus teledectus","","Heredia","Costa Rica","1995-07-26","CES 700.350 GIS",50,"point","10.433333","-84.01667"
"http://antweb.org/api/v2/?occurrenceId=CAS:ANTWEB:inbiocri001253883","inbiocri001253883","formicidae","myrmicinae","Acanthognathus","teledectus","Acanthognathus teledectus","","Heredia","Costa Rica","1995-07-26","CES 700.350 GIS",50,"point","10.433333","-84.01667"
"http://antweb.org/api/v2/?occurrenceId=CAS:ANTWEB:inbiocri001253894","inbiocri001253894","formicidae","myrmicinae","Acanthognathus","teledectus","Acanthognathus teledectus","","Heredia","Costa Rica","1995-07-26","CES 700.350 GIS",50,"point","10.433333","-84.01667"
"http://antweb.org/api/v2/?occurrenceId=CAS:ANTWEB:inbiocri001253923","inbiocri001253923","formicidae","myrmicinae","Acanthognathus","teledectus","Acanthognathus teledectus","","Heredia","Costa Rica","1995-07-26","CES 700.350 GIS",50,"point","10.433333","-84.01667"
"http://antweb.org/api/v2/?occurrenceId=CAS:ANTWEB:inbiocri001253924","inbiocri001253924","formicidae","myrmicinae","Acanthognathus","teledectus","Acanthognathus teledectus","","Heredia","Costa Rica","1995-07-26","CES 700.350 GIS",50,"point","10.433333","-84.01667"
"http://antweb.org/api/v2/?occurrenceId=CAS:ANTWEB:inbiocri001254006","inbiocri001254006","formicidae","myrmicinae","Acanthognathus","teledectus","Acanthognathus teledectus","","Heredia","Costa Rica","1995-07-26","CES 700.350 GIS",50,"point","10.433333","-84.01667"
"http://antweb.org/api/v2/?occurrenceId=CAS:ANTWEB:inbiocri001254007","inbiocri001254007","formicidae","myrmicinae","Acanthognathus","teledectus","Acanthognathus teledectus","","Heredia","Costa Rica","1995-07-26","CES 700.350 GIS",50,"point","10.433333","-84.01667"
"http://antweb.org/api/v2/?occurrenceId=CAS:ANTWEB:inbiocri001254086","inbiocri001254086","formicidae","myrmicinae","Acanthognathus","teledectus","Acanthognathus teledectus","","Heredia","Costa Rica","1995-07-26","CES 700.350 GIS",50,"point","10.433333","-84.01667"
"http://antweb.org/api/v2/?occurrenceId=CAS:ANTWEB:inbiocri001254087","inbiocri001254087","formicidae","myrmicinae","Acanthognathus","teledectus","Acanthognathus teledectus","","Heredia","Costa Rica","1995-07-26","CES 700.350 GIS",50,"point","10.433333","-84.01667"
"http://antweb.org/api/v2/?occurrenceId=CAS:ANTWEB:inbiocri001261496","inbiocri001261496","formicidae","myrmicinae","Acanthognathus","teledectus","Acanthognathus teledectus","","Heredia","Costa Rica","1995-07-28","lowland rainforest ex sifted leaf litter",50,"point","10.433333","-84.01667"
"http://antweb.org/api/v2/?occurrenceId=CAS:ANTWEB:inbiocri001261534","inbiocri001261534","formicidae","myrmicinae","Acanthognathus","teledectus","Acanthognathus teledectus","","Heredia","Costa Rica","1995-07-28","lowland rainforest ex sifted leaf litter",50,"point","10.433333","-84.01667"
"http://antweb.org/api/v2/?occurrenceId=CAS:ANTWEB:inbiocri001280144","inbiocri001280144","formicidae","myrmicinae","Acanthognathus","teledectus","Acanthognathus teledectus","","Heredia","Costa Rica","1996-06-24","",550,"point","10.3","-84.03333"
"http://antweb.org/api/v2/?occurrenceId=CAS:ANTWEB:inbiocri001280145","inbiocri001280145","formicidae","myrmicinae","Acanthognathus","teledectus","Acanthognathus teledectus","","Heredia","Costa Rica","1996-06-24","",550,"point","10.3","-84.03333"
"http://antweb.org/api/v2/?occurrenceId=CAS:ANTWEB:inbiocri001280146","inbiocri001280146","formicidae","myrmicinae","Acanthognathus","teledectus","Acanthognathus teledectus","","Heredia","Costa Rica","1996-06-24","",550,"point","10.3","-84.03333"
"http://antweb.org/api/v2/?occurrenceId=CAS:ANTWEB:inbiocri001283650","inbiocri001283650","formicidae","myrmicinae","Acanthognathus","teledectus","Acanthognathus teledectus","","Heredia","Costa Rica","1996-06-24","",300,"point","10.35","-84.05"
"http://antweb.org/api/v2/?occurrenceId=CAS:ANTWEB:inbiocri001283651","inbiocri001283651","formicidae","myrmicinae","Acanthognathus","teledectus","Acanthognathus teledectus","","Heredia","Costa Rica","1996-06-24","",300,"point","10.35","-84.05"
"http://antweb.org/api/v2/?occurrenceId=CAS:ANTWEB:inbiocri001283652","inbiocri001283652","formicidae","myrmicinae","Acanthognathus","teledectus","Acanthognathus teledectus","","Heredia","Costa Rica","1996-06-24","",300,"point","10.35","-84.05"
"http://antweb.org/api/v2/?occurrenceId=CAS:ANTWEB:inbiocri001283653","inbiocri001283653","formicidae","myrmicinae","Acanthognathus","teledectus","Acanthognathus teledectus","","Heredia","Costa Rica","1996-06-24","Primary rainforest Ex sifted leaf litter",150,"point","10.4","-84.05"
"http://antweb.org/api/v2/?occurrenceId=CAS:ANTWEB:inbiocri001283654","inbiocri001283654","formicidae","myrmicinae","Acanthognathus","teledectus","Acanthognathus teledectus","","Heredia","Costa Rica","1996-06-24","Primary rainforest Ex sifted leaf litter",150,"point","10.4","-84.05"
"http://antweb.org/api/v2/?occurrenceId=CAS:ANTWEB:inbiocri002720177","inbiocri002720177","formicidae","myrmicinae","Acanthognathus","teledectus","Acanthognathus teledectus","","Heredia","Costa Rica","2000-01-01","SSO Hojarasca.",50,"point","10.42237","-84.018074"
"http://antweb.org/api/v2/?occurrenceId=CAS:ANTWEB:inbiocri002720178","inbiocri002720178","formicidae","myrmicinae","Acanthognathus","teledectus","Acanthognathus teledectus","","Heredia","Costa Rica","2000-01-01","SSO Hojarasca.",50,"point","10.42237","-84.018074"
"http://antweb.org/api/v2/?occurrenceId=CAS:ANTWEB:inbiocri002720179","inbiocri002720179","formicidae","myrmicinae","Acanthognathus","teledectus","Acanthognathus teledectus","","Heredia","Costa Rica","2000-01-01","SSO Hojarasca.",50,"point","10.42237","-84.018074"
"http://antweb.org/api/v2/?occurrenceId=CAS:ANTWEB:inbiocri002720181","inbiocri002720181","formicidae","myrmicinae","Acanthognathus","teledectus","Acanthognathus teledectus","","Heredia","Costa Rica","2000-01-01","SSO Hojarasca.",50,"point","10.42237","-84.018074"
"http://antweb.org/api/v2/?occurrenceId=CAS:ANTWEB:inbiocri002720182","inbiocri002720182","formicidae","myrmicinae","Acanthognathus","teledectus","Acanthognathus teledectus","","Heredia","Costa Rica","2000-01-01","SSO Hojarasca.",50,"point","10.42237","-84.018074"
"http://antweb.org/api/v2/?occurrenceId=CAS:ANTWEB:inbiocri002720451","inbiocri002720451","formicidae","myrmicinae","Acanthognathus","teledectus","Acanthognathus teledectus","","Heredia","Costa Rica","2000-01-01","LOC Hojarasca",50,"point","10.429785","-84.017006"
"http://antweb.org/api/v2/?occurrenceId=CAS:ANTWEB:inbiocri002720528","inbiocri002720528","formicidae","myrmicinae","Acanthognathus","teledectus","Acanthognathus teledectus","","Heredia","Costa Rica","2000-01-01","SSA Hojarasca",50,"point","10.413428","-84.03579"
"http://antweb.org/api/v2/?occurrenceId=CAS:ANTWEB:inbiocri002720529","inbiocri002720529","formicidae","myrmicinae","Acanthognathus","teledectus","Acanthognathus teledectus","","Heredia","Costa Rica","2000-01-01","SSA Hojarasca",50,"point","10.413428","-84.03579"
"http://antweb.org/api/v2/?occurrenceId=CAS:ANTWEB:inbiocri002720621","inbiocri002720621","formicidae","myrmicinae","Acanthognathus","teledectus","Acanthognathus teledectus","","Heredia","Costa Rica","2000-01-01","SSA Hojarasca",50,"point","10.414868","-84.03532"
"http://antweb.org/api/v2/?occurrenceId=CAS:ANTWEB:inbiocri002720622","inbiocri002720622","formicidae","myrmicinae","Acanthognathus","teledectus","Acanthognathus teledectus","","Heredia","Costa Rica","2000-01-01","SSA Hojarasca",50,"point","10.414868","-84.03532"
"http://antweb.org/api/v2/?occurrenceId=CAS:ANTWEB:inbiocri002720759","inbiocri002720759","formicidae","myrmicinae","Acanthognathus","teledectus","Acanthognathus teledectus","","Heredia","Costa Rica","2000-01-01","SSA Hojarasca",50,"point","10.427965","-84.030205"
"http://antweb.org/api/v2/?occurrenceId=CAS:ANTWEB:inbiocri002720760","inbiocri002720760","formicidae","myrmicinae","Acanthognathus","teledectus","Acanthognathus teledectus","","Heredia","Costa Rica","2000-01-01","SSA Hojarasca",50,"point","10.427965","-84.030205"
"http://antweb.org/api/v2/?occurrenceId=CAS:ANTWEB:inbiocri002720761","inbiocri002720761","formicidae","myrmicinae","Acanthognathus","teledectus","Acanthognathus teledectus","","Heredia","Costa Rica","2000-01-01","SSA Hojarasca",50,"point","10.427965","-84.030205"
"http://antweb.org/api/v2/?occurrenceId=CAS:ANTWEB:inbiocri002720762","inbiocri002720762","formicidae","myrmicinae","Acanthognathus","teledectus","Acanthognathus teledectus","","Heredia","Costa Rica","2000-01-01","SSA Hojarasca",50,"point","10.427965","-84.030205"
"http://antweb.org/api/v2/?occurrenceId=CAS:ANTWEB:inbiocri002728250","inbiocri002728250","formicidae","myrmicinae","Acanthognathus","teledectus","Acanthognathus teledectus","","Heredia","Costa Rica","2000-06-09","Sendero Tres R os Hojarasca",50,"point","10.431441","-84.024185"
"http://antweb.org/api/v2/?occurrenceId=CAS:ANTWEB:jtl-sv00633.02","jtl-sv00633.02","formicidae","myrmicinae","Acanthognathus","teledectus","Acanthognathus teledectus","","Pichincha","Ecuador","2014-12-19","",850,"point","-0.31361","-78.95417"
"http://antweb.org/api/v2/?occurrenceId=CAS:ANTWEB:jtl126317","jtl126317","formicidae","myrmicinae","Acanthognathus","teledectus","Acanthognathus teledectus","","Heredia","Costa Rica","2006-07-27","lowland rainforest",50,"point","10.422584","-84.00191"
"http://antweb.org/api/v2/?occurrenceId=CAS:ANTWEB:jtl126633","jtl126633","formicidae","myrmicinae","Acanthognathus","teledectus","Acanthognathus teledectus","","Heredia","Costa Rica","2006-07-27","lowland rainforest",50,"point","10.4225855","-84.00201"
"http://antweb.org/api/v2/?occurrenceId=CAS:ANTWEB:jtl271436","jtl271436","formicidae","myrmicinae","Acanthognathus","teledectus","Acanthognathus teledectus","","Pet n","Guatemala","2009-10-14","tropical moist forest ex sifted leaf litter",390,"point","16.441025","-89.53447"
"http://antweb.org/api/v2/?occurrenceId=CAS:ANTWEB:jtl271451","jtl271451","formicidae","myrmicinae","Acanthognathus","teledectus","Acanthognathus teledectus","","Pet n","Guatemala","2009-10-14","tropical moist forest ex sifted leaf litter",390,"point","16.441069","-89.53447"
"http://antweb.org/api/v2/?occurrenceId=CAS:ANTWEB:jtl271527","jtl271527","formicidae","myrmicinae","Acanthognathus","teledectus","Acanthognathus teledectus","","Pet n","Guatemala","2009-10-14","tropical moist forest ex sifted leaf litter",390,"point","16.441248","-89.53447"
"http://antweb.org/api/v2/?occurrenceId=CAS:ANTWEB:jtl271571","jtl271571","formicidae","myrmicinae","Acanthognathus","teledectus","Acanthognathus teledectus","","Pet n","Guatemala","2009-10-14","tropical moist forest ex sifted leaf litter",390,"point","16.441338","-89.53447"
"http://antweb.org/api/v2/?occurrenceId=CAS:ANTWEB:jtl271579","jtl271579","formicidae","myrmicinae","Acanthognathus","teledectus","Acanthognathus teledectus","","Pet n","Guatemala","2009-10-14","tropical moist forest ex sifted leaf litter",390,"point","16.441381","-89.53447"
"http://antweb.org/api/v2/?occurrenceId=CAS:ANTWEB:jtl272009","jtl272009","formicidae","myrmicinae","Acanthognathus","teledectus","Acanthognathus teledectus","","Pet n","Guatemala","2009-10-14","tropical moist forest ex sifted leaf litter",390,"point","16.44215","-89.53499"
"http://antweb.org/api/v2/?occurrenceId=CAS:ANTWEB:jtl272212","jtl272212","formicidae","myrmicinae","Acanthognathus","teledectus","Acanthognathus teledectus","","Pet n","Guatemala","2009-10-14","tropical moist forest ex sifted leaf litter",400,"point","16.44227","-89.53534"
"http://antweb.org/api/v2/?occurrenceId=CAS:ANTWEB:jtl290087","jtl290087","formicidae","myrmicinae","Acanthognathus","teledectus","Acanthognathus teledectus","","Gracias a Dios","Honduras","2010-11-10","tropical rainforest ex sifted leaf litter",60,"point","15.663636","-84.85785"
"http://antweb.org/api/v2/?occurrenceId=CAS:ANTWEB:jtl291629","jtl291629","formicidae","myrmicinae","Acanthognathus","teledectus","Acanthognathus teledectus","","Gracias a Dios","Honduras","2010-11-10","tropical rainforest ex sifted leaf litter",100,"point","15.712","-84.86305"
"http://antweb.org/api/v2/?occurrenceId=CAS:ANTWEB:jtl291711","jtl291711","formicidae","myrmicinae","Acanthognathus","teledectus","Acanthognathus teledectus","","Gracias a Dios","Honduras","2010-11-10","tropical rainforest ex sifted leaf litter",60,"point","15.70613","-84.86191"
"http://antweb.org/api/v2/?occurrenceId=CAS:ANTWEB:jtl293140","jtl293140","formicidae","myrmicinae","Acanthognathus","teledectus","Acanthognathus teledectus","","Gracias a Dios","Honduras","2010-11-17","tropical rainforest ex sifted leaf litter",420,"point","15.72061","-84.87832"
"http://antweb.org/api/v2/?occurrenceId=CAS:ANTWEB:jtl293153","jtl293153","formicidae","myrmicinae","Acanthognathus","teledectus","Acanthognathus teledectus","","Gracias a Dios","Honduras","2010-11-17","tropical rainforest ex sifted leaf litter",380,"point","15.71901","-84.87844"
"http://antweb.org/api/v2/?occurrenceId=CAS:ANTWEB:jtl293284","jtl293284","formicidae","myrmicinae","Acanthognathus","teledectus","Acanthognathus teledectus","","Gracias a Dios","Honduras","2010-11-17","tropical rainforest ex sifted leaf litter",60,"point","15.67303","-84.82487"
"http://antweb.org/api/v2/?occurrenceId=CAS:ANTWEB:jtl293326","jtl293326","formicidae","myrmicinae","Acanthognathus","teledectus","Acanthognathus teledectus","","Gracias a Dios","Honduras","2010-11-17","tropical rainforest ex sifted leaf litter",60,"point","15.67404","-84.82574"
"http://antweb.org/api/v2/?occurrenceId=CAS:ANTWEB:jtl300297","jtl300297","formicidae","myrmicinae","Acanthognathus","teledectus","Acanthognathus teledectus","","Comayagua","Honduras","2011-02-22","ridgetop cloud forest ex sifted leaf litter",1120,"point","14.871167","-87.90008"
"http://antweb.org/api/v2/?occurrenceId=CAS:ANTWEB:jtl300298","jtl300298","formicidae","myrmicinae","Acanthognathus","teledectus","Acanthognathus teledectus","","Comayagua","Honduras","2011-02-22","ridgetop cloud forest ex sifted leaf litter",1140,"point","14.869405","-87.89601"
"http://antweb.org/api/v2/?occurrenceId=CAS:ANTWEB:jtl306084","jtl306084","formicidae","myrmicinae","Acanthognathus","teledectus","Acanthognathus teledectus","","Comayagua","Honduras","2011-03-05","ridgetop cloud forest ex sifted leaf litter",1100,"point","14.87112","-87.89938"
"http://antweb.org/api/v2/?occurrenceId=CAS:ANTWEB:jtl306136","jtl306136","formicidae","myrmicinae","Acanthognathus","teledectus","Acanthognathus teledectus","","Comayagua","Honduras","2011-03-05","montane rainforest ex sifted leaf litter",940,"point","14.86613","-87.89735"
"http://antweb.org/api/v2/?occurrenceId=CAS:ANTWEB:jtl306220","jtl306220","formicidae","myrmicinae","Acanthognathus","teledectus","Acanthognathus teledectus","","Comayagua","Honduras","2011-03-05","montane rainforest ex sifted leaf litter",1000,"point","14.87209","-87.90187"
"http://antweb.org/api/v2/?occurrenceId=CAS:ANTWEB:jtl320302","jtl320302","formicidae","myrmicinae","Acanthognathus","teledectus","Acanthognathus teledectus","","Atl ntida","Honduras","2011-04-15","tropical wet forest ex sifted leaf litter",660,"point","15.69652","-87.47636"
"http://antweb.org/api/v2/?occurrenceId=CAS:ANTWEB:jtl320660","jtl320660","formicidae","myrmicinae","Acanthognathus","teledectus","Acanthognathus teledectus","","Atl ntida","Honduras","2011-04-15","tropical rainforest ex sifted leaf litter",260,"point","15.70932","-87.46296"
"http://antweb.org/api/v2/?occurrenceId=CAS:ANTWEB:jtl664441","jtl664441","formicidae","myrmicinae","Acanthognathus","teledectus","Acanthognathus teledectus","","Matagalpa","Nicaragua","2012-01-18","tropical wet forest ex sifted leaf litter",750,"point","12.96099","-85.23241"
"http://antweb.org/api/v2/?occurrenceId=CAS:ANTWEB:jtl665352","jtl665352","formicidae","myrmicinae","Acanthognathus","teledectus","Acanthognathus teledectus","","Matagalpa","Nicaragua","2012-01-18","tropical wet forest ex sifted leaf litter",700,"point","12.95866","-85.22486"
"http://antweb.org/api/v2/?occurrenceId=CAS:ANTWEB:jtl665760","jtl665760","formicidae","myrmicinae","Acanthognathus","teledectus","Acanthognathus teledectus","","Matagalpa","Nicaragua","2012-01-18","tropical wet forest ex sifted leaf litter",700,"point","12.95947","-85.22486"
"http://antweb.org/api/v2/?occurrenceId=CAS:ANTWEB:jtl666055","jtl666055","formicidae","myrmicinae","Acanthognathus","teledectus","Acanthognathus teledectus","","Matagalpa","Nicaragua","2012-01-18","tropical wet forest ex sifted leaf litter",700,"point","12.96015","-85.22486"
"http://antweb.org/api/v2/?occurrenceId=CAS:ANTWEB:jtl666129","jtl666129","formicidae","myrmicinae","Acanthognathus","teledectus","Acanthognathus teledectus","","Matagalpa","Nicaragua","2012-01-18","tropical wet forest ex sifted leaf litter",700,"point","12.96024","-85.22486"
"http://antweb.org/api/v2/?occurrenceId=CAS:ANTWEB:jtl666657","jtl666657","formicidae","myrmicinae","Acanthognathus","teledectus","Acanthognathus teledectus","","Matagalpa","Nicaragua","2012-01-18","montane wet forest ex sifted leaf litter",910,"point","12.96407","-85.23252"
"http://antweb.org/api/v2/?occurrenceId=CAS:ANTWEB:jtl666692","jtl666692","formicidae","myrmicinae","Acanthognathus","teledectus","Acanthognathus teledectus","","Matagalpa","Nicaragua","2012-01-18","tropical wet forest ex sifted leaf litter",700,"point","12.95927","-85.22496"
"http://antweb.org/api/v2/?occurrenceId=CAS:ANTWEB:jtl670717","jtl670717","formicidae","myrmicinae","Acanthognathus","teledectus","Acanthognathus teledectus","","Regi n Aut noma del Atl ntico Norte","Nicaragua","2012-04-21","mature wet forest ex sifted leaf litter",360,"point","13.768645","-84.984505"
"http://antweb.org/api/v2/?occurrenceId=CAS:ANTWEB:jtl671224","jtl671224","formicidae","myrmicinae","Acanthognathus","teledectus","Acanthognathus teledectus","","Regi n Aut noma del Atl ntico Norte","Nicaragua","2012-04-21","mature wet forest ex sifted leaf litter",360,"point","13.768104","-84.98546"
"http://antweb.org/api/v2/?occurrenceId=CAS:ANTWEB:jtl671350","jtl671350","formicidae","myrmicinae","Acanthognathus","teledectus","Acanthognathus teledectus","","Regi n Aut noma del Atl ntico Norte","Nicaragua","2012-04-21","mature wet forest ex sifted leaf litter",310,"point","13.770658","-84.98059"
"http://antweb.org/api/v2/?occurrenceId=CAS:ANTWEB:jtl671572","jtl671572","formicidae","myrmicinae","Acanthognathus","teledectus","Acanthognathus teledectus","","Regi n Aut noma del Atl ntico Norte","Nicaragua","2012-04-21","mature wet forest ex sifted leaf litter",310,"point","13.770233","-84.98074"
"http://antweb.org/api/v2/?occurrenceId=CAS:ANTWEB:jtl671631","jtl671631","formicidae","myrmicinae","Acanthognathus","teledectus","Acanthognathus teledectus","","Regi n Aut noma del Atl ntico Norte","Nicaragua","2012-04-21","mature wet forest ex sifted leaf litter",310,"point","13.770147","-84.98078"
"http://antweb.org/api/v2/?occurrenceId=CAS:ANTWEB:jtl671828","jtl671828","formicidae","myrmicinae","Acanthognathus","teledectus","Acanthognathus teledectus","","Regi n Aut noma del Atl ntico Norte","Nicaragua","2012-04-21","mature wet forest ex sifted leaf litter",310,"point","13.770068","-84.98068"
"http://antweb.org/api/v2/?occurrenceId=CAS:ANTWEB:jtl671876","jtl671876","formicidae","myrmicinae","Acanthognathus","teledectus","Acanthognathus teledectus","","Regi n Aut noma del Atl ntico Norte","Nicaragua","2012-04-21","mature wet forest ex sifted leaf litter",310,"point","13.770113","-84.9806"
"http://antweb.org/api/v2/?occurrenceId=CAS:ANTWEB:jtl672286","jtl672286","formicidae","myrmicinae","Acanthognathus","teledectus","Acanthognathus teledectus","","Regi n Aut noma del Atl ntico Norte","Nicaragua","2012-04-21","mature wet forest ex sifted leaf litter",310,"point","13.770824","-84.98012"
"http://antweb.org/api/v2/?occurrenceId=CAS:ANTWEB:jtl672359","jtl672359","formicidae","myrmicinae","Acanthognathus","teledectus","Acanthognathus teledectus","","Regi n Aut noma del Atl ntico Norte","Nicaragua","2012-05-04","mature wet forest ex sifted leaf litter",310,"point","13.77009","-84.98065"
"http://antweb.org/api/v2/?occurrenceId=CAS:ANTWEB:jtl672842","jtl672842","formicidae","myrmicinae","Acanthognathus","teledectus","Acanthognathus teledectus","","Jinotega","Nicaragua","2012-05-04","montane wet forest ex sifted leaf litter",710,"point","13.77199","-84.99771"
"http://antweb.org/api/v2/?occurrenceId=CAS:ANTWEB:jtl673009","jtl673009","formicidae","myrmicinae","Acanthognathus","teledectus","Acanthognathus teledectus","","Jinotega","Nicaragua","2012-05-04","montane wet forest ex sifted leaf litter",850,"point","13.77077","-85.00156"
"http://antweb.org/api/v2/?occurrenceId=CAS:ANTWEB:jtlc000003334","jtlc000003334","formicidae","myrmicinae","Acanthognathus","teledectus","Acanthognathus teledectus","","Heredia","Costa Rica","2003-01-31","wet forest foragers in litter",500,"point","10.33333","-84.08333"
"http://antweb.org/api/v2/?occurrenceId=CAS:ANTWEB:jtlc000010925","jtlc000010925","formicidae","myrmicinae","Acanthognathus","teledectus","Acanthognathus teledectus","","Heredia","Costa Rica","2007-10-06","mature wet forest ex sifted leaf litter",50,"point","10.418599","-84.01713"
"http://antweb.org/api/v2/?occurrenceId=CAS:ANTWEB:jtlc000010948","jtlc000010948","formicidae","myrmicinae","Acanthognathus","teledectus","Acanthognathus teledectus","","Heredia","Costa Rica","2007-10-06","mature wet forest ex sifted leaf litter",50,"point","10.418525","-84.01718"
"http://antweb.org/api/v2/?occurrenceId=CAS:ANTWEB:jtlc000011066","jtlc000011066","formicidae","myrmicinae","Acanthognathus","teledectus","Acanthognathus teledectus","","Heredia","Costa Rica","2007-10-06","mature wet forest ex sifted leaf litter",50,"point","10.41898","-84.02137"
