"url","catalogNumber","family","subfamily","genus","specificEpithet","scientific_name","typeStatus","stateProvince","country","dateIdentified","habitat","minimumElevationInMeters"
"http://antweb.org/api/v2/?occurrenceId=CAS:ANTWEB:casent0103130","casent0103130","formicidae","dorylinae","Acanthostichus","texanus","Acanthostichus texanus","","Texas","United States","2004-03-09","",NA
"http://antweb.org/api/v2/?occurrenceId=CAS:ANTWEB:casent0103131","casent0103131","formicidae","dorylinae","Acanthostichus","texanus","Acanthostichus texanus","type","","Mexico","2004-03-09","",NA
"http://antweb.org/api/v2/?occurrenceId=CAS:ANTWEB:casent0105577","casent0105577","formicidae","dorylinae","Acanthostichus","texanus","Acanthostichus texanus","","","Mexico","","",NA
"http://antweb.org/api/v2/?occurrenceId=CAS:ANTWEB:casent0105578","casent0105578","formicidae","dorylinae","Acanthostichus","texanus","Acanthostichus texanus","","Nuevo Leon","Mexico","2004-03-09","",NA
