"url","catalogNumber","family","subfamily","genus","specificEpithet","scientific_name","typeStatus","stateProvince","country","dateIdentified","habitat","minimumElevationInMeters","geojson.type","decimal_latitude","decimal_longitude"
"http://antweb.org/api/v2/?occurrenceId=CAS:ANTWEB:casent0003311","casent0003311","formicidae","dorylinae","Acanthostichus","punctiscapus","Acanthostichus punctiscapus","","New Mexico","United States","2000-11-10","",NA,NA,NA,NA
"http://antweb.org/api/v2/?occurrenceId=CAS:ANTWEB:casent0103132","casent0103132","formicidae","dorylinae","Acanthostichus","punctiscapus","Acanthostichus punctiscapus","paratype","New Mexico","United States","2004-03-09","larrea scrub 70cm deep in Pogonomyrmex desertorum nest",NA,NA,NA,NA
"http://antweb.org/api/v2/?occurrenceId=CAS:ANTWEB:casent0173204","casent0173204","formicidae","dorylinae","Acanthostichus","punctiscapus","Acanthostichus punctiscapus","","Arizona","United States","2006-12-31","50 from wash in disturbed desert",2560,"point","32.32","-110.955"
"http://antweb.org/api/v2/?occurrenceId=CAS:ANTWEB:casent0173204-d01","casent0173204-d01","formicidae","dorylinae","Acanthostichus","punctiscapus","Acanthostichus punctiscapus","","Arizona","United States","","50 from wash in disturbed desert",2560,"point","32.32","-110.955"
"http://antweb.org/api/v2/?occurrenceId=CAS:ANTWEB:casent0903672","casent0903672","formicidae","dorylinae","Acanthostichus","punctiscapus","Acanthostichus punctiscapus","paratype of Acanthostichus punctiscapus","New Mexico","United States","1990-12-31","Larrea scrub 70cm deep in Pogonomyrmex desortorum nest",NA,NA,NA,NA
