"url","catalogNumber","family","subfamily","genus","specificEpithet","scientific_name","typeStatus","stateProvince","country","dateIdentified","habitat","minimumElevationInMeters"
"http://antweb.org/api/v2/?occurrenceId=CAS:ANTWEB:antweb1008492","antweb1008492","formicidae","dorylinae","Acanthostichus","serratulus","Acanthostichus serratulus","","Bahia","Brazil","","",NA
"http://antweb.org/api/v2/?occurrenceId=CAS:ANTWEB:casent0752146","casent0752146","formicidae","dorylinae","Acanthostichus","serratulus","Acanthostichus serratulus","","","Bolivia","","",NA
"http://antweb.org/api/v2/?occurrenceId=CAS:ANTWEB:casent0752147","casent0752147","formicidae","dorylinae","Acanthostichus","serratulus","Acanthostichus serratulus","","","Bolivia","","",NA
"http://antweb.org/api/v2/?occurrenceId=CAS:ANTWEB:casent0903667","casent0903667","formicidae","dorylinae","Acanthostichus","serratulus","Acanthostichus serratulus","Lectotype of Acanthostichus serratulus","","Brazil","","",NA
