"url","catalogNumber","family","subfamily","genus","specificEpithet","scientific_name","typeStatus","stateProvince","country","dateIdentified","habitat","minimumElevationInMeters","geojson.type","decimal_latitude","decimal_longitude"
"http://antweb.org/api/v2/?occurrenceId=CAS:ANTWEB:casent0280684","casent0280684","formicidae","myrmicinae","Acanthognathus","brevicornis","Acanthognathus brevicornis","","","Colombia","","",NA,NA,NA,NA
"http://antweb.org/api/v2/?occurrenceId=CAS:ANTWEB:casent0637708","casent0637708","formicidae","myrmicinae","Acanthognathus","brevicornis","Acanthognathus brevicornis","","Madre de Dios","Peru","2013-09-12","Bamboo forest ex sifted leaf litter",252,"point","-13.14142","-69.623"
"http://antweb.org/api/v2/?occurrenceId=CAS:ANTWEB:casent0914659","casent0914659","formicidae","myrmicinae","Acanthognathus","brevicornis","Acanthognathus brevicornis","","Darien","Panama","","",500,"point","7.71667","-77.7"
"http://antweb.org/api/v2/?occurrenceId=CAS:ANTWEB:usnment00442040","usnment00442040","formicidae","myrmicinae","Acanthognathus","brevicornis","Acanthognathus brevicornis","","","Guyana","2004-01-01","1 forest",NA,"point","6.46767","-58.61933"
