"url","catalogNumber","family","subfamily","genus","specificEpithet","scientific_name","typeStatus","stateProvince","country","dateIdentified","habitat","minimumElevationInMeters","geojson.type","decimal_latitude","decimal_longitude"
"http://antweb.org/api/v2/?occurrenceId=CAS:ANTWEB:casent0006101","casent0006101","formicidae","dorylinae","Acanthostichus","kirbyi","Acanthostichus kirbyi","","","Argentina","2000-11-10","",NA,NA,NA,NA
"http://antweb.org/api/v2/?occurrenceId=CAS:ANTWEB:casent0102000","casent0102000","formicidae","dorylinae","Acanthostichus","kirbyi","Acanthostichus kirbyi","","Mato Grosso","Brazil","","",NA,NA,NA,NA
"http://antweb.org/api/v2/?occurrenceId=CAS:ANTWEB:casent0102001","casent0102001","formicidae","dorylinae","Acanthostichus","kirbyi","Acanthostichus kirbyi","","Mato Grosso","Brazil","","",NA,NA,NA,NA
"http://antweb.org/api/v2/?occurrenceId=CAS:ANTWEB:casent0106071","casent0106071","formicidae","dorylinae","Acanthostichus","kirbyi","Acanthostichus kirbyi","","Rond nia","Brazil","","",165,"point","-10.3","-62.88333"
"http://antweb.org/api/v2/?occurrenceId=CAS:ANTWEB:casent0106071-d01","casent0106071-d01","formicidae","dorylinae","Acanthostichus","kirbyi","Acanthostichus kirbyi","","Rond nia","Brazil","","",165,"point","-10.3","-62.88333"
"http://antweb.org/api/v2/?occurrenceId=CAS:ANTWEB:casent0106071-d11","casent0106071-d11","formicidae","dorylinae","Acanthostichus","kirbyi","Acanthostichus kirbyi","","Rond nia","Brazil","","",165,"point","-10.3","-62.88333"
