"url","catalogNumber","family","subfamily","genus","specificEpithet","scientific_name","typeStatus","stateProvince","country","dateIdentified","habitat","minimumElevationInMeters"
"http://antweb.org/api/v2/?occurrenceId=CAS:ANTWEB:casent0281789","casent0281789","formicidae","myrmicinae","Acanthomyrmex","notabilis","Acanthomyrmex notabilis","","Sulawesi Utara","Indonesia","","wet forest rotten wood",500
"http://antweb.org/api/v2/?occurrenceId=CAS:ANTWEB:casent0281790","casent0281790","formicidae","myrmicinae","Acanthomyrmex","notabilis","Acanthomyrmex notabilis","","Sulawesi Utara","Indonesia","","wet forest rotten wood",500
"http://antweb.org/api/v2/?occurrenceId=CAS:ANTWEB:casent0901376","casent0901376","formicidae","myrmicinae","Acanthomyrmex","notabilis","Acanthomyrmex notabilis","syntype of Acanthomyrmex notabilis","Maluku Utara","Indonesia","","",NA
"http://antweb.org/api/v2/?occurrenceId=CAS:ANTWEB:casent0901377","casent0901377","formicidae","myrmicinae","Acanthomyrmex","notabilis","Acanthomyrmex notabilis","syntype of Acanthomyrmex notabilis","Maluku Utara","Indonesia","","",NA
