"url","catalogNumber","family","subfamily","genus","specificEpithet","scientific_name","typeStatus","stateProvince","country","dateIdentified","habitat","minimumElevationInMeters","geojson.type","decimal_latitude","decimal_longitude"
"http://antweb.org/api/v2/?occurrenceId=CAS:ANTWEB:casent0173500","casent0173500","formicidae","dorylinae","Acanthostichus","brevicornis","Acanthostichus brevicornis","","Canindey","Paraguay","2007-09-05","grazed 2nd growth nest in soil",212,"point","-24.03892","-55.56588"
"http://antweb.org/api/v2/?occurrenceId=CAS:ANTWEB:casent0246290","casent0246290","formicidae","dorylinae","Acanthostichus","brevicornis","Acanthostichus brevicornis","","Misiones","Argentina","2014-05-23","Picada Las nubes , natural subtropical rainforest",NA,"point","-25.67202","-54.45753"
"http://antweb.org/api/v2/?occurrenceId=CAS:ANTWEB:casent0903784","casent0903784","formicidae","dorylinae","Acanthostichus","brevicornis","Acanthostichus brevicornis","syntype of Acanthostichus brevicornis","","French Guiana","","",NA,NA,NA,NA
"http://antweb.org/api/v2/?occurrenceId=CAS:ANTWEB:kg00502","kg00502","formicidae","dorylinae","Acanthostichus","brevicornis","Acanthostichus brevicornis","","Sinnamary","French Guiana","0002-01-01","",NA,"point","5.483333","-53.3"
