"url","catalogNumber","family","subfamily","genus","specificEpithet","scientific_name","typeStatus","stateProvince","country","dateIdentified","habitat","minimumElevationInMeters","geojson.type","decimal_latitude","decimal_longitude"
"http://antweb.org/api/v2/?occurrenceId=CAS:ANTWEB:casent0101061","casent0101061","formicidae","myrmicinae","Acanthomyrmex","concavus","Acanthomyrmex concavus","","Sabah","Malaysia","2005-07-27","",500,NA,NA,NA
"http://antweb.org/api/v2/?occurrenceId=CAS:ANTWEB:casent0101062","casent0101062","formicidae","myrmicinae","Acanthomyrmex","concavus","Acanthomyrmex concavus","","Sabah","Malaysia","2005-07-27","",500,NA,NA,NA
"http://antweb.org/api/v2/?occurrenceId=CAS:ANTWEB:casent0634195","casent0634195","formicidae","myrmicinae","Acanthomyrmex","concavus","Acanthomyrmex concavus","","Sabah","Malaysia","2014-10-01","mature wet forest ex sifted leaf litter",350,"point","4.64045","116.61342"
"http://antweb.org/api/v2/?occurrenceId=CAS:ANTWEB:casent0634196","casent0634196","formicidae","myrmicinae","Acanthomyrmex","concavus","Acanthomyrmex concavus","","Sabah","Malaysia","2014-10-01","mature wet forest ex sifted leaf litter",350,"point","4.64045","116.61342"
"http://antweb.org/api/v2/?occurrenceId=CAS:ANTWEB:casent0634197","casent0634197","formicidae","myrmicinae","Acanthomyrmex","concavus","Acanthomyrmex concavus","","Sabah","Malaysia","2014-10-01","mature wet forest ex sifted leaf litter",350,"point","4.64045","116.61342"
"http://antweb.org/api/v2/?occurrenceId=CAS:ANTWEB:casent0634211","casent0634211","formicidae","myrmicinae","Acanthomyrmex","concavus","Acanthomyrmex concavus","","Sabah","Malaysia","2014-10-01","mature wet forest ex sifted leaf litter",350,"point","4.64045","116.61342"
"http://antweb.org/api/v2/?occurrenceId=CAS:ANTWEB:casent0901700","casent0901700","formicidae","myrmicinae","Acanthomyrmex","concavus","Acanthomyrmex concavus","Holotype of Acanthomyrmex concavus","Sarawak","Malaysia","","lowland rainforest leaf litter",NA,NA,NA,NA
