"url","catalogNumber","family","subfamily","genus","specificEpithet","scientific_name","typeStatus","stateProvince","country","dateIdentified","habitat","minimumElevationInMeters","geojson.type","decimal_latitude","decimal_longitude"
"http://antweb.org/api/v2/?occurrenceId=CAS:ANTWEB:casent0173800","casent0173800","formicidae","myrmicinae","Acromyrmex","nigrosetosus","Acromyrmex nigrosetosus","","Canindey","Paraguay","2006-12-31","Campo cerrado",238,"point","-24.18635","-55.27908"
"http://antweb.org/api/v2/?occurrenceId=CAS:ANTWEB:casent0173801","casent0173801","formicidae","myrmicinae","Acromyrmex","nigrosetosus","Acromyrmex nigrosetosus","","Canindey","Paraguay","2006-12-31","Campo cerrado",238,"point","-24.18635","-55.27908"
"http://antweb.org/api/v2/?occurrenceId=CAS:ANTWEB:casent0904996","casent0904996","formicidae","myrmicinae","Acromyrmex","nigrosetosus","Acromyrmex nigrosetosus","syntype of Acromyrmex nigrosetosus","Sao Paulo","Brazil","","",NA,NA,NA,NA
"http://antweb.org/api/v2/?occurrenceId=CAS:ANTWEB:casent0909413","casent0909413","formicidae","myrmicinae","Acromyrmex","nigrosetosus","Acromyrmex nigrosetosus","syntype of Atta aspersa dimidiata","Sao Paulo","Brazil","","",NA,NA,NA,NA
"http://antweb.org/api/v2/?occurrenceId=CAS:ANTWEB:casent0909414","casent0909414","formicidae","myrmicinae","Acromyrmex","nigrosetosus","Acromyrmex nigrosetosus","syntype of Acromyrmex nigrosetosus","Sao Paulo","Brazil","","",NA,NA,NA,NA
"http://antweb.org/api/v2/?occurrenceId=CAS:ANTWEB:casent0909415","casent0909415","formicidae","myrmicinae","Acromyrmex","nigrosetosus","Acromyrmex nigrosetosus","syntype of Acromyrmex nigrosetosus","Sao Paulo","Brazil","","",NA,NA,NA,NA
"http://antweb.org/api/v2/?occurrenceId=CAS:ANTWEB:casent0912457","casent0912457","formicidae","myrmicinae","Acromyrmex","nigrosetosus","Acromyrmex nigrosetosus","syntype of Acromyrmex laticeps garbei","Mato Grosso","Brazil","","",NA,NA,NA,NA
"http://antweb.org/api/v2/?occurrenceId=CAS:ANTWEB:casent0912458","casent0912458","formicidae","myrmicinae","Acromyrmex","nigrosetosus","Acromyrmex nigrosetosus","syntype of Acromyrmex nigrosetosa pulchella","Minas Gerais","Brazil","","",NA,NA,NA,NA
