"url","catalogNumber","family","subfamily","genus","specificEpithet","scientific_name","typeStatus","stateProvince","country","dateIdentified","habitat","minimumElevationInMeters","geojson.type","decimal_latitude","decimal_longitude"
"http://antweb.org/api/v2/?occurrenceId=CAS:ANTWEB:casent0173802","casent0173802","formicidae","myrmicinae","Acromyrmex","rugosus","Acromyrmex rugosus","","Boqueron","Paraguay","2006-12-31","Dry Chaco, scrub forest foraging ants",180,"point","-22.31667","-60.3"
"http://antweb.org/api/v2/?occurrenceId=CAS:ANTWEB:casent0900494","casent0900494","formicidae","myrmicinae","Acromyrmex","rugosus","Acromyrmex rugosus","Holotype of Oecodoma pallida","","","2012-12-31","",NA,NA,NA,NA
"http://antweb.org/api/v2/?occurrenceId=CAS:ANTWEB:casent0900495","casent0900495","formicidae","myrmicinae","Acromyrmex","rugosus","Acromyrmex rugosus","Holotype of Acromyrmex rugosus","","Brazil","2012-12-31","",NA,NA,NA,NA
"http://antweb.org/api/v2/?occurrenceId=CAS:ANTWEB:casent0909423","casent0909423","formicidae","myrmicinae","Acromyrmex","rugosus","Acromyrmex rugosus","syntype of Acromyrmex rugosus rochai","Ceara","Brazil","","",NA,NA,NA,NA
"http://antweb.org/api/v2/?occurrenceId=CAS:ANTWEB:casent0909424","casent0909424","formicidae","myrmicinae","Acromyrmex","rugosus","Acromyrmex rugosus","syntype of Acromyrmex santschii","Magdalena","Colombia","2014-02-26","",NA,NA,NA,NA
"http://antweb.org/api/v2/?occurrenceId=CAS:ANTWEB:casent0912470","casent0912470","formicidae","myrmicinae","Acromyrmex","rugosus","Acromyrmex rugosus","syntype of Acromyrmex rugosus bigener","Para","Brazil","","",NA,NA,NA,NA
"http://antweb.org/api/v2/?occurrenceId=CAS:ANTWEB:casent0912471","casent0912471","formicidae","myrmicinae","Acromyrmex","rugosus","Acromyrmex rugosus","syntype of Acromyrmex rugosus vestitus","Minas Gerais","Brazil","","",NA,NA,NA,NA
"http://antweb.org/api/v2/?occurrenceId=CAS:ANTWEB:casent0922029","casent0922029","formicidae","myrmicinae","Acromyrmex","rugosus","Acromyrmex rugosus","","Santa Cruz","Bolivia","","rainforest ground forager s",450,"point","-13.8333","-60.8667"
