"url","catalogNumber","family","subfamily","genus","specificEpithet","scientific_name","typeStatus","stateProvince","country","dateIdentified","habitat","minimumElevationInMeters","geojson.type","decimal_latitude","decimal_longitude"
"http://antweb.org/api/v2/?occurrenceId=CAS:ANTWEB:casent0242392","casent0242392","formicidae","formicinae","Acropyga","inezae","Acropyga inezae","","Sabah","Malaysia","","rainforest sifted litter",260,"point","4.74368","116.97211"
"http://antweb.org/api/v2/?occurrenceId=CAS:ANTWEB:casent0700554","casent0700554","formicidae","formicinae","Acropyga","inezae","Acropyga inezae","","Sabah","Malaysia","","montane rainforest sifted litter",1100,"point","4.71184","116.89124"
"http://antweb.org/api/v2/?occurrenceId=CAS:ANTWEB:casent0703144","casent0703144","formicidae","formicinae","Acropyga","inezae","Acropyga inezae","","Sabah","Malaysia","","rainforest sifted litter",210,"point","4.74041","116.97702"
"http://antweb.org/api/v2/?occurrenceId=CAS:ANTWEB:casent0703145","casent0703145","formicidae","formicinae","Acropyga","inezae","Acropyga inezae","","Sabah","Malaysia","","rainforest sifted litter",210,"point","4.74041","116.97702"
"http://antweb.org/api/v2/?occurrenceId=CAS:ANTWEB:casent0906269","casent0906269","formicidae","formicinae","Acropyga","inezae","Acropyga inezae","","","Indonesia","2003-12-31","lowland rainforest",NA,NA,NA,NA
"http://antweb.org/api/v2/?occurrenceId=CAS:ANTWEB:casent0909909","casent0909909","formicidae","formicinae","Acropyga","inezae","Acropyga inezae","syntype of Acropyga inezae","West Sumatra","Indonesia","","",NA,NA,NA,NA
"http://antweb.org/api/v2/?occurrenceId=CAS:ANTWEB:casent0912351","casent0912351","formicidae","formicinae","Acropyga","inezae","Acropyga inezae","Lectotype of Acropyga inezae","Sumatra","Indonesia","","",NA,NA,NA,NA
