"url","catalogNumber","family","subfamily","genus","specificEpithet","scientific_name","typeStatus","stateProvince","country","dateIdentified","habitat","minimumElevationInMeters","geojson.type","decimal_latitude","decimal_longitude"
"http://antweb.org/api/v2/?occurrenceId=CAS:ANTWEB:casent0616711","casent0616711","formicidae","formicinae","Acropyga","hystrix","Acropyga hystrix","","Sabah","Malaysia","2011-02-22","tropical rainforest ex sifted leaf litter",515,"point","4.94447","117.78392"
"http://antweb.org/api/v2/?occurrenceId=CAS:ANTWEB:casent0634169","casent0634169","formicidae","formicinae","Acropyga","hystrix","Acropyga hystrix","","Sabah","Malaysia","2014-10-01","mature wet forest ex sifted leaf litter",350,"point","4.64045","116.61342"
"http://antweb.org/api/v2/?occurrenceId=CAS:ANTWEB:casent0634216","casent0634216","formicidae","formicinae","Acropyga","hystrix","Acropyga hystrix","","Sabah","Malaysia","2014-10-01","mature wet forest ex sifted leaf litter",350,"point","4.64045","116.61342"
"http://antweb.org/api/v2/?occurrenceId=CAS:ANTWEB:casent0903179","casent0903179","formicidae","formicinae","Acropyga","hystrix","Acropyga hystrix","Holotype of Acropyga hystrix","Sarawak","Malaysia","2003-12-31","lowland rainforest in very rotten wood",NA,NA,NA,NA
"http://antweb.org/api/v2/?occurrenceId=CAS:ANTWEB:jtl725992","jtl725992","formicidae","formicinae","Acropyga","hystrix","Acropyga hystrix","","Sabah","Malaysia","2014-10-01","mature wet forest ex sifted leaf litter",350,"point","4.64045","116.61342"
