"url","catalogNumber","family","subfamily","genus","specificEpithet","scientific_name","typeStatus","stateProvince","country","dateIdentified","habitat","minimumElevationInMeters","geojson.type","decimal_latitude","decimal_longitude"
"http://antweb.org/api/v2/?occurrenceId=CAS:ANTWEB:anic32-018624","anic32-018624","formicidae","formicinae","Acropyga","nipponensis","Acropyga nipponensis","","Sabah","Malaysia","","Rainforest",250,"point","5.975","115.999"
"http://antweb.org/api/v2/?occurrenceId=CAS:ANTWEB:anic32-018625","anic32-018625","formicidae","formicinae","Acropyga","nipponensis","Acropyga nipponensis","","","Philippines","","Rainforest, along creek beds",60,"point","9.73333","118.733"
"http://antweb.org/api/v2/?occurrenceId=CAS:ANTWEB:anic32-018626","anic32-018626","formicidae","formicinae","Acropyga","nipponensis","Acropyga nipponensis","","Sarawak","Malaysia","","",NA,"point","1.63333","113.583"
"http://antweb.org/api/v2/?occurrenceId=CAS:ANTWEB:casent0715179","casent0715179","formicidae","formicinae","Acropyga","nipponensis","Acropyga nipponensis","","Yunnan","China","","Rubber plantation",645,"point","21.930695","101.26945"
"http://antweb.org/api/v2/?occurrenceId=CAS:ANTWEB:casent0715180","casent0715180","formicidae","formicinae","Acropyga","nipponensis","Acropyga nipponensis","","Yunnan","China","","Rubber plantation",640,"point","21.932112","101.27092"
"http://antweb.org/api/v2/?occurrenceId=CAS:ANTWEB:casent0715181","casent0715181","formicidae","formicinae","Acropyga","nipponensis","Acropyga nipponensis","","Yunnan","China","","Rubber plantation",645,"point","21.931667","101.26969"
