"url","catalogNumber","family","subfamily","genus","specificEpithet","scientific_name","typeStatus","stateProvince","country","dateIdentified","habitat","minimumElevationInMeters","geojson.type","decimal_latitude","decimal_longitude"
"http://antweb.org/api/v2/?occurrenceId=CAS:ANTWEB:anic32-018505","anic32-018505","formicidae","formicinae","Acropyga","pallida","Acropyga pallida","","Northern Territory","Australia","","Eucalyptus savanna",NA,"point","-12.7833","132.85"
"http://antweb.org/api/v2/?occurrenceId=CAS:ANTWEB:anic32-018506","anic32-018506","formicidae","formicinae","Acropyga","pallida","Acropyga pallida","","Queensland","Australia","","Rainforest",NA,"point","-25.9667","153.15"
"http://antweb.org/api/v2/?occurrenceId=CAS:ANTWEB:anic32-018507","anic32-018507","formicidae","formicinae","Acropyga","pallida","Acropyga pallida","","Queensland","Australia","","",NA,"point","-25.9667","153.15"
"http://antweb.org/api/v2/?occurrenceId=CAS:ANTWEB:anic32-018508","anic32-018508","formicidae","formicinae","Acropyga","pallida","Acropyga pallida","","Queensland","Australia","","",NA,"point","-25.9667","153.15"
"http://antweb.org/api/v2/?occurrenceId=CAS:ANTWEB:anic32-018509","anic32-018509","formicidae","formicinae","Acropyga","pallida","Acropyga pallida","","Queensland","Australia","","",NA,"point","-25.9667","153.15"
"http://antweb.org/api/v2/?occurrenceId=CAS:ANTWEB:anic32-018510","anic32-018510","formicidae","formicinae","Acropyga","pallida","Acropyga pallida","","Queensland","Australia","","",NA,"point","-25.9667","153.15"
"http://antweb.org/api/v2/?occurrenceId=CAS:ANTWEB:anic32-018511","anic32-018511","formicidae","formicinae","Acropyga","pallida","Acropyga pallida","","Queensland","Australia","","",NA,"point","-25.9667","153.15"
"http://antweb.org/api/v2/?occurrenceId=CAS:ANTWEB:anic32-018512","anic32-018512","formicidae","formicinae","Acropyga","pallida","Acropyga pallida","","Queensland","Australia","","",NA,"point","-25.9667","153.15"
"http://antweb.org/api/v2/?occurrenceId=CAS:ANTWEB:anic32-018513","anic32-018513","formicidae","formicinae","Acropyga","pallida","Acropyga pallida","","Queensland","Australia","","",NA,"point","-25.9667","153.15"
"http://antweb.org/api/v2/?occurrenceId=CAS:ANTWEB:anic32-018514","anic32-018514","formicidae","formicinae","Acropyga","pallida","Acropyga pallida","","Queensland","Australia","","",NA,"point","-25.9667","153.15"
"http://antweb.org/api/v2/?occurrenceId=CAS:ANTWEB:anic32-018515","anic32-018515","formicidae","formicinae","Acropyga","pallida","Acropyga pallida","","Queensland","Australia","","",NA,"point","-25.9667","153.15"
"http://antweb.org/api/v2/?occurrenceId=CAS:ANTWEB:anic32-018516","anic32-018516","formicidae","formicinae","Acropyga","pallida","Acropyga pallida","","New South Wales","Australia","","Relict rainforest",45,"point","-34.7833","150.75"
"http://antweb.org/api/v2/?occurrenceId=CAS:ANTWEB:anic32-018517","anic32-018517","formicidae","formicinae","Acropyga","pallida","Acropyga pallida","","New South Wales","Australia","","Beach scrub",NA,"point","-34.8167","150.85"
"http://antweb.org/api/v2/?occurrenceId=CAS:ANTWEB:anic32-018518","anic32-018518","formicidae","formicinae","Acropyga","pallida","Acropyga pallida","","New South Wales","Australia","","Dry sclerophyll",91,"point","-28.3333","153.4"
"http://antweb.org/api/v2/?occurrenceId=CAS:ANTWEB:anic32-018519","anic32-018519","formicidae","formicinae","Acropyga","pallida","Acropyga pallida","","New South Wales","Australia","","Rainforest",NA,"point","-28.5333","153.55"
"http://antweb.org/api/v2/?occurrenceId=CAS:ANTWEB:anic32-018520","anic32-018520","formicidae","formicinae","Acropyga","pallida","Acropyga pallida","","New South Wales","Australia","","Rainforest Under stone",50,"point","-34.15","151.017"
"http://antweb.org/api/v2/?occurrenceId=CAS:ANTWEB:anic32-018521","anic32-018521","formicidae","formicinae","Acropyga","pallida","Acropyga pallida","","Queensland","Australia","","Dry sclerophyll",NA,"point","-21.15","149.183"
"http://antweb.org/api/v2/?occurrenceId=CAS:ANTWEB:anic32-018522","anic32-018522","formicidae","formicinae","Acropyga","pallida","Acropyga pallida","","Queensland","Australia","","Dry sclerophyll In black soil",NA,"point","-21.15","149.183"
"http://antweb.org/api/v2/?occurrenceId=CAS:ANTWEB:anic32-018523","anic32-018523","formicidae","formicinae","Acropyga","pallida","Acropyga pallida","","New South Wales","Australia","","Beach scrub",NA,"point","-34.7667","150.817"
"http://antweb.org/api/v2/?occurrenceId=CAS:ANTWEB:anic32-018526","anic32-018526","formicidae","formicinae","Acropyga","pallida","Acropyga pallida","","New South Wales","Australia","","",NA,"point","-33.75","151.133"
"http://antweb.org/api/v2/?occurrenceId=CAS:ANTWEB:anic32-018527","anic32-018527","formicidae","formicinae","Acropyga","pallida","Acropyga pallida","","New South Wales","Australia","","Wet sclerophyll In clay soil",NA,"point","-28.2833","153.467"
"http://antweb.org/api/v2/?occurrenceId=CAS:ANTWEB:anic32-018528","anic32-018528","formicidae","formicinae","Acropyga","pallida","Acropyga pallida","","Northern Territory","Australia","","Rainforest",NA,"point","-12.7833","132.85"
"http://antweb.org/api/v2/?occurrenceId=CAS:ANTWEB:anic32-018529","anic32-018529","formicidae","formicinae","Acropyga","pallida","Acropyga pallida","","Northern Territory","Australia","","Rainforest Under stone",NA,"point","-12.8333","132.867"
"http://antweb.org/api/v2/?occurrenceId=CAS:ANTWEB:anic32-018530","anic32-018530","formicidae","formicinae","Acropyga","pallida","Acropyga pallida","","Northern Territory","Australia","","",NA,"point","-16.4667","136.15"
"http://antweb.org/api/v2/?occurrenceId=CAS:ANTWEB:anic32-018531","anic32-018531","formicidae","formicinae","Acropyga","pallida","Acropyga pallida","","Queensland","Australia","","",NA,"point","-15.8333","145.217"
"http://antweb.org/api/v2/?occurrenceId=CAS:ANTWEB:anic32-018532","anic32-018532","formicidae","formicinae","Acropyga","pallida","Acropyga pallida","","New South Wales","Australia","","E. maculata forest",15,"point","-28.4833","152.9"
"http://antweb.org/api/v2/?occurrenceId=CAS:ANTWEB:anic32-018533","anic32-018533","formicidae","formicinae","Acropyga","pallida","Acropyga pallida","","New South Wales","Australia","","Rainforest",NA,"point","-34.15","151.05"
"http://antweb.org/api/v2/?occurrenceId=CAS:ANTWEB:anic32-018534","anic32-018534","formicidae","formicinae","Acropyga","pallida","Acropyga pallida","","New South Wales","Australia","","",NA,"point","-33.75","151.217"
"http://antweb.org/api/v2/?occurrenceId=CAS:ANTWEB:anic32-018535","anic32-018535","formicidae","formicinae","Acropyga","pallida","Acropyga pallida","","Queensland","Australia","","Rainforest",NA,"point","-12.7333","143.283"
"http://antweb.org/api/v2/?occurrenceId=CAS:ANTWEB:anic32-018536","anic32-018536","formicidae","formicinae","Acropyga","pallida","Acropyga pallida","","Luzon","Philippines","","Rainforest Berlesate, litter",NA,NA,NA,NA
"http://antweb.org/api/v2/?occurrenceId=CAS:ANTWEB:anic32-018537","anic32-018537","formicidae","formicinae","Acropyga","pallida","Acropyga pallida","","Morobe","Papua New Guinea","","Rainforest Ex small fragment rtn. wood",220,"point","-6.63333","146.9"
"http://antweb.org/api/v2/?occurrenceId=CAS:ANTWEB:anic32-018538","anic32-018538","formicidae","formicinae","Acropyga","pallida","Acropyga pallida","","","Philippines","","Relict rainforest Steep slopes",250,"point","14.6667","121.6"
"http://antweb.org/api/v2/?occurrenceId=CAS:ANTWEB:anic32-018641","anic32-018641","formicidae","formicinae","Acropyga","pallida","Acropyga pallida","","Western Australia","Australia","","",NA,"point","-34.9833","116.733"
"http://antweb.org/api/v2/?occurrenceId=CAS:ANTWEB:anic32-018642","anic32-018642","formicidae","formicinae","Acropyga","pallida","Acropyga pallida","","Victoria","Australia","","",NA,"point","-36.65","141.283"
"http://antweb.org/api/v2/?occurrenceId=CAS:ANTWEB:anic32-018646","anic32-018646","formicidae","formicinae","Acropyga","pallida","Acropyga pallida","","Western Australia","Australia","","",NA,"point","-34.5","115.083"
"http://antweb.org/api/v2/?occurrenceId=CAS:ANTWEB:anic32-018720","anic32-018720","formicidae","formicinae","Acropyga","pallida","Acropyga pallida","","Queensland","Australia","","Rainforest Baited pitfall trap",760,"point","-16.05","145.4"
"http://antweb.org/api/v2/?occurrenceId=CAS:ANTWEB:anic32-018721","anic32-018721","formicidae","formicinae","Acropyga","pallida","Acropyga pallida","","Queensland","Australia","","Rainforest Ex rtn. wood piece",NA,"point","-12.7333","143.3"
"http://antweb.org/api/v2/?occurrenceId=CAS:ANTWEB:anic32-018722","anic32-018722","formicidae","formicinae","Acropyga","pallida","Acropyga pallida","","Queensland","Australia","","Rainforest",NA,"point","-12.7","143.3"
"http://antweb.org/api/v2/?occurrenceId=CAS:ANTWEB:anic32-018723","anic32-018723","formicidae","formicinae","Acropyga","pallida","Acropyga pallida","","Queensland","Australia","","",NA,"point","-10.1667","142.333"
"http://antweb.org/api/v2/?occurrenceId=CAS:ANTWEB:anic32-018724","anic32-018724","formicidae","formicinae","Acropyga","pallida","Acropyga pallida","","Queensland","Australia","","",700,"point","-18.2167","145.8"
"http://antweb.org/api/v2/?occurrenceId=CAS:ANTWEB:anic32-018725","anic32-018725","formicidae","formicinae","Acropyga","pallida","Acropyga pallida","","Northern Territory","Australia","","rainforest In soil, under wood",NA,"point","-12.9167","132.933"
"http://antweb.org/api/v2/?occurrenceId=CAS:ANTWEB:anic32-018726","anic32-018726","formicidae","formicinae","Acropyga","pallida","Acropyga pallida","","Northern Territory","Australia","","",NA,"point","-12.8333","132.85"
"http://antweb.org/api/v2/?occurrenceId=CAS:ANTWEB:anic32-018727","anic32-018727","formicidae","formicinae","Acropyga","pallida","Acropyga pallida","","Northern Territory","Australia","","Rainforest",NA,"point","-12.7833","132.85"
"http://antweb.org/api/v2/?occurrenceId=CAS:ANTWEB:anic32-018728","anic32-018728","formicidae","formicinae","Acropyga","pallida","Acropyga pallida","","Northern Territory","Australia","","Rainforest Ex small fragment rtn. wood",NA,"point","-12.7833","132.85"
"http://antweb.org/api/v2/?occurrenceId=CAS:ANTWEB:anic32-018729","anic32-018729","formicidae","formicinae","Acropyga","pallida","Acropyga pallida","","Northern Territory","Australia","","Rainforest In soil, under wood",NA,"point","-12.7833","132.85"
"http://antweb.org/api/v2/?occurrenceId=CAS:ANTWEB:anic32-018730","anic32-018730","formicidae","formicinae","Acropyga","pallida","Acropyga pallida","","Northern Territory","Australia","","Rainforest",NA,"point","-12.9167","132.933"
"http://antweb.org/api/v2/?occurrenceId=CAS:ANTWEB:anic32-018731","anic32-018731","formicidae","formicinae","Acropyga","pallida","Acropyga pallida","","Queensland","Australia","","Rainforest",60,"point","-22.85","150.65"
"http://antweb.org/api/v2/?occurrenceId=CAS:ANTWEB:anic32-018732","anic32-018732","formicidae","formicinae","Acropyga","pallida","Acropyga pallida","","Northern Territory","Australia","","Outcrop area",NA,"point","-11.9833","133.083"
"http://antweb.org/api/v2/?occurrenceId=CAS:ANTWEB:anic32-018733","anic32-018733","formicidae","formicinae","Acropyga","pallida","Acropyga pallida","","Queensland","Australia","","Dry sclerophyll woods Under stone",NA,"point","-27.9167","153.15"
"http://antweb.org/api/v2/?occurrenceId=CAS:ANTWEB:anic32-018734","anic32-018734","formicidae","formicinae","Acropyga","pallida","Acropyga pallida","","Queensland","Australia","","Dry sclerophyll woods Under stone",NA,"point","-20.4","148.717"
"http://antweb.org/api/v2/?occurrenceId=CAS:ANTWEB:anic32-018735","anic32-018735","formicidae","formicinae","Acropyga","pallida","Acropyga pallida","","Queensland","Australia","","Dry sclerophyll woods Under stone",NA,"point","-20.4","148.717"
"http://antweb.org/api/v2/?occurrenceId=CAS:ANTWEB:anic32-018736","anic32-018736","formicidae","formicinae","Acropyga","pallida","Acropyga pallida","","Queensland","Australia","","Dry sclerophyll woods Under stone",NA,"point","-20.4","148.717"
"http://antweb.org/api/v2/?occurrenceId=CAS:ANTWEB:anic32-018742","anic32-018742","formicidae","formicinae","Acropyga","pallida","Acropyga pallida","","New South Wales","Australia","","Wet sclerophyll",NA,"point","-35.55","150"
"http://antweb.org/api/v2/?occurrenceId=CAS:ANTWEB:anic32-018743","anic32-018743","formicidae","formicinae","Acropyga","pallida","Acropyga pallida","","New South Wales","Australia","","Dry sclerophyll",45,"point","-33.8167","151.167"
"http://antweb.org/api/v2/?occurrenceId=CAS:ANTWEB:anic32-018744","anic32-018744","formicidae","formicinae","Acropyga","pallida","Acropyga pallida","","Western Australia","Australia","","",NA,"point","-32.9833","121.65"
"http://antweb.org/api/v2/?occurrenceId=CAS:ANTWEB:anic32-018745","anic32-018745","formicidae","formicinae","Acropyga","pallida","Acropyga pallida","","Australian Capital Territory","Australia","","Dry sclerophyll",NA,"point","-35.2667","149.1"
"http://antweb.org/api/v2/?occurrenceId=CAS:ANTWEB:anic32-018746","anic32-018746","formicidae","formicinae","Acropyga","pallida","Acropyga pallida","","Australian Capital Territory","Australia","","Dry sclerophyll",762,"point","-35.2667","149.1"
"http://antweb.org/api/v2/?occurrenceId=CAS:ANTWEB:anic32-018747","anic32-018747","formicidae","formicinae","Acropyga","pallida","Acropyga pallida","","Australian Capital Territory","Australia","","Dry sclerophyll",NA,"point","-35.3","149.15"
"http://antweb.org/api/v2/?occurrenceId=CAS:ANTWEB:anic32-018748","anic32-018748","formicidae","formicinae","Acropyga","pallida","Acropyga pallida","","Victoria","Australia","","Dry sclerophyll",NA,"point","-37.0833","144.267"
"http://antweb.org/api/v2/?occurrenceId=CAS:ANTWEB:anic32-018749","anic32-018749","formicidae","formicinae","Acropyga","pallida","Acropyga pallida","","Australian Capital Territory","Australia","","Dry sclerophyll",NA,"point","-35.3333","148.933"
"http://antweb.org/api/v2/?occurrenceId=CAS:ANTWEB:anic32-018750","anic32-018750","formicidae","formicinae","Acropyga","pallida","Acropyga pallida","","New South Wales","Australia","","Wet sclerophyll",NA,"point","-34.1667","151.083"
"http://antweb.org/api/v2/?occurrenceId=CAS:ANTWEB:anic32-018751","anic32-018751","formicidae","formicinae","Acropyga","pallida","Acropyga pallida","","Victoria","Australia","","Dry sclerophyll",304,"point","-37.35","141.067"
"http://antweb.org/api/v2/?occurrenceId=CAS:ANTWEB:anic32-018752","anic32-018752","formicidae","formicinae","Acropyga","pallida","Acropyga pallida","","New South Wales","Australia","","Dry sandy sclerophyll",NA,"point","-33.9","148.167"
"http://antweb.org/api/v2/?occurrenceId=CAS:ANTWEB:anic32-018753","anic32-018753","formicidae","formicinae","Acropyga","pallida","Acropyga pallida","","Victoria","Australia","","Dry sclerophyll",152,"point","-37.5667","144.4"
"http://antweb.org/api/v2/?occurrenceId=CAS:ANTWEB:anic32-018754","anic32-018754","formicidae","formicinae","Acropyga","pallida","Acropyga pallida","","New South Wales","Australia","","Sandstone plateau",152,"point","-33.5833","151.167"
"http://antweb.org/api/v2/?occurrenceId=CAS:ANTWEB:anic32-018755","anic32-018755","formicidae","formicinae","Acropyga","pallida","Acropyga pallida","","New South Wales","Australia","","Box Callytris forest In soil",NA,"point","-35.6833","145.917"
"http://antweb.org/api/v2/?occurrenceId=CAS:ANTWEB:anic32-018756","anic32-018756","formicidae","formicinae","Acropyga","pallida","Acropyga pallida","","New South Wales","Australia","","Callytris forest",NA,"point","-35.6833","145.917"
"http://antweb.org/api/v2/?occurrenceId=CAS:ANTWEB:anic32-018757","anic32-018757","formicidae","formicinae","Acropyga","pallida","Acropyga pallida","","South Australia","Australia","","Dry sclerophyll",304,"point","-33.8833","138.633"
"http://antweb.org/api/v2/?occurrenceId=CAS:ANTWEB:anic32-018760","anic32-018760","formicidae","formicinae","Acropyga","pallida","Acropyga pallida","","Queensland","Australia","","Rainforest Sieved litter, berlesate",1054,"point","-17.2667","145.867"
"http://antweb.org/api/v2/?occurrenceId=CAS:ANTWEB:anic32-018761","anic32-018761","formicidae","formicinae","Acropyga","pallida","Acropyga pallida","","Queensland","Australia","","Rainforest Root debris, Berlesate",1054,"point","-17.2667","145.867"
"http://antweb.org/api/v2/?occurrenceId=CAS:ANTWEB:anic32-018763","anic32-018763","formicidae","formicinae","Acropyga","pallida","Acropyga pallida","","Queensland","Australia","","Rainforest Stick brushings, Berlesate",NA,"point","-28.05","153.117"
"http://antweb.org/api/v2/?occurrenceId=CAS:ANTWEB:anic32-018764","anic32-018764","formicidae","formicinae","Acropyga","pallida","Acropyga pallida","","Queensland","Australia","","Rainforest Sieved litter, Berlesate",500,"point","-16.0833","145.483"
"http://antweb.org/api/v2/?occurrenceId=CAS:ANTWEB:anic32-018768","anic32-018768","formicidae","formicinae","Acropyga","pallida","Acropyga pallida","","New South Wales","Australia","","Dry sclerophyll",1200,"point","-34.05","150.083"
"http://antweb.org/api/v2/?occurrenceId=CAS:ANTWEB:anic32-018773","anic32-018773","formicidae","formicinae","Acropyga","pallida","Acropyga pallida","","New South Wales","Australia","","Dry sclerophyll",NA,"point","-35.95","149.15"
"http://antweb.org/api/v2/?occurrenceId=CAS:ANTWEB:anic32-018777","anic32-018777","formicidae","formicinae","Acropyga","pallida","Acropyga pallida","","New South Wales","Australia","","Wet sclerophyll",NA,"point","-33.55","151.3"
"http://antweb.org/api/v2/?occurrenceId=CAS:ANTWEB:anic32-018789","anic32-018789","formicidae","formicinae","Acropyga","pallida","Acropyga pallida","","New South Wales","Australia","","Med. sclerophyll",NA,"point","-32.9167","151.517"
"http://antweb.org/api/v2/?occurrenceId=CAS:ANTWEB:anic32-018792","anic32-018792","formicidae","formicinae","Acropyga","pallida","Acropyga pallida","","Queensland","Australia","","Euc. woodland Under stone",120,"point","-17.2167","145.75"
"http://antweb.org/api/v2/?occurrenceId=CAS:ANTWEB:anic32-018793","anic32-018793","formicidae","formicinae","Acropyga","pallida","Acropyga pallida","","New South Wales","Australia","","Wet sclerophyll",NA,"point","-34.15","151.017"
"http://antweb.org/api/v2/?occurrenceId=CAS:ANTWEB:anic32-018794","anic32-018794","formicidae","formicinae","Acropyga","pallida","Acropyga pallida","","New South Wales","Australia","","Wet sclerophyll",NA,"point","-34.15","151.017"
"http://antweb.org/api/v2/?occurrenceId=CAS:ANTWEB:anic32-018803","anic32-018803","formicidae","formicinae","Acropyga","pallida","Acropyga pallida","","New Georgia","Solomon Islands","","",609,"point","-8.08333","156.783"
"http://antweb.org/api/v2/?occurrenceId=CAS:ANTWEB:anic32-018808","anic32-018808","formicidae","formicinae","Acropyga","pallida","Acropyga pallida","","Lombok","Indonesia","","",NA,NA,NA,NA
"http://antweb.org/api/v2/?occurrenceId=CAS:ANTWEB:anic32-018809","anic32-018809","formicidae","formicinae","Acropyga","pallida","Acropyga pallida","","New South Wales","Australia","","",NA,"point","-33.1","151.417"
"http://antweb.org/api/v2/?occurrenceId=CAS:ANTWEB:anic32-018810","anic32-018810","formicidae","formicinae","Acropyga","pallida","Acropyga pallida","","New South Wales","Australia","","",NA,"point","-33.1","151.417"
"http://antweb.org/api/v2/?occurrenceId=CAS:ANTWEB:anic32-018811","anic32-018811","formicidae","formicinae","Acropyga","pallida","Acropyga pallida","","New South Wales","Australia","","",NA,"point","-31.65","152.783"
"http://antweb.org/api/v2/?occurrenceId=CAS:ANTWEB:anic32-041229","anic32-041229","formicidae","formicinae","Acropyga","pallida","Acropyga pallida","","New South Wales","Australia","","Eucalyptus open forest under stone",40,"point","-35.7167","150.217"
"http://antweb.org/api/v2/?occurrenceId=CAS:ANTWEB:anic32-043029","anic32-043029","formicidae","formicinae","Acropyga","pallida","Acropyga pallida","","Queensland","Australia","","",NA,"point","-12.6667","142.65"
"http://antweb.org/api/v2/?occurrenceId=CAS:ANTWEB:anic32-043033","anic32-043033","formicidae","formicinae","Acropyga","pallida","Acropyga pallida","","Queensland","Australia","","",NA,"point","-12.6667","142.65"
"http://antweb.org/api/v2/?occurrenceId=CAS:ANTWEB:anic32-043387","anic32-043387","formicidae","formicinae","Acropyga","pallida","Acropyga pallida","","Queensland","Australia","","",NA,"point","-12.6667","143"
"http://antweb.org/api/v2/?occurrenceId=CAS:ANTWEB:anic32-043388","anic32-043388","formicidae","formicinae","Acropyga","pallida","Acropyga pallida","","Queensland","Australia","","",NA,"point","-12.6667","143"
"http://antweb.org/api/v2/?occurrenceId=CAS:ANTWEB:anic32-059578","anic32-059578","formicidae","formicinae","Acropyga","pallida","Acropyga pallida","","New South Wales","Australia","","",NA,"point","-32.4333","152.533"
"http://antweb.org/api/v2/?occurrenceId=CAS:ANTWEB:anic32-059584","anic32-059584","formicidae","formicinae","Acropyga","pallida","Acropyga pallida","","New South Wales","Australia","","",NA,"point","-32.4333","152.533"
"http://antweb.org/api/v2/?occurrenceId=CAS:ANTWEB:casent0249913","casent0249913","formicidae","formicinae","Acropyga","pallida","Acropyga pallida","","New South Wales","Australia","","wet sclerophyll under stone",30,"point","-33.55","151.3"
"http://antweb.org/api/v2/?occurrenceId=CAS:ANTWEB:casent0903176","casent0903176","formicidae","formicinae","Acropyga","pallida","Acropyga pallida","Holotype of Acropyga pallida","West Papua","Indonesia","","",1067,NA,NA,NA
"http://antweb.org/api/v2/?occurrenceId=CAS:ANTWEB:jdm32-000902","jdm32-000902","formicidae","formicinae","Acropyga","pallida","Acropyga pallida","","Queensland","Australia","","",NA,"point","-27.4833","152.95"
