"url","catalogNumber","family","subfamily","genus","specificEpithet","scientific_name","typeStatus","stateProvince","country","dateIdentified","habitat","minimumElevationInMeters","geojson.type","decimal_latitude","decimal_longitude"
"http://antweb.org/api/v2/?occurrenceId=CAS:ANTWEB:casent0619182","casent0619182","formicidae","formicinae","Acropyga","keira","Acropyga keira","","Heredia","Costa Rica","2004-05-28","lowland rainforest galleries in clay soil",50,"point","10.433333","-84.01667"
"http://antweb.org/api/v2/?occurrenceId=CAS:ANTWEB:inb0003694175","inb0003694175","formicidae","formicinae","Acropyga","keira","Acropyga keira","","Heredia","Costa Rica","2006-09-05","mature wet forest ex sifted leaf litter",50,"point","10.417226","-84.0153"
"http://antweb.org/api/v2/?occurrenceId=CAS:ANTWEB:inb0003697635","inb0003697635","formicidae","formicinae","Acropyga","keira","Acropyga keira","","Heredia","Costa Rica","2007-04-03","mature wet forest ex sifted leaf litter",50,"point","10.417754","-84.01943"
"http://antweb.org/api/v2/?occurrenceId=CAS:ANTWEB:inb0003698377","inb0003698377","formicidae","formicinae","Acropyga","keira","Acropyga keira","","Heredia","Costa Rica","2007-04-03","mature wet forest ex sifted leaf litter",160,"point","10.398633","-84.03908"
"http://antweb.org/api/v2/?occurrenceId=CAS:ANTWEB:inb0003698412","inb0003698412","formicidae","formicinae","Acropyga","keira","Acropyga keira","","Heredia","Costa Rica","2007-04-03","mature wet forest ex sifted leaf litter",160,"point","10.398441","-84.039276"
"http://antweb.org/api/v2/?occurrenceId=CAS:ANTWEB:inbiocri001238061","inbiocri001238061","formicidae","formicinae","Acropyga","keira","Acropyga keira","","Heredia","Costa Rica","2004-05-28","lowland rainforest galleries in clay soil",50,"point","10.433333","-84.01667"
"http://antweb.org/api/v2/?occurrenceId=CAS:ANTWEB:inbiocri001238062","inbiocri001238062","formicidae","formicinae","Acropyga","keira","Acropyga keira","holotype Acropyga keira","Heredia","Costa Rica","2003-12-18","lowland rainforest galleries in clay soil",50,"point","10.433333","-84.01667"
"http://antweb.org/api/v2/?occurrenceId=CAS:ANTWEB:inbiocri001253862","inbiocri001253862","formicidae","formicinae","Acropyga","keira","Acropyga keira","","Heredia","Costa Rica","2006-01-15","CES 700.350 GIS Hojarasca",50,"point","10.433333","-84.01667"
"http://antweb.org/api/v2/?occurrenceId=CAS:ANTWEB:inbiocri002281416","inbiocri002281416","formicidae","formicinae","Acropyga","keira","Acropyga keira","","Heredia","Costa Rica","2006-01-15","Puesto 12,212g.,10m.",50,"point","10.435842","-84.011375"
"http://antweb.org/api/v2/?occurrenceId=CAS:ANTWEB:jtlc000007635","jtlc000007635","formicidae","formicinae","Acropyga","keira","Acropyga keira","","Heredia","Costa Rica","2006-01-15","Puesto5,12g,10m",50,"point","10.4242525","-84.00839"
"http://antweb.org/api/v2/?occurrenceId=CAS:ANTWEB:jtlc000007637","jtlc000007637","formicidae","formicinae","Acropyga","keira","Acropyga keira","","Heredia","Costa Rica","2006-01-15","Puesto5,12g,10m",50,"point","10.4242525","-84.00839"
"http://antweb.org/api/v2/?occurrenceId=CAS:ANTWEB:jtlc000007730","jtlc000007730","formicidae","formicinae","Acropyga","keira","Acropyga keira","","Heredia","Costa Rica","2006-01-15","Trampa4,316G,10m.",50,"point","10.42545","-84.00344"
"http://antweb.org/api/v2/?occurrenceId=CAS:ANTWEB:jtlc000007733","jtlc000007733","formicidae","formicinae","Acropyga","keira","Acropyga keira","","Heredia","Costa Rica","2006-01-15","Puesto12,318g,10m",50,"point","10.435842","-84.011375"
"http://antweb.org/api/v2/?occurrenceId=CAS:ANTWEB:jtlc000007734","jtlc000007734","formicidae","formicinae","Acropyga","keira","Acropyga keira","","Heredia","Costa Rica","2006-01-15","Puesto12,318g,10m",50,"point","10.435842","-84.011375"
