"url","catalogNumber","family","subfamily","genus","specificEpithet","scientific_name","typeStatus","stateProvince","country","dateIdentified","habitat","minimumElevationInMeters"
"http://antweb.org/api/v2/?occurrenceId=CAS:ANTWEB:casent0281786","casent0281786","formicidae","myrmicinae","Acromyrmex","ambiguus","Acromyrmex ambiguus","","Sao Paulo","Brazil","","",NA
"http://antweb.org/api/v2/?occurrenceId=CAS:ANTWEB:casent0905001","casent0905001","formicidae","myrmicinae","Acromyrmex","ambiguus","Acromyrmex ambiguus","syntype of Atta lundi ambigua","","","","",NA
"http://antweb.org/api/v2/?occurrenceId=CAS:ANTWEB:casent0912439","casent0912439","formicidae","myrmicinae","Acromyrmex","ambiguus","Acromyrmex ambiguus","syntype of Acromyrmex ambiguus erectus","Sao Paulo","Brazil","","",NA
"http://antweb.org/api/v2/?occurrenceId=CAS:ANTWEB:casent0922019","casent0922019","formicidae","myrmicinae","Acromyrmex","ambiguus","Acromyrmex ambiguus","","La Paz","Bolivia","1993-12-31","cleared montane rainforest",1350
