"url","catalogNumber","family","subfamily","genus","specificEpithet","scientific_name","typeStatus","stateProvince","country","dateIdentified","habitat","minimumElevationInMeters","geojson.type","decimal_latitude","decimal_longitude"
"http://antweb.org/api/v2/?occurrenceId=CAS:ANTWEB:anic32-007200","anic32-007200","formicidae","formicinae","Acropyga","myops","Acropyga myops","","New South Wales","Australia","","Dry sclerophyll In soil",NA,"point","-28.4167","153.017"
"http://antweb.org/api/v2/?occurrenceId=CAS:ANTWEB:anic32-013519","anic32-013519","formicidae","formicinae","Acropyga","myops","Acropyga myops","","New South Wales","Australia","","",NA,"point","-35.65","150.067"
"http://antweb.org/api/v2/?occurrenceId=CAS:ANTWEB:anic32-018539","anic32-018539","formicidae","formicinae","Acropyga","myops","Acropyga myops","","New South Wales","Australia","","Wet sclerophyll",NA,"point","-32.4","152.217"
"http://antweb.org/api/v2/?occurrenceId=CAS:ANTWEB:anic32-018540","anic32-018540","formicidae","formicinae","Acropyga","myops","Acropyga myops","","New South Wales","Australia","","Dry box sclero.",NA,"point","-34.3667","148.733"
"http://antweb.org/api/v2/?occurrenceId=CAS:ANTWEB:anic32-018541","anic32-018541","formicidae","formicinae","Acropyga","myops","Acropyga myops","","New South Wales","Australia","","Wet sclerophyll",NA,"point","-36.9667","149.933"
"http://antweb.org/api/v2/?occurrenceId=CAS:ANTWEB:anic32-018542","anic32-018542","formicidae","formicinae","Acropyga","myops","Acropyga myops","","New South Wales","Australia","","Dry sclerophyll",15,"point","-28.4833","152.9"
"http://antweb.org/api/v2/?occurrenceId=CAS:ANTWEB:anic32-018543","anic32-018543","formicidae","formicinae","Acropyga","myops","Acropyga myops","","New South Wales","Australia","","Dry sclerophyll",213,"point","-28.3333","153.317"
"http://antweb.org/api/v2/?occurrenceId=CAS:ANTWEB:anic32-018544","anic32-018544","formicidae","formicinae","Acropyga","myops","Acropyga myops","","New South Wales","Australia","","",NA,"point","-34.9","148.983"
"http://antweb.org/api/v2/?occurrenceId=CAS:ANTWEB:anic32-018545","anic32-018545","formicidae","formicinae","Acropyga","myops","Acropyga myops","","Queensland","Australia","","",NA,"point","-25.9667","153.15"
"http://antweb.org/api/v2/?occurrenceId=CAS:ANTWEB:anic32-018546","anic32-018546","formicidae","formicinae","Acropyga","myops","Acropyga myops","","Queensland","Australia","","",NA,"point","-25.9667","153.15"
"http://antweb.org/api/v2/?occurrenceId=CAS:ANTWEB:anic32-018547","anic32-018547","formicidae","formicinae","Acropyga","myops","Acropyga myops","","Queensland","Australia","","",NA,"point","-25.9667","153.15"
"http://antweb.org/api/v2/?occurrenceId=CAS:ANTWEB:anic32-018548","anic32-018548","formicidae","formicinae","Acropyga","myops","Acropyga myops","","New South Wales","Australia","","Swampy sclerophyll",NA,"point","-32.65","151.967"
"http://antweb.org/api/v2/?occurrenceId=CAS:ANTWEB:anic32-018549","anic32-018549","formicidae","formicinae","Acropyga","myops","Acropyga myops","","New South Wales","Australia","","Box-Callytris forest",NA,"point","-33.6333","148.167"
"http://antweb.org/api/v2/?occurrenceId=CAS:ANTWEB:anic32-018550","anic32-018550","formicidae","formicinae","Acropyga","myops","Acropyga myops","","New South Wales","Australia","","Wet sclerophyll",NA,"point","-33.5833","150.65"
"http://antweb.org/api/v2/?occurrenceId=CAS:ANTWEB:anic32-018551","anic32-018551","formicidae","formicinae","Acropyga","myops","Acropyga myops","","New South Wales","Australia","","Dry sclerophyll",NA,"point","-36.8667","149.9"
"http://antweb.org/api/v2/?occurrenceId=CAS:ANTWEB:anic32-018552","anic32-018552","formicidae","formicinae","Acropyga","myops","Acropyga myops","","Queensland","Australia","","Brigalow scrub Under log, black soil",NA,"point","-24.6333","150.133"
"http://antweb.org/api/v2/?occurrenceId=CAS:ANTWEB:anic32-018553","anic32-018553","formicidae","formicinae","Acropyga","myops","Acropyga myops","","South Australia","Australia","","",NA,"point","-31.3667","138.717"
"http://antweb.org/api/v2/?occurrenceId=CAS:ANTWEB:anic32-018554","anic32-018554","formicidae","formicinae","Acropyga","myops","Acropyga myops","","South Australia","Australia","","",NA,"point","-31.3667","138.717"
"http://antweb.org/api/v2/?occurrenceId=CAS:ANTWEB:anic32-018555","anic32-018555","formicidae","formicinae","Acropyga","myops","Acropyga myops","","South Australia","Australia","","",NA,"point","-31.3667","138.717"
"http://antweb.org/api/v2/?occurrenceId=CAS:ANTWEB:anic32-018556","anic32-018556","formicidae","formicinae","Acropyga","myops","Acropyga myops","","South Australia","Australia","","",NA,"point","-32.8333","137.983"
"http://antweb.org/api/v2/?occurrenceId=CAS:ANTWEB:anic32-018557","anic32-018557","formicidae","formicinae","Acropyga","myops","Acropyga myops","","South Australia","Australia","","",NA,"point","-32.8333","137.983"
"http://antweb.org/api/v2/?occurrenceId=CAS:ANTWEB:anic32-018558","anic32-018558","formicidae","formicinae","Acropyga","myops","Acropyga myops","","South Australia","Australia","","",NA,"point","-31.8","138.817"
"http://antweb.org/api/v2/?occurrenceId=CAS:ANTWEB:anic32-018559","anic32-018559","formicidae","formicinae","Acropyga","myops","Acropyga myops","","South Australia","Australia","","",NA,"point","-32.7833","138.067"
"http://antweb.org/api/v2/?occurrenceId=CAS:ANTWEB:anic32-018560","anic32-018560","formicidae","formicinae","Acropyga","myops","Acropyga myops","","South Australia","Australia","","",NA,"point","-32.7833","138.067"
"http://antweb.org/api/v2/?occurrenceId=CAS:ANTWEB:anic32-018561","anic32-018561","formicidae","formicinae","Acropyga","myops","Acropyga myops","","South Australia","Australia","","",NA,"point","-32.8167","138.15"
"http://antweb.org/api/v2/?occurrenceId=CAS:ANTWEB:anic32-018562","anic32-018562","formicidae","formicinae","Acropyga","myops","Acropyga myops","","New South Wales","Australia","","Dry sclerophyll",NA,"point","-36.9","149.817"
"http://antweb.org/api/v2/?occurrenceId=CAS:ANTWEB:anic32-018563","anic32-018563","formicidae","formicinae","Acropyga","myops","Acropyga myops","","Queensland","Australia","","",NA,"point","-19.95","145.6"
"http://antweb.org/api/v2/?occurrenceId=CAS:ANTWEB:anic32-018564","anic32-018564","formicidae","formicinae","Acropyga","myops","Acropyga myops","","New South Wales","Australia","","",NA,"point","-30.35","152.467"
"http://antweb.org/api/v2/?occurrenceId=CAS:ANTWEB:anic32-018565","anic32-018565","formicidae","formicinae","Acropyga","myops","Acropyga myops","","South Australia","Australia","","",NA,"point","-31.3667","138.717"
"http://antweb.org/api/v2/?occurrenceId=CAS:ANTWEB:anic32-018566","anic32-018566","formicidae","formicinae","Acropyga","myops","Acropyga myops","","Queensland","Australia","","",NA,"point","-28.05","152.4"
"http://antweb.org/api/v2/?occurrenceId=CAS:ANTWEB:anic32-018567","anic32-018567","formicidae","formicinae","Acropyga","myops","Acropyga myops","","South Australia","Australia","","",NA,"point","-32.8167","138.6"
"http://antweb.org/api/v2/?occurrenceId=CAS:ANTWEB:anic32-018568","anic32-018568","formicidae","formicinae","Acropyga","myops","Acropyga myops","","New South Wales","Australia","","",NA,"point","-30.1833","152.933"
"http://antweb.org/api/v2/?occurrenceId=CAS:ANTWEB:anic32-018569","anic32-018569","formicidae","formicinae","Acropyga","myops","Acropyga myops","","New South Wales","Australia","","Dry sclerophyll",609,"point","-32.6","149.583"
"http://antweb.org/api/v2/?occurrenceId=CAS:ANTWEB:anic32-018570","anic32-018570","formicidae","formicinae","Acropyga","myops","Acropyga myops","","Queensland","Australia","","Dry sclerophyll",NA,"point","-24.6167","150.717"
"http://antweb.org/api/v2/?occurrenceId=CAS:ANTWEB:anic32-018571","anic32-018571","formicidae","formicinae","Acropyga","myops","Acropyga myops","","Queensland","Australia","","Dry sclerophyll Under rock",NA,"point","-24.6167","150.717"
"http://antweb.org/api/v2/?occurrenceId=CAS:ANTWEB:anic32-018572","anic32-018572","formicidae","formicinae","Acropyga","myops","Acropyga myops","","Northern Territory","Australia","","rainforest",NA,"point","-12.9167","132.933"
"http://antweb.org/api/v2/?occurrenceId=CAS:ANTWEB:anic32-018573","anic32-018573","formicidae","formicinae","Acropyga","myops","Acropyga myops","","New South Wales","Australia","","Coastal scrub",NA,"point","-34.8167","150.767"
"http://antweb.org/api/v2/?occurrenceId=CAS:ANTWEB:anic32-018574","anic32-018574","formicidae","formicinae","Acropyga","myops","Acropyga myops","","Queensland","Australia","","Dry sclerophyll",NA,"point","-21.2833","148.95"
"http://antweb.org/api/v2/?occurrenceId=CAS:ANTWEB:anic32-018575","anic32-018575","formicidae","formicinae","Acropyga","myops","Acropyga myops","","New South Wales","Australia","","Dry sclerophyll",NA,"point","-30.8833","153.067"
"http://antweb.org/api/v2/?occurrenceId=CAS:ANTWEB:anic32-018576","anic32-018576","formicidae","formicinae","Acropyga","myops","Acropyga myops","","New South Wales","Australia","","Dry sclerophyll",NA,NA,NA,NA
"http://antweb.org/api/v2/?occurrenceId=CAS:ANTWEB:anic32-018577","anic32-018577","formicidae","formicinae","Acropyga","myops","Acropyga myops","","New South Wales","Australia","","Dry sclerophyll Under rock",NA,"point","-36.7833","148.933"
"http://antweb.org/api/v2/?occurrenceId=CAS:ANTWEB:anic32-018578","anic32-018578","formicidae","formicinae","Acropyga","myops","Acropyga myops","","New South Wales","Australia","","Dry sclerophyll",NA,"point","-34.5167","148.033"
"http://antweb.org/api/v2/?occurrenceId=CAS:ANTWEB:anic32-018579","anic32-018579","formicidae","formicinae","Acropyga","myops","Acropyga myops","","New South Wales","Australia","","Wet sclerophyll",NA,"point","-33.3833","151.167"
"http://antweb.org/api/v2/?occurrenceId=CAS:ANTWEB:anic32-018580","anic32-018580","formicidae","formicinae","Acropyga","myops","Acropyga myops","","Queensland","Australia","","Dry sclerophyll",NA,"point","-17.6","145.483"
"http://antweb.org/api/v2/?occurrenceId=CAS:ANTWEB:anic32-018581","anic32-018581","formicidae","formicinae","Acropyga","myops","Acropyga myops","","New South Wales","Australia","","Dry sclerophyll",NA,NA,NA,NA
"http://antweb.org/api/v2/?occurrenceId=CAS:ANTWEB:anic32-018582","anic32-018582","formicidae","formicinae","Acropyga","myops","Acropyga myops","","New South Wales","Australia","","Dry sclerophyll In soil",NA,"point","-32.3833","148.617"
"http://antweb.org/api/v2/?occurrenceId=CAS:ANTWEB:anic32-018583","anic32-018583","formicidae","formicinae","Acropyga","myops","Acropyga myops","","Queensland","Australia","","Dry sclerophyll",NA,"point","-17","145.433"
"http://antweb.org/api/v2/?occurrenceId=CAS:ANTWEB:anic32-018584","anic32-018584","formicidae","formicinae","Acropyga","myops","Acropyga myops","","Queensland","Australia","","Dry sclerophyll Under rock",NA,"point","-17","145.433"
"http://antweb.org/api/v2/?occurrenceId=CAS:ANTWEB:anic32-018585","anic32-018585","formicidae","formicinae","Acropyga","myops","Acropyga myops","","Queensland","Australia","","Med. sclerophyll",NA,"point","-27.4667","153.033"
"http://antweb.org/api/v2/?occurrenceId=CAS:ANTWEB:anic32-018586","anic32-018586","formicidae","formicinae","Acropyga","myops","Acropyga myops","","Queensland","Australia","","Med. sclerophyll Under rock",121,"point","-27.4667","153.033"
"http://antweb.org/api/v2/?occurrenceId=CAS:ANTWEB:anic32-018587","anic32-018587","formicidae","formicinae","Acropyga","myops","Acropyga myops","","Queensland","Australia","","Rainforest",NA,"point","-17.35","145.933"
"http://antweb.org/api/v2/?occurrenceId=CAS:ANTWEB:anic32-018588","anic32-018588","formicidae","formicinae","Acropyga","myops","Acropyga myops","","Queensland","Australia","","Dry sclerophyll Internite mound",NA,"point","-17.6833","145.017"
"http://antweb.org/api/v2/?occurrenceId=CAS:ANTWEB:anic32-018589","anic32-018589","formicidae","formicinae","Acropyga","myops","Acropyga myops","","Queensland","Australia","","Dry sclerophyll",NA,"point","-17.6833","145.017"
"http://antweb.org/api/v2/?occurrenceId=CAS:ANTWEB:anic32-018590","anic32-018590","formicidae","formicinae","Acropyga","myops","Acropyga myops","","Queensland","Australia","","Dry sclerophyll",NA,NA,NA,NA
"http://antweb.org/api/v2/?occurrenceId=CAS:ANTWEB:anic32-018591","anic32-018591","formicidae","formicinae","Acropyga","myops","Acropyga myops","","Queensland","Australia","","Dry sclerophyll",NA,"point","-23.7667","144.4"
"http://antweb.org/api/v2/?occurrenceId=CAS:ANTWEB:anic32-018592","anic32-018592","formicidae","formicinae","Acropyga","myops","Acropyga myops","","Queensland","Australia","","Rainforest",NA,"point","-16.25","145.317"
"http://antweb.org/api/v2/?occurrenceId=CAS:ANTWEB:anic32-018593","anic32-018593","formicidae","formicinae","Acropyga","myops","Acropyga myops","","New South Wales","Australia","","",NA,"point","-30.4333","153.033"
"http://antweb.org/api/v2/?occurrenceId=CAS:ANTWEB:anic32-018594","anic32-018594","formicidae","formicinae","Acropyga","myops","Acropyga myops","","New South Wales","Australia","","",NA,"point","-33.75","151.217"
"http://antweb.org/api/v2/?occurrenceId=CAS:ANTWEB:anic32-018595","anic32-018595","formicidae","formicinae","Acropyga","myops","Acropyga myops","","New South Wales","Australia","","",NA,"point","-30.8833","147.067"
"http://antweb.org/api/v2/?occurrenceId=CAS:ANTWEB:anic32-018596","anic32-018596","formicidae","formicinae","Acropyga","myops","Acropyga myops","","South Australia","Australia","","",NA,"point","-33.85","138.483"
"http://antweb.org/api/v2/?occurrenceId=CAS:ANTWEB:anic32-018597","anic32-018597","formicidae","formicinae","Acropyga","myops","Acropyga myops","","New South Wales","Australia","","",NA,"point","-32.9167","147.7"
"http://antweb.org/api/v2/?occurrenceId=CAS:ANTWEB:anic32-018598","anic32-018598","formicidae","formicinae","Acropyga","myops","Acropyga myops","","Western Australia","Australia","","Dry sclerophyll In sandy soil",NA,"point","-33.85","121.883"
"http://antweb.org/api/v2/?occurrenceId=CAS:ANTWEB:anic32-018599","anic32-018599","formicidae","formicinae","Acropyga","myops","Acropyga myops","","Queensland","Australia","","Dry sclerophyl",NA,"point","-26.6667","150.183"
"http://antweb.org/api/v2/?occurrenceId=CAS:ANTWEB:anic32-018600","anic32-018600","formicidae","formicinae","Acropyga","myops","Acropyga myops","","Western Australia","Australia","","",NA,"point","-31.9","116.167"
"http://antweb.org/api/v2/?occurrenceId=CAS:ANTWEB:anic32-018601","anic32-018601","formicidae","formicinae","Acropyga","myops","Acropyga myops","","New South Wales","Australia","","",NA,"point","-35.6333","150.267"
"http://antweb.org/api/v2/?occurrenceId=CAS:ANTWEB:anic32-018602","anic32-018602","formicidae","formicinae","Acropyga","myops","Acropyga myops","","South Australia","Australia","","Poor limestone mallee Under rock",NA,"point","-35.1167","139.267"
"http://antweb.org/api/v2/?occurrenceId=CAS:ANTWEB:anic32-018603","anic32-018603","formicidae","formicinae","Acropyga","myops","Acropyga myops","","South Australia","Australia","","",NA,"point","-34.0333","139.667"
"http://antweb.org/api/v2/?occurrenceId=CAS:ANTWEB:anic32-018604","anic32-018604","formicidae","formicinae","Acropyga","myops","Acropyga myops","","New South Wales","Australia","","",NA,"point","-30.4667","149.65"
"http://antweb.org/api/v2/?occurrenceId=CAS:ANTWEB:anic32-018605","anic32-018605","formicidae","formicinae","Acropyga","myops","Acropyga myops","","Western Australia","Australia","","Dry sclerophyll Under rock",NA,"point","-32.9833","121.65"
"http://antweb.org/api/v2/?occurrenceId=CAS:ANTWEB:anic32-018606","anic32-018606","formicidae","formicinae","Acropyga","myops","Acropyga myops","","Australian Capital Territory","Australia","","",NA,"point","-35.3","149.283"
"http://antweb.org/api/v2/?occurrenceId=CAS:ANTWEB:anic32-018607","anic32-018607","formicidae","formicinae","Acropyga","myops","Acropyga myops","","Victoria","Australia","","",NA,"point","-36.7667","144.283"
"http://antweb.org/api/v2/?occurrenceId=CAS:ANTWEB:anic32-018633","anic32-018633","formicidae","formicinae","Acropyga","myops","Acropyga myops","","Queensland","Australia","","Dry sclerophyll Under rock",NA,"point","-17.6","145.483"
"http://antweb.org/api/v2/?occurrenceId=CAS:ANTWEB:anic32-018705","anic32-018705","formicidae","formicinae","Acropyga","myops","Acropyga myops","syntype","Western Australia","Australia","","",NA,"point","-31.9","116.167"
"http://antweb.org/api/v2/?occurrenceId=CAS:ANTWEB:anic32-018706","anic32-018706","formicidae","formicinae","Acropyga","myops","Acropyga myops","","Western Australia","Australia","","",NA,"point","-31.9","116.167"
"http://antweb.org/api/v2/?occurrenceId=CAS:ANTWEB:anic32-018707","anic32-018707","formicidae","formicinae","Acropyga","myops","Acropyga myops","","Western Australia","Australia","","",NA,"point","-31.9","116.167"
"http://antweb.org/api/v2/?occurrenceId=CAS:ANTWEB:anic32-018708","anic32-018708","formicidae","formicinae","Acropyga","myops","Acropyga myops","","South Australia","Australia","","",NA,"point","-34.0333","139.667"
"http://antweb.org/api/v2/?occurrenceId=CAS:ANTWEB:anic32-018710","anic32-018710","formicidae","formicinae","Acropyga","myops","Acropyga myops","","Australian Capital Territory","Australia","","",NA,"point","-35.2667","149.1"
"http://antweb.org/api/v2/?occurrenceId=CAS:ANTWEB:anic32-018711","anic32-018711","formicidae","formicinae","Acropyga","myops","Acropyga myops","","Australian Capital Territory","Australia","","",NA,"point","-35.2667","149.1"
"http://antweb.org/api/v2/?occurrenceId=CAS:ANTWEB:anic32-018712","anic32-018712","formicidae","formicinae","Acropyga","myops","Acropyga myops","paralectotype","New South Wales","Australia","","",NA,"point","-36.9167","149.25"
"http://antweb.org/api/v2/?occurrenceId=CAS:ANTWEB:anic32-018713","anic32-018713","formicidae","formicinae","Acropyga","myops","Acropyga myops","","New South Wales","Australia","","",NA,"point","-36.9167","149.25"
"http://antweb.org/api/v2/?occurrenceId=CAS:ANTWEB:anic32-018714","anic32-018714","formicidae","formicinae","Acropyga","myops","Acropyga myops","","New South Wales","Australia","","",NA,"point","-35.6333","150.267"
"http://antweb.org/api/v2/?occurrenceId=CAS:ANTWEB:anic32-018715","anic32-018715","formicidae","formicinae","Acropyga","myops","Acropyga myops","","Queensland","Australia","","Sclerophyll woods Nest under stone",NA,"point","-26.7167","152.883"
"http://antweb.org/api/v2/?occurrenceId=CAS:ANTWEB:anic32-018716","anic32-018716","formicidae","formicinae","Acropyga","myops","Acropyga myops","","Queensland","Australia","","Dry sclerophyll woods Under stone",NA,"point","-20.4","148.717"
"http://antweb.org/api/v2/?occurrenceId=CAS:ANTWEB:anic32-018717","anic32-018717","formicidae","formicinae","Acropyga","myops","Acropyga myops","","Queensland","Australia","","Med. sclero. woods Under stone",NA,"point","-26.7167","152.883"
"http://antweb.org/api/v2/?occurrenceId=CAS:ANTWEB:anic32-031026","anic32-031026","formicidae","formicinae","Acropyga","myops","Acropyga myops","","Australian Capital Territory","Australia","","Dry sclerophyll nest under rock",630,"point","-35.2583","149.161"
"http://antweb.org/api/v2/?occurrenceId=CAS:ANTWEB:anic32-041501","anic32-041501","formicidae","formicinae","Acropyga","myops","Acropyga myops","","Queensland","Australia","","dry sclerophyll nest 10-15cm deep in sandy soil",860,"point","-28.8333","151.933"
"http://antweb.org/api/v2/?occurrenceId=CAS:ANTWEB:anic32-043404","anic32-043404","formicidae","formicinae","Acropyga","myops","Acropyga myops","","Queensland","Australia","","",NA,"point","-13.65","142.667"
"http://antweb.org/api/v2/?occurrenceId=CAS:ANTWEB:anic32-043405","anic32-043405","formicidae","formicinae","Acropyga","myops","Acropyga myops","","Queensland","Australia","","",NA,"point","-13.65","142.667"
"http://antweb.org/api/v2/?occurrenceId=CAS:ANTWEB:anic32-044434","anic32-044434","formicidae","formicinae","Acropyga","myops","Acropyga myops","","Queensland","Australia","","wet sclerophyll nest under rock 3cm from SOSC 1240",100,"point","-26.2667","152.8"
"http://antweb.org/api/v2/?occurrenceId=CAS:ANTWEB:anic32-044614","anic32-044614","formicidae","formicinae","Acropyga","myops","Acropyga myops","","Queensland","Australia","","wet sclerophyll nest in soil under rock",120,"point","-24.4333","151.6"
"http://antweb.org/api/v2/?occurrenceId=CAS:ANTWEB:anic32-051875","anic32-051875","formicidae","formicinae","Acropyga","myops","Acropyga myops","","New South Wales","Australia","","Wet sclerophyll nest under rock",40,"point","-35.6833","150.167"
"http://antweb.org/api/v2/?occurrenceId=CAS:ANTWEB:anic32-053390","anic32-053390","formicidae","formicinae","Acropyga","myops","Acropyga myops","","South Australia","Australia","","Mallee and Triodia between sand dunes Stray ground foragers",NA,"point","-33.9881","140.495"
"http://antweb.org/api/v2/?occurrenceId=CAS:ANTWEB:anic32-059579","anic32-059579","formicidae","formicinae","Acropyga","myops","Acropyga myops","","South Australia","Australia","","Mallee and Triodia on sand dune Nest 25cm below surface",NA,"point","-34.1156","140.614"
"http://antweb.org/api/v2/?occurrenceId=CAS:ANTWEB:anic32-059580","anic32-059580","formicidae","formicinae","Acropyga","myops","Acropyga myops","","New South Wales","Australia","","",NA,"point","-34.05","150.833"
"http://antweb.org/api/v2/?occurrenceId=CAS:ANTWEB:casent0172016","casent0172016","formicidae","formicinae","Acropyga","myops","Acropyga myops","","New South Wales","Australia","","",NA,NA,NA,NA
"http://antweb.org/api/v2/?occurrenceId=CAS:ANTWEB:casent0172017","casent0172017","formicidae","formicinae","Acropyga","myops","Acropyga myops","","Australian Capital Territory","Australia","","",NA,NA,NA,NA
"http://antweb.org/api/v2/?occurrenceId=CAS:ANTWEB:casent0172018","casent0172018","formicidae","formicinae","Acropyga","myops","Acropyga myops","","Australian Capital Territory","Australia","","",NA,NA,NA,NA
"http://antweb.org/api/v2/?occurrenceId=CAS:ANTWEB:casent0249912","casent0249912","formicidae","formicinae","Acropyga","myops","Acropyga myops","","New South Wales","Australia","","wet sclerophyll under stone",130,"point","-34.1167","151.0333"
"http://antweb.org/api/v2/?occurrenceId=CAS:ANTWEB:casent0909906","casent0909906","formicidae","formicinae","Acropyga","myops","Acropyga myops","syntype of Acropyga myops","New South Wales","Australia","","",NA,NA,NA,NA
"http://antweb.org/api/v2/?occurrenceId=CAS:ANTWEB:jdm32-000897","jdm32-000897","formicidae","formicinae","Acropyga","myops","Acropyga myops","","Western Australia","Australia","","native veg., rural environ. soil",NA,"point","-32.3167","116.8"
"http://antweb.org/api/v2/?occurrenceId=CAS:ANTWEB:jdm32-000898","jdm32-000898","formicidae","formicinae","Acropyga","myops","Acropyga myops","","Western Australia","Australia","","",NA,"point","-31.4167","117.8"
"http://antweb.org/api/v2/?occurrenceId=CAS:ANTWEB:jdm32-000899","jdm32-000899","formicidae","formicinae","Acropyga","myops","Acropyga myops","","Western Australia","Australia","","Disturbed wandoo woodland nest under rock",NA,"point","-32.35","117"
"http://antweb.org/api/v2/?occurrenceId=CAS:ANTWEB:jdm32-000900","jdm32-000900","formicidae","formicinae","Acropyga","myops","Acropyga myops","","Western Australia","Australia","","Disturbed wandoo woodland nest under rock",NA,"point","-32.35","117"
"http://antweb.org/api/v2/?occurrenceId=CAS:ANTWEB:jdm32-000901","jdm32-000901","formicidae","formicinae","Acropyga","myops","Acropyga myops","","Western Australia","Australia","","Mallee woodland light soil/clay",NA,"point","-30.4411","117.153"
