"url","catalogNumber","family","subfamily","genus","specificEpithet","scientific_name","typeStatus","stateProvince","country","dateIdentified","habitat","minimumElevationInMeters","geojson.type","decimal_latitude","decimal_longitude"
"http://antweb.org/api/v2/?occurrenceId=CAS:ANTWEB:casent0217813","casent0217813","formicidae","myrmicinae","Acromyrmex","lobicornis","Acromyrmex lobicornis","","Chubut","Argentina","2010-12-31","dunes",20,NA,NA,NA
"http://antweb.org/api/v2/?occurrenceId=CAS:ANTWEB:casent0904999","casent0904999","formicidae","myrmicinae","Acromyrmex","lobicornis","Acromyrmex lobicornis","syntype of Acromyrmex lobicornis","","Argentina","","",NA,NA,NA,NA
"http://antweb.org/api/v2/?occurrenceId=CAS:ANTWEB:casent0905000","casent0905000","formicidae","myrmicinae","Acromyrmex","lobicornis","Acromyrmex lobicornis","syntype of Acromyrmex lobicornis ferrugineus","Misiones","Argentina","","",NA,NA,NA,NA
"http://antweb.org/api/v2/?occurrenceId=CAS:ANTWEB:casent0909416","casent0909416","formicidae","myrmicinae","Acromyrmex","lobicornis","Acromyrmex lobicornis","syntype of Acromyrmex lobicornis pencosensis","San Luis","Argentina","","",NA,NA,NA,NA
"http://antweb.org/api/v2/?occurrenceId=CAS:ANTWEB:casent0912459","casent0912459","formicidae","myrmicinae","Acromyrmex","lobicornis","Acromyrmex lobicornis","syntype of Acromyrmex lobicornis rufidens","Bahia","Brazil","","",NA,NA,NA,NA
"http://antweb.org/api/v2/?occurrenceId=CAS:ANTWEB:casent0912460","casent0912460","formicidae","myrmicinae","Acromyrmex","lobicornis","Acromyrmex lobicornis","syntype of Acromyrmex lobicornis cochlearis","Misiones","Argentina","","",NA,NA,NA,NA
"http://antweb.org/api/v2/?occurrenceId=CAS:ANTWEB:casent0912461","casent0912461","formicidae","myrmicinae","Acromyrmex","lobicornis","Acromyrmex lobicornis","syntype of Acromyrmex lobicornis cochlearis","Misiones","Argentina","","",NA,NA,NA,NA
"http://antweb.org/api/v2/?occurrenceId=CAS:ANTWEB:casent0912462","casent0912462","formicidae","myrmicinae","Acromyrmex","lobicornis","Acromyrmex lobicornis","syntype of Acromyrmex lobicornis pruinosior","Entre Rios","Argentina","","",NA,NA,NA,NA
"http://antweb.org/api/v2/?occurrenceId=CAS:ANTWEB:casent0912463","casent0912463","formicidae","myrmicinae","Acromyrmex","lobicornis","Acromyrmex lobicornis","syntype of Acromyrmex lobicornis pruinosior","Entre Rios","Argentina","","",NA,NA,NA,NA
"http://antweb.org/api/v2/?occurrenceId=CAS:ANTWEB:casent0922026","casent0922026","formicidae","myrmicinae","Acromyrmex","lobicornis","Acromyrmex lobicornis","","Chubut","Argentina","","san dunes ground nest",5,"point","-42.56667","-64.28333"
