"url","catalogNumber","family","subfamily","genus","specificEpithet","scientific_name","typeStatus","stateProvince","country","dateIdentified","habitat","minimumElevationInMeters","geojson.type","decimal_latitude","decimal_longitude"
"http://antweb.org/api/v2/?occurrenceId=CAS:ANTWEB:anic32-018718","anic32-018718","formicidae","formicinae","Acropyga","oceanica","Acropyga oceanica","","unknown District PNG","Papua New Guinea","","Rainforest, wet valley In log",762,NA,NA,NA
"http://antweb.org/api/v2/?occurrenceId=CAS:ANTWEB:anic32-018719","anic32-018719","formicidae","formicinae","Acropyga","oceanica","Acropyga oceanica","","Northern Territory","Australia","","Rainforest Berlesate, stick brushing",NA,"point","-12.75","132.883"
"http://antweb.org/api/v2/?occurrenceId=CAS:ANTWEB:casent0242393","casent0242393","formicidae","formicinae","Acropyga","oceanica","Acropyga oceanica","","Sabah","Malaysia","","rainforest sifted litter",260,"point","4.74368","116.97211"
"http://antweb.org/api/v2/?occurrenceId=CAS:ANTWEB:casent0242397","casent0242397","formicidae","formicinae","Acropyga","oceanica","Acropyga oceanica","","Sabah","Malaysia","","rainforest sifted litter",260,"point","4.74368","116.97211"
"http://antweb.org/api/v2/?occurrenceId=CAS:ANTWEB:casent0616903","casent0616903","formicidae","formicinae","Acropyga","oceanica","Acropyga oceanica","","Sabah","Malaysia","2011-02-22","tropical rainforest ex sifted leaf litter",180,"point","4.95751","117.80207"
"http://antweb.org/api/v2/?occurrenceId=CAS:ANTWEB:casent0616904","casent0616904","formicidae","formicinae","Acropyga","oceanica","Acropyga oceanica","","Sabah","Malaysia","2011-02-22","tropical rainforest ex sifted leaf litter",180,"point","4.95751","117.80207"
"http://antweb.org/api/v2/?occurrenceId=CAS:ANTWEB:casent0616905","casent0616905","formicidae","formicinae","Acropyga","oceanica","Acropyga oceanica","","Sabah","Malaysia","2011-02-22","tropical rainforest ex sifted leaf litter",180,"point","4.95751","117.80207"
"http://antweb.org/api/v2/?occurrenceId=CAS:ANTWEB:casent0700557","casent0700557","formicidae","formicinae","Acropyga","oceanica","Acropyga oceanica","","Sabah","Malaysia","","montane rainforest sifted litter",1100,"point","4.71184","116.89124"
"http://antweb.org/api/v2/?occurrenceId=CAS:ANTWEB:casent0700558","casent0700558","formicidae","formicinae","Acropyga","oceanica","Acropyga oceanica","","Sabah","Malaysia","","montane rainforest sifted litter",1100,"point","4.71184","116.89124"
"http://antweb.org/api/v2/?occurrenceId=CAS:ANTWEB:casent0700559","casent0700559","formicidae","formicinae","Acropyga","oceanica","Acropyga oceanica","","Sabah","Malaysia","","montane rainforest sifted litter",1100,"point","4.71184","116.89124"
"http://antweb.org/api/v2/?occurrenceId=CAS:ANTWEB:casent0703146","casent0703146","formicidae","formicinae","Acropyga","oceanica","Acropyga oceanica","","Sabah","Malaysia","","rainforest sifted litter",210,"point","4.74041","116.97702"
"http://antweb.org/api/v2/?occurrenceId=CAS:ANTWEB:casent0905162","casent0905162","formicidae","formicinae","Acropyga","oceanica","Acropyga oceanica","Lectotype of Acropyga oceanica","Madang","New Guinea","","",NA,NA,NA,NA
