"url","catalogNumber","family","subfamily","genus","specificEpithet","scientific_name","typeStatus","stateProvince","country","dateIdentified","habitat","minimumElevationInMeters","geojson.type","decimal_latitude","decimal_longitude"
"http://antweb.org/api/v2/?occurrenceId=CAS:ANTWEB:casent0178254","casent0178254","formicidae","formicinae","Acropyga","silvestrii","Acropyga silvestrii","","Western","Kenya","2007-12-31","",1600,"point","0.24","34.86"
"http://antweb.org/api/v2/?occurrenceId=CAS:ANTWEB:casent0235250","casent0235250","formicidae","formicinae","Acropyga","silvestrii","Acropyga silvestrii","","Sud","Cameroon","","rainforest sifted litter leaf mold, rotten wood",290,"point","2.2825","10.20617"
"http://antweb.org/api/v2/?occurrenceId=CAS:ANTWEB:casent0235344","casent0235344","formicidae","formicinae","Acropyga","silvestrii","Acropyga silvestrii","","Kilimanjaro","Tanzania","2010-12-31","primary forest leaf litter",1739,"point","-3.7452","37.64267"
"http://antweb.org/api/v2/?occurrenceId=CAS:ANTWEB:casent0629516","casent0629516","formicidae","formicinae","Acropyga","silvestrii","Acropyga silvestrii","","Kabarole","Uganda","2012-10-28","mature wet forest in clay bank",1510,"point","0.56427485","30.358759"
"http://antweb.org/api/v2/?occurrenceId=CAS:ANTWEB:casent0629522","casent0629522","formicidae","formicinae","Acropyga","silvestrii","Acropyga silvestrii","","Kabarole","Uganda","2012-10-28","mature wet forest ex sifted leaf litter",1510,"point","0.56427485","30.358759"
"http://antweb.org/api/v2/?occurrenceId=CAS:ANTWEB:casent0629526","casent0629526","formicidae","formicinae","Acropyga","silvestrii","Acropyga silvestrii","","Kabarole","Uganda","2012-10-28","mature wet forest ex sifted leaf litter",1510,"point","0.56427485","30.358759"
"http://antweb.org/api/v2/?occurrenceId=CAS:ANTWEB:casent0629542","casent0629542","formicidae","formicinae","Acropyga","silvestrii","Acropyga silvestrii","","Kabarole","Uganda","2012-10-28","mature forest gap in dead bark",1540,"point","0.5628003","30.36257"
"http://antweb.org/api/v2/?occurrenceId=CAS:ANTWEB:casent0639895","casent0639895","formicidae","formicinae","Acropyga","silvestrii","Acropyga silvestrii","","Bundibugyo","Uganda","2012-10-28","mature wet forest ex sifted leaf litter",720,"point","0.80909455","30.0951"
"http://antweb.org/api/v2/?occurrenceId=CAS:ANTWEB:casent0639901","casent0639901","formicidae","formicinae","Acropyga","silvestrii","Acropyga silvestrii","","Bundibugyo","Uganda","2012-10-28","mature wet forest ex sifted leaf litter",720,"point","0.80909455","30.0951"
"http://antweb.org/api/v2/?occurrenceId=CAS:ANTWEB:casent0710861","casent0710861","formicidae","formicinae","Acropyga","silvestrii","Acropyga silvestrii","","Kibale NP","Uganda","2013-09-18","tropical wet forest subsoil",1500,"point","0.56151","30.35663"
"http://antweb.org/api/v2/?occurrenceId=CAS:ANTWEB:casent0710862","casent0710862","formicidae","formicinae","Acropyga","silvestrii","Acropyga silvestrii","","Kibale NP","Uganda","2013-09-18","tropical wet forest subsoil",1500,"point","0.56151","30.35663"
"http://antweb.org/api/v2/?occurrenceId=CAS:ANTWEB:casent0710863","casent0710863","formicidae","formicinae","Acropyga","silvestrii","Acropyga silvestrii","","Kibale NP","Uganda","2013-09-18","tropical wet forest subsoil",1500,"point","0.56151","30.35663"
"http://antweb.org/api/v2/?occurrenceId=CAS:ANTWEB:casent0710864","casent0710864","formicidae","formicinae","Acropyga","silvestrii","Acropyga silvestrii","","Kibale NP","Uganda","2013-09-18","tropical wet forest under bark",1500,"point","0.56151","30.35663"
"http://antweb.org/api/v2/?occurrenceId=CAS:ANTWEB:casent0710865","casent0710865","formicidae","formicinae","Acropyga","silvestrii","Acropyga silvestrii","","Kibale NP","Uganda","2013-09-18","tropical wet forest sifted leaf litter",1500,"point","0.56151","30.35663"
"http://antweb.org/api/v2/?occurrenceId=CAS:ANTWEB:casent0712097","casent0712097","formicidae","formicinae","Acropyga","silvestrii","Acropyga silvestrii","","Kibale NP","Uganda","2013-10-02","tropical wet forest subsoil",1500,"point","0.56151","30.35663"
"http://antweb.org/api/v2/?occurrenceId=CAS:ANTWEB:casent0712138","casent0712138","formicidae","formicinae","Acropyga","silvestrii","Acropyga silvestrii","","Kibale NP","Uganda","2013-10-02","tropical wet forest sifted leaf litter",1500,"point","0.56151","30.35663"
"http://antweb.org/api/v2/?occurrenceId=CAS:ANTWEB:casent0905164","casent0905164","formicidae","formicinae","Acropyga","silvestrii","Acropyga silvestrii","syntype of Acropyga silvestrii","","Eritrea","","",NA,NA,NA,NA
"http://antweb.org/api/v2/?occurrenceId=CAS:ANTWEB:casent0909910","casent0909910","formicidae","formicinae","Acropyga","silvestrii","Acropyga silvestrii","Lectotype of Acropyga silvestrii","","Eritrea","2003-12-31","",NA,NA,NA,NA
"http://antweb.org/api/v2/?occurrenceId=CAS:ANTWEB:jtl686867","jtl686867","formicidae","formicinae","Acropyga","silvestrii","Acropyga silvestrii","","Kabarole","Uganda","2012-10-28","mature wet forest in clay bank",1510,"point","0.56427485","30.358759"
"http://antweb.org/api/v2/?occurrenceId=CAS:ANTWEB:jtl686913","jtl686913","formicidae","formicinae","Acropyga","silvestrii","Acropyga silvestrii","","Kabarole","Uganda","2012-10-28","mature wet forest",1540,"point","0.5628003","30.36257"
"http://antweb.org/api/v2/?occurrenceId=CAS:ANTWEB:jtl686934","jtl686934","formicidae","formicinae","Acropyga","silvestrii","Acropyga silvestrii","","Kabarole","Uganda","2012-10-28","mature wet forest under stone",1510,"point","0.553113","30.362684"
