"url","catalogNumber","family","subfamily","genus","specificEpithet","scientific_name","typeStatus","stateProvince","country","dateIdentified","habitat","minimumElevationInMeters","geojson.type","decimal_latitude","decimal_longitude"
"http://antweb.org/api/v2/?occurrenceId=CAS:ANTWEB:casent0249922","casent0249922","formicidae","formicinae","Acropyga","panamensis","Acropyga panamensis","","Darien","Panama","2003-12-31","",500,"point","7.71667","-77.7"
"http://antweb.org/api/v2/?occurrenceId=CAS:ANTWEB:casent0609637","casent0609637","formicidae","formicinae","Acropyga","panamensis","Acropyga panamensis","","Chiapas","Mexico","2009-01-06","mature wet forest ex sifted leaf litter",160,"point","16.15952","-90.90159"
"http://antweb.org/api/v2/?occurrenceId=CAS:ANTWEB:casent0609916","casent0609916","formicidae","formicinae","Acropyga","panamensis","Acropyga panamensis","","Chiapas","Mexico","2009-03-02","mature wet forest ex sifted leaf litter",160,"point","16.15929","-90.90155"
"http://antweb.org/api/v2/?occurrenceId=CAS:ANTWEB:casent0611183","casent0611183","formicidae","formicinae","Acropyga","panamensis","Acropyga panamensis","","Izabal","Guatemala","2009-09-16","2 lowland tropical rainforest ex sifted leaf litter",195,"point","15.511304","-88.86181"
"http://antweb.org/api/v2/?occurrenceId=CAS:ANTWEB:casent0611430","casent0611430","formicidae","formicinae","Acropyga","panamensis","Acropyga panamensis","","Izabal","Guatemala","2009-09-16","2 lowland rainforest ex sifted leaf litter",280,"point","15.51465","-88.8644"
"http://antweb.org/api/v2/?occurrenceId=CAS:ANTWEB:casent0611431","casent0611431","formicidae","formicinae","Acropyga","panamensis","Acropyga panamensis","","Izabal","Guatemala","2009-09-16","2 lowland rainforest ex sifted leaf litter",280,"point","15.51465","-88.8644"
"http://antweb.org/api/v2/?occurrenceId=CAS:ANTWEB:casent0611432","casent0611432","formicidae","formicinae","Acropyga","panamensis","Acropyga panamensis","","Izabal","Guatemala","2009-09-16","2 lowland rainforest ex sifted leaf litter",280,"point","15.51465","-88.8644"
"http://antweb.org/api/v2/?occurrenceId=CAS:ANTWEB:casent0611902","casent0611902","formicidae","formicinae","Acropyga","panamensis","Acropyga panamensis","","Puntarenas","Costa Rica","2010-07-14","mature dry forest ex sifted leaf litter",100,"point","9.58363","-85.13578"
"http://antweb.org/api/v2/?occurrenceId=CAS:ANTWEB:casent0611914","casent0611914","formicidae","formicinae","Acropyga","panamensis","Acropyga panamensis","","Puntarenas","Costa Rica","2010-07-14","dry forest nest under stone",20,"point","9.57988","-85.1369"
"http://antweb.org/api/v2/?occurrenceId=CAS:ANTWEB:casent0611915","casent0611915","formicidae","formicinae","Acropyga","panamensis","Acropyga panamensis","","Puntarenas","Costa Rica","2010-07-14","dry forest nest under stone",20,"point","9.57988","-85.1369"
"http://antweb.org/api/v2/?occurrenceId=CAS:ANTWEB:casent0611916","casent0611916","formicidae","formicinae","Acropyga","panamensis","Acropyga panamensis","","Puntarenas","Costa Rica","2010-07-14","dry forest nest under stone",20,"point","9.57988","-85.1369"
"http://antweb.org/api/v2/?occurrenceId=CAS:ANTWEB:casent0618336","casent0618336","formicidae","formicinae","Acropyga","panamensis","Acropyga panamensis","","Atl ntida","Honduras","2011-04-15","tropical rainforest ex sifted leaf litter",190,"point","15.72525","-87.45201"
"http://antweb.org/api/v2/?occurrenceId=CAS:ANTWEB:casent0618359","casent0618359","formicidae","formicinae","Acropyga","panamensis","Acropyga panamensis","","Atl ntida","Honduras","2011-04-15","tropical rainforest ex sifted leaf litter",190,"point","15.723411","-87.45178"
"http://antweb.org/api/v2/?occurrenceId=CAS:ANTWEB:casent0618360","casent0618360","formicidae","formicinae","Acropyga","panamensis","Acropyga panamensis","","Atl ntida","Honduras","2011-04-15","tropical rainforest ex sifted leaf litter",190,"point","15.723411","-87.45178"
"http://antweb.org/api/v2/?occurrenceId=CAS:ANTWEB:casent0618364","casent0618364","formicidae","formicinae","Acropyga","panamensis","Acropyga panamensis","","Atl ntida","Honduras","2011-04-15","tropical rainforest ex sifted leaf litter",190,"point","15.723411","-87.45178"
"http://antweb.org/api/v2/?occurrenceId=CAS:ANTWEB:casent0618382","casent0618382","formicidae","formicinae","Acropyga","panamensis","Acropyga panamensis","","Atl ntida","Honduras","2011-04-15","tropical rainforest ex sifted leaf litter",190,"point","15.72429","-87.45188"
"http://antweb.org/api/v2/?occurrenceId=CAS:ANTWEB:casent0618389","casent0618389","formicidae","formicinae","Acropyga","panamensis","Acropyga panamensis","","Atl ntida","Honduras","2011-04-15","tropical rainforest ex sifted leaf litter",190,"point","15.72429","-87.45188"
"http://antweb.org/api/v2/?occurrenceId=CAS:ANTWEB:casent0618393","casent0618393","formicidae","formicinae","Acropyga","panamensis","Acropyga panamensis","","Atl ntida","Honduras","2011-04-15","tropical rainforest ex sifted leaf litter",190,"point","15.72525","-87.45201"
"http://antweb.org/api/v2/?occurrenceId=CAS:ANTWEB:casent0628771","casent0628771","formicidae","formicinae","Acropyga","panamensis","Acropyga panamensis","","Regi n Aut noma del Atl ntico Norte","Nicaragua","2012-05-04","disturbed tropical wet forest ex sifted leaf litter",420,"point","13.77361","-84.98421"
"http://antweb.org/api/v2/?occurrenceId=CAS:ANTWEB:casent0628846","casent0628846","formicidae","formicinae","Acropyga","panamensis","Acropyga panamensis","","Regi n Aut noma del Atl ntico Norte","Nicaragua","2012-05-04","disturbed tropical wet forest ex sifted leaf litter",420,"point","13.77361","-84.98421"
"http://antweb.org/api/v2/?occurrenceId=CAS:ANTWEB:casent0629438","casent0629438","formicidae","formicinae","Acropyga","panamensis","Acropyga panamensis","","Regi n Aut noma del Atl ntico Sur","Nicaragua","2012-06-30","2 lowland rainforest ex sifted leaf litter",50,"point","12.69189","-83.71253"
"http://antweb.org/api/v2/?occurrenceId=CAS:ANTWEB:casent0636249","casent0636249","formicidae","formicinae","Acropyga","panamensis","Acropyga panamensis","","Guanacaste","Costa Rica","2013-09-27","",300,"point","10.85","-85.61667"
"http://antweb.org/api/v2/?occurrenceId=CAS:ANTWEB:inb0003679730","inb0003679730","formicidae","formicinae","Acropyga","panamensis","Acropyga panamensis","","Heredia","Costa Rica","2006-04-19","mature wet forest ex sifted leaf litter",500,"point","10.307024","-84.05557"
"http://antweb.org/api/v2/?occurrenceId=CAS:ANTWEB:inb0003680201","inb0003680201","formicidae","formicinae","Acropyga","panamensis","Acropyga panamensis","","Heredia","Costa Rica","2006-04-19","mature wet forest ex sifted leaf litter",500,"point","10.30972","-84.05867"
"http://antweb.org/api/v2/?occurrenceId=CAS:ANTWEB:inb0003689709","inb0003689709","formicidae","formicinae","Acropyga","panamensis","Acropyga panamensis","","Heredia","Costa Rica","2006-09-05","mature wet forest ex sifted leaf litter",500,"point","10.312416","-84.061676"
"http://antweb.org/api/v2/?occurrenceId=CAS:ANTWEB:inb0003689749","inb0003689749","formicidae","formicinae","Acropyga","panamensis","Acropyga panamensis","","Heredia","Costa Rica","2006-09-05","mature wet forest ex sifted leaf litter",500,"point","10.312414","-84.06186"
"http://antweb.org/api/v2/?occurrenceId=CAS:ANTWEB:inb0003694463","inb0003694463","formicidae","formicinae","Acropyga","panamensis","Acropyga panamensis","","Heredia","Costa Rica","2006-11-02","mature wet forest ex sifted leaf litter",500,"point","10.311527","-84.058945"
"http://antweb.org/api/v2/?occurrenceId=CAS:ANTWEB:inb0003698458","inb0003698458","formicidae","formicinae","Acropyga","panamensis","Acropyga panamensis","","Heredia","Costa Rica","2007-10-01","mature wet forest ex sifted leaf litter",500,"point","10.308804","-84.060585"
"http://antweb.org/api/v2/?occurrenceId=CAS:ANTWEB:inbiocri001283281","inbiocri001283281","formicidae","formicinae","Acropyga","panamensis","Acropyga panamensis","","Puntarenas","Costa Rica","2003-12-18","",10,"point","8.48333","-83.6"
"http://antweb.org/api/v2/?occurrenceId=CAS:ANTWEB:inbiocri001283282","inbiocri001283282","formicidae","formicinae","Acropyga","panamensis","Acropyga panamensis","","Puntarenas","Costa Rica","2003-12-18","",10,"point","8.48333","-83.6"
"http://antweb.org/api/v2/?occurrenceId=CAS:ANTWEB:inbiocri001283360","inbiocri001283360","formicidae","formicinae","Acropyga","panamensis","Acropyga panamensis","","Puntarenas","Costa Rica","2003-12-18","",10,"point","8.48333","-83.6"
"http://antweb.org/api/v2/?occurrenceId=CAS:ANTWEB:jtl056521","jtl056521","formicidae","formicinae","Acropyga","panamensis","Acropyga panamensis","","Guanacaste","Costa Rica","2013-09-27","",300,"point","10.85","-85.61667"
"http://antweb.org/api/v2/?occurrenceId=CAS:ANTWEB:jtl210900","jtl210900","formicidae","formicinae","Acropyga","panamensis","Acropyga panamensis","","Chiapas","Mexico","2009-01-06","mature wet forest ex sifted leaf litter",160,"point","16.15952","-90.90159"
"http://antweb.org/api/v2/?occurrenceId=CAS:ANTWEB:jtl211116","jtl211116","formicidae","formicinae","Acropyga","panamensis","Acropyga panamensis","","Chiapas","Mexico","2009-01-06","mature wet forest ex sifted leaf litter",160,"point","16.16025","-90.90145"
"http://antweb.org/api/v2/?occurrenceId=CAS:ANTWEB:jtl264214","jtl264214","formicidae","formicinae","Acropyga","panamensis","Acropyga panamensis","","Izabal","Guatemala","2009-09-16","2 lowland tropical rainforest ex sifted leaf litter",195,"point","15.511304","-88.86181"
"http://antweb.org/api/v2/?occurrenceId=CAS:ANTWEB:jtl264353","jtl264353","formicidae","formicinae","Acropyga","panamensis","Acropyga panamensis","","Izabal","Guatemala","2009-09-16","2 lowland tropical rainforest ex sifted leaf litter",195,"point","15.511015","-88.86139"
"http://antweb.org/api/v2/?occurrenceId=CAS:ANTWEB:jtl264611","jtl264611","formicidae","formicinae","Acropyga","panamensis","Acropyga panamensis","","Izabal","Guatemala","2009-09-16","2 lowland tropical rainforest ex sifted leaf litter",195,"point","15.510517","-88.86067"
"http://antweb.org/api/v2/?occurrenceId=CAS:ANTWEB:jtl264624","jtl264624","formicidae","formicinae","Acropyga","panamensis","Acropyga panamensis","","Izabal","Guatemala","2009-09-16","2 lowland tropical rainforest ex sifted leaf litter",195,"point","15.510491","-88.860634"
"http://antweb.org/api/v2/?occurrenceId=CAS:ANTWEB:jtl264946","jtl264946","formicidae","formicinae","Acropyga","panamensis","Acropyga panamensis","","Izabal","Guatemala","2009-09-16","2 lowland tropical rainforest ex sifted leaf litter",250,"point","15.513651","-88.865974"
"http://antweb.org/api/v2/?occurrenceId=CAS:ANTWEB:jtl264960","jtl264960","formicidae","formicinae","Acropyga","panamensis","Acropyga panamensis","","Izabal","Guatemala","2009-09-16","2 lowland tropical rainforest ex sifted leaf litter",250,"point","15.513673","-88.86594"
"http://antweb.org/api/v2/?occurrenceId=CAS:ANTWEB:jtl265539","jtl265539","formicidae","formicinae","Acropyga","panamensis","Acropyga panamensis","","Izabal","Guatemala","2009-09-16","2 lowland tropical rainforest ex sifted leaf litter",250,"point","15.514543","-88.86434"
"http://antweb.org/api/v2/?occurrenceId=CAS:ANTWEB:jtl265554","jtl265554","formicidae","formicinae","Acropyga","panamensis","Acropyga panamensis","","Izabal","Guatemala","2009-09-16","2 lowland tropical rainforest ex sifted leaf litter",250,"point","15.514565","-88.8643"
"http://antweb.org/api/v2/?occurrenceId=CAS:ANTWEB:jtl265802","jtl265802","formicidae","formicinae","Acropyga","panamensis","Acropyga panamensis","","Izabal","Guatemala","2009-09-16","2 lowland rainforest ex sifted leaf litter",280,"point","15.51465","-88.8644"
"http://antweb.org/api/v2/?occurrenceId=CAS:ANTWEB:jtl282578","jtl282578","formicidae","formicinae","Acropyga","panamensis","Acropyga panamensis","","Puntarenas","Costa Rica","2010-07-14","mature dry forest ex sifted leaf litter",100,"point","9.58363","-85.13578"
"http://antweb.org/api/v2/?occurrenceId=CAS:ANTWEB:jtl282589","jtl282589","formicidae","formicinae","Acropyga","panamensis","Acropyga panamensis","","Puntarenas","Costa Rica","2010-07-14","dry forest nest under stone",20,"point","9.57988","-85.1369"
"http://antweb.org/api/v2/?occurrenceId=CAS:ANTWEB:jtl319545","jtl319545","formicidae","formicinae","Acropyga","panamensis","Acropyga panamensis","","Atl ntida","Honduras","2011-04-15","tropical rainforest ex sifted leaf litter",190,"point","15.7235","-87.45179"
"http://antweb.org/api/v2/?occurrenceId=CAS:ANTWEB:jtl319560","jtl319560","formicidae","formicinae","Acropyga","panamensis","Acropyga panamensis","","Atl ntida","Honduras","2011-04-15","tropical rainforest ex sifted leaf litter",190,"point","15.723455","-87.45178"
"http://antweb.org/api/v2/?occurrenceId=CAS:ANTWEB:jtl319569","jtl319569","formicidae","formicinae","Acropyga","panamensis","Acropyga panamensis","","Atl ntida","Honduras","2011-04-15","tropical rainforest ex sifted leaf litter",190,"point","15.723411","-87.45178"
"http://antweb.org/api/v2/?occurrenceId=CAS:ANTWEB:jtl319589","jtl319589","formicidae","formicinae","Acropyga","panamensis","Acropyga panamensis","","Atl ntida","Honduras","2011-04-15","tropical rainforest ex sifted leaf litter",190,"point","15.723365","-87.451775"
"http://antweb.org/api/v2/?occurrenceId=CAS:ANTWEB:jtl319651","jtl319651","formicidae","formicinae","Acropyga","panamensis","Acropyga panamensis","","Atl ntida","Honduras","2011-04-15","tropical rainforest ex sifted leaf litter",190,"point","15.72323","-87.45176"
"http://antweb.org/api/v2/?occurrenceId=CAS:ANTWEB:jtl319952","jtl319952","formicidae","formicinae","Acropyga","panamensis","Acropyga panamensis","","Atl ntida","Honduras","2011-04-15","tropical rainforest ex sifted leaf litter",190,"point","15.72429","-87.45188"
"http://antweb.org/api/v2/?occurrenceId=CAS:ANTWEB:jtl684548","jtl684548","formicidae","formicinae","Acropyga","panamensis","Acropyga panamensis","","Regi n Aut noma del Atl ntico Sur","Nicaragua","2012-06-30","2 lowland rainforest ex sifted leaf litter",50,"point","12.69189","-83.71253"
"http://antweb.org/api/v2/?occurrenceId=CAS:ANTWEB:lacm ent 145119","lacm ent 145119","formicidae","formicinae","Acropyga","panamensis","Acropyga panamensis","","Guanacaste","Costa Rica","2003-12-18","Moist forest patch surrounded by dry forest Bosque Humedo Under stone",300,"point","10.85","-85.61667"
"http://antweb.org/api/v2/?occurrenceId=CAS:ANTWEB:lacm ent 145120","lacm ent 145120","formicidae","formicinae","Acropyga","panamensis","Acropyga panamensis","","Guanacaste","Costa Rica","2003-12-18","",300,"point","10.85","-85.61667"
"http://antweb.org/api/v2/?occurrenceId=CAS:ANTWEB:usnment00412320","usnment00412320","formicidae","formicinae","Acropyga","panamensis","Acropyga panamensis","","","Guyana","","1 forest",60,"point","4.7315","-58.84986"
