"url","catalogNumber","family","subfamily","genus","specificEpithet","scientific_name","typeStatus","stateProvince","country","dateIdentified","habitat","minimumElevationInMeters"
"http://antweb.org/api/v2/?occurrenceId=CAS:ANTWEB:casent0900492","casent0900492","formicidae","myrmicinae","Acromyrmex","aspersus","Acromyrmex aspersus","syntype of Acromyrmex asperus","","Brazil","2014-02-26","",NA
"http://antweb.org/api/v2/?occurrenceId=CAS:ANTWEB:casent0904994","casent0904994","formicidae","myrmicinae","Acromyrmex","aspersus","Acromyrmex aspersus","syntype of Atta mesonotalis","","Peru","","",NA
"http://antweb.org/api/v2/?occurrenceId=CAS:ANTWEB:casent0909399","casent0909399","formicidae","myrmicinae","Acromyrmex","aspersus","Acromyrmex aspersus","syntype of Acromyrmex aspersus fuhrmanni","Antioquia","Colombia","","",2300
"http://antweb.org/api/v2/?occurrenceId=CAS:ANTWEB:casent0909400","casent0909400","formicidae","myrmicinae","Acromyrmex","aspersus","Acromyrmex aspersus","syntype of Atta mesonotalis inquirens","Sao Paulo","Brazil","","",NA
"http://antweb.org/api/v2/?occurrenceId=CAS:ANTWEB:casent0912440","casent0912440","formicidae","myrmicinae","Acromyrmex","aspersus","Acromyrmex aspersus","syntype of Acromyrmex aspersus affinis","Parana","Brazil","","",NA
"http://antweb.org/api/v2/?occurrenceId=CAS:ANTWEB:casent0912441","casent0912441","formicidae","myrmicinae","Acromyrmex","aspersus","Acromyrmex aspersus","syntype of Acromyrmex aspersus mesonotalis clarus","Sao Paulo","Brazil","","",NA
