"url","catalogNumber","family","subfamily","genus","specificEpithet","scientific_name","typeStatus","stateProvince","country","dateIdentified","habitat","minimumElevationInMeters","geojson.type","decimal_latitude","decimal_longitude"
"http://antweb.org/api/v2/?occurrenceId=CAS:ANTWEB:casent0281785","casent0281785","formicidae","myrmicinae","Acromyrmex","landolti","Acromyrmex landolti","","Pernambuco","Brazil","1948-09-01","",NA,NA,NA,NA
"http://antweb.org/api/v2/?occurrenceId=CAS:ANTWEB:casent0909434","casent0909434","formicidae","myrmicinae","Acromyrmex","landolti","Acromyrmex landolti","syntype of Acromyrmex landolti","","Colombia","","",NA,NA,NA,NA
"http://antweb.org/api/v2/?occurrenceId=CAS:ANTWEB:casent0909435","casent0909435","formicidae","myrmicinae","Acromyrmex","landolti","Acromyrmex landolti","syntype of Atta landolti cloosae","","Colombia","","",NA,NA,NA,NA
"http://antweb.org/api/v2/?occurrenceId=CAS:ANTWEB:casent0912480","casent0912480","formicidae","myrmicinae","Acromyrmex","landolti","Acromyrmex landolti","syntype of Acromyrmex balzani senex","Minas Gerais","Brazil","","",NA,NA,NA,NA
"http://antweb.org/api/v2/?occurrenceId=CAS:ANTWEB:casent0912481","casent0912481","formicidae","myrmicinae","Acromyrmex","landolti","Acromyrmex landolti","syntype of Acromyrmex balzani planorum","","Venezuela","","",NA,NA,NA,NA
"http://antweb.org/api/v2/?occurrenceId=CAS:ANTWEB:kg00495","kg00495","formicidae","myrmicinae","Acromyrmex","landolti","Acromyrmex landolti","","Sinnamary","French Guiana","2005-02-01","",NA,"point","5.3774","-52.9596"
"http://antweb.org/api/v2/?occurrenceId=CAS:ANTWEB:usnment01124201","usnment01124201","formicidae","myrmicinae","Acromyrmex","landolti","Acromyrmex landolti","","","Guyana","","",240,"point","2.1819","-59.33708"
