"url","catalogNumber","family","subfamily","genus","specificEpithet","scientific_name","typeStatus","stateProvince","country","dateIdentified","habitat","minimumElevationInMeters","geojson.type","decimal_latitude","decimal_longitude"
"http://antweb.org/api/v2/?occurrenceId=CAS:ANTWEB:casent0178614","casent0178614","formicidae","formicinae","Acropyga","smithii","Acropyga smithii","","Aragua","Venezuela","2005-12-31","Fila El Viento, Bosque Seco Ex hojarasca",615,"point","10.36667","-67.81667"
"http://antweb.org/api/v2/?occurrenceId=CAS:ANTWEB:casent0249924","casent0249924","formicidae","formicinae","Acropyga","smithii","Acropyga smithii","","Aragua","Venezuela","2011-12-31","montane rainforest sifted litter leaf mold, rotten wood",1150,"point","10.34833","-67.68167"
"http://antweb.org/api/v2/?occurrenceId=CAS:ANTWEB:casent0610105","casent0610105","formicidae","formicinae","Acropyga","smithii","Acropyga smithii","","Izabal","Guatemala","2009-09-16","2 lowland tropical rainforest ex sifted leaf litter",195,"point","15.510386","-88.86048"
"http://antweb.org/api/v2/?occurrenceId=CAS:ANTWEB:casent0612172","casent0612172","formicidae","formicinae","Acropyga","smithii","Acropyga smithii","","Gracias a Dios","Honduras","2010-11-10","mature wet forest nest in clay bank",370,"point","15.71762","-84.87843"
"http://antweb.org/api/v2/?occurrenceId=CAS:ANTWEB:casent0615156","casent0615156","formicidae","formicinae","Acropyga","smithii","Acropyga smithii","","Gracias a Dios","Honduras","2010-09-23","1 tropical rainforest nest in clay bank",370,"point","15.71854","-84.87806"
"http://antweb.org/api/v2/?occurrenceId=CAS:ANTWEB:casent0617920","casent0617920","formicidae","formicinae","Acropyga","smithii","Acropyga smithii","","Atl ntida","Honduras","2011-04-15","2 tropical rainforest ex sifted leaf litter",30,"point","15.764705","-87.456795"
"http://antweb.org/api/v2/?occurrenceId=CAS:ANTWEB:casent0617921","casent0617921","formicidae","formicinae","Acropyga","smithii","Acropyga smithii","","Atl ntida","Honduras","2011-04-15","2 tropical rainforest ex sifted leaf litter",30,"point","15.764705","-87.456795"
"http://antweb.org/api/v2/?occurrenceId=CAS:ANTWEB:casent0617922","casent0617922","formicidae","formicinae","Acropyga","smithii","Acropyga smithii","","Atl ntida","Honduras","2011-04-15","2 tropical rainforest ex sifted leaf litter",30,"point","15.764705","-87.456795"
"http://antweb.org/api/v2/?occurrenceId=CAS:ANTWEB:casent0617991","casent0617991","formicidae","formicinae","Acropyga","smithii","Acropyga smithii","","Atl ntida","Honduras","2011-04-15","2 tropical rainforest ex sifted leaf litter",30,"point","15.764705","-87.456795"
"http://antweb.org/api/v2/?occurrenceId=CAS:ANTWEB:casent0618404","casent0618404","formicidae","formicinae","Acropyga","smithii","Acropyga smithii","","Atl ntida","Honduras","2011-04-15","tropical rainforest ex sifted leaf litter",190,"point","15.724711","-87.45194"
"http://antweb.org/api/v2/?occurrenceId=CAS:ANTWEB:casent0619468","casent0619468","formicidae","formicinae","Acropyga","smithii","Acropyga smithii","","Regi n Aut noma del Atl ntico Norte","Nicaragua","2011-08-20","mature wet forest nest in clay bank",340,"point","13.76986","-84.98278"
"http://antweb.org/api/v2/?occurrenceId=CAS:ANTWEB:casent0619699","casent0619699","formicidae","formicinae","Acropyga","smithii","Acropyga smithii","","Regi n Aut noma del Atl ntico Norte","Nicaragua","2011-08-20","mature wet forest nest in clay bank",340,"point","13.76986","-84.98278"
"http://antweb.org/api/v2/?occurrenceId=CAS:ANTWEB:casent0623950","casent0623950","formicidae","formicinae","Acropyga","smithii","Acropyga smithii","","Matagalpa","Nicaragua","2012-01-18","tropical wet forest ex sifted leaf litter",750,"point","12.96093","-85.23277"
"http://antweb.org/api/v2/?occurrenceId=CAS:ANTWEB:casent0623986","casent0623986","formicidae","formicinae","Acropyga","smithii","Acropyga smithii","","Matagalpa","Nicaragua","2013-09-27","tropical wet forest ex sifted leaf litter",750,"point","12.9603","-85.2327"
"http://antweb.org/api/v2/?occurrenceId=CAS:ANTWEB:casent0624876","casent0624876","formicidae","formicinae","Acropyga","smithii","Acropyga smithii","","Atl ntida","Honduras","2012-01-11","tropical rainforest ex sifted leaf litter",280,"point","15.691479","-86.86076"
"http://antweb.org/api/v2/?occurrenceId=CAS:ANTWEB:casent0628633","casent0628633","formicidae","formicinae","Acropyga","smithii","Acropyga smithii","","Regi n Aut noma del Atl ntico Norte","Nicaragua","2012-04-22","mature wet forest ex sifted leaf litter",360,"point","13.769163","-84.98387"
"http://antweb.org/api/v2/?occurrenceId=CAS:ANTWEB:casent0628770","casent0628770","formicidae","formicinae","Acropyga","smithii","Acropyga smithii","","Regi n Aut noma del Atl ntico Norte","Nicaragua","2012-05-04","disturbed tropical wet forest ex sifted leaf litter",420,"point","13.77361","-84.98421"
"http://antweb.org/api/v2/?occurrenceId=CAS:ANTWEB:casent0903181","casent0903181","formicidae","formicinae","Acropyga","smithii","Acropyga smithii","Holotype of Acropyga smithii","","Saint Vincent and the Grenadines","2002-12-31","",NA,NA,NA,NA
"http://antweb.org/api/v2/?occurrenceId=CAS:ANTWEB:inb0003621572","inb0003621572","formicidae","formicinae","Acropyga","smithii","Acropyga smithii","","Heredia","Costa Rica","2005-04-15","montane wet forest Hojarasca",300,"point","10.35","-84.05"
"http://antweb.org/api/v2/?occurrenceId=CAS:ANTWEB:inb0003623221","inb0003623221","formicidae","formicinae","Acropyga","smithii","Acropyga smithii","","Heredia","Costa Rica","2005-04-15","montane wet forest Hojarasca",300,"point","10.35","-84.05"
"http://antweb.org/api/v2/?occurrenceId=CAS:ANTWEB:inb0003623567","inb0003623567","formicidae","formicinae","Acropyga","smithii","Acropyga smithii","","Heredia","Costa Rica","2005-04-15","montane wet forest Hojarasca",300,"point","10.35","-84.05"
"http://antweb.org/api/v2/?occurrenceId=CAS:ANTWEB:inb0003690025","inb0003690025","formicidae","formicinae","Acropyga","smithii","Acropyga smithii","","Heredia","Costa Rica","2006-09-05","mature wet forest ex sifted leaf litter",500,"point","10.306125","-84.054665"
"http://antweb.org/api/v2/?occurrenceId=CAS:ANTWEB:inb0003694752","inb0003694752","formicidae","formicinae","Acropyga","smithii","Acropyga smithii","","Heredia","Costa Rica","2006-11-02","mature wet forest ex sifted leaf litter",500,"point","10.311545","-84.05585"
"http://antweb.org/api/v2/?occurrenceId=CAS:ANTWEB:inb0003695936","inb0003695936","formicidae","formicinae","Acropyga","smithii","Acropyga smithii","","Heredia","Costa Rica","2006-11-02","mature wet forest ex sifted leaf litter",300,"point","10.331941","-84.04905"
"http://antweb.org/api/v2/?occurrenceId=CAS:ANTWEB:inb0003695982","inb0003695982","formicidae","formicinae","Acropyga","smithii","Acropyga smithii","","Heredia","Costa Rica","2006-11-02","mature wet forest ex sifted leaf litter",300,"point","10.331672","-84.04909"
"http://antweb.org/api/v2/?occurrenceId=CAS:ANTWEB:inb0003696030","inb0003696030","formicidae","formicinae","Acropyga","smithii","Acropyga smithii","","Heredia","Costa Rica","2006-11-02","mature wet forest ex sifted leaf litter",300,"point","10.331404","-84.049126"
"http://antweb.org/api/v2/?occurrenceId=CAS:ANTWEB:inb0003697238","inb0003697238","formicidae","formicinae","Acropyga","smithii","Acropyga smithii","","Heredia","Costa Rica","2006-12-18","mature wet forest ex sifted leaf litter",160,"point","10.404584","-84.03817"
"http://antweb.org/api/v2/?occurrenceId=CAS:ANTWEB:inb0003698699","inb0003698699","formicidae","formicinae","Acropyga","smithii","Acropyga smithii","","Heredia","Costa Rica","2007-10-01","mature wet forest ex sifted leaf litter",500,"point","10.307921","-84.05685"
"http://antweb.org/api/v2/?occurrenceId=CAS:ANTWEB:inb0003698896","inb0003698896","formicidae","formicinae","Acropyga","smithii","Acropyga smithii","","Heredia","Costa Rica","2007-10-01","mature wet forest ex sifted leaf litter",300,"point","10.339898","-84.05339"
"http://antweb.org/api/v2/?occurrenceId=CAS:ANTWEB:inb0003698959","inb0003698959","formicidae","formicinae","Acropyga","smithii","Acropyga smithii","","Heredia","Costa Rica","2007-10-01","mature wet forest ex sifted leaf litter",300,"point","10.3395405","-84.053444"
"http://antweb.org/api/v2/?occurrenceId=CAS:ANTWEB:inb0004100796","inb0004100796","formicidae","formicinae","Acropyga","smithii","Acropyga smithii","","Heredia","Costa Rica","2007-10-15","mature wet forest ex sifted leaf litter",500,"point","10.30975","-84.053665"
"http://antweb.org/api/v2/?occurrenceId=CAS:ANTWEB:jtl208235","jtl208235","formicidae","formicinae","Acropyga","smithii","Acropyga smithii","","Chiapas","Mexico","2009-04-03","mesophil forest ex sifted leaf litter",985,"point","16.96318","-91.59337"
"http://antweb.org/api/v2/?occurrenceId=CAS:ANTWEB:jtl264640","jtl264640","formicidae","formicinae","Acropyga","smithii","Acropyga smithii","","Izabal","Guatemala","2009-09-16","2 lowland tropical rainforest ex sifted leaf litter",195,"point","15.510465","-88.860596"
"http://antweb.org/api/v2/?occurrenceId=CAS:ANTWEB:jtl264689","jtl264689","formicidae","formicinae","Acropyga","smithii","Acropyga smithii","","Izabal","Guatemala","2009-09-16","2 lowland tropical rainforest ex sifted leaf litter",195,"point","15.510386","-88.86048"
"http://antweb.org/api/v2/?occurrenceId=CAS:ANTWEB:jtl265155","jtl265155","formicidae","formicinae","Acropyga","smithii","Acropyga smithii","","Izabal","Guatemala","2009-09-16","2 lowland tropical rainforest ex sifted leaf litter",250,"point","15.513963","-88.8654"
"http://antweb.org/api/v2/?occurrenceId=CAS:ANTWEB:jtl265175","jtl265175","formicidae","formicinae","Acropyga","smithii","Acropyga smithii","","Izabal","Guatemala","2009-09-16","2 lowland tropical rainforest ex sifted leaf litter",250,"point","15.513986","-88.865364"
"http://antweb.org/api/v2/?occurrenceId=CAS:ANTWEB:jtl265229","jtl265229","formicidae","formicinae","Acropyga","smithii","Acropyga smithii","","Izabal","Guatemala","2009-09-16","2 lowland tropical rainforest ex sifted leaf litter",250,"point","15.514074","-88.8652"
"http://antweb.org/api/v2/?occurrenceId=CAS:ANTWEB:jtl265555","jtl265555","formicidae","formicinae","Acropyga","smithii","Acropyga smithii","","Izabal","Guatemala","2009-09-16","2 lowland tropical rainforest ex sifted leaf litter",250,"point","15.514565","-88.8643"
"http://antweb.org/api/v2/?occurrenceId=CAS:ANTWEB:jtl266197","jtl266197","formicidae","formicinae","Acropyga","smithii","Acropyga smithii","","Pet n","Guatemala","2009-09-16","tropical moist forest ex sifted leaf litter",195,"point","16.99998","-89.71512"
"http://antweb.org/api/v2/?occurrenceId=CAS:ANTWEB:jtl289901","jtl289901","formicidae","formicinae","Acropyga","smithii","Acropyga smithii","","Gracias a Dios","Honduras","2010-11-10","mature wet forest nest in clay bank",370,"point","15.71762","-84.87843"
"http://antweb.org/api/v2/?occurrenceId=CAS:ANTWEB:jtl290001","jtl290001","formicidae","formicinae","Acropyga","smithii","Acropyga smithii","","Gracias a Dios","Honduras","2010-11-10","tropical rainforest ex sifted leaf litter",60,"point","15.66352","-84.85799"
"http://antweb.org/api/v2/?occurrenceId=CAS:ANTWEB:jtl290025","jtl290025","formicidae","formicinae","Acropyga","smithii","Acropyga smithii","","Gracias a Dios","Honduras","2010-11-10","tropical rainforest ex sifted leaf litter",60,"point","15.663549","-84.857956"
"http://antweb.org/api/v2/?occurrenceId=CAS:ANTWEB:jtl290088","jtl290088","formicidae","formicinae","Acropyga","smithii","Acropyga smithii","","Gracias a Dios","Honduras","2010-11-10","tropical rainforest ex sifted leaf litter",60,"point","15.663636","-84.85785"
"http://antweb.org/api/v2/?occurrenceId=CAS:ANTWEB:jtl290168","jtl290168","formicidae","formicinae","Acropyga","smithii","Acropyga smithii","","Gracias a Dios","Honduras","2010-11-10","tropical rainforest ex sifted leaf litter",60,"point","15.663753","-84.857704"
"http://antweb.org/api/v2/?occurrenceId=CAS:ANTWEB:jtl290240","jtl290240","formicidae","formicinae","Acropyga","smithii","Acropyga smithii","","Gracias a Dios","Honduras","2010-11-10","tropical rainforest ex sifted leaf litter",60,"point","15.663884","-84.857605"
"http://antweb.org/api/v2/?occurrenceId=CAS:ANTWEB:jtl290257","jtl290257","formicidae","formicinae","Acropyga","smithii","Acropyga smithii","","Gracias a Dios","Honduras","2010-11-10","tropical rainforest ex sifted leaf litter",60,"point","15.663929","-84.85762"
"http://antweb.org/api/v2/?occurrenceId=CAS:ANTWEB:jtl290396","jtl290396","formicidae","formicinae","Acropyga","smithii","Acropyga smithii","","Gracias a Dios","Honduras","2010-11-10","tropical rainforest ex sifted leaf litter",60,"point","15.664459","-84.857635"
"http://antweb.org/api/v2/?occurrenceId=CAS:ANTWEB:jtl290799","jtl290799","formicidae","formicinae","Acropyga","smithii","Acropyga smithii","","Gracias a Dios","Honduras","2010-11-10","tropical rainforest ex sifted leaf litter",80,"point","15.70861","-84.86118"
"http://antweb.org/api/v2/?occurrenceId=CAS:ANTWEB:jtl291034","jtl291034","formicidae","formicinae","Acropyga","smithii","Acropyga smithii","","Gracias a Dios","Honduras","2010-11-10","tropical rainforest ex sifted leaf litter",80,"point","15.70861","-84.86188"
"http://antweb.org/api/v2/?occurrenceId=CAS:ANTWEB:jtl291601","jtl291601","formicidae","formicinae","Acropyga","smithii","Acropyga smithii","","Gracias a Dios","Honduras","2010-11-10","tropical rainforest ex sifted leaf litter",60,"point","15.66438","-84.85763"
"http://antweb.org/api/v2/?occurrenceId=CAS:ANTWEB:jtl291631","jtl291631","formicidae","formicinae","Acropyga","smithii","Acropyga smithii","","Gracias a Dios","Honduras","2010-11-10","tropical rainforest ex sifted leaf litter",100,"point","15.712","-84.86305"
"http://antweb.org/api/v2/?occurrenceId=CAS:ANTWEB:jtl291881","jtl291881","formicidae","formicinae","Acropyga","smithii","Acropyga smithii","","Gracias a Dios","Honduras","2010-11-10","tropical rainforest ex sifted leaf litter",380,"point","15.722","-84.88325"
"http://antweb.org/api/v2/?occurrenceId=CAS:ANTWEB:jtl291931","jtl291931","formicidae","formicinae","Acropyga","smithii","Acropyga smithii","","Gracias a Dios","Honduras","2010-11-10","tropical rainforest ex sifted leaf litter",560,"point","15.72153","-84.88173"
"http://antweb.org/api/v2/?occurrenceId=CAS:ANTWEB:jtl293086","jtl293086","formicidae","formicinae","Acropyga","smithii","Acropyga smithii","","Gracias a Dios","Honduras","2010-11-17","tropical rainforest ex sifted leaf litter",510,"point","15.72245","-84.88078"
"http://antweb.org/api/v2/?occurrenceId=CAS:ANTWEB:jtl318283","jtl318283","formicidae","formicinae","Acropyga","smithii","Acropyga smithii","","Atl ntida","Honduras","2011-04-15","2 tropical rainforest ex sifted leaf litter",30,"point","15.764705","-87.456795"
"http://antweb.org/api/v2/?occurrenceId=CAS:ANTWEB:jtl318311","jtl318311","formicidae","formicinae","Acropyga","smithii","Acropyga smithii","","Atl ntida","Honduras","2011-04-15","2 tropical rainforest ex sifted leaf litter",30,"point","15.764663","-87.45677"
"http://antweb.org/api/v2/?occurrenceId=CAS:ANTWEB:jtl318328","jtl318328","formicidae","formicinae","Acropyga","smithii","Acropyga smithii","","Atl ntida","Honduras","2011-04-15","2 tropical rainforest ex sifted leaf litter",30,"point","15.764621","-87.45676"
"http://antweb.org/api/v2/?occurrenceId=CAS:ANTWEB:jtl318374","jtl318374","formicidae","formicinae","Acropyga","smithii","Acropyga smithii","","Atl ntida","Honduras","2011-04-15","2 tropical rainforest ex sifted leaf litter",30,"point","15.764453","-87.45669"
"http://antweb.org/api/v2/?occurrenceId=CAS:ANTWEB:jtl318443","jtl318443","formicidae","formicinae","Acropyga","smithii","Acropyga smithii","","Atl ntida","Honduras","2011-04-15","2 tropical rainforest ex sifted leaf litter",30,"point","15.764285","-87.45662"
"http://antweb.org/api/v2/?occurrenceId=CAS:ANTWEB:jtl318455","jtl318455","formicidae","formicinae","Acropyga","smithii","Acropyga smithii","","Atl ntida","Honduras","2011-04-15","2 tropical rainforest ex sifted leaf litter",30,"point","15.764243","-87.456604"
"http://antweb.org/api/v2/?occurrenceId=CAS:ANTWEB:jtl318470","jtl318470","formicidae","formicinae","Acropyga","smithii","Acropyga smithii","","Atl ntida","Honduras","2011-04-15","2 tropical rainforest ex sifted leaf litter",30,"point","15.764201","-87.45658"
"http://antweb.org/api/v2/?occurrenceId=CAS:ANTWEB:jtl318533","jtl318533","formicidae","formicinae","Acropyga","smithii","Acropyga smithii","","Atl ntida","Honduras","2011-04-15","2 tropical rainforest ex sifted leaf litter",30,"point","15.764034","-87.45651"
"http://antweb.org/api/v2/?occurrenceId=CAS:ANTWEB:jtl318587","jtl318587","formicidae","formicinae","Acropyga","smithii","Acropyga smithii","","Atl ntida","Honduras","2011-04-15","2 tropical rainforest ex sifted leaf litter",30,"point","15.763866","-87.45644"
"http://antweb.org/api/v2/?occurrenceId=CAS:ANTWEB:jtl318608","jtl318608","formicidae","formicinae","Acropyga","smithii","Acropyga smithii","","Atl ntida","Honduras","2011-04-15","2 tropical rainforest ex sifted leaf litter",30,"point","15.763824","-87.45643"
"http://antweb.org/api/v2/?occurrenceId=CAS:ANTWEB:jtl318626","jtl318626","formicidae","formicinae","Acropyga","smithii","Acropyga smithii","","Atl ntida","Honduras","2011-04-15","2 tropical rainforest ex sifted leaf litter",30,"point","15.7637825","-87.45641"
"http://antweb.org/api/v2/?occurrenceId=CAS:ANTWEB:jtl318980","jtl318980","formicidae","formicinae","Acropyga","smithii","Acropyga smithii","","Atl ntida","Honduras","2011-04-15","tropical rainforest ex sifted leaf litter",190,"point","15.724891","-87.451965"
"http://antweb.org/api/v2/?occurrenceId=CAS:ANTWEB:jtl319101","jtl319101","formicidae","formicinae","Acropyga","smithii","Acropyga smithii","","Atl ntida","Honduras","2011-04-15","tropical rainforest ex sifted leaf litter",190,"point","15.724577","-87.45193"
"http://antweb.org/api/v2/?occurrenceId=CAS:ANTWEB:jtl319132","jtl319132","formicidae","formicinae","Acropyga","smithii","Acropyga smithii","","Atl ntida","Honduras","2011-04-15","tropical rainforest ex sifted leaf litter",190,"point","15.724532","-87.45192"
"http://antweb.org/api/v2/?occurrenceId=CAS:ANTWEB:jtl319157","jtl319157","formicidae","formicinae","Acropyga","smithii","Acropyga smithii","","Atl ntida","Honduras","2011-04-15","tropical rainforest ex sifted leaf litter",190,"point","15.724487","-87.45191"
"http://antweb.org/api/v2/?occurrenceId=CAS:ANTWEB:jtl319171","jtl319171","formicidae","formicinae","Acropyga","smithii","Acropyga smithii","","Atl ntida","Honduras","2011-04-15","tropical rainforest ex sifted leaf litter",190,"point","15.7244425","-87.45191"
"http://antweb.org/api/v2/?occurrenceId=CAS:ANTWEB:jtl319199","jtl319199","formicidae","formicinae","Acropyga","smithii","Acropyga smithii","","Atl ntida","Honduras","2011-04-15","tropical rainforest ex sifted leaf litter",190,"point","15.724398","-87.451904"
"http://antweb.org/api/v2/?occurrenceId=CAS:ANTWEB:jtl319210","jtl319210","formicidae","formicinae","Acropyga","smithii","Acropyga smithii","","Atl ntida","Honduras","2011-04-15","tropical rainforest ex sifted leaf litter",190,"point","15.724353","-87.4519"
"http://antweb.org/api/v2/?occurrenceId=CAS:ANTWEB:jtl319254","jtl319254","formicidae","formicinae","Acropyga","smithii","Acropyga smithii","","Atl ntida","Honduras","2011-04-15","tropical rainforest ex sifted leaf litter",190,"point","15.724263","-87.45189"
"http://antweb.org/api/v2/?occurrenceId=CAS:ANTWEB:jtl319262","jtl319262","formicidae","formicinae","Acropyga","smithii","Acropyga smithii","","Atl ntida","Honduras","2011-04-15","tropical rainforest ex sifted leaf litter",190,"point","15.724217","-87.45188"
"http://antweb.org/api/v2/?occurrenceId=CAS:ANTWEB:jtl319293","jtl319293","formicidae","formicinae","Acropyga","smithii","Acropyga smithii","","Atl ntida","Honduras","2011-04-15","tropical rainforest ex sifted leaf litter",190,"point","15.724173","-87.45187"
"http://antweb.org/api/v2/?occurrenceId=CAS:ANTWEB:jtl319336","jtl319336","formicidae","formicinae","Acropyga","smithii","Acropyga smithii","","Atl ntida","Honduras","2011-04-15","tropical rainforest ex sifted leaf litter",190,"point","15.724038","-87.45186"
"http://antweb.org/api/v2/?occurrenceId=CAS:ANTWEB:jtl319425","jtl319425","formicidae","formicinae","Acropyga","smithii","Acropyga smithii","","Atl ntida","Honduras","2011-04-15","tropical rainforest ex sifted leaf litter",190,"point","15.723859","-87.451836"
"http://antweb.org/api/v2/?occurrenceId=CAS:ANTWEB:jtl319444","jtl319444","formicidae","formicinae","Acropyga","smithii","Acropyga smithii","","Atl ntida","Honduras","2011-04-15","tropical rainforest ex sifted leaf litter",190,"point","15.723769","-87.45182"
"http://antweb.org/api/v2/?occurrenceId=CAS:ANTWEB:jtl319483","jtl319483","formicidae","formicinae","Acropyga","smithii","Acropyga smithii","","Atl ntida","Honduras","2011-04-15","tropical rainforest ex sifted leaf litter",190,"point","15.723724","-87.45182"
"http://antweb.org/api/v2/?occurrenceId=CAS:ANTWEB:jtl319505","jtl319505","formicidae","formicinae","Acropyga","smithii","Acropyga smithii","","Atl ntida","Honduras","2011-04-15","tropical rainforest ex sifted leaf litter",190,"point","15.723635","-87.451805"
"http://antweb.org/api/v2/?occurrenceId=CAS:ANTWEB:jtl319515","jtl319515","formicidae","formicinae","Acropyga","smithii","Acropyga smithii","","Atl ntida","Honduras","2011-04-15","tropical rainforest ex sifted leaf litter",190,"point","15.72359","-87.451805"
"http://antweb.org/api/v2/?occurrenceId=CAS:ANTWEB:jtl319666","jtl319666","formicidae","formicinae","Acropyga","smithii","Acropyga smithii","","Atl ntida","Honduras","2011-04-15","tropical rainforest ex sifted leaf litter",190,"point","15.723186","-87.45175"
"http://antweb.org/api/v2/?occurrenceId=CAS:ANTWEB:jtl319954","jtl319954","formicidae","formicinae","Acropyga","smithii","Acropyga smithii","","Atl ntida","Honduras","2011-04-15","tropical rainforest ex sifted leaf litter",100,"point","15.72873","-87.45151"
"http://antweb.org/api/v2/?occurrenceId=CAS:ANTWEB:jtl320059","jtl320059","formicidae","formicinae","Acropyga","smithii","Acropyga smithii","","Atl ntida","Honduras","2011-04-15","tropical rainforest ex sifted leaf litter",170,"point","15.72699","-87.45122"
"http://antweb.org/api/v2/?occurrenceId=CAS:ANTWEB:jtl320146","jtl320146","formicidae","formicinae","Acropyga","smithii","Acropyga smithii","","Atl ntida","Honduras","2011-04-15","old cacao plantation ex sifted leaf litter",20,"point","15.7657","-87.45567"
"http://antweb.org/api/v2/?occurrenceId=CAS:ANTWEB:jtl320574","jtl320574","formicidae","formicinae","Acropyga","smithii","Acropyga smithii","","Atl ntida","Honduras","2011-04-15","tropical rainforest ex sifted leaf litter",330,"point","15.70914","-87.46623"
"http://antweb.org/api/v2/?occurrenceId=CAS:ANTWEB:jtl320620","jtl320620","formicidae","formicinae","Acropyga","smithii","Acropyga smithii","","Atl ntida","Honduras","2011-04-15","tropical rainforest ex sifted leaf litter",260,"point","15.70932","-87.46296"
"http://antweb.org/api/v2/?occurrenceId=CAS:ANTWEB:jtl325626","jtl325626","formicidae","formicinae","Acropyga","smithii","Acropyga smithii","","Regi n Aut noma del Atl ntico Norte","Nicaragua","2011-08-20","mature wet forest nest in clay bank",340,"point","13.76986","-84.98278"
"http://antweb.org/api/v2/?occurrenceId=CAS:ANTWEB:jtl656577","jtl656577","formicidae","formicinae","Acropyga","smithii","Acropyga smithii","","Atl ntida","Honduras","2012-01-11","tropical rainforest ex sifted leaf litter",280,"point","15.691479","-86.86076"
"http://antweb.org/api/v2/?occurrenceId=CAS:ANTWEB:jtl656744","jtl656744","formicidae","formicinae","Acropyga","smithii","Acropyga smithii","","Atl ntida","Honduras","2012-01-11","tropical rainforest ex sifted leaf litter",280,"point","15.691104","-86.86098"
"http://antweb.org/api/v2/?occurrenceId=CAS:ANTWEB:jtl664853","jtl664853","formicidae","formicinae","Acropyga","smithii","Acropyga smithii","","Matagalpa","Nicaragua","2012-01-18","tropical wet forest ex sifted leaf litter",750,"point","12.9603","-85.2327"
"http://antweb.org/api/v2/?occurrenceId=CAS:ANTWEB:jtl665063","jtl665063","formicidae","formicinae","Acropyga","smithii","Acropyga smithii","","Matagalpa","Nicaragua","2012-01-18","tropical wet forest ex sifted leaf litter",750,"point","12.95996","-85.23266"
"http://antweb.org/api/v2/?occurrenceId=CAS:ANTWEB:jtl665102","jtl665102","formicidae","formicinae","Acropyga","smithii","Acropyga smithii","","Matagalpa","Nicaragua","2012-01-18","tropical wet forest ex sifted leaf litter",750,"point","12.95991","-85.23265"
"http://antweb.org/api/v2/?occurrenceId=CAS:ANTWEB:jtl665136","jtl665136","formicidae","formicinae","Acropyga","smithii","Acropyga smithii","","Matagalpa","Nicaragua","2012-01-18","tropical wet forest ex sifted leaf litter",750,"point","12.95987","-85.23264"
"http://antweb.org/api/v2/?occurrenceId=CAS:ANTWEB:jtl665489","jtl665489","formicidae","formicinae","Acropyga","smithii","Acropyga smithii","","Matagalpa","Nicaragua","2012-01-18","tropical wet forest ex sifted leaf litter",700,"point","12.95893","-85.22486"
"http://antweb.org/api/v2/?occurrenceId=CAS:ANTWEB:jtl666071","jtl666071","formicidae","formicinae","Acropyga","smithii","Acropyga smithii","","Matagalpa","Nicaragua","2012-01-18","tropical wet forest ex sifted leaf litter",700,"point","12.96019","-85.22486"
"http://antweb.org/api/v2/?occurrenceId=CAS:ANTWEB:jtl666183","jtl666183","formicidae","formicinae","Acropyga","smithii","Acropyga smithii","","Matagalpa","Nicaragua","2012-01-18","tropical wet forest ex sifted leaf litter",700,"point","12.96033","-85.22486"
"http://antweb.org/api/v2/?occurrenceId=CAS:ANTWEB:jtl666207","jtl666207","formicidae","formicinae","Acropyga","smithii","Acropyga smithii","","Matagalpa","Nicaragua","2012-01-18","tropical wet forest ex sifted leaf litter",700,"point","12.96037","-85.22486"
"http://antweb.org/api/v2/?occurrenceId=CAS:ANTWEB:jtl666370","jtl666370","formicidae","formicinae","Acropyga","smithii","Acropyga smithii","","Matagalpa","Nicaragua","2012-01-18","tropical wet forest ex sifted leaf litter",750,"point","12.96079","-85.23249"
"http://antweb.org/api/v2/?occurrenceId=CAS:ANTWEB:jtl666653","jtl666653","formicidae","formicinae","Acropyga","smithii","Acropyga smithii","","Matagalpa","Nicaragua","2012-01-18","montane wet forest ex sifted leaf litter",910,"point","12.96407","-85.23252"
"http://antweb.org/api/v2/?occurrenceId=CAS:ANTWEB:jtl666695","jtl666695","formicidae","formicinae","Acropyga","smithii","Acropyga smithii","","Matagalpa","Nicaragua","2012-01-18","tropical wet forest ex sifted leaf litter",700,"point","12.95927","-85.22496"
"http://antweb.org/api/v2/?occurrenceId=CAS:ANTWEB:jtl671247","jtl671247","formicidae","formicinae","Acropyga","smithii","Acropyga smithii","","Regi n Aut noma del Atl ntico Norte","Nicaragua","2012-04-21","mature wet forest ex sifted leaf litter",310,"point","13.77087","-84.98051"
"http://antweb.org/api/v2/?occurrenceId=CAS:ANTWEB:jtl671266","jtl671266","formicidae","formicinae","Acropyga","smithii","Acropyga smithii","","Regi n Aut noma del Atl ntico Norte","Nicaragua","2012-04-21","mature wet forest ex sifted leaf litter",310,"point","13.770827","-84.98052"
"http://antweb.org/api/v2/?occurrenceId=CAS:ANTWEB:jtl671284","jtl671284","formicidae","formicinae","Acropyga","smithii","Acropyga smithii","","Regi n Aut noma del Atl ntico Norte","Nicaragua","2012-04-21","mature wet forest ex sifted leaf litter",310,"point","13.770785","-84.980545"
"http://antweb.org/api/v2/?occurrenceId=CAS:ANTWEB:jtl671304","jtl671304","formicidae","formicinae","Acropyga","smithii","Acropyga smithii","","Regi n Aut noma del Atl ntico Norte","Nicaragua","2012-04-21","mature wet forest ex sifted leaf litter",310,"point","13.770742","-84.98056"
"http://antweb.org/api/v2/?occurrenceId=CAS:ANTWEB:jtl671332","jtl671332","formicidae","formicinae","Acropyga","smithii","Acropyga smithii","","Regi n Aut noma del Atl ntico Norte","Nicaragua","2012-04-21","mature wet forest ex sifted leaf litter",310,"point","13.7707","-84.980576"
"http://antweb.org/api/v2/?occurrenceId=CAS:ANTWEB:jtl671351","jtl671351","formicidae","formicinae","Acropyga","smithii","Acropyga smithii","","Regi n Aut noma del Atl ntico Norte","Nicaragua","2012-04-21","mature wet forest ex sifted leaf litter",310,"point","13.770658","-84.98059"
"http://antweb.org/api/v2/?occurrenceId=CAS:ANTWEB:jtl671401","jtl671401","formicidae","formicinae","Acropyga","smithii","Acropyga smithii","","Regi n Aut noma del Atl ntico Norte","Nicaragua","2012-04-21","mature wet forest ex sifted leaf litter",310,"point","13.770573","-84.98062"
"http://antweb.org/api/v2/?occurrenceId=CAS:ANTWEB:jtl671600","jtl671600","formicidae","formicinae","Acropyga","smithii","Acropyga smithii","","Regi n Aut noma del Atl ntico Norte","Nicaragua","2012-04-21","mature wet forest ex sifted leaf litter",310,"point","13.77019","-84.98077"
"http://antweb.org/api/v2/?occurrenceId=CAS:ANTWEB:jtl671854","jtl671854","formicidae","formicinae","Acropyga","smithii","Acropyga smithii","","Regi n Aut noma del Atl ntico Norte","Nicaragua","2012-04-21","mature wet forest ex sifted leaf litter",310,"point","13.770091","-84.980644"
"http://antweb.org/api/v2/?occurrenceId=CAS:ANTWEB:jtl672041","jtl672041","formicidae","formicinae","Acropyga","smithii","Acropyga smithii","","Regi n Aut noma del Atl ntico Norte","Nicaragua","2012-04-21","mature wet forest ex sifted leaf litter",310,"point","13.770314","-84.98031"
"http://antweb.org/api/v2/?occurrenceId=CAS:ANTWEB:jtl672064","jtl672064","formicidae","formicinae","Acropyga","smithii","Acropyga smithii","","Regi n Aut noma del Atl ntico Norte","Nicaragua","2012-04-21","mature wet forest ex sifted leaf litter",310,"point","13.770357","-84.98029"
"http://antweb.org/api/v2/?occurrenceId=CAS:ANTWEB:jtl672174","jtl672174","formicidae","formicinae","Acropyga","smithii","Acropyga smithii","","Regi n Aut noma del Atl ntico Norte","Nicaragua","2012-04-21","mature wet forest ex sifted leaf litter",310,"point","13.770612","-84.980194"
"http://antweb.org/api/v2/?occurrenceId=CAS:ANTWEB:jtl672199","jtl672199","formicidae","formicinae","Acropyga","smithii","Acropyga smithii","","Regi n Aut noma del Atl ntico Norte","Nicaragua","2012-04-21","mature wet forest ex sifted leaf litter",310,"point","13.770654","-84.98018"
"http://antweb.org/api/v2/?occurrenceId=CAS:ANTWEB:jtl672221","jtl672221","formicidae","formicinae","Acropyga","smithii","Acropyga smithii","","Regi n Aut noma del Atl ntico Norte","Nicaragua","2012-04-21","mature wet forest ex sifted leaf litter",310,"point","13.770697","-84.98016"
"http://antweb.org/api/v2/?occurrenceId=CAS:ANTWEB:jtl672266","jtl672266","formicidae","formicinae","Acropyga","smithii","Acropyga smithii","","Regi n Aut noma del Atl ntico Norte","Nicaragua","2012-04-21","mature wet forest ex sifted leaf litter",310,"point","13.7707815","-84.98013"
"http://antweb.org/api/v2/?occurrenceId=CAS:ANTWEB:jtl672497","jtl672497","formicidae","formicinae","Acropyga","smithii","Acropyga smithii","","Regi n Aut noma del Atl ntico Norte","Nicaragua","2012-05-04","disturbed tropical wet forest ex sifted leaf litter",420,"point","13.77361","-84.98421"
"http://antweb.org/api/v2/?occurrenceId=CAS:ANTWEB:jtl672593","jtl672593","formicidae","formicinae","Acropyga","smithii","Acropyga smithii","","Regi n Aut noma del Atl ntico Norte","Nicaragua","2012-05-04","tropical wet forest ex sifted leaf litter",510,"point","13.77361","-84.9865"
"http://antweb.org/api/v2/?occurrenceId=CAS:ANTWEB:jtlc000007176","jtlc000007176","formicidae","formicinae","Acropyga","smithii","Acropyga smithii","","Alajuela","Costa Rica","2008-04-09","wet forest in excavated soil of clay bank",800,"point","10.31667","-84.71667"
"http://antweb.org/api/v2/?occurrenceId=CAS:ANTWEB:jtlc000014959","jtlc000014959","formicidae","formicinae","Acropyga","smithii","Acropyga smithii","","Chiapas","Mexico","2009-02-04","wet forest nest in clay bank",170,"point","16.15149","-90.89689"
"http://antweb.org/api/v2/?occurrenceId=CAS:ANTWEB:jtlc000014960","jtlc000014960","formicidae","formicinae","Acropyga","smithii","Acropyga smithii","","Chiapas","Mexico","2009-02-04","wet forest nest in clay bank",170,"point","16.15149","-90.89689"
"http://antweb.org/api/v2/?occurrenceId=CAS:ANTWEB:lacm ent 145131","lacm ent 145131","formicidae","formicinae","Acropyga","smithii","Acropyga smithii","","Magdalena","Colombia","2003-12-18","",550,"point","10.95","-74.05"
"http://antweb.org/api/v2/?occurrenceId=CAS:ANTWEB:usnment01124202","usnment01124202","formicidae","formicinae","Acropyga","smithii","Acropyga smithii","","","Guyana","2015-05-28","",240,"point","2.1819","-59.33708"
