"url","catalogNumber","family","subfamily","genus","specificEpithet","scientific_name","typeStatus","stateProvince","country","dateIdentified","habitat","minimumElevationInMeters","geojson.type","decimal_latitude","decimal_longitude"
"http://antweb.org/api/v2/?occurrenceId=CAS:ANTWEB:casent0249918","casent0249918","formicidae","formicinae","Acropyga","exsanguis","Acropyga exsanguis","","Puntarenas","Costa Rica","2003-12-31","montane rainforest edge under stone",1100,"point","10.3","-84.81667"
"http://antweb.org/api/v2/?occurrenceId=CAS:ANTWEB:casent0600909","casent0600909","formicidae","formicinae","Acropyga","exsanguis","Acropyga exsanguis","","El Progresso","Guatemala","2008-05-08","tropical dry scrub ex sifted leaf litter",460,"point","14.9051","-90.15362"
"http://antweb.org/api/v2/?occurrenceId=CAS:ANTWEB:casent0604527","casent0604527","formicidae","formicinae","Acropyga","exsanguis","Acropyga exsanguis","","Baja Verapaz","Guatemala","2008-05-08","oak forest forest litter",1660,"point","15.23504","-90.28334"
"http://antweb.org/api/v2/?occurrenceId=CAS:ANTWEB:casent0609912","casent0609912","formicidae","formicinae","Acropyga","exsanguis","Acropyga exsanguis","","Chiapas","Mexico","2009-03-02","mature wet forest Malaise trap",160,"point","16.15919","-90.90178"
"http://antweb.org/api/v2/?occurrenceId=CAS:ANTWEB:casent0609913","casent0609913","formicidae","formicinae","Acropyga","exsanguis","Acropyga exsanguis","","Chiapas","Mexico","2009-03-02","mature wet forest Malaise trap",160,"point","16.15919","-90.90178"
"http://antweb.org/api/v2/?occurrenceId=CAS:ANTWEB:casent0611029","casent0611029","formicidae","formicinae","Acropyga","exsanguis","Acropyga exsanguis","","El Pet n","Guatemala","2009-06-12","moist forest under stones",150,"point","17.00222","-89.71709"
"http://antweb.org/api/v2/?occurrenceId=CAS:ANTWEB:casent0611228","casent0611228","formicidae","formicinae","Acropyga","exsanguis","Acropyga exsanguis","","Izabal","Guatemala","2009-09-16","2 lowland tropical rainforest ex sifted leaf litter",195,"point","15.510753","-88.861015"
"http://antweb.org/api/v2/?occurrenceId=CAS:ANTWEB:casent0611247","casent0611247","formicidae","formicinae","Acropyga","exsanguis","Acropyga exsanguis","","Izabal","Guatemala","2009-09-16","2 lowland tropical rainforest ex sifted leaf litter",195,"point","15.510386","-88.86048"
"http://antweb.org/api/v2/?occurrenceId=CAS:ANTWEB:casent0611339","casent0611339","formicidae","formicinae","Acropyga","exsanguis","Acropyga exsanguis","","Izabal","Guatemala","2009-09-16","2 lowland rainforest ex sifted leaf litter",245,"point","15.51341","-88.86616"
"http://antweb.org/api/v2/?occurrenceId=CAS:ANTWEB:casent0611356","casent0611356","formicidae","formicinae","Acropyga","exsanguis","Acropyga exsanguis","","Izabal","Guatemala","2009-09-16","2 lowland rainforest ex sifted leaf litter",245,"point","15.51341","-88.86616"
"http://antweb.org/api/v2/?occurrenceId=CAS:ANTWEB:casent0612192","casent0612192","formicidae","formicinae","Acropyga","exsanguis","Acropyga exsanguis","","Gracias a Dios","Honduras","2010-11-10","mature wet forest nest in clay bank",370,"point","15.71762","-84.87843"
"http://antweb.org/api/v2/?occurrenceId=CAS:ANTWEB:casent0612193","casent0612193","formicidae","formicinae","Acropyga","exsanguis","Acropyga exsanguis","","Gracias a Dios","Honduras","2010-11-10","mature wet forest nest in clay bank",370,"point","15.71762","-84.87843"
"http://antweb.org/api/v2/?occurrenceId=CAS:ANTWEB:casent0612319","casent0612319","formicidae","formicinae","Acropyga","exsanguis","Acropyga exsanguis","","Gracias a Dios","Honduras","2013-09-27","tropical rainforest ex sifted leaf litter",60,"point","15.663811","-84.857635"
"http://antweb.org/api/v2/?occurrenceId=CAS:ANTWEB:casent0617530","casent0617530","formicidae","formicinae","Acropyga","exsanguis","Acropyga exsanguis","","Cort s","Honduras","2011-03-17","mesophyll forest ex sifted leaf litter",1330,"point","15.487386","-88.234985"
"http://antweb.org/api/v2/?occurrenceId=CAS:ANTWEB:casent0617533","casent0617533","formicidae","formicinae","Acropyga","exsanguis","Acropyga exsanguis","","Cort s","Honduras","2011-03-17","mesophyll forest ex sifted leaf litter",1330,"point","15.487354","-88.234955"
"http://antweb.org/api/v2/?occurrenceId=CAS:ANTWEB:casent0617535","casent0617535","formicidae","formicinae","Acropyga","exsanguis","Acropyga exsanguis","","Cort s","Honduras","2011-03-17","mesophyll forest ex sifted leaf litter",1330,"point","15.487354","-88.234955"
"http://antweb.org/api/v2/?occurrenceId=CAS:ANTWEB:casent0617614","casent0617614","formicidae","formicinae","Acropyga","exsanguis","Acropyga exsanguis","","Cort s","Honduras","2011-03-17","mesophyll forest ex sifted leaf litter",1330,"point","15.487386","-88.234985"
"http://antweb.org/api/v2/?occurrenceId=CAS:ANTWEB:casent0618357","casent0618357","formicidae","formicinae","Acropyga","exsanguis","Acropyga exsanguis","","Atl ntida","Honduras","2011-04-15","tropical rainforest ex sifted leaf litter",190,"point","15.72359","-87.451805"
"http://antweb.org/api/v2/?occurrenceId=CAS:ANTWEB:casent0618399","casent0618399","formicidae","formicinae","Acropyga","exsanguis","Acropyga exsanguis","","Atl ntida","Honduras","2011-04-15","tropical rainforest ex sifted leaf litter",190,"point","15.72498","-87.45197"
"http://antweb.org/api/v2/?occurrenceId=CAS:ANTWEB:casent0618683","casent0618683","formicidae","formicinae","Acropyga","exsanguis","Acropyga exsanguis","","Atl ntida","Honduras","2011-04-15","tropical rainforest ex sifted leaf litter",410,"point","15.70493","-87.47291"
"http://antweb.org/api/v2/?occurrenceId=CAS:ANTWEB:casent0619744","casent0619744","formicidae","formicinae","Acropyga","exsanguis","Acropyga exsanguis","","Jinotega","Nicaragua","2011-08-20","montane wet forest under stone",1060,"point","13.76846","-85.02334"
"http://antweb.org/api/v2/?occurrenceId=CAS:ANTWEB:casent0624860","casent0624860","formicidae","formicinae","Acropyga","exsanguis","Acropyga exsanguis","","Atl ntida","Honduras","2012-01-11","tropical rainforest ex sifted leaf litter",200,"point","15.69449","-86.8626"
"http://antweb.org/api/v2/?occurrenceId=CAS:ANTWEB:casent0624978","casent0624978","formicidae","formicinae","Acropyga","exsanguis","Acropyga exsanguis","","Regi n Aut noma del Atl ntico Sur","Nicaragua","2012-01-11","2 lowland rainforest ex sifted leaf litter",30,"point","12.676657","-83.71512"
"http://antweb.org/api/v2/?occurrenceId=CAS:ANTWEB:casent0628631","casent0628631","formicidae","formicinae","Acropyga","exsanguis","Acropyga exsanguis","","Regi n Aut noma del Atl ntico Norte","Nicaragua","2012-04-22","mature wet forest ex sifted leaf litter",360,"point","13.769207","-84.983864"
"http://antweb.org/api/v2/?occurrenceId=CAS:ANTWEB:casent0628642","casent0628642","formicidae","formicinae","Acropyga","exsanguis","Acropyga exsanguis","","Regi n Aut noma del Atl ntico Norte","Nicaragua","2012-04-22","mature wet forest ex sifted leaf litter",360,"point","13.76903","-84.983894"
"http://antweb.org/api/v2/?occurrenceId=CAS:ANTWEB:casent0628727","casent0628727","formicidae","formicinae","Acropyga","exsanguis","Acropyga exsanguis","","Regi n Aut noma del Atl ntico Norte","Nicaragua","2012-04-22","mature wet forest ex sifted leaf litter",360,"point","13.769207","-84.983864"
"http://antweb.org/api/v2/?occurrenceId=CAS:ANTWEB:casent0628728","casent0628728","formicidae","formicinae","Acropyga","exsanguis","Acropyga exsanguis","","Regi n Aut noma del Atl ntico Norte","Nicaragua","2012-04-22","mature wet forest ex sifted leaf litter",360,"point","13.769207","-84.983864"
"http://antweb.org/api/v2/?occurrenceId=CAS:ANTWEB:casent0635009","casent0635009","formicidae","formicinae","Acropyga","exsanguis","Acropyga exsanguis","","Puntarenas","Costa Rica","2014-07-17","moist forest ex sifted leaf litter",1380,"point","10.29089","-84.79262"
"http://antweb.org/api/v2/?occurrenceId=CAS:ANTWEB:casent0636138","casent0636138","formicidae","formicinae","Acropyga","exsanguis","Acropyga exsanguis","","Alajuela","Costa Rica","2014-02-28","wet forest pan trap",1000,"point","10.714","-85.036"
"http://antweb.org/api/v2/?occurrenceId=CAS:ANTWEB:casent0636139","casent0636139","formicidae","formicinae","Acropyga","exsanguis","Acropyga exsanguis","","Alajuela","Costa Rica","2014-02-28","wet forest pan trap",1000,"point","10.714","-85.036"
"http://antweb.org/api/v2/?occurrenceId=CAS:ANTWEB:casent0637817","casent0637817","formicidae","formicinae","Acropyga","exsanguis","Acropyga exsanguis","","Cartago","Costa Rica","2015-12-15","2nd growth cloud forest in excavated soil of clay bank",1280,"point","9.74928","-83.78219"
"http://antweb.org/api/v2/?occurrenceId=CAS:ANTWEB:casent0638930","casent0638930","formicidae","formicinae","Acropyga","exsanguis","Acropyga exsanguis","","San Salvador","El Salvador","2013-04-24","garden",NA,"point","13.675","-89.197"
"http://antweb.org/api/v2/?occurrenceId=CAS:ANTWEB:casent0903182","casent0903182","formicidae","formicinae","Acropyga","exsanguis","Acropyga exsanguis","Holotype of Acropyga robae","Antioquia","Colombia","2002-12-31","",NA,NA,NA,NA
"http://antweb.org/api/v2/?occurrenceId=CAS:ANTWEB:casent0912354","casent0912354","formicidae","formicinae","Acropyga","exsanguis","Acropyga exsanguis","syntype of Acropyga bruchi","Santa Fe","Argentina","","",NA,NA,NA,NA
"http://antweb.org/api/v2/?occurrenceId=CAS:ANTWEB:id2016","id2016","formicidae","formicinae","Acropyga","exsanguis","Acropyga exsanguis","","Alta Verapaz","Guatemala","2013-05-30","Caf ex sifted leaf litter",920,"point","15.23128","-89.71026"
"http://antweb.org/api/v2/?occurrenceId=CAS:ANTWEB:inb0003618125","inb0003618125","formicidae","formicinae","Acropyga","exsanguis","Acropyga exsanguis","","Heredia","Costa Rica","2004-06-17","mature wet forest",50,"point","10.415251","-84.02349"
"http://antweb.org/api/v2/?occurrenceId=CAS:ANTWEB:inb0003622476","inb0003622476","formicidae","formicinae","Acropyga","exsanguis","Acropyga exsanguis","","Heredia","Costa Rica","2005-04-22","mature wet forest ex sifted leaf litter",50,"point","10.417173","-84.02323"
"http://antweb.org/api/v2/?occurrenceId=CAS:ANTWEB:inb0003622506","inb0003622506","formicidae","formicinae","Acropyga","exsanguis","Acropyga exsanguis","","Heredia","Costa Rica","2005-04-22","mature wet forest ex sifted leaf litter",50,"point","10.416878","-84.023445"
"http://antweb.org/api/v2/?occurrenceId=CAS:ANTWEB:inb0003622513","inb0003622513","formicidae","formicinae","Acropyga","exsanguis","Acropyga exsanguis","","Heredia","Costa Rica","2005-04-22","mature wet forest ex sifted leaf litter",50,"point","10.416804","-84.0235"
"http://antweb.org/api/v2/?occurrenceId=CAS:ANTWEB:inb0003622522","inb0003622522","formicidae","formicinae","Acropyga","exsanguis","Acropyga exsanguis","","Heredia","Costa Rica","2005-03-01","mature wet forest ex sifted leaf litter",50,"point","10.41673","-84.02355"
"http://antweb.org/api/v2/?occurrenceId=CAS:ANTWEB:inb0003655375","inb0003655375","formicidae","formicinae","Acropyga","exsanguis","Acropyga exsanguis","","Heredia","Costa Rica","2005-03-01","mature wet forest ex sifted leaf litter",160,"point","10.402871","-84.04122"
"http://antweb.org/api/v2/?occurrenceId=CAS:ANTWEB:inb0003655441","inb0003655441","formicidae","formicinae","Acropyga","exsanguis","Acropyga exsanguis","","Heredia","Costa Rica","2005-04-22","mature wet forest ex sifted leaf litter",160,"point","10.400041","-84.03893"
"http://antweb.org/api/v2/?occurrenceId=CAS:ANTWEB:inb0003655454","inb0003655454","formicidae","formicinae","Acropyga","exsanguis","Acropyga exsanguis","","Heredia","Costa Rica","2005-04-22","mature wet forest ex sifted leaf litter",160,"point","10.399978","-84.039"
"http://antweb.org/api/v2/?occurrenceId=CAS:ANTWEB:inb0003660574","inb0003660574","formicidae","formicinae","Acropyga","exsanguis","Acropyga exsanguis","","Heredia","Costa Rica","2005-11-15","mature wet forest ex sifted leaf litter",50,"point","10.420488","-84.01859"
"http://antweb.org/api/v2/?occurrenceId=CAS:ANTWEB:inb0003660862","inb0003660862","formicidae","formicinae","Acropyga","exsanguis","Acropyga exsanguis","","Heredia","Costa Rica","2005-11-15","mature wet forest ex sifted leaf litter",50,"point","10.411988","-84.020195"
"http://antweb.org/api/v2/?occurrenceId=CAS:ANTWEB:inb0003667423","inb0003667423","formicidae","formicinae","Acropyga","exsanguis","Acropyga exsanguis","","Heredia","Costa Rica","2005-11-15","mature wet forest ex sifted leaf litter",50,"point","10.415627","-84.025475"
"http://antweb.org/api/v2/?occurrenceId=CAS:ANTWEB:inb0003667711","inb0003667711","formicidae","formicinae","Acropyga","exsanguis","Acropyga exsanguis","","Heredia","Costa Rica","2005-11-15","mature wet forest ex sifted leaf litter",160,"point","10.40452","-84.03823"
"http://antweb.org/api/v2/?occurrenceId=CAS:ANTWEB:inb0003667830","inb0003667830","formicidae","formicinae","Acropyga","exsanguis","Acropyga exsanguis","","Heredia","Costa Rica","2005-11-15","mature wet forest ex sifted leaf litter",160,"point","10.409651","-84.03946"
"http://antweb.org/api/v2/?occurrenceId=CAS:ANTWEB:inb0003677154","inb0003677154","formicidae","formicinae","Acropyga","exsanguis","Acropyga exsanguis","","Heredia","Costa Rica","2005-11-15","mature wet forest ex sifted leaf litter",50,"point","10.418579","-84.023346"
"http://antweb.org/api/v2/?occurrenceId=CAS:ANTWEB:inb0003677381","inb0003677381","formicidae","formicinae","Acropyga","exsanguis","Acropyga exsanguis","","Heredia","Costa Rica","2005-11-15","mature wet forest ex sifted leaf litter",50,"point","10.415089","-84.01797"
"http://antweb.org/api/v2/?occurrenceId=CAS:ANTWEB:inb0003677398","inb0003677398","formicidae","formicinae","Acropyga","exsanguis","Acropyga exsanguis","","Heredia","Costa Rica","2005-11-15","mature wet forest ex sifted leaf litter",50,"point","10.414941","-84.018074"
"http://antweb.org/api/v2/?occurrenceId=CAS:ANTWEB:inb0003677734","inb0003677734","formicidae","formicinae","Acropyga","exsanguis","Acropyga exsanguis","","Heredia","Costa Rica","2005-11-15","mature wet forest ex sifted leaf litter",160,"point","10.408172","-84.03838"
"http://antweb.org/api/v2/?occurrenceId=CAS:ANTWEB:inb0003677814","inb0003677814","formicidae","formicinae","Acropyga","exsanguis","Acropyga exsanguis","","Heredia","Costa Rica","2005-11-15","mature wet forest ex sifted leaf litter",160,"point","10.401244","-84.0364"
"http://antweb.org/api/v2/?occurrenceId=CAS:ANTWEB:inb0003679068","inb0003679068","formicidae","formicinae","Acropyga","exsanguis","Acropyga exsanguis","","Heredia","Costa Rica","2005-11-15","mature wet forest ex sifted leaf litter",160,"point","10.401399","-84.041435"
"http://antweb.org/api/v2/?occurrenceId=CAS:ANTWEB:inb0003687548","inb0003687548","formicidae","formicinae","Acropyga","exsanguis","Acropyga exsanguis","","Heredia","Costa Rica","2006-06-20","mature wet forest ex sifted leaf litter",50,"point","10.420049","-84.020035"
"http://antweb.org/api/v2/?occurrenceId=CAS:ANTWEB:inb0003690333","inb0003690333","formicidae","formicinae","Acropyga","exsanguis","Acropyga exsanguis","","Heredia","Costa Rica","2006-09-05","mature wet forest ex sifted leaf litter",160,"point","10.406566","-84.03743"
"http://antweb.org/api/v2/?occurrenceId=CAS:ANTWEB:inb0003690423","inb0003690423","formicidae","formicinae","Acropyga","exsanguis","Acropyga exsanguis","","Heredia","Costa Rica","2006-09-05","mature wet forest ex sifted leaf litter",160,"point","10.406559","-84.03614"
"http://antweb.org/api/v2/?occurrenceId=CAS:ANTWEB:inb0003690536","inb0003690536","formicidae","formicinae","Acropyga","exsanguis","Acropyga exsanguis","","Heredia","Costa Rica","2006-09-05","mature wet forest ex sifted leaf litter",160,"point","10.403458","-84.04321"
"http://antweb.org/api/v2/?occurrenceId=CAS:ANTWEB:inb0003693006","inb0003693006","formicidae","formicinae","Acropyga","exsanguis","Acropyga exsanguis","","Heredia","Costa Rica","2007-10-01","mature wet forest ex sifted leaf litter",50,"point","10.417235","-84.01868"
"http://antweb.org/api/v2/?occurrenceId=CAS:ANTWEB:inb0003693021","inb0003693021","formicidae","formicinae","Acropyga","exsanguis","Acropyga exsanguis","","Heredia","Costa Rica","2007-10-01","mature wet forest ex sifted leaf litter",50,"point","10.417161","-84.01873"
"http://antweb.org/api/v2/?occurrenceId=CAS:ANTWEB:inb0003697272","inb0003697272","formicidae","formicinae","Acropyga","exsanguis","Acropyga exsanguis","","Heredia","Costa Rica","2007-04-03","mature wet forest ex sifted leaf litter",50,"point","10.417371","-84.01407"
"http://antweb.org/api/v2/?occurrenceId=CAS:ANTWEB:inb0003699293","inb0003699293","formicidae","formicinae","Acropyga","exsanguis","Acropyga exsanguis","","Heredia","Costa Rica","2007-10-01","mature wet forest ex sifted leaf litter",160,"point","10.404366","-84.0332"
"http://antweb.org/api/v2/?occurrenceId=CAS:ANTWEB:inb0003699343","inb0003699343","formicidae","formicinae","Acropyga","exsanguis","Acropyga exsanguis","","Heredia","Costa Rica","2007-10-01","mature wet forest ex sifted leaf litter",160,"point","10.404047","-84.03353"
"http://antweb.org/api/v2/?occurrenceId=CAS:ANTWEB:inb0003699622","inb0003699622","formicidae","formicinae","Acropyga","exsanguis","Acropyga exsanguis","","Heredia","Costa Rica","2007-10-01","mature wet forest ex sifted leaf litter",160,"point","10.398888","-84.03882"
"http://antweb.org/api/v2/?occurrenceId=CAS:ANTWEB:inb0003699747","inb0003699747","formicidae","formicinae","Acropyga","exsanguis","Acropyga exsanguis","","Heredia","Costa Rica","2007-10-01","mature wet forest ex sifted leaf litter",160,"point","10.404038","-84.043915"
"http://antweb.org/api/v2/?occurrenceId=CAS:ANTWEB:inb0004099631","inb0004099631","formicidae","formicinae","Acropyga","exsanguis","Acropyga exsanguis","","Heredia","Costa Rica","2007-10-01","mature wet forest ex sifted leaf litter",50,"point","10.417899","-84.018196"
"http://antweb.org/api/v2/?occurrenceId=CAS:ANTWEB:inb0004099642","inb0004099642","formicidae","formicinae","Acropyga","exsanguis","Acropyga exsanguis","","Heredia","Costa Rica","2007-10-01","mature wet forest ex sifted leaf litter",50,"point","10.417826","-84.01825"
"http://antweb.org/api/v2/?occurrenceId=CAS:ANTWEB:inb0004099650","inb0004099650","formicidae","formicinae","Acropyga","exsanguis","Acropyga exsanguis","","Heredia","Costa Rica","2007-10-01","mature wet forest ex sifted leaf litter",50,"point","10.417751","-84.0183"
"http://antweb.org/api/v2/?occurrenceId=CAS:ANTWEB:inb0004099720","inb0004099720","formicidae","formicinae","Acropyga","exsanguis","Acropyga exsanguis","","Heredia","Costa Rica","2007-10-01","mature wet forest ex sifted leaf litter",50,"point","10.419305","-84.01832"
"http://antweb.org/api/v2/?occurrenceId=CAS:ANTWEB:inb0004099744","inb0004099744","formicidae","formicinae","Acropyga","exsanguis","Acropyga exsanguis","","Heredia","Costa Rica","2007-10-01","mature wet forest ex sifted leaf litter",50,"point","10.41923","-84.01837"
"http://antweb.org/api/v2/?occurrenceId=CAS:ANTWEB:inb0004099766","inb0004099766","formicidae","formicinae","Acropyga","exsanguis","Acropyga exsanguis","","Heredia","Costa Rica","2007-10-01","mature wet forest ex sifted leaf litter",50,"point","10.419084","-84.01848"
"http://antweb.org/api/v2/?occurrenceId=CAS:ANTWEB:inb0004099861","inb0004099861","formicidae","formicinae","Acropyga","exsanguis","Acropyga exsanguis","","Heredia","Costa Rica","2007-10-01","mature wet forest ex sifted leaf litter",50,"point","10.414803","-84.02155"
"http://antweb.org/api/v2/?occurrenceId=CAS:ANTWEB:inb0004100132","inb0004100132","formicidae","formicinae","Acropyga","exsanguis","Acropyga exsanguis","","Heredia","Costa Rica","2007-10-01","mature wet forest ex sifted leaf litter",160,"point","10.4030285","-84.03458"
"http://antweb.org/api/v2/?occurrenceId=CAS:ANTWEB:inb0004100150","inb0004100150","formicidae","formicinae","Acropyga","exsanguis","Acropyga exsanguis","","Heredia","Costa Rica","2007-10-01","mature wet forest ex sifted leaf litter",160,"point","10.402965","-84.03464"
"http://antweb.org/api/v2/?occurrenceId=CAS:ANTWEB:inbiocri001231541","inbiocri001231541","formicidae","formicinae","Acropyga","exsanguis","Acropyga exsanguis","","Heredia","Costa Rica","1993-05-14","Puesto3,28, 10 m.",50,"point","10.418496","-84.003845"
"http://antweb.org/api/v2/?occurrenceId=CAS:ANTWEB:inbiocri001231542","inbiocri001231542","formicidae","formicinae","Acropyga","exsanguis","Acropyga exsanguis","","Heredia","Costa Rica","1993-05-14","Puesto3,28, 10 m.",50,"point","10.418496","-84.003845"
"http://antweb.org/api/v2/?occurrenceId=CAS:ANTWEB:inbiocri001231543","inbiocri001231543","formicidae","formicinae","Acropyga","exsanguis","Acropyga exsanguis","","Heredia","Costa Rica","1993-05-14","Puesto3,28, 10 m.",50,"point","10.418496","-84.003845"
"http://antweb.org/api/v2/?occurrenceId=CAS:ANTWEB:inbiocri001231569","inbiocri001231569","formicidae","formicinae","Acropyga","exsanguis","Acropyga exsanguis","","Heredia","Costa Rica","1993-05-14","Puesto5,27, 10 m.",50,"point","10.4242525","-84.00839"
"http://antweb.org/api/v2/?occurrenceId=CAS:ANTWEB:inbiocri001231570","inbiocri001231570","formicidae","formicinae","Acropyga","exsanguis","Acropyga exsanguis","","Heredia","Costa Rica","1993-05-14","Puesto5,27, 10 m.",50,"point","10.4242525","-84.00839"
"http://antweb.org/api/v2/?occurrenceId=CAS:ANTWEB:inbiocri001231572","inbiocri001231572","formicidae","formicinae","Acropyga","exsanguis","Acropyga exsanguis","","Heredia","Costa Rica","1993-05-14","Puesto5,27, 10 m.",50,"point","10.4242525","-84.00839"
"http://antweb.org/api/v2/?occurrenceId=CAS:ANTWEB:inbiocri001236746","inbiocri001236746","formicidae","formicinae","Acropyga","exsanguis","Acropyga exsanguis","","Heredia","Costa Rica","1994-04-24","Puesto10,26G,10m. Bosque Primario, Suelo",50,"point","10.4336","-84.01249"
"http://antweb.org/api/v2/?occurrenceId=CAS:ANTWEB:inbiocri001236747","inbiocri001236747","formicidae","formicinae","Acropyga","exsanguis","Acropyga exsanguis","","Heredia","Costa Rica","1994-04-24","Puesto10,26G,10m. Bosque Primario, Suelo",50,"point","10.4336","-84.01249"
"http://antweb.org/api/v2/?occurrenceId=CAS:ANTWEB:inbiocri001236748","inbiocri001236748","formicidae","formicinae","Acropyga","exsanguis","Acropyga exsanguis","","Heredia","Costa Rica","1994-04-24","Puesto10,26G,10m. Bosque Primario, Suelo",50,"point","10.4336","-84.01249"
"http://antweb.org/api/v2/?occurrenceId=CAS:ANTWEB:inbiocri001236749","inbiocri001236749","formicidae","formicinae","Acropyga","exsanguis","Acropyga exsanguis","","Heredia","Costa Rica","1994-04-24","Puesto10,26G,10m. Bosque Primario, Suelo",50,"point","10.4336","-84.01249"
"http://antweb.org/api/v2/?occurrenceId=CAS:ANTWEB:inbiocri001236750","inbiocri001236750","formicidae","formicinae","Acropyga","exsanguis","Acropyga exsanguis","","Heredia","Costa Rica","1994-04-24","Puesto10,26G,10m. Bosque Primario, Suelo",50,"point","10.4336","-84.01249"
"http://antweb.org/api/v2/?occurrenceId=CAS:ANTWEB:inbiocri001238029","inbiocri001238029","formicidae","formicinae","Acropyga","exsanguis","Acropyga exsanguis","","Heredia","Costa Rica","2003-12-18","",50,"point","10.433333","-84.01667"
"http://antweb.org/api/v2/?occurrenceId=CAS:ANTWEB:inbiocri001238043","inbiocri001238043","formicidae","formicinae","Acropyga","exsanguis","Acropyga exsanguis","","Heredia","Costa Rica","2002-08-01","primary rainforest ex sifted leaf litter",50,"point","10.421162","-84.01252"
"http://antweb.org/api/v2/?occurrenceId=CAS:ANTWEB:inbiocri001238185","inbiocri001238185","formicidae","formicinae","Acropyga","exsanguis","Acropyga exsanguis","","Heredia","Costa Rica","2002-08-01","",50,"point","10.433333","-84.01667"
"http://antweb.org/api/v2/?occurrenceId=CAS:ANTWEB:inbiocri001238792","inbiocri001238792","formicidae","formicinae","Acropyga","exsanguis","Acropyga exsanguis","","Heredia","Costa Rica","1994-04-24","Puesto 5,356G,10m.",50,"point","10.4242525","-84.00839"
"http://antweb.org/api/v2/?occurrenceId=CAS:ANTWEB:inbiocri001238793","inbiocri001238793","formicidae","formicinae","Acropyga","exsanguis","Acropyga exsanguis","","Heredia","Costa Rica","1994-04-24","Puesto 5,356G,10m.",50,"point","10.4242525","-84.00839"
"http://antweb.org/api/v2/?occurrenceId=CAS:ANTWEB:inbiocri001238794","inbiocri001238794","formicidae","formicinae","Acropyga","exsanguis","Acropyga exsanguis","","Heredia","Costa Rica","1994-04-24","Puesto 5,356G,10m.",50,"point","10.4242525","-84.00839"
"http://antweb.org/api/v2/?occurrenceId=CAS:ANTWEB:inbiocri001238795","inbiocri001238795","formicidae","formicinae","Acropyga","exsanguis","Acropyga exsanguis","","Heredia","Costa Rica","1994-04-24","Puesto 5,356G,10m.",50,"point","10.4242525","-84.00839"
"http://antweb.org/api/v2/?occurrenceId=CAS:ANTWEB:inbiocri001239473","inbiocri001239473","formicidae","formicinae","Acropyga","exsanguis","Acropyga exsanguis","","Heredia","Costa Rica","1994-04-24","Puesto 10,339G,10m.",50,"point","10.4336","-84.01249"
"http://antweb.org/api/v2/?occurrenceId=CAS:ANTWEB:inbiocri001239474","inbiocri001239474","formicidae","formicinae","Acropyga","exsanguis","Acropyga exsanguis","","Heredia","Costa Rica","1994-04-24","Puesto 10,339G,10m.",50,"point","10.4336","-84.01249"
"http://antweb.org/api/v2/?occurrenceId=CAS:ANTWEB:inbiocri001239475","inbiocri001239475","formicidae","formicinae","Acropyga","exsanguis","Acropyga exsanguis","","Heredia","Costa Rica","1994-04-24","Puesto 10,339G,10m.",50,"point","10.4336","-84.01249"
"http://antweb.org/api/v2/?occurrenceId=CAS:ANTWEB:inbiocri001241216","inbiocri001241216","formicidae","formicinae","Acropyga","exsanguis","Acropyga exsanguis","","Heredia","Costa Rica","1994-04-24","Puesto 10,26G,10m",50,"point","10.4336","-84.01249"
"http://antweb.org/api/v2/?occurrenceId=CAS:ANTWEB:inbiocri001241217","inbiocri001241217","formicidae","formicinae","Acropyga","exsanguis","Acropyga exsanguis","","Heredia","Costa Rica","1994-04-24","Puesto 10,26G,10m",50,"point","10.4336","-84.01249"
"http://antweb.org/api/v2/?occurrenceId=CAS:ANTWEB:inbiocri001241218","inbiocri001241218","formicidae","formicinae","Acropyga","exsanguis","Acropyga exsanguis","","Heredia","Costa Rica","1994-04-24","Puesto 10,26G,10m",50,"point","10.4336","-84.01249"
"http://antweb.org/api/v2/?occurrenceId=CAS:ANTWEB:inbiocri001241219","inbiocri001241219","formicidae","formicinae","Acropyga","exsanguis","Acropyga exsanguis","","Heredia","Costa Rica","1994-04-24","Puesto 10,26G,10m",50,"point","10.4336","-84.01249"
"http://antweb.org/api/v2/?occurrenceId=CAS:ANTWEB:inbiocri001241239","inbiocri001241239","formicidae","formicinae","Acropyga","exsanguis","Acropyga exsanguis","","Heredia","Costa Rica","1994-04-24","Puesto 12,356G,10m Bosque Primario, Suelo",50,"point","10.435842","-84.011375"
"http://antweb.org/api/v2/?occurrenceId=CAS:ANTWEB:inbiocri001241240","inbiocri001241240","formicidae","formicinae","Acropyga","exsanguis","Acropyga exsanguis","","Heredia","Costa Rica","1994-04-24","Puesto 12,356G,10m Bosque Primario, Suelo",50,"point","10.435842","-84.011375"
"http://antweb.org/api/v2/?occurrenceId=CAS:ANTWEB:inbiocri001241241","inbiocri001241241","formicidae","formicinae","Acropyga","exsanguis","Acropyga exsanguis","","Heredia","Costa Rica","1994-04-24","Puesto 12,356G,10m Bosque Primario, Suelo",50,"point","10.435842","-84.011375"
"http://antweb.org/api/v2/?occurrenceId=CAS:ANTWEB:inbiocri001241242","inbiocri001241242","formicidae","formicinae","Acropyga","exsanguis","Acropyga exsanguis","","Heredia","Costa Rica","1994-04-24","Puesto 12,356G,10m Bosque Primario, Suelo",50,"point","10.435842","-84.011375"
"http://antweb.org/api/v2/?occurrenceId=CAS:ANTWEB:inbiocri001241243","inbiocri001241243","formicidae","formicinae","Acropyga","exsanguis","Acropyga exsanguis","","Heredia","Costa Rica","1994-04-24","Puesto 12,356G,10m Bosque Primario, Suelo",50,"point","10.435842","-84.011375"
"http://antweb.org/api/v2/?occurrenceId=CAS:ANTWEB:inbiocri001242456","inbiocri001242456","formicidae","formicinae","Acropyga","exsanguis","Acropyga exsanguis","","Heredia","Costa Rica","1994-04-24","",50,"point","10.435842","-84.011375"
"http://antweb.org/api/v2/?occurrenceId=CAS:ANTWEB:inbiocri001242457","inbiocri001242457","formicidae","formicinae","Acropyga","exsanguis","Acropyga exsanguis","","Heredia","Costa Rica","1994-04-24","",50,"point","10.435842","-84.011375"
"http://antweb.org/api/v2/?occurrenceId=CAS:ANTWEB:inbiocri001242458","inbiocri001242458","formicidae","formicinae","Acropyga","exsanguis","Acropyga exsanguis","","Heredia","Costa Rica","1994-04-24","",50,"point","10.435842","-84.011375"
"http://antweb.org/api/v2/?occurrenceId=CAS:ANTWEB:inbiocri001242459","inbiocri001242459","formicidae","formicinae","Acropyga","exsanguis","Acropyga exsanguis","","Heredia","Costa Rica","1994-04-24","",50,"point","10.435842","-84.011375"
"http://antweb.org/api/v2/?occurrenceId=CAS:ANTWEB:inbiocri001253903","inbiocri001253903","formicidae","formicinae","Acropyga","exsanguis","Acropyga exsanguis","","Heredia","Costa Rica","2003-12-18","CES 700.350 GIS Hojarasca",50,"point","10.433333","-84.01667"
"http://antweb.org/api/v2/?occurrenceId=CAS:ANTWEB:inbiocri001253904","inbiocri001253904","formicidae","formicinae","Acropyga","exsanguis","Acropyga exsanguis","","Heredia","Costa Rica","2003-12-18","CES 700.350 GIS Hojarasca",50,"point","10.433333","-84.01667"
"http://antweb.org/api/v2/?occurrenceId=CAS:ANTWEB:inbiocri001259885","inbiocri001259885","formicidae","formicinae","Acropyga","exsanguis","Acropyga exsanguis","","Heredia","Costa Rica","1994-04-24","Puesto4,329G,10m.",50,"point","10.42545","-84.00344"
"http://antweb.org/api/v2/?occurrenceId=CAS:ANTWEB:inbiocri001259886","inbiocri001259886","formicidae","formicinae","Acropyga","exsanguis","Acropyga exsanguis","","Heredia","Costa Rica","1994-04-24","Puesto4,329G,10m.",50,"point","10.42545","-84.00344"
"http://antweb.org/api/v2/?occurrenceId=CAS:ANTWEB:inbiocri001259887","inbiocri001259887","formicidae","formicinae","Acropyga","exsanguis","Acropyga exsanguis","","Heredia","Costa Rica","1994-04-24","Puesto4,329G,10m.",50,"point","10.42545","-84.00344"
"http://antweb.org/api/v2/?occurrenceId=CAS:ANTWEB:inbiocri001259888","inbiocri001259888","formicidae","formicinae","Acropyga","exsanguis","Acropyga exsanguis","","Heredia","Costa Rica","1994-04-24","Puesto4,329G,10m.",50,"point","10.42545","-84.00344"
"http://antweb.org/api/v2/?occurrenceId=CAS:ANTWEB:inbiocri001259889","inbiocri001259889","formicidae","formicinae","Acropyga","exsanguis","Acropyga exsanguis","","Heredia","Costa Rica","1994-04-24","Puesto4,329G,10m.",50,"point","10.42545","-84.00344"
"http://antweb.org/api/v2/?occurrenceId=CAS:ANTWEB:inbiocri001267007","inbiocri001267007","formicidae","formicinae","Acropyga","exsanguis","Acropyga exsanguis","","Heredia","Costa Rica","1994-04-24","Puesto10, 0g, 10m.",50,"point","10.4336","-84.01249"
"http://antweb.org/api/v2/?occurrenceId=CAS:ANTWEB:inbiocri001267008","inbiocri001267008","formicidae","formicinae","Acropyga","exsanguis","Acropyga exsanguis","","Heredia","Costa Rica","1994-04-24","Puesto10, 0g, 10m.",50,"point","10.4336","-84.01249"
"http://antweb.org/api/v2/?occurrenceId=CAS:ANTWEB:inbiocri001267009","inbiocri001267009","formicidae","formicinae","Acropyga","exsanguis","Acropyga exsanguis","","Heredia","Costa Rica","1994-04-24","Puesto10, 0g, 10m.",50,"point","10.4336","-84.01249"
"http://antweb.org/api/v2/?occurrenceId=CAS:ANTWEB:inbiocri001267010","inbiocri001267010","formicidae","formicinae","Acropyga","exsanguis","Acropyga exsanguis","","Heredia","Costa Rica","1994-04-24","Puesto10, 0g, 10m.",50,"point","10.4336","-84.01249"
"http://antweb.org/api/v2/?occurrenceId=CAS:ANTWEB:inbiocri001267011","inbiocri001267011","formicidae","formicinae","Acropyga","exsanguis","Acropyga exsanguis","","Heredia","Costa Rica","1994-04-24","Puesto10, 0g, 10m.",50,"point","10.4336","-84.01249"
"http://antweb.org/api/v2/?occurrenceId=CAS:ANTWEB:inbiocri001267012","inbiocri001267012","formicidae","formicinae","Acropyga","exsanguis","Acropyga exsanguis","","Heredia","Costa Rica","1994-04-24","Puesto10, 0g, 10m.",50,"point","10.4336","-84.01249"
"http://antweb.org/api/v2/?occurrenceId=CAS:ANTWEB:inbiocri001267071","inbiocri001267071","formicidae","formicinae","Acropyga","exsanguis","Acropyga exsanguis","","Heredia","Costa Rica","1994-04-24","Puesto16, 333g, 10m.",50,"point","10.413428","-84.03579"
"http://antweb.org/api/v2/?occurrenceId=CAS:ANTWEB:inbiocri001267072","inbiocri001267072","formicidae","formicinae","Acropyga","exsanguis","Acropyga exsanguis","","Heredia","Costa Rica","1994-04-24","Puesto16, 333g, 10m.",50,"point","10.413428","-84.03579"
"http://antweb.org/api/v2/?occurrenceId=CAS:ANTWEB:inbiocri001267621","inbiocri001267621","formicidae","formicinae","Acropyga","exsanguis","Acropyga exsanguis","","Heredia","Costa Rica","1994-04-24","Puesto20,86G,10m.",50,"point","10.429785","-84.017006"
"http://antweb.org/api/v2/?occurrenceId=CAS:ANTWEB:inbiocri001267622","inbiocri001267622","formicidae","formicinae","Acropyga","exsanguis","Acropyga exsanguis","","Heredia","Costa Rica","1994-04-24","Puesto20,86G,10m.",50,"point","10.429785","-84.017006"
"http://antweb.org/api/v2/?occurrenceId=CAS:ANTWEB:inbiocri001267623","inbiocri001267623","formicidae","formicinae","Acropyga","exsanguis","Acropyga exsanguis","","Heredia","Costa Rica","1994-04-24","Puesto20,86G,10m.",50,"point","10.429785","-84.017006"
"http://antweb.org/api/v2/?occurrenceId=CAS:ANTWEB:inbiocri001267624","inbiocri001267624","formicidae","formicinae","Acropyga","exsanguis","Acropyga exsanguis","","Heredia","Costa Rica","1994-04-24","Puesto20,86G,10m.",50,"point","10.429785","-84.017006"
"http://antweb.org/api/v2/?occurrenceId=CAS:ANTWEB:inbiocri001267626","inbiocri001267626","formicidae","formicinae","Acropyga","exsanguis","Acropyga exsanguis","","Heredia","Costa Rica","1994-04-24","Puesto20,86G,10m.",50,"point","10.429785","-84.017006"
"http://antweb.org/api/v2/?occurrenceId=CAS:ANTWEB:inbiocri001268568","inbiocri001268568","formicidae","formicinae","Acropyga","exsanguis","Acropyga exsanguis","","Heredia","Costa Rica","1994-04-24","Puesto 20,86G,10m",50,"point","10.429785","-84.017006"
"http://antweb.org/api/v2/?occurrenceId=CAS:ANTWEB:inbiocri001268569","inbiocri001268569","formicidae","formicinae","Acropyga","exsanguis","Acropyga exsanguis","","Heredia","Costa Rica","1994-04-24","Puesto 20,86G,10m",50,"point","10.429785","-84.017006"
"http://antweb.org/api/v2/?occurrenceId=CAS:ANTWEB:inbiocri001268571","inbiocri001268571","formicidae","formicinae","Acropyga","exsanguis","Acropyga exsanguis","","Heredia","Costa Rica","1994-04-24","Puesto 20,86G,10m",50,"point","10.429785","-84.017006"
"http://antweb.org/api/v2/?occurrenceId=CAS:ANTWEB:inbiocri001270260","inbiocri001270260","formicidae","formicinae","Acropyga","exsanguis","Acropyga exsanguis","","Heredia","Costa Rica","1994-04-24","Puesto12,178G,10m",50,"point","10.435842","-84.011375"
"http://antweb.org/api/v2/?occurrenceId=CAS:ANTWEB:inbiocri001270261","inbiocri001270261","formicidae","formicinae","Acropyga","exsanguis","Acropyga exsanguis","","Heredia","Costa Rica","1994-04-24","Puesto12,178G,10m",50,"point","10.435842","-84.011375"
"http://antweb.org/api/v2/?occurrenceId=CAS:ANTWEB:inbiocri001270379","inbiocri001270379","formicidae","formicinae","Acropyga","exsanguis","Acropyga exsanguis","","Heredia","Costa Rica","1994-04-24","Puesto4,300 G,10m",50,"point","10.42545","-84.00344"
"http://antweb.org/api/v2/?occurrenceId=CAS:ANTWEB:inbiocri001270380","inbiocri001270380","formicidae","formicinae","Acropyga","exsanguis","Acropyga exsanguis","","Heredia","Costa Rica","1994-04-24","Puesto4,300 G,10m",50,"point","10.42545","-84.00344"
"http://antweb.org/api/v2/?occurrenceId=CAS:ANTWEB:inbiocri001270381","inbiocri001270381","formicidae","formicinae","Acropyga","exsanguis","Acropyga exsanguis","","Heredia","Costa Rica","1994-04-24","Puesto4,300 G,10m",50,"point","10.42545","-84.00344"
"http://antweb.org/api/v2/?occurrenceId=CAS:ANTWEB:inbiocri001270382","inbiocri001270382","formicidae","formicinae","Acropyga","exsanguis","Acropyga exsanguis","","Heredia","Costa Rica","1994-04-24","Puesto4,300 G,10m",50,"point","10.42545","-84.00344"
"http://antweb.org/api/v2/?occurrenceId=CAS:ANTWEB:inbiocri001270383","inbiocri001270383","formicidae","formicinae","Acropyga","exsanguis","Acropyga exsanguis","","Heredia","Costa Rica","1994-04-24","Puesto4,300 G,10m",50,"point","10.42545","-84.00344"
"http://antweb.org/api/v2/?occurrenceId=CAS:ANTWEB:inbiocri001270975","inbiocri001270975","formicidae","formicinae","Acropyga","exsanguis","Acropyga exsanguis","","Heredia","Costa Rica","1994-04-24","Puesto5,36G,10m.",50,"point","10.4242525","-84.00839"
"http://antweb.org/api/v2/?occurrenceId=CAS:ANTWEB:inbiocri001270976","inbiocri001270976","formicidae","formicinae","Acropyga","exsanguis","Acropyga exsanguis","","Heredia","Costa Rica","1994-04-24","Puesto5,36G,10m.",50,"point","10.4242525","-84.00839"
"http://antweb.org/api/v2/?occurrenceId=CAS:ANTWEB:inbiocri001273529","inbiocri001273529","formicidae","formicinae","Acropyga","exsanguis","Acropyga exsanguis","","Heredia","Costa Rica","1993-03-18","Puesto 1,108g, 10m. Parcelas susecionales, Suelo",50,"point","10.421771","-84.00118"
"http://antweb.org/api/v2/?occurrenceId=CAS:ANTWEB:inbiocri001274448","inbiocri001274448","formicidae","formicinae","Acropyga","exsanguis","Acropyga exsanguis","","Heredia","Costa Rica","1994-04-24","CCL 300",50,"point","10.425191","-84.00399"
"http://antweb.org/api/v2/?occurrenceId=CAS:ANTWEB:inbiocri001274449","inbiocri001274449","formicidae","formicinae","Acropyga","exsanguis","Acropyga exsanguis","","Heredia","Costa Rica","1994-04-24","CCL 300",50,"point","10.425191","-84.00399"
"http://antweb.org/api/v2/?occurrenceId=CAS:ANTWEB:inbiocri001274450","inbiocri001274450","formicidae","formicinae","Acropyga","exsanguis","Acropyga exsanguis","","Heredia","Costa Rica","1994-04-24","CCL 300",50,"point","10.425191","-84.00399"
"http://antweb.org/api/v2/?occurrenceId=CAS:ANTWEB:inbiocri001274726","inbiocri001274726","formicidae","formicinae","Acropyga","exsanguis","Acropyga exsanguis","","Heredia","Costa Rica","1993-05-14","Puesto 4, 325g.,10m. Bosque Primario, Suelo",50,"point","10.42545","-84.00344"
"http://antweb.org/api/v2/?occurrenceId=CAS:ANTWEB:inbiocri001274727","inbiocri001274727","formicidae","formicinae","Acropyga","exsanguis","Acropyga exsanguis","","Heredia","Costa Rica","1993-05-14","Puesto 4, 325g.,10m. Bosque Primario, Suelo",50,"point","10.42545","-84.00344"
"http://antweb.org/api/v2/?occurrenceId=CAS:ANTWEB:inbiocri001274728","inbiocri001274728","formicidae","formicinae","Acropyga","exsanguis","Acropyga exsanguis","","Heredia","Costa Rica","1993-05-14","Puesto 4, 325g.,10m. Bosque Primario, Suelo",50,"point","10.42545","-84.00344"
"http://antweb.org/api/v2/?occurrenceId=CAS:ANTWEB:inbiocri001274729","inbiocri001274729","formicidae","formicinae","Acropyga","exsanguis","Acropyga exsanguis","","Heredia","Costa Rica","1993-05-14","Puesto 4, 325g.,10m. Bosque Primario, Suelo",50,"point","10.42545","-84.00344"
"http://antweb.org/api/v2/?occurrenceId=CAS:ANTWEB:inbiocri001274730","inbiocri001274730","formicidae","formicinae","Acropyga","exsanguis","Acropyga exsanguis","","Heredia","Costa Rica","1993-05-14","Puesto 4, 325g.,10m. Bosque Primario, Suelo",50,"point","10.42545","-84.00344"
"http://antweb.org/api/v2/?occurrenceId=CAS:ANTWEB:inbiocri001274731","inbiocri001274731","formicidae","formicinae","Acropyga","exsanguis","Acropyga exsanguis","","Heredia","Costa Rica","1993-05-14","Puesto 4, 325g.,10m. Bosque Primario, Suelo",50,"point","10.42545","-84.00344"
"http://antweb.org/api/v2/?occurrenceId=CAS:ANTWEB:inbiocri001274750","inbiocri001274750","formicidae","formicinae","Acropyga","exsanguis","Acropyga exsanguis","","Heredia","Costa Rica","1993-05-14","Puesto 6, 239g.,10m.",50,"point","10.41237","-84.01333"
"http://antweb.org/api/v2/?occurrenceId=CAS:ANTWEB:inbiocri001281174","inbiocri001281174","formicidae","formicinae","Acropyga","exsanguis","Acropyga exsanguis","","Heredia","Costa Rica","2003-12-18","",50,"point","10.433333","-84.01667"
"http://antweb.org/api/v2/?occurrenceId=CAS:ANTWEB:jtl-sv00130.27","jtl-sv00130.27","formicidae","formicinae","Acropyga","exsanguis","Acropyga exsanguis","","Chiapas","Mexico","2009-01-28","2 mesophil forest ex sifted leaf litter",860,"point","16.98023","-91.5861"
"http://antweb.org/api/v2/?occurrenceId=CAS:ANTWEB:jtl076367","jtl076367","formicidae","formicinae","Acropyga","exsanguis","Acropyga exsanguis","","Heredia","Costa Rica","2005-12-12","Puesto 12,290G,10m.",50,"point","10.435842","-84.011375"
"http://antweb.org/api/v2/?occurrenceId=CAS:ANTWEB:jtl076372","jtl076372","formicidae","formicinae","Acropyga","exsanguis","Acropyga exsanguis","","Heredia","Costa Rica","2005-12-12","Puesto 12,331G,10m",50,"point","10.435842","-84.011375"
"http://antweb.org/api/v2/?occurrenceId=CAS:ANTWEB:jtl126241","jtl126241","formicidae","formicinae","Acropyga","exsanguis","Acropyga exsanguis","","Heredia","Costa Rica","2006-07-27","lowland rainforest",50,"point","10.422614","-84.003105"
"http://antweb.org/api/v2/?occurrenceId=CAS:ANTWEB:jtl126257","jtl126257","formicidae","formicinae","Acropyga","exsanguis","Acropyga exsanguis","","Heredia","Costa Rica","2006-07-27","lowland rainforest",50,"point","10.422617","-84.003235"
"http://antweb.org/api/v2/?occurrenceId=CAS:ANTWEB:jtl126359","jtl126359","formicidae","formicinae","Acropyga","exsanguis","Acropyga exsanguis","","Heredia","Costa Rica","2006-07-27","lowland rainforest",50,"point","10.422615","-84.00306"
"http://antweb.org/api/v2/?occurrenceId=CAS:ANTWEB:jtl126518","jtl126518","formicidae","formicinae","Acropyga","exsanguis","Acropyga exsanguis","","Heredia","Costa Rica","2006-07-27","lowland rainforest",50,"point","10.422587","-84.00218"
"http://antweb.org/api/v2/?occurrenceId=CAS:ANTWEB:jtl126695","jtl126695","formicidae","formicinae","Acropyga","exsanguis","Acropyga exsanguis","","Heredia","Costa Rica","2006-07-27","lowland rainforest",50,"point","10.422598","-84.0026"
"http://antweb.org/api/v2/?occurrenceId=CAS:ANTWEB:jtl126836","jtl126836","formicidae","formicinae","Acropyga","exsanguis","Acropyga exsanguis","","Heredia","Costa Rica","2006-07-27","lowland rainforest",50,"point","10.422598","-84.00246"
"http://antweb.org/api/v2/?occurrenceId=CAS:ANTWEB:jtl126842","jtl126842","formicidae","formicinae","Acropyga","exsanguis","Acropyga exsanguis","","Heredia","Costa Rica","2006-07-27","lowland rainforest",50,"point","10.4225855","-84.00223"
"http://antweb.org/api/v2/?occurrenceId=CAS:ANTWEB:jtl126904","jtl126904","formicidae","formicinae","Acropyga","exsanguis","Acropyga exsanguis","","Heredia","Costa Rica","2006-07-27","lowland rainforest",50,"point","10.422588","-84.002144"
"http://antweb.org/api/v2/?occurrenceId=CAS:ANTWEB:jtl206055","jtl206055","formicidae","formicinae","Acropyga","exsanguis","Acropyga exsanguis","","Chiapas","Mexico","2008-10-27","lowland wet forest ex sifted leaf litter",575,"point","17.12341","-91.63838"
"http://antweb.org/api/v2/?occurrenceId=CAS:ANTWEB:jtl206477","jtl206477","formicidae","formicinae","Acropyga","exsanguis","Acropyga exsanguis","","Chiapas","Mexico","2008-10-27","lowland wet forest at bait",160,"point","16.15929","-90.90155"
"http://antweb.org/api/v2/?occurrenceId=CAS:ANTWEB:jtl211013","jtl211013","formicidae","formicinae","Acropyga","exsanguis","Acropyga exsanguis","","Chiapas","Mexico","2009-01-06","mature wet forest ex sifted leaf litter",160,"point","16.15983","-90.90157"
"http://antweb.org/api/v2/?occurrenceId=CAS:ANTWEB:jtl211097","jtl211097","formicidae","formicinae","Acropyga","exsanguis","Acropyga exsanguis","","Chiapas","Mexico","2009-01-06","mature wet forest ex sifted leaf litter",160,"point","16.16016","-90.90145"
"http://antweb.org/api/v2/?occurrenceId=CAS:ANTWEB:jtl211414","jtl211414","formicidae","formicinae","Acropyga","exsanguis","Acropyga exsanguis","","Chiapas","Mexico","2009-01-06","mature wet forest ex sifted leaf litter",160,"point","16.16129","-90.90119"
"http://antweb.org/api/v2/?occurrenceId=CAS:ANTWEB:jtl211490","jtl211490","formicidae","formicinae","Acropyga","exsanguis","Acropyga exsanguis","","Chiapas","Mexico","2009-01-06","2 wet forest ex sifted leaf litter",180,"point","16.14823","-90.89701"
"http://antweb.org/api/v2/?occurrenceId=CAS:ANTWEB:jtl211880","jtl211880","formicidae","formicinae","Acropyga","exsanguis","Acropyga exsanguis","","Chiapas","Mexico","2009-01-06","2 wet forest ex sifted leaf litter",170,"point","16.14721","-90.89549"
"http://antweb.org/api/v2/?occurrenceId=CAS:ANTWEB:jtl263181","jtl263181","formicidae","formicinae","Acropyga","exsanguis","Acropyga exsanguis","","Izabal","Guatemala","2009-09-16","2 lowland rainforest at bait",195,"point","15.5112","-88.86143"
"http://antweb.org/api/v2/?occurrenceId=CAS:ANTWEB:jtl264203","jtl264203","formicidae","formicinae","Acropyga","exsanguis","Acropyga exsanguis","","Izabal","Guatemala","2009-09-16","2 lowland tropical rainforest ex sifted leaf litter",195,"point","15.51133","-88.86185"
"http://antweb.org/api/v2/?occurrenceId=CAS:ANTWEB:jtl264271","jtl264271","formicidae","formicinae","Acropyga","exsanguis","Acropyga exsanguis","","Izabal","Guatemala","2009-09-16","2 lowland tropical rainforest ex sifted leaf litter",195,"point","15.511172","-88.86162"
"http://antweb.org/api/v2/?occurrenceId=CAS:ANTWEB:jtl264359","jtl264359","formicidae","formicinae","Acropyga","exsanguis","Acropyga exsanguis","","Izabal","Guatemala","2009-09-16","2 lowland tropical rainforest ex sifted leaf litter",195,"point","15.510989","-88.86135"
"http://antweb.org/api/v2/?occurrenceId=CAS:ANTWEB:jtl264383","jtl264383","formicidae","formicinae","Acropyga","exsanguis","Acropyga exsanguis","","Izabal","Guatemala","2009-09-16","2 lowland tropical rainforest ex sifted leaf litter",195,"point","15.510937","-88.861275"
"http://antweb.org/api/v2/?occurrenceId=CAS:ANTWEB:jtl264462","jtl264462","formicidae","formicinae","Acropyga","exsanguis","Acropyga exsanguis","","Izabal","Guatemala","2009-09-16","2 lowland tropical rainforest ex sifted leaf litter",195,"point","15.510779","-88.86105"
"http://antweb.org/api/v2/?occurrenceId=CAS:ANTWEB:jtl264475","jtl264475","formicidae","formicinae","Acropyga","exsanguis","Acropyga exsanguis","","Izabal","Guatemala","2009-09-16","2 lowland tropical rainforest ex sifted leaf litter",195,"point","15.510753","-88.861015"
"http://antweb.org/api/v2/?occurrenceId=CAS:ANTWEB:jtl264490","jtl264490","formicidae","formicinae","Acropyga","exsanguis","Acropyga exsanguis","","Izabal","Guatemala","2009-09-16","2 lowland tropical rainforest ex sifted leaf litter",195,"point","15.510727","-88.86098"
"http://antweb.org/api/v2/?occurrenceId=CAS:ANTWEB:jtl264525","jtl264525","formicidae","formicinae","Acropyga","exsanguis","Acropyga exsanguis","","Izabal","Guatemala","2009-09-16","2 lowland tropical rainforest ex sifted leaf litter",195,"point","15.510674","-88.8609"
"http://antweb.org/api/v2/?occurrenceId=CAS:ANTWEB:jtl264688","jtl264688","formicidae","formicinae","Acropyga","exsanguis","Acropyga exsanguis","","Izabal","Guatemala","2009-09-16","2 lowland tropical rainforest ex sifted leaf litter",195,"point","15.510386","-88.86048"
"http://antweb.org/api/v2/?occurrenceId=CAS:ANTWEB:jtl264799","jtl264799","formicidae","formicinae","Acropyga","exsanguis","Acropyga exsanguis","","Izabal","Guatemala","2009-09-16","2 lowland tropical rainforest ex sifted leaf litter",195,"point","15.510177","-88.860176"
"http://antweb.org/api/v2/?occurrenceId=CAS:ANTWEB:jtl264898","jtl264898","formicidae","formicinae","Acropyga","exsanguis","Acropyga exsanguis","","Izabal","Guatemala","2009-09-16","2 lowland tropical rainforest ex sifted leaf litter",250,"point","15.513561","-88.86607"
"http://antweb.org/api/v2/?occurrenceId=CAS:ANTWEB:jtl264916","jtl264916","formicidae","formicinae","Acropyga","exsanguis","Acropyga exsanguis","","Izabal","Guatemala","2009-09-16","2 lowland tropical rainforest ex sifted leaf litter",250,"point","15.513595","-88.86604"
"http://antweb.org/api/v2/?occurrenceId=CAS:ANTWEB:jtl265004","jtl265004","formicidae","formicinae","Acropyga","exsanguis","Acropyga exsanguis","","Izabal","Guatemala","2009-09-16","2 lowland tropical rainforest ex sifted leaf litter",250,"point","15.51374","-88.865814"
"http://antweb.org/api/v2/?occurrenceId=CAS:ANTWEB:jtl265228","jtl265228","formicidae","formicinae","Acropyga","exsanguis","Acropyga exsanguis","","Izabal","Guatemala","2009-09-16","2 lowland tropical rainforest ex sifted leaf litter",250,"point","15.514074","-88.8652"
"http://antweb.org/api/v2/?occurrenceId=CAS:ANTWEB:jtl265369","jtl265369","formicidae","formicinae","Acropyga","exsanguis","Acropyga exsanguis","","Izabal","Guatemala","2009-09-16","2 lowland tropical rainforest ex sifted leaf litter",250,"point","15.514276","-88.86483"
"http://antweb.org/api/v2/?occurrenceId=CAS:ANTWEB:jtl265389","jtl265389","formicidae","formicinae","Acropyga","exsanguis","Acropyga exsanguis","","Izabal","Guatemala","2009-09-16","2 lowland tropical rainforest ex sifted leaf litter",250,"point","15.5142975","-88.86479"
"http://antweb.org/api/v2/?occurrenceId=CAS:ANTWEB:jtl265403","jtl265403","formicidae","formicinae","Acropyga","exsanguis","Acropyga exsanguis","","Izabal","Guatemala","2009-09-16","2 lowland tropical rainforest ex sifted leaf litter",250,"point","15.514319","-88.86475"
"http://antweb.org/api/v2/?occurrenceId=CAS:ANTWEB:jtl265451","jtl265451","formicidae","formicinae","Acropyga","exsanguis","Acropyga exsanguis","","Izabal","Guatemala","2009-09-16","2 lowland tropical rainforest ex sifted leaf litter",250,"point","15.514409","-88.864586"
"http://antweb.org/api/v2/?occurrenceId=CAS:ANTWEB:jtl265481","jtl265481","formicidae","formicinae","Acropyga","exsanguis","Acropyga exsanguis","","Izabal","Guatemala","2009-09-16","2 lowland tropical rainforest ex sifted leaf litter",250,"point","15.514454","-88.86451"
"http://antweb.org/api/v2/?occurrenceId=CAS:ANTWEB:jtl265490","jtl265490","formicidae","formicinae","Acropyga","exsanguis","Acropyga exsanguis","","Izabal","Guatemala","2009-09-16","2 lowland tropical rainforest ex sifted leaf litter",250,"point","15.514476","-88.86446"
"http://antweb.org/api/v2/?occurrenceId=CAS:ANTWEB:jtl265576","jtl265576","formicidae","formicinae","Acropyga","exsanguis","Acropyga exsanguis","","Izabal","Guatemala","2009-09-16","2 lowland tropical rainforest ex sifted leaf litter",250,"point","15.514587","-88.86426"
"http://antweb.org/api/v2/?occurrenceId=CAS:ANTWEB:jtl265691","jtl265691","formicidae","formicinae","Acropyga","exsanguis","Acropyga exsanguis","","Izabal","Guatemala","2009-09-16","2 lowland rainforest ex sifted leaf litter",195,"point","15.51133","-88.86185"
"http://antweb.org/api/v2/?occurrenceId=CAS:ANTWEB:jtl265763","jtl265763","formicidae","formicinae","Acropyga","exsanguis","Acropyga exsanguis","","Izabal","Guatemala","2009-09-16","2 lowland rainforest ex sifted leaf litter",160,"point","15.50966","-88.86268"
"http://antweb.org/api/v2/?occurrenceId=CAS:ANTWEB:jtl265801","jtl265801","formicidae","formicinae","Acropyga","exsanguis","Acropyga exsanguis","","Izabal","Guatemala","2009-09-16","2 lowland rainforest ex sifted leaf litter",280,"point","15.51465","-88.8644"
"http://antweb.org/api/v2/?occurrenceId=CAS:ANTWEB:jtl265866","jtl265866","formicidae","formicinae","Acropyga","exsanguis","Acropyga exsanguis","","Izabal","Guatemala","2009-09-16","2 lowland rainforest ex sifted leaf litter",190,"point","15.51077","-88.8648"
"http://antweb.org/api/v2/?occurrenceId=CAS:ANTWEB:jtl265893","jtl265893","formicidae","formicinae","Acropyga","exsanguis","Acropyga exsanguis","","Izabal","Guatemala","2009-09-16","2 lowland rainforest ex sifted leaf litter",170,"point","15.5103","-88.86326"
"http://antweb.org/api/v2/?occurrenceId=CAS:ANTWEB:jtl265990","jtl265990","formicidae","formicinae","Acropyga","exsanguis","Acropyga exsanguis","","Izabal","Guatemala","2009-09-16","2 lowland rainforest ex sifted leaf litter",415,"point","15.41274","-88.71023"
"http://antweb.org/api/v2/?occurrenceId=CAS:ANTWEB:jtl266074","jtl266074","formicidae","formicinae","Acropyga","exsanguis","Acropyga exsanguis","","Izabal","Guatemala","2009-09-16","2 lowland rainforest ex sifted leaf litter",400,"point","15.41392","-88.70953"
"http://antweb.org/api/v2/?occurrenceId=CAS:ANTWEB:jtl267691","jtl267691","formicidae","formicinae","Acropyga","exsanguis","Acropyga exsanguis","","Pet n","Guatemala","2009-09-30","tropical moist forest ex sifted leaf litter",250,"point","17.002424","-89.71763"
"http://antweb.org/api/v2/?occurrenceId=CAS:ANTWEB:jtl267702","jtl267702","formicidae","formicinae","Acropyga","exsanguis","Acropyga exsanguis","","Pet n","Guatemala","2009-09-30","tropical moist forest ex sifted leaf litter",250,"point","17.002417","-89.71758"
"http://antweb.org/api/v2/?occurrenceId=CAS:ANTWEB:jtl267770","jtl267770","formicidae","formicinae","Acropyga","exsanguis","Acropyga exsanguis","","Pet n","Guatemala","2009-09-30","tropical moist forest ex sifted leaf litter",250,"point","17.00237","-89.7173"
"http://antweb.org/api/v2/?occurrenceId=CAS:ANTWEB:jtl267832","jtl267832","formicidae","formicinae","Acropyga","exsanguis","Acropyga exsanguis","","Pet n","Guatemala","2009-09-30","tropical moist forest ex sifted leaf litter",250,"point","17.002342","-89.717125"
"http://antweb.org/api/v2/?occurrenceId=CAS:ANTWEB:jtl267937","jtl267937","formicidae","formicinae","Acropyga","exsanguis","Acropyga exsanguis","","Pet n","Guatemala","2009-09-30","tropical moist forest ex sifted leaf litter",250,"point","17.002289","-89.7168"
"http://antweb.org/api/v2/?occurrenceId=CAS:ANTWEB:jtl268006","jtl268006","formicidae","formicinae","Acropyga","exsanguis","Acropyga exsanguis","","Pet n","Guatemala","2009-09-30","tropical moist forest ex sifted leaf litter",250,"point","17.002234","-89.71648"
"http://antweb.org/api/v2/?occurrenceId=CAS:ANTWEB:jtl268017","jtl268017","formicidae","formicinae","Acropyga","exsanguis","Acropyga exsanguis","","Pet n","Guatemala","2009-09-30","tropical moist forest ex sifted leaf litter",250,"point","17.002226","-89.71643"
"http://antweb.org/api/v2/?occurrenceId=CAS:ANTWEB:jtl268068","jtl268068","formicidae","formicinae","Acropyga","exsanguis","Acropyga exsanguis","","Pet n","Guatemala","2009-09-30","tropical moist forest ex sifted leaf litter",250,"point","17.002195","-89.71624"
"http://antweb.org/api/v2/?occurrenceId=CAS:ANTWEB:jtl268355","jtl268355","formicidae","formicinae","Acropyga","exsanguis","Acropyga exsanguis","","Pet n","Guatemala","2009-09-30","tropical moist forest at night ex sifted leaf litter",290,"point","17.002748","-89.71868"
"http://antweb.org/api/v2/?occurrenceId=CAS:ANTWEB:jtl268377","jtl268377","formicidae","formicinae","Acropyga","exsanguis","Acropyga exsanguis","","Pet n","Guatemala","2009-09-30","tropical moist forest at night ex sifted leaf litter",290,"point","17.002792","-89.71867"
"http://antweb.org/api/v2/?occurrenceId=CAS:ANTWEB:jtl268384","jtl268384","formicidae","formicinae","Acropyga","exsanguis","Acropyga exsanguis","","Pet n","Guatemala","2009-09-30","tropical moist forest at night ex sifted leaf litter",290,"point","17.002836","-89.718666"
"http://antweb.org/api/v2/?occurrenceId=CAS:ANTWEB:jtl268405","jtl268405","formicidae","formicinae","Acropyga","exsanguis","Acropyga exsanguis","","Pet n","Guatemala","2009-09-30","tropical moist forest at night ex sifted leaf litter",290,"point","17.002924","-89.71865"
"http://antweb.org/api/v2/?occurrenceId=CAS:ANTWEB:jtl268429","jtl268429","formicidae","formicinae","Acropyga","exsanguis","Acropyga exsanguis","","Pet n","Guatemala","2009-09-30","tropical moist forest at night ex sifted leaf litter",290,"point","17.003056","-89.71863"
"http://antweb.org/api/v2/?occurrenceId=CAS:ANTWEB:jtl268462","jtl268462","formicidae","formicinae","Acropyga","exsanguis","Acropyga exsanguis","","Pet n","Guatemala","2009-09-30","tropical moist forest at night ex sifted leaf litter",290,"point","17.003187","-89.718605"
"http://antweb.org/api/v2/?occurrenceId=CAS:ANTWEB:jtl268517","jtl268517","formicidae","formicinae","Acropyga","exsanguis","Acropyga exsanguis","","Pet n","Guatemala","2009-09-30","tropical moist forest ex sifted leaf litter",270,"point","17.2403","-89.62207"
"http://antweb.org/api/v2/?occurrenceId=CAS:ANTWEB:jtl268526","jtl268526","formicidae","formicinae","Acropyga","exsanguis","Acropyga exsanguis","","Pet n","Guatemala","2009-09-30","tropical moist forest ex sifted leaf litter",270,"point","17.240301","-89.622025"
"http://antweb.org/api/v2/?occurrenceId=CAS:ANTWEB:jtl268537","jtl268537","formicidae","formicinae","Acropyga","exsanguis","Acropyga exsanguis","","Pet n","Guatemala","2009-09-30","tropical moist forest ex sifted leaf litter",270,"point","17.240303","-89.62198"
"http://antweb.org/api/v2/?occurrenceId=CAS:ANTWEB:jtl268559","jtl268559","formicidae","formicinae","Acropyga","exsanguis","Acropyga exsanguis","","Pet n","Guatemala","2009-09-30","tropical moist forest ex sifted leaf litter",270,"point","17.240305","-89.621925"
"http://antweb.org/api/v2/?occurrenceId=CAS:ANTWEB:jtl268585","jtl268585","formicidae","formicinae","Acropyga","exsanguis","Acropyga exsanguis","","Pet n","Guatemala","2009-09-30","tropical moist forest ex sifted leaf litter",270,"point","17.240307","-89.62183"
"http://antweb.org/api/v2/?occurrenceId=CAS:ANTWEB:jtl268625","jtl268625","formicidae","formicinae","Acropyga","exsanguis","Acropyga exsanguis","","Pet n","Guatemala","2009-09-30","tropical moist forest ex sifted leaf litter",270,"point","17.240313","-89.6217"
"http://antweb.org/api/v2/?occurrenceId=CAS:ANTWEB:jtl268720","jtl268720","formicidae","formicinae","Acropyga","exsanguis","Acropyga exsanguis","","Pet n","Guatemala","2009-09-30","tropical moist forest ex sifted leaf litter",270,"point","17.240324","-89.62136"
"http://antweb.org/api/v2/?occurrenceId=CAS:ANTWEB:jtl268949","jtl268949","formicidae","formicinae","Acropyga","exsanguis","Acropyga exsanguis","","Pet n","Guatemala","2009-09-30","tropical moist forest ex sifted leaf litter",270,"point","17.240349","-89.62061"
"http://antweb.org/api/v2/?occurrenceId=CAS:ANTWEB:jtl269027","jtl269027","formicidae","formicinae","Acropyga","exsanguis","Acropyga exsanguis","","Pet n","Guatemala","2009-09-30","tropical moist forest ex sifted leaf litter",270,"point","17.240355","-89.62042"
"http://antweb.org/api/v2/?occurrenceId=CAS:ANTWEB:jtl269046","jtl269046","formicidae","formicinae","Acropyga","exsanguis","Acropyga exsanguis","","Pet n","Guatemala","2009-09-30","tropical moist forest ex sifted leaf litter",270,"point","17.240358","-89.62033"
"http://antweb.org/api/v2/?occurrenceId=CAS:ANTWEB:jtl269055","jtl269055","formicidae","formicinae","Acropyga","exsanguis","Acropyga exsanguis","","Pet n","Guatemala","2009-09-30","tropical moist forest ex sifted leaf litter",270,"point","17.240358","-89.62028"
"http://antweb.org/api/v2/?occurrenceId=CAS:ANTWEB:jtl269076","jtl269076","formicidae","formicinae","Acropyga","exsanguis","Acropyga exsanguis","","Pet n","Guatemala","2009-09-30","tropical moist forest ex sifted leaf litter",270,"point","17.24036","-89.62023"
"http://antweb.org/api/v2/?occurrenceId=CAS:ANTWEB:jtl269089","jtl269089","formicidae","formicinae","Acropyga","exsanguis","Acropyga exsanguis","","Pet n","Guatemala","2009-09-30","tropical moist forest ex sifted leaf litter",270,"point","17.240362","-89.620186"
"http://antweb.org/api/v2/?occurrenceId=CAS:ANTWEB:jtl269156","jtl269156","formicidae","formicinae","Acropyga","exsanguis","Acropyga exsanguis","","Pet n","Guatemala","2009-09-30","tropical moist forest ex sifted leaf litter",270,"point","17.24037","-89.61995"
"http://antweb.org/api/v2/?occurrenceId=CAS:ANTWEB:jtl269211","jtl269211","formicidae","formicinae","Acropyga","exsanguis","Acropyga exsanguis","","Pet n","Guatemala","2009-09-30","tropical moist forest ex sifted leaf litter",270,"point","17.240376","-89.61977"
"http://antweb.org/api/v2/?occurrenceId=CAS:ANTWEB:jtl269232","jtl269232","formicidae","formicinae","Acropyga","exsanguis","Acropyga exsanguis","","Pet n","Guatemala","2009-09-30","tropical moist forest ex sifted leaf litter",270,"point","17.23207","-89.62344"
"http://antweb.org/api/v2/?occurrenceId=CAS:ANTWEB:jtl269284","jtl269284","formicidae","formicinae","Acropyga","exsanguis","Acropyga exsanguis","","Pet n","Guatemala","2009-09-30","tropical moist forest ex sifted leaf litter",270,"point","17.23506","-89.63623"
"http://antweb.org/api/v2/?occurrenceId=CAS:ANTWEB:jtl270723","jtl270723","formicidae","formicinae","Acropyga","exsanguis","Acropyga exsanguis","","Pet n","Guatemala","2009-10-14","tropical moist forest ex sifted leaf litter",400,"point","16.445362","-89.550125"
"http://antweb.org/api/v2/?occurrenceId=CAS:ANTWEB:jtl272099","jtl272099","formicidae","formicinae","Acropyga","exsanguis","Acropyga exsanguis","","Pet n","Guatemala","2009-10-14","tropical moist forest ex sifted leaf litter",390,"point","16.44487","-89.55053"
"http://antweb.org/api/v2/?occurrenceId=CAS:ANTWEB:jtl272191","jtl272191","formicidae","formicinae","Acropyga","exsanguis","Acropyga exsanguis","","Pet n","Guatemala","2009-10-14","tropical moist forest ex sifted leaf litter",390,"point","16.44173","-89.53527"
"http://antweb.org/api/v2/?occurrenceId=CAS:ANTWEB:jtl277702","jtl277702","formicidae","formicinae","Acropyga","exsanguis","Acropyga exsanguis","","Pet n","Guatemala","2009-11-21","tropical moist forest Malaise trap",380,"point","16.44491","-89.55136"
"http://antweb.org/api/v2/?occurrenceId=CAS:ANTWEB:jtl289378","jtl289378","formicidae","formicinae","Acropyga","exsanguis","Acropyga exsanguis","","Gracias a Dios","Honduras","2010-11-10","tropical rainforest at bait",380,"point","15.71901","-84.87844"
"http://antweb.org/api/v2/?occurrenceId=CAS:ANTWEB:jtl289921","jtl289921","formicidae","formicinae","Acropyga","exsanguis","Acropyga exsanguis","","Gracias a Dios","Honduras","2010-11-10","mature wet forest nest in clay bank",370,"point","15.71762","-84.87843"
"http://antweb.org/api/v2/?occurrenceId=CAS:ANTWEB:jtl290145","jtl290145","formicidae","formicinae","Acropyga","exsanguis","Acropyga exsanguis","","Gracias a Dios","Honduras","2010-11-10","tropical rainforest ex sifted leaf litter",60,"point","15.663723","-84.85774"
"http://antweb.org/api/v2/?occurrenceId=CAS:ANTWEB:jtl290371","jtl290371","formicidae","formicinae","Acropyga","exsanguis","Acropyga exsanguis","","Gracias a Dios","Honduras","2010-11-10","tropical rainforest ex sifted leaf litter",60,"point","15.664372","-84.85766"
"http://antweb.org/api/v2/?occurrenceId=CAS:ANTWEB:jtl290724","jtl290724","formicidae","formicinae","Acropyga","exsanguis","Acropyga exsanguis","","Gracias a Dios","Honduras","2010-11-10","tropical rainforest ex sifted leaf litter",80,"point","15.70861","-84.861"
"http://antweb.org/api/v2/?occurrenceId=CAS:ANTWEB:jtl290746","jtl290746","formicidae","formicinae","Acropyga","exsanguis","Acropyga exsanguis","","Gracias a Dios","Honduras","2010-11-10","tropical rainforest ex sifted leaf litter",80,"point","15.70861","-84.861046"
"http://antweb.org/api/v2/?occurrenceId=CAS:ANTWEB:jtl291630","jtl291630","formicidae","formicinae","Acropyga","exsanguis","Acropyga exsanguis","","Gracias a Dios","Honduras","2010-11-10","tropical rainforest ex sifted leaf litter",100,"point","15.712","-84.86305"
"http://antweb.org/api/v2/?occurrenceId=CAS:ANTWEB:jtl291880","jtl291880","formicidae","formicinae","Acropyga","exsanguis","Acropyga exsanguis","","Gracias a Dios","Honduras","2010-11-10","tropical rainforest ex sifted leaf litter",380,"point","15.722","-84.88325"
"http://antweb.org/api/v2/?occurrenceId=CAS:ANTWEB:jtl291930","jtl291930","formicidae","formicinae","Acropyga","exsanguis","Acropyga exsanguis","","Gracias a Dios","Honduras","2010-11-10","tropical rainforest ex sifted leaf litter",560,"point","15.72153","-84.88173"
"http://antweb.org/api/v2/?occurrenceId=CAS:ANTWEB:jtl291983","jtl291983","formicidae","formicinae","Acropyga","exsanguis","Acropyga exsanguis","","Gracias a Dios","Honduras","2010-11-10","tropical rainforest ex sifted leaf litter",60,"point","15.70856","-84.862"
"http://antweb.org/api/v2/?occurrenceId=CAS:ANTWEB:jtl293082","jtl293082","formicidae","formicinae","Acropyga","exsanguis","Acropyga exsanguis","","Gracias a Dios","Honduras","2010-11-17","tropical rainforest ex sifted leaf litter",510,"point","15.72245","-84.88078"
"http://antweb.org/api/v2/?occurrenceId=CAS:ANTWEB:jtl293099","jtl293099","formicidae","formicinae","Acropyga","exsanguis","Acropyga exsanguis","","Gracias a Dios","Honduras","2010-11-17","tropical rainforest ex sifted leaf litter",420,"point","15.72061","-84.87832"
"http://antweb.org/api/v2/?occurrenceId=CAS:ANTWEB:jtl314725","jtl314725","formicidae","formicinae","Acropyga","exsanguis","Acropyga exsanguis","","Cort s","Honduras","2011-03-05","mesophyll forest ex sifted leaf litter",1330,"point","15.487354","-88.234955"
"http://antweb.org/api/v2/?occurrenceId=CAS:ANTWEB:jtl314734","jtl314734","formicidae","formicinae","Acropyga","exsanguis","Acropyga exsanguis","","Cort s","Honduras","2011-03-05","mesophyll forest ex sifted leaf litter",1330,"point","15.487323","-88.234924"
"http://antweb.org/api/v2/?occurrenceId=CAS:ANTWEB:jtl314771","jtl314771","formicidae","formicinae","Acropyga","exsanguis","Acropyga exsanguis","","Cort s","Honduras","2011-03-05","mesophyll forest ex sifted leaf litter",1330,"point","15.487228","-88.234825"
"http://antweb.org/api/v2/?occurrenceId=CAS:ANTWEB:jtl314789","jtl314789","formicidae","formicinae","Acropyga","exsanguis","Acropyga exsanguis","","Cort s","Honduras","2011-03-05","mesophyll forest ex sifted leaf litter",1330,"point","15.487165","-88.23476"
"http://antweb.org/api/v2/?occurrenceId=CAS:ANTWEB:jtl314809","jtl314809","formicidae","formicinae","Acropyga","exsanguis","Acropyga exsanguis","","Cort s","Honduras","2011-03-05","mesophyll forest ex sifted leaf litter",1330,"point","15.4871025","-88.23469"
"http://antweb.org/api/v2/?occurrenceId=CAS:ANTWEB:jtl314948","jtl314948","formicidae","formicinae","Acropyga","exsanguis","Acropyga exsanguis","","Cort s","Honduras","2011-03-05","mesophyll forest ex sifted leaf litter",1330,"point","15.486825","-88.234344"
"http://antweb.org/api/v2/?occurrenceId=CAS:ANTWEB:jtl314991","jtl314991","formicidae","formicinae","Acropyga","exsanguis","Acropyga exsanguis","","Cort s","Honduras","2011-03-05","mesophyll forest ex sifted leaf litter",1330,"point","15.486844","-88.23416"
"http://antweb.org/api/v2/?occurrenceId=CAS:ANTWEB:jtl315016","jtl315016","formicidae","formicinae","Acropyga","exsanguis","Acropyga exsanguis","","Cort s","Honduras","2011-03-05","mesophyll forest ex sifted leaf litter",1330,"point","15.486853","-88.23407"
"http://antweb.org/api/v2/?occurrenceId=CAS:ANTWEB:jtl315832","jtl315832","formicidae","formicinae","Acropyga","exsanguis","Acropyga exsanguis","","Cort s","Honduras","2011-03-17","mesophyll forest ex sifted leaf litter",1340,"point","15.48683","-88.23422"
"http://antweb.org/api/v2/?occurrenceId=CAS:ANTWEB:jtl319719","jtl319719","formicidae","formicinae","Acropyga","exsanguis","Acropyga exsanguis","","Atl ntida","Honduras","2011-04-15","tropical rainforest ex sifted leaf litter",190,"point","15.723051","-87.45174"
"http://antweb.org/api/v2/?occurrenceId=CAS:ANTWEB:jtl320110","jtl320110","formicidae","formicinae","Acropyga","exsanguis","Acropyga exsanguis","","Atl ntida","Honduras","2011-04-15","tropical rainforest ex sifted leaf litter",170,"point","15.72699","-87.45122"
"http://antweb.org/api/v2/?occurrenceId=CAS:ANTWEB:jtl320572","jtl320572","formicidae","formicinae","Acropyga","exsanguis","Acropyga exsanguis","","Atl ntida","Honduras","2011-04-15","tropical rainforest ex sifted leaf litter",360,"point","15.70961","-87.46828"
"http://antweb.org/api/v2/?occurrenceId=CAS:ANTWEB:jtl325682","jtl325682","formicidae","formicinae","Acropyga","exsanguis","Acropyga exsanguis","","Jinotega","Nicaragua","2011-08-20","montane wet forest under stone",1060,"point","13.76846","-85.02334"
"http://antweb.org/api/v2/?occurrenceId=CAS:ANTWEB:jtl656628","jtl656628","formicidae","formicinae","Acropyga","exsanguis","Acropyga exsanguis","","Atl ntida","Honduras","2012-01-11","tropical rainforest ex sifted leaf litter",280,"point","15.6912985","-86.860756"
"http://antweb.org/api/v2/?occurrenceId=CAS:ANTWEB:jtl656642","jtl656642","formicidae","formicinae","Acropyga","exsanguis","Acropyga exsanguis","","Atl ntida","Honduras","2012-01-11","tropical rainforest ex sifted leaf litter",280,"point","15.691253","-86.860756"
"http://antweb.org/api/v2/?occurrenceId=CAS:ANTWEB:jtl658298","jtl658298","formicidae","formicinae","Acropyga","exsanguis","Acropyga exsanguis","","Atl ntida","Honduras","2012-01-11","tropical rainforest ex sifted leaf litter",140,"point","15.69445","-86.86338"
"http://antweb.org/api/v2/?occurrenceId=CAS:ANTWEB:jtl670303","jtl670303","formicidae","formicinae","Acropyga","exsanguis","Acropyga exsanguis","","Regi n Aut noma del Atl ntico Norte","Nicaragua","2012-04-21","mature wet forest ex sifted leaf litter",360,"point","13.769207","-84.983864"
"http://antweb.org/api/v2/?occurrenceId=CAS:ANTWEB:jtl670311","jtl670311","formicidae","formicinae","Acropyga","exsanguis","Acropyga exsanguis","","Regi n Aut noma del Atl ntico Norte","Nicaragua","2012-04-21","mature wet forest ex sifted leaf litter",360,"point","13.769163","-84.98387"
"http://antweb.org/api/v2/?occurrenceId=CAS:ANTWEB:jtl670500","jtl670500","formicidae","formicinae","Acropyga","exsanguis","Acropyga exsanguis","","Regi n Aut noma del Atl ntico Norte","Nicaragua","2012-04-21","mature wet forest ex sifted leaf litter",360,"point","13.768871","-84.9841"
"http://antweb.org/api/v2/?occurrenceId=CAS:ANTWEB:jtl670517","jtl670517","formicidae","formicinae","Acropyga","exsanguis","Acropyga exsanguis","","Regi n Aut noma del Atl ntico Norte","Nicaragua","2012-04-21","mature wet forest ex sifted leaf litter",360,"point","13.768849","-84.98414"
"http://antweb.org/api/v2/?occurrenceId=CAS:ANTWEB:jtl671159","jtl671159","formicidae","formicinae","Acropyga","exsanguis","Acropyga exsanguis","","Regi n Aut noma del Atl ntico Norte","Nicaragua","2012-04-21","mature wet forest ex sifted leaf litter",360,"point","13.768171","-84.985344"
"http://antweb.org/api/v2/?occurrenceId=CAS:ANTWEB:jtl671555","jtl671555","formicidae","formicinae","Acropyga","exsanguis","Acropyga exsanguis","","Regi n Aut noma del Atl ntico Norte","Nicaragua","2012-04-21","mature wet forest ex sifted leaf litter",310,"point","13.770275","-84.98073"
"http://antweb.org/api/v2/?occurrenceId=CAS:ANTWEB:jtl671727","jtl671727","formicidae","formicinae","Acropyga","exsanguis","Acropyga exsanguis","","Regi n Aut noma del Atl ntico Norte","Nicaragua","2012-04-21","mature wet forest ex sifted leaf litter",310,"point","13.769978","-84.98084"
"http://antweb.org/api/v2/?occurrenceId=CAS:ANTWEB:jtl671753","jtl671753","formicidae","formicinae","Acropyga","exsanguis","Acropyga exsanguis","","Regi n Aut noma del Atl ntico Norte","Nicaragua","2012-04-21","mature wet forest ex sifted leaf litter",310,"point","13.77","-84.980804"
"http://antweb.org/api/v2/?occurrenceId=CAS:ANTWEB:jtl672417","jtl672417","formicidae","formicinae","Acropyga","exsanguis","Acropyga exsanguis","","Regi n Aut noma del Atl ntico Norte","Nicaragua","2012-05-04","mature wet forest ex sifted leaf litter",360,"point","13.76866","-84.98446"
"http://antweb.org/api/v2/?occurrenceId=CAS:ANTWEB:jtl672496","jtl672496","formicidae","formicinae","Acropyga","exsanguis","Acropyga exsanguis","","Regi n Aut noma del Atl ntico Norte","Nicaragua","2012-05-04","disturbed tropical wet forest ex sifted leaf litter",420,"point","13.77361","-84.98421"
"http://antweb.org/api/v2/?occurrenceId=CAS:ANTWEB:jtl672592","jtl672592","formicidae","formicinae","Acropyga","exsanguis","Acropyga exsanguis","","Regi n Aut noma del Atl ntico Norte","Nicaragua","2012-05-04","tropical wet forest ex sifted leaf litter",510,"point","13.77361","-84.9865"
"http://antweb.org/api/v2/?occurrenceId=CAS:ANTWEB:jtl673745","jtl673745","formicidae","formicinae","Acropyga","exsanguis","Acropyga exsanguis","","Jinotega","Nicaragua","2012-05-20","montane wet forest ex sifted leaf litter",1040,"point","13.7677","-85.02431"
"http://antweb.org/api/v2/?occurrenceId=CAS:ANTWEB:jtl679053","jtl679053","formicidae","formicinae","Acropyga","exsanguis","Acropyga exsanguis","","Regi n Aut noma del Atl ntico Norte","Nicaragua","2012-06-15","tropical wet forest at bait",290,"point","13.77057","-84.97907"
"http://antweb.org/api/v2/?occurrenceId=CAS:ANTWEB:jtl679583","jtl679583","formicidae","formicinae","Acropyga","exsanguis","Acropyga exsanguis","","Regi n Aut noma del Atl ntico Norte","Nicaragua","2012-06-15","tropical wet forest at bait",330,"point","13.77013","-84.98193"
"http://antweb.org/api/v2/?occurrenceId=CAS:ANTWEB:jtl701110","jtl701110","formicidae","formicinae","Acropyga","exsanguis","Acropyga exsanguis","","Puntarenas","Costa Rica","2013-07-27","rainforest on clay bank, edge of stream",25,"point","8.48067","-83.58885"
"http://antweb.org/api/v2/?occurrenceId=CAS:ANTWEB:jtl722236","jtl722236","formicidae","formicinae","Acropyga","exsanguis","Acropyga exsanguis","","Puntarenas","Costa Rica","2014-07-17","mature moist forest in clay soil",1390,"point","10.3037","-84.8117"
"http://antweb.org/api/v2/?occurrenceId=CAS:ANTWEB:jtl723764","jtl723764","formicidae","formicinae","Acropyga","exsanguis","Acropyga exsanguis","","Alajuela","Costa Rica","2014-07-17","wet forest under stone",830,"point","10.30914","-84.71752"
"http://antweb.org/api/v2/?occurrenceId=CAS:ANTWEB:jtl732589","jtl732589","formicidae","formicinae","Acropyga","exsanguis","Acropyga exsanguis","","Dari n","Panama","2015-03-31","moist forest under stone",770,"point","8.79102","-78.45152"
"http://antweb.org/api/v2/?occurrenceId=CAS:ANTWEB:jtl741684","jtl741684","formicidae","formicinae","Acropyga","exsanguis","Acropyga exsanguis","","Cartago","Costa Rica","2015-12-15","2nd growth cloud forest in excavated soil of clay bank",1280,"point","9.74928","-83.78219"
"http://antweb.org/api/v2/?occurrenceId=CAS:ANTWEB:jtl742079","jtl742079","formicidae","formicinae","Acropyga","exsanguis","Acropyga exsanguis","","Cartago","Costa Rica","2015-12-15","cloud forest, old second growth, riparian ex sifted leaf litter",1360,"point","9.73307","-83.78258"
"http://antweb.org/api/v2/?occurrenceId=CAS:ANTWEB:jtlc-vial-002065-327","jtlc-vial-002065-327","formicidae","formicinae","Acropyga","exsanguis","Acropyga exsanguis","","Puntarenas","Costa Rica","2008-04-09","tropical rainforest ex sifted leaf litter",130,"point","8.406667","-83.32833"
"http://antweb.org/api/v2/?occurrenceId=CAS:ANTWEB:jtlc-vial-002065-386","jtlc-vial-002065-386","formicidae","formicinae","Acropyga","exsanguis","Acropyga exsanguis","","Puntarenas","Costa Rica","2008-04-09","tropical rainforest ex sifted leaf litter",130,"point","8.406667","-83.32833"
"http://antweb.org/api/v2/?occurrenceId=CAS:ANTWEB:jtlc-vial-002065-408","jtlc-vial-002065-408","formicidae","formicinae","Acropyga","exsanguis","Acropyga exsanguis","","Puntarenas","Costa Rica","2008-04-09","tropical rainforest ex sifted leaf litter",130,"point","8.406667","-83.32833"
"http://antweb.org/api/v2/?occurrenceId=CAS:ANTWEB:jtlc000007807","jtlc000007807","formicidae","formicinae","Acropyga","exsanguis","Acropyga exsanguis","","Heredia","Costa Rica","2006-01-15","Puesto18,191g,10m",50,"point","10.428302","-84.01805"
"http://antweb.org/api/v2/?occurrenceId=CAS:ANTWEB:jtlc000010922","jtlc000010922","formicidae","formicinae","Acropyga","exsanguis","Acropyga exsanguis","","Heredia","Costa Rica","2007-10-06","mature wet forest ex sifted leaf litter",50,"point","10.418599","-84.01713"
"http://antweb.org/api/v2/?occurrenceId=CAS:ANTWEB:jtlc000010942","jtlc000010942","formicidae","formicinae","Acropyga","exsanguis","Acropyga exsanguis","","Heredia","Costa Rica","2007-10-06","mature wet forest ex sifted leaf litter",50,"point","10.418525","-84.01718"
"http://antweb.org/api/v2/?occurrenceId=CAS:ANTWEB:jtlc000014414","jtlc000014414","formicidae","formicinae","Acropyga","exsanguis","Acropyga exsanguis","","Chiapas","Mexico","2008-10-27","lowland wet forest ex sifted leaf litter",575,"point","17.12353","-91.63793"
"http://antweb.org/api/v2/?occurrenceId=CAS:ANTWEB:jtlc000014564","jtlc000014564","formicidae","formicinae","Acropyga","exsanguis","Acropyga exsanguis","","Heredia","Costa Rica","2007-10-06","mature wet forest ex sifted leaf litter",50,"point","10.410506","-84.01901"
"http://antweb.org/api/v2/?occurrenceId=CAS:ANTWEB:jtlc000014639","jtlc000014639","formicidae","formicinae","Acropyga","exsanguis","Acropyga exsanguis","","Heredia","Costa Rica","2007-10-06","mature wet forest ex sifted leaf litter",50,"point","10.415405","-84.025635"
"http://antweb.org/api/v2/?occurrenceId=CAS:ANTWEB:jtlc000014655","jtlc000014655","formicidae","formicinae","Acropyga","exsanguis","Acropyga exsanguis","","Heredia","Costa Rica","2007-10-06","mature wet forest ex sifted leaf litter",50,"point","10.415331","-84.02569"
"http://antweb.org/api/v2/?occurrenceId=CAS:ANTWEB:lacm ent 145121","lacm ent 145121","formicidae","formicinae","Acropyga","exsanguis","Acropyga exsanguis","","Guanacaste","Costa Rica","2003-12-18","",300,"point","10.85","-85.61667"
"http://antweb.org/api/v2/?occurrenceId=CAS:ANTWEB:lacm ent 145122","lacm ent 145122","formicidae","formicinae","Acropyga","exsanguis","Acropyga exsanguis","","Guanacaste","Costa Rica","2003-12-18","",300,"point","10.85","-85.61667"
"http://antweb.org/api/v2/?occurrenceId=CAS:ANTWEB:lacm ent 145123","lacm ent 145123","formicidae","formicinae","Acropyga","exsanguis","Acropyga exsanguis","","Puntarenas","Costa Rica","2003-12-18","",1100,"point","10.283334","-84.816666"
"http://antweb.org/api/v2/?occurrenceId=CAS:ANTWEB:lacm ent 145124","lacm ent 145124","formicidae","formicinae","Acropyga","exsanguis","Acropyga exsanguis","","Puntarenas","Costa Rica","2003-12-18","",1100,"point","10.283334","-84.816666"
"http://antweb.org/api/v2/?occurrenceId=CAS:ANTWEB:lacm ent 145125","lacm ent 145125","formicidae","formicinae","Acropyga","exsanguis","Acropyga exsanguis","","Puntarenas","Costa Rica","2003-12-18","",1100,"point","10.283334","-84.816666"
"http://antweb.org/api/v2/?occurrenceId=CAS:ANTWEB:lacm ent 145126","lacm ent 145126","formicidae","formicinae","Acropyga","exsanguis","Acropyga exsanguis","","Puntarenas","Costa Rica","2003-12-18","",1100,"point","10.283334","-84.816666"
"http://antweb.org/api/v2/?occurrenceId=CAS:ANTWEB:lacm ent 145127","lacm ent 145127","formicidae","formicinae","Acropyga","exsanguis","Acropyga exsanguis","","Puntarenas","Costa Rica","2003-12-18","",1400,"point","10.3","-84.8"
"http://antweb.org/api/v2/?occurrenceId=CAS:ANTWEB:lacm ent 145132","lacm ent 145132","formicidae","formicinae","Acropyga","exsanguis","Acropyga exsanguis","","Chiapas","Mexico","2003-12-18","oak/pine forest leaf litter",1400,"point","16.983334","-92.183334"
"http://antweb.org/api/v2/?occurrenceId=CAS:ANTWEB:lacm ent 145133","lacm ent 145133","formicidae","formicinae","Acropyga","exsanguis","Acropyga exsanguis","","Chiapas","Mexico","2003-12-18","oak/pine forest leaf litter",1400,"point","16.983334","-92.183334"
"http://antweb.org/api/v2/?occurrenceId=CAS:ANTWEB:lacm ent 145134","lacm ent 145134","formicidae","formicinae","Acropyga","exsanguis","Acropyga exsanguis","","Chiapas","Mexico","2003-12-18","oak/pine forest leaf litter",1400,"point","16.983334","-92.183334"
