"url","catalogNumber","family","subfamily","genus","specificEpithet","scientific_name","typeStatus","stateProvince","country","dateIdentified","habitat","minimumElevationInMeters","geojson.type","decimal_latitude","decimal_longitude"
"http://antweb.org/api/v2/?occurrenceId=CAS:ANTWEB:anic32-018627","anic32-018627","formicidae","formicinae","Acropyga","butteli","Acropyga butteli","","Sarawak","Malaysia","","",NA,"point","1.63333","113.583"
"http://antweb.org/api/v2/?occurrenceId=CAS:ANTWEB:casent0242377","casent0242377","formicidae","formicinae","Acropyga","butteli","Acropyga butteli","","Sabah","Malaysia","","rainforest sifted litter",260,"point","4.74368","116.97211"
"http://antweb.org/api/v2/?occurrenceId=CAS:ANTWEB:casent0242382","casent0242382","formicidae","formicinae","Acropyga","butteli","Acropyga butteli","","Sabah","Malaysia","","rainforest sifted litter",260,"point","4.74368","116.97211"
"http://antweb.org/api/v2/?occurrenceId=CAS:ANTWEB:casent0242383","casent0242383","formicidae","formicinae","Acropyga","butteli","Acropyga butteli","","Sabah","Malaysia","","rainforest sifted litter",260,"point","4.74368","116.97211"
"http://antweb.org/api/v2/?occurrenceId=CAS:ANTWEB:casent0242387","casent0242387","formicidae","formicinae","Acropyga","butteli","Acropyga butteli","","Sabah","Malaysia","","rainforest sifted litter",260,"point","4.74368","116.97211"
"http://antweb.org/api/v2/?occurrenceId=CAS:ANTWEB:casent0903178","casent0903178","formicidae","formicinae","Acropyga","butteli","Acropyga butteli","paratype of Acropyga baodaoensis","","Taiwan","","",NA,NA,NA,NA
"http://antweb.org/api/v2/?occurrenceId=CAS:ANTWEB:casent0905161","casent0905161","formicidae","formicinae","Acropyga","butteli","Acropyga butteli","syntype of Acropyga amblyops","","Indonesia","","",NA,NA,NA,NA
"http://antweb.org/api/v2/?occurrenceId=CAS:ANTWEB:casent0906270","casent0906270","formicidae","formicinae","Acropyga","butteli","Acropyga butteli","","Sarawak","Malaysia","2003-12-31","lowland rainforest",NA,NA,NA,NA
"http://antweb.org/api/v2/?occurrenceId=CAS:ANTWEB:casent0909908","casent0909908","formicidae","formicinae","Acropyga","butteli","Acropyga butteli","syntype of Acropyga amblyops","Aceh","Indonesia","","",NA,NA,NA,NA
