"url","catalogNumber","family","subfamily","genus","specificEpithet","scientific_name","typeStatus","stateProvince","country","dateIdentified","habitat","minimumElevationInMeters","geojson.type","decimal_latitude","decimal_longitude"
"http://antweb.org/api/v2/?occurrenceId=CAS:ANTWEB:casent0912454","casent0912454","formicidae","myrmicinae","Acromyrmex","hispidus","Acromyrmex hispidus","syntype of Acromyrmex hispidus fallax","Formosa","Argentina","","",NA,NA,NA,NA
"http://antweb.org/api/v2/?occurrenceId=CAS:ANTWEB:casent0912455","casent0912455","formicidae","myrmicinae","Acromyrmex","hispidus","Acromyrmex hispidus","syntype of Acromyrmex hispidus formosus","Formosa","Argentina","","",NA,NA,NA,NA
"http://antweb.org/api/v2/?occurrenceId=CAS:ANTWEB:casent0913867","casent0913867","formicidae","myrmicinae","Acromyrmex","hispidus","Acromyrmex hispidus","syntype of Acromyrmex hispidus","","Bolivia","","",NA,NA,NA,NA
"http://antweb.org/api/v2/?occurrenceId=CAS:ANTWEB:casent0922024","casent0922024","formicidae","myrmicinae","Acromyrmex","hispidus","Acromyrmex hispidus","","Santa Cruz","Bolivia","","savannah ground nest",700,"point","-14.8","-60.3833"
"http://antweb.org/api/v2/?occurrenceId=CAS:ANTWEB:fmnhins0000046881","fmnhins0000046881","formicidae","myrmicinae","Acromyrmex","hispidus","Acromyrmex hispidus","","","","","",NA,NA,NA,NA
"http://antweb.org/api/v2/?occurrenceId=CAS:ANTWEB:fmnhins0000046882","fmnhins0000046882","formicidae","myrmicinae","Acromyrmex","hispidus","Acromyrmex hispidus","","","","","",NA,NA,NA,NA
"http://antweb.org/api/v2/?occurrenceId=CAS:ANTWEB:fmnhins0000046883","fmnhins0000046883","formicidae","myrmicinae","Acromyrmex","hispidus","Acromyrmex hispidus","","","","","",NA,NA,NA,NA
"http://antweb.org/api/v2/?occurrenceId=CAS:ANTWEB:fmnhins0000046884","fmnhins0000046884","formicidae","myrmicinae","Acromyrmex","hispidus","Acromyrmex hispidus","","","","","",NA,NA,NA,NA
"http://antweb.org/api/v2/?occurrenceId=CAS:ANTWEB:fmnhins0000046885","fmnhins0000046885","formicidae","myrmicinae","Acromyrmex","hispidus","Acromyrmex hispidus","","","","","",NA,NA,NA,NA
"http://antweb.org/api/v2/?occurrenceId=CAS:ANTWEB:fmnhins0000046886","fmnhins0000046886","formicidae","myrmicinae","Acromyrmex","hispidus","Acromyrmex hispidus","","","","","",NA,NA,NA,NA
"http://antweb.org/api/v2/?occurrenceId=CAS:ANTWEB:fmnhins0000046887","fmnhins0000046887","formicidae","myrmicinae","Acromyrmex","hispidus","Acromyrmex hispidus","","","","","",NA,NA,NA,NA
"http://antweb.org/api/v2/?occurrenceId=CAS:ANTWEB:fmnhins0000046888","fmnhins0000046888","formicidae","myrmicinae","Acromyrmex","hispidus","Acromyrmex hispidus","","","","","",NA,NA,NA,NA
"http://antweb.org/api/v2/?occurrenceId=CAS:ANTWEB:fmnhins0000046889","fmnhins0000046889","formicidae","myrmicinae","Acromyrmex","hispidus","Acromyrmex hispidus","","","","","",NA,NA,NA,NA
