"url","catalogNumber","family","subfamily","genus","specificEpithet","scientific_name","typeStatus","stateProvince","country","dateIdentified","habitat","minimumElevationInMeters","geojson.type","decimal_latitude","decimal_longitude"
"http://antweb.org/api/v2/?occurrenceId=CAS:ANTWEB:anic32-018608","anic32-018608","formicidae","formicinae","Acropyga","ambigua","Acropyga ambigua","","Northern","Papua New Guinea","","Rainforest Berlesate",500,"point","-8.88333","147.733"
"http://antweb.org/api/v2/?occurrenceId=CAS:ANTWEB:anic32-018609","anic32-018609","formicidae","formicinae","Acropyga","ambigua","Acropyga ambigua","","Morobe","Papua New Guinea","","Rainforest Ex small fragment rtn. wood",220,"point","-6.63333","146.9"
"http://antweb.org/api/v2/?occurrenceId=CAS:ANTWEB:anic32-018610","anic32-018610","formicidae","formicinae","Acropyga","ambigua","Acropyga ambigua","","Morobe","Papua New Guinea","","Rainforest Berlesate",220,"point","-6.63333","146.9"
"http://antweb.org/api/v2/?occurrenceId=CAS:ANTWEB:anic32-018611","anic32-018611","formicidae","formicinae","Acropyga","ambigua","Acropyga ambigua","","Northern","Papua New Guinea","","Rainforest Ex rtn. wood piece",50,"point","-8.76667","148.233"
"http://antweb.org/api/v2/?occurrenceId=CAS:ANTWEB:anic32-018612","anic32-018612","formicidae","formicinae","Acropyga","ambigua","Acropyga ambigua","","East Sepik","Papua New Guinea","","Rainforest In soil, under wood",50,"point","-3.55","143.633"
"http://antweb.org/api/v2/?occurrenceId=CAS:ANTWEB:anic32-018613","anic32-018613","formicidae","formicinae","Acropyga","ambigua","Acropyga ambigua","","Northern","Papua New Guinea","","Rainforest",396,NA,NA,NA
"http://antweb.org/api/v2/?occurrenceId=CAS:ANTWEB:anic32-018614","anic32-018614","formicidae","formicinae","Acropyga","ambigua","Acropyga ambigua","","Northern","Papua New Guinea","","",NA,"point","-8.88333","147.733"
"http://antweb.org/api/v2/?occurrenceId=CAS:ANTWEB:anic32-018701","anic32-018701","formicidae","formicinae","Acropyga","ambigua","Acropyga ambigua","","East Sepik","Papua New Guinea","","Rainforest Ex rotting log",50,"point","-3.55","143.633"
"http://antweb.org/api/v2/?occurrenceId=CAS:ANTWEB:anic32-018702","anic32-018702","formicidae","formicinae","Acropyga","ambigua","Acropyga ambigua","","Morobe","Papua New Guinea","","Rainforest Ex rtn. wood piece",220,"point","-6.63333","146.9"
"http://antweb.org/api/v2/?occurrenceId=CAS:ANTWEB:anic32-018703","anic32-018703","formicidae","formicinae","Acropyga","ambigua","Acropyga ambigua","","Madang","Papua New Guinea","","Rainforest Ex rotting log",50,"point","-5.21667","145.583"
"http://antweb.org/api/v2/?occurrenceId=CAS:ANTWEB:casent0249914","casent0249914","formicidae","formicinae","Acropyga","ambigua","Acropyga ambigua","","Madang","New Guinea","","rainforest sifted litter leaf mold, rotten wood",40,"point","-4.8833","145.75"
"http://antweb.org/api/v2/?occurrenceId=CAS:ANTWEB:casent0392072","casent0392072","formicidae","formicinae","Acropyga","ambigua","Acropyga ambigua","","Sabah","Malaysia","","montane rainforest sifted litter",1100,"point","4.71184","116.89124"
"http://antweb.org/api/v2/?occurrenceId=CAS:ANTWEB:casent0392289","casent0392289","formicidae","formicinae","Acropyga","ambigua","Acropyga ambigua","","Sabah","Malaysia","","montane rainforest sifted litter",1100,"point","4.71184","116.89124"
"http://antweb.org/api/v2/?occurrenceId=CAS:ANTWEB:casent0392340","casent0392340","formicidae","formicinae","Acropyga","ambigua","Acropyga ambigua","","Sabah","Malaysia","","montane rainforest sifted litter",1100,"point","4.71184","116.89124"
"http://antweb.org/api/v2/?occurrenceId=CAS:ANTWEB:casent0392454","casent0392454","formicidae","formicinae","Acropyga","ambigua","Acropyga ambigua","","Sabah","Malaysia","","montane rainforest sifted litter",1100,"point","4.71184","116.89124"
