"url","catalogNumber","family","subfamily","genus","specificEpithet","scientific_name","typeStatus","stateProvince","country","dateIdentified","habitat","minimumElevationInMeters","geojson.type","decimal_latitude","decimal_longitude"
"http://antweb.org/api/v2/?occurrenceId=CAS:ANTWEB:casent0609830","casent0609830","formicidae","myrmicinae","Acromyrmex","echinatior","Acromyrmex echinatior","","Chiapas","Mexico","2009-02-10","lowland wet forest beating vegetation",575,"point","17.1238","-91.63635"
"http://antweb.org/api/v2/?occurrenceId=CAS:ANTWEB:casent0610867","casent0610867","formicidae","myrmicinae","Acromyrmex","echinatior","Acromyrmex echinatior","","Comayagua","Honduras","2009-06-12","coffee farm foraging column",1700,"point","14.44242","-87.55633"
"http://antweb.org/api/v2/?occurrenceId=CAS:ANTWEB:casent0617286","casent0617286","formicidae","myrmicinae","Acromyrmex","echinatior","Acromyrmex echinatior","","Comayagua","Honduras","2011-03-05","montane rainforest ex sifted leaf litter",870,"point","14.87238","-87.90332"
"http://antweb.org/api/v2/?occurrenceId=CAS:ANTWEB:casent0617331","casent0617331","formicidae","myrmicinae","Acromyrmex","echinatior","Acromyrmex echinatior","","Comayagua","Honduras","2011-03-05","ridgetop cloud forest Malaise trap",1150,"point","14.86987","-87.89885"
"http://antweb.org/api/v2/?occurrenceId=CAS:ANTWEB:casent0618056","casent0618056","formicidae","myrmicinae","Acromyrmex","echinatior","Acromyrmex echinatior","","Atl ntida","Honduras","2011-04-15","tropical rainforest at bait",60,"point","15.73011","-87.45297"
"http://antweb.org/api/v2/?occurrenceId=CAS:ANTWEB:casent0619793","casent0619793","formicidae","myrmicinae","Acromyrmex","echinatior","Acromyrmex echinatior","","Regi n Aut noma del Atl ntico Sur","Nicaragua","2011-08-20","2 lowland rainforest",40,"point","12.6674","-83.7224"
"http://antweb.org/api/v2/?occurrenceId=CAS:ANTWEB:casent0619825","casent0619825","formicidae","myrmicinae","Acromyrmex","echinatior","Acromyrmex echinatior","","Masaya","Nicaragua","2011-08-20","shaded coffee farm at lights",490,"point","11.90569","-86.1834"
"http://antweb.org/api/v2/?occurrenceId=CAS:ANTWEB:casent0629258","casent0629258","formicidae","myrmicinae","Acromyrmex","echinatior","Acromyrmex echinatior","","Jinotega","Nicaragua","2012-06-15","ridgetop cloud forest beating vegetation",1620,"point","13.57237","-85.69529"
"http://antweb.org/api/v2/?occurrenceId=CAS:ANTWEB:casent0629374","casent0629374","formicidae","myrmicinae","Acromyrmex","echinatior","Acromyrmex echinatior","","Regi n Aut noma del Atl ntico Sur","Nicaragua","2012-06-25","2 lowland rainforest at bait",30,"point","12.67009","-83.71576"
"http://antweb.org/api/v2/?occurrenceId=CAS:ANTWEB:casent0629375","casent0629375","formicidae","myrmicinae","Acromyrmex","echinatior","Acromyrmex echinatior","","Regi n Aut noma del Atl ntico Sur","Nicaragua","2012-06-25","2 lowland rainforest at bait",30,"point","12.67009","-83.71576"
"http://antweb.org/api/v2/?occurrenceId=CAS:ANTWEB:casent0635194","casent0635194","formicidae","myrmicinae","Acromyrmex","echinatior","Acromyrmex echinatior","","Heredia","Costa Rica","2014-07-17","urban area parking lot",1130,"point","9.97264","-84.09243"
"http://antweb.org/api/v2/?occurrenceId=CAS:ANTWEB:casent0636314","casent0636314","formicidae","myrmicinae","Acromyrmex","echinatior","Acromyrmex echinatior","","Lempira","Honduras","2013-10-03","",1400,"point","14.562333","-88.64267"
"http://antweb.org/api/v2/?occurrenceId=CAS:ANTWEB:casent0636326","casent0636326","formicidae","myrmicinae","Acromyrmex","echinatior","Acromyrmex echinatior","","Lempira","Honduras","2013-10-03","",1408,"point","14.562834","-88.64283"
"http://antweb.org/api/v2/?occurrenceId=CAS:ANTWEB:casent0638928","casent0638928","formicidae","myrmicinae","Acromyrmex","echinatior","Acromyrmex echinatior","","Sonsonate","El Salvador","2013-04-24","beach",NA,"point","13.54","-89.823"
"http://antweb.org/api/v2/?occurrenceId=CAS:ANTWEB:casent0710521","casent0710521","formicidae","myrmicinae","Acromyrmex","echinatior","Acromyrmex echinatior","","Nueva Segovia","Nicaragua","2013-09-18","coffee finca column on ground",1300,"point","13.97486","-86.1875"
"http://antweb.org/api/v2/?occurrenceId=CAS:ANTWEB:casent0710522","casent0710522","formicidae","myrmicinae","Acromyrmex","echinatior","Acromyrmex echinatior","","Nueva Segovia","Nicaragua","2013-09-18","oak cloud forest column on ground",1440,"point","13.98023","-86.18227"
"http://antweb.org/api/v2/?occurrenceId=CAS:ANTWEB:casent0710523","casent0710523","formicidae","myrmicinae","Acromyrmex","echinatior","Acromyrmex echinatior","","Nueva Segovia","Nicaragua","2013-09-18","oak cloud forest column on ground",1440,"point","13.98023","-86.18227"
"http://antweb.org/api/v2/?occurrenceId=CAS:ANTWEB:casent0710524","casent0710524","formicidae","myrmicinae","Acromyrmex","echinatior","Acromyrmex echinatior","","Nueva Segovia","Nicaragua","2013-09-18","oak cloud forest column on ground",1440,"point","13.98023","-86.18227"
"http://antweb.org/api/v2/?occurrenceId=CAS:ANTWEB:casent0710525","casent0710525","formicidae","myrmicinae","Acromyrmex","echinatior","Acromyrmex echinatior","","Nueva Segovia","Nicaragua","2013-09-18","oak cloud forest column on ground",1440,"point","13.98023","-86.18227"
"http://antweb.org/api/v2/?occurrenceId=CAS:ANTWEB:casent0710526","casent0710526","formicidae","myrmicinae","Acromyrmex","echinatior","Acromyrmex echinatior","","Nueva Segovia","Nicaragua","2013-09-18","oak cloud forest column on ground",1440,"point","13.98023","-86.18227"
"http://antweb.org/api/v2/?occurrenceId=CAS:ANTWEB:casent0711823","casent0711823","formicidae","myrmicinae","Acromyrmex","echinatior","Acromyrmex echinatior","","Nueva Segovia","Nicaragua","2013-10-02","coffee finca column on ground",1300,"point","13.97486","-86.1875"
"http://antweb.org/api/v2/?occurrenceId=CAS:ANTWEB:casent0711836","casent0711836","formicidae","myrmicinae","Acromyrmex","echinatior","Acromyrmex echinatior","","Nueva Segovia","Nicaragua","2013-10-02","oak cloud forest column on ground",1440,"point","13.98023","-86.18227"
"http://antweb.org/api/v2/?occurrenceId=CAS:ANTWEB:casent0909421","casent0909421","formicidae","myrmicinae","Acromyrmex","echinatior","Acromyrmex echinatior","Lectotype of Acromyrmex echinatior","","Guatemala","","",244,NA,NA,NA
"http://antweb.org/api/v2/?occurrenceId=CAS:ANTWEB:casent0909422","casent0909422","formicidae","myrmicinae","Acromyrmex","echinatior","Acromyrmex echinatior","paralectotype of Acromyrmex echinatior","","Guatemala","","",244,NA,NA,NA
"http://antweb.org/api/v2/?occurrenceId=CAS:ANTWEB:inbiocri001281527","inbiocri001281527","formicidae","myrmicinae","Acromyrmex","echinatior","Acromyrmex echinatior","","Guanacaste","Costa Rica","1996-07-18","",10,"point","10.35","-85.35"
"http://antweb.org/api/v2/?occurrenceId=CAS:ANTWEB:inbiocri001281558","inbiocri001281558","formicidae","myrmicinae","Acromyrmex","echinatior","Acromyrmex echinatior","","Puntarenas","Costa Rica","1998-12-30","",5,"point","9.4","-84.16667"
"http://antweb.org/api/v2/?occurrenceId=CAS:ANTWEB:inbiocri001281559","inbiocri001281559","formicidae","myrmicinae","Acromyrmex","echinatior","Acromyrmex echinatior","","Puntarenas","Costa Rica","1998-12-30","",5,"point","9.4","-84.16667"
"http://antweb.org/api/v2/?occurrenceId=CAS:ANTWEB:inbiocri001282809","inbiocri001282809","formicidae","myrmicinae","Acromyrmex","echinatior","Acromyrmex echinatior","","Guanacaste","Costa Rica","1996-07-18","",600,"point","10.96667","-85.5"
"http://antweb.org/api/v2/?occurrenceId=CAS:ANTWEB:inbiocri001283074","inbiocri001283074","formicidae","myrmicinae","Acromyrmex","echinatior","Acromyrmex echinatior","","Guanacaste","Costa Rica","1996-07-18","",10,"point","10.35","-85.35"
"http://antweb.org/api/v2/?occurrenceId=CAS:ANTWEB:inbiocri001283075","inbiocri001283075","formicidae","myrmicinae","Acromyrmex","echinatior","Acromyrmex echinatior","","Guanacaste","Costa Rica","1996-07-18","",10,"point","10.35","-85.35"
"http://antweb.org/api/v2/?occurrenceId=CAS:ANTWEB:inbiocri001283076","inbiocri001283076","formicidae","myrmicinae","Acromyrmex","echinatior","Acromyrmex echinatior","","Guanacaste","Costa Rica","1996-07-18","",10,"point","10.35","-85.35"
"http://antweb.org/api/v2/?occurrenceId=CAS:ANTWEB:inbiocri001283077","inbiocri001283077","formicidae","myrmicinae","Acromyrmex","echinatior","Acromyrmex echinatior","","Guanacaste","Costa Rica","1996-07-18","",10,"point","10.35","-85.35"
"http://antweb.org/api/v2/?occurrenceId=CAS:ANTWEB:inbiocri001283078","inbiocri001283078","formicidae","myrmicinae","Acromyrmex","echinatior","Acromyrmex echinatior","","Guanacaste","Costa Rica","1996-07-18","",10,"point","10.35","-85.35"
"http://antweb.org/api/v2/?occurrenceId=CAS:ANTWEB:inbiocri001283079","inbiocri001283079","formicidae","myrmicinae","Acromyrmex","echinatior","Acromyrmex echinatior","","Guanacaste","Costa Rica","1996-07-18","",10,"point","10.35","-85.35"
"http://antweb.org/api/v2/?occurrenceId=CAS:ANTWEB:inbiocri001283080","inbiocri001283080","formicidae","myrmicinae","Acromyrmex","echinatior","Acromyrmex echinatior","","Guanacaste","Costa Rica","1996-07-18","",10,"point","10.35","-85.35"
"http://antweb.org/api/v2/?occurrenceId=CAS:ANTWEB:inbiocri001283081","inbiocri001283081","formicidae","myrmicinae","Acromyrmex","echinatior","Acromyrmex echinatior","","Guanacaste","Costa Rica","1996-07-18","",10,"point","10.35","-85.35"
"http://antweb.org/api/v2/?occurrenceId=CAS:ANTWEB:inbiocri001283082","inbiocri001283082","formicidae","myrmicinae","Acromyrmex","echinatior","Acromyrmex echinatior","","Guanacaste","Costa Rica","1996-07-18","",10,"point","10.35","-85.35"
"http://antweb.org/api/v2/?occurrenceId=CAS:ANTWEB:inbiocri001283083","inbiocri001283083","formicidae","myrmicinae","Acromyrmex","echinatior","Acromyrmex echinatior","","Guanacaste","Costa Rica","1996-07-18","",10,"point","10.35","-85.35"
"http://antweb.org/api/v2/?occurrenceId=CAS:ANTWEB:inbiocri001283084","inbiocri001283084","formicidae","myrmicinae","Acromyrmex","echinatior","Acromyrmex echinatior","","Guanacaste","Costa Rica","1996-07-18","",10,"point","10.35","-85.35"
"http://antweb.org/api/v2/?occurrenceId=CAS:ANTWEB:inbiocri001283085","inbiocri001283085","formicidae","myrmicinae","Acromyrmex","echinatior","Acromyrmex echinatior","","Guanacaste","Costa Rica","1996-07-18","",10,"point","10.35","-85.35"
"http://antweb.org/api/v2/?occurrenceId=CAS:ANTWEB:inbiocri001283086","inbiocri001283086","formicidae","myrmicinae","Acromyrmex","echinatior","Acromyrmex echinatior","","Guanacaste","Costa Rica","1996-07-18","",10,"point","10.35","-85.35"
"http://antweb.org/api/v2/?occurrenceId=CAS:ANTWEB:inbiocri001283087","inbiocri001283087","formicidae","myrmicinae","Acromyrmex","echinatior","Acromyrmex echinatior","","Guanacaste","Costa Rica","1996-07-18","",10,"point","10.35","-85.35"
"http://antweb.org/api/v2/?occurrenceId=CAS:ANTWEB:inbiocri001283088","inbiocri001283088","formicidae","myrmicinae","Acromyrmex","echinatior","Acromyrmex echinatior","","Guanacaste","Costa Rica","1996-07-18","",10,"point","10.35","-85.35"
"http://antweb.org/api/v2/?occurrenceId=CAS:ANTWEB:inbiocri001283089","inbiocri001283089","formicidae","myrmicinae","Acromyrmex","echinatior","Acromyrmex echinatior","","Guanacaste","Costa Rica","1996-07-18","",10,"point","10.35","-85.35"
"http://antweb.org/api/v2/?occurrenceId=CAS:ANTWEB:inbiocri001283090","inbiocri001283090","formicidae","myrmicinae","Acromyrmex","echinatior","Acromyrmex echinatior","","Guanacaste","Costa Rica","1996-07-18","",10,"point","10.35","-85.35"
"http://antweb.org/api/v2/?occurrenceId=CAS:ANTWEB:inbiocri001283091","inbiocri001283091","formicidae","myrmicinae","Acromyrmex","echinatior","Acromyrmex echinatior","","Guanacaste","Costa Rica","1996-07-18","",10,"point","10.35","-85.35"
"http://antweb.org/api/v2/?occurrenceId=CAS:ANTWEB:inbiocri001283092","inbiocri001283092","formicidae","myrmicinae","Acromyrmex","echinatior","Acromyrmex echinatior","","Guanacaste","Costa Rica","1996-07-18","",10,"point","10.35","-85.35"
"http://antweb.org/api/v2/?occurrenceId=CAS:ANTWEB:inbiocri001283093","inbiocri001283093","formicidae","myrmicinae","Acromyrmex","echinatior","Acromyrmex echinatior","","Guanacaste","Costa Rica","1996-07-18","",10,"point","10.35","-85.35"
"http://antweb.org/api/v2/?occurrenceId=CAS:ANTWEB:inbiocri001283094","inbiocri001283094","formicidae","myrmicinae","Acromyrmex","echinatior","Acromyrmex echinatior","","Guanacaste","Costa Rica","1996-07-18","",10,"point","10.35","-85.35"
"http://antweb.org/api/v2/?occurrenceId=CAS:ANTWEB:inbiocri001283095","inbiocri001283095","formicidae","myrmicinae","Acromyrmex","echinatior","Acromyrmex echinatior","","Guanacaste","Costa Rica","1996-07-18","",10,"point","10.35","-85.35"
"http://antweb.org/api/v2/?occurrenceId=CAS:ANTWEB:inbiocri001283096","inbiocri001283096","formicidae","myrmicinae","Acromyrmex","echinatior","Acromyrmex echinatior","","Guanacaste","Costa Rica","1996-07-18","",10,"point","10.35","-85.35"
"http://antweb.org/api/v2/?occurrenceId=CAS:ANTWEB:inbiocri001283097","inbiocri001283097","formicidae","myrmicinae","Acromyrmex","echinatior","Acromyrmex echinatior","","Guanacaste","Costa Rica","1996-07-18","",10,"point","10.35","-85.35"
"http://antweb.org/api/v2/?occurrenceId=CAS:ANTWEB:inbiocri001283098","inbiocri001283098","formicidae","myrmicinae","Acromyrmex","echinatior","Acromyrmex echinatior","","Guanacaste","Costa Rica","1996-07-18","",10,"point","10.35","-85.35"
"http://antweb.org/api/v2/?occurrenceId=CAS:ANTWEB:inbiocri001284233","inbiocri001284233","formicidae","myrmicinae","Acromyrmex","echinatior","Acromyrmex echinatior","","Guanacaste","Costa Rica","1996-07-18","",300,"point","10.83333","-85.61667"
"http://antweb.org/api/v2/?occurrenceId=CAS:ANTWEB:inbiocri001284234","inbiocri001284234","formicidae","myrmicinae","Acromyrmex","echinatior","Acromyrmex echinatior","","Guanacaste","Costa Rica","1996-07-18","",300,"point","10.85","-85.61667"
"http://antweb.org/api/v2/?occurrenceId=CAS:ANTWEB:inbiocri001284235","inbiocri001284235","formicidae","myrmicinae","Acromyrmex","echinatior","Acromyrmex echinatior","","San Jos","Costa Rica","1996-07-18","",1180,"point","9.93333","-84.06667"
"http://antweb.org/api/v2/?occurrenceId=CAS:ANTWEB:inbiocri001284236","inbiocri001284236","formicidae","myrmicinae","Acromyrmex","echinatior","Acromyrmex echinatior","","Guanacaste","Costa Rica","1996-07-18","",140,"point","10.63333","-85.43333"
"http://antweb.org/api/v2/?occurrenceId=CAS:ANTWEB:jtl205752","jtl205752","formicidae","myrmicinae","Acromyrmex","echinatior","Acromyrmex echinatior","","Chiapas","Mexico","2008-10-27","lowland wet forest ex sifted leaf litter",575,"point","17.12369","-91.63734"
"http://antweb.org/api/v2/?occurrenceId=CAS:ANTWEB:jtl216041","jtl216041","formicidae","myrmicinae","Acromyrmex","echinatior","Acromyrmex echinatior","","Chiapas","Mexico","2009-01-28","",575,"point","17.1238","-91.63635"
"http://antweb.org/api/v2/?occurrenceId=CAS:ANTWEB:jtl219237","jtl219237","formicidae","myrmicinae","Acromyrmex","echinatior","Acromyrmex echinatior","","Chiapas","Mexico","2009-02-10","lowland wet forest at bait",575,"point","17.1238","-91.63635"
"http://antweb.org/api/v2/?occurrenceId=CAS:ANTWEB:jtl219242","jtl219242","formicidae","myrmicinae","Acromyrmex","echinatior","Acromyrmex echinatior","","Chiapas","Mexico","2009-02-10","lowland wet forest at bait",575,"point","17.1238","-91.63635"
"http://antweb.org/api/v2/?occurrenceId=CAS:ANTWEB:jtl219248","jtl219248","formicidae","myrmicinae","Acromyrmex","echinatior","Acromyrmex echinatior","","Chiapas","Mexico","2009-02-10","lowland wet forest at bait",575,"point","17.1238","-91.63635"
"http://antweb.org/api/v2/?occurrenceId=CAS:ANTWEB:jtl219250","jtl219250","formicidae","myrmicinae","Acromyrmex","echinatior","Acromyrmex echinatior","","Chiapas","Mexico","2009-02-10","lowland wet forest at bait",575,"point","17.1238","-91.63635"
"http://antweb.org/api/v2/?occurrenceId=CAS:ANTWEB:jtl219255","jtl219255","formicidae","myrmicinae","Acromyrmex","echinatior","Acromyrmex echinatior","","Chiapas","Mexico","2009-02-10","lowland wet forest at bait",575,"point","17.1238","-91.63635"
"http://antweb.org/api/v2/?occurrenceId=CAS:ANTWEB:jtl219289","jtl219289","formicidae","myrmicinae","Acromyrmex","echinatior","Acromyrmex echinatior","","Chiapas","Mexico","2009-02-10","lowland wet forest at bait",575,"point","17.1238","-91.63635"
"http://antweb.org/api/v2/?occurrenceId=CAS:ANTWEB:jtl219760","jtl219760","formicidae","myrmicinae","Acromyrmex","echinatior","Acromyrmex echinatior","","Chiapas","Mexico","2009-02-10","lowland wet forest beating vegetation",575,"point","17.1238","-91.63635"
"http://antweb.org/api/v2/?occurrenceId=CAS:ANTWEB:jtl220526","jtl220526","formicidae","myrmicinae","Acromyrmex","echinatior","Acromyrmex echinatior","","Chiapas","Mexico","2009-02-17","mesophil forest at bait",860,"point","16.97978","-91.58544"
"http://antweb.org/api/v2/?occurrenceId=CAS:ANTWEB:jtl220842","jtl220842","formicidae","myrmicinae","Acromyrmex","echinatior","Acromyrmex echinatior","","Chiapas","Mexico","2009-02-17","mesophil forest beating vegetation",860,"point","16.97978","-91.58544"
"http://antweb.org/api/v2/?occurrenceId=CAS:ANTWEB:jtl223041","jtl223041","formicidae","myrmicinae","Acromyrmex","echinatior","Acromyrmex echinatior","","Chiapas","Mexico","2009-03-02","2 wet forest at bait",100,"point","17.51615","-92.30164"
"http://antweb.org/api/v2/?occurrenceId=CAS:ANTWEB:jtl223200","jtl223200","formicidae","myrmicinae","Acromyrmex","echinatior","Acromyrmex echinatior","","Chiapas","Mexico","2009-03-02","2 wet forest at bait",180,"point","17.38542","-92.42802"
"http://antweb.org/api/v2/?occurrenceId=CAS:ANTWEB:jtl223211","jtl223211","formicidae","myrmicinae","Acromyrmex","echinatior","Acromyrmex echinatior","","Chiapas","Mexico","2009-03-02","2 wet forest at bait",180,"point","17.38542","-92.42802"
"http://antweb.org/api/v2/?occurrenceId=CAS:ANTWEB:jtl267431","jtl267431","formicidae","myrmicinae","Acromyrmex","echinatior","Acromyrmex echinatior","","Pet n","Guatemala","2009-09-30","tropical moist forest at bait",195,"point","16.99995","-89.71513"
"http://antweb.org/api/v2/?occurrenceId=CAS:ANTWEB:jtl267462","jtl267462","formicidae","myrmicinae","Acromyrmex","echinatior","Acromyrmex echinatior","","Pet n","Guatemala","2009-09-30","tropical moist forest at bait",195,"point","16.99995","-89.71513"
"http://antweb.org/api/v2/?occurrenceId=CAS:ANTWEB:jtl297943","jtl297943","formicidae","myrmicinae","Acromyrmex","echinatior","Acromyrmex echinatior","","Olancho","Honduras","2011-01-18","2 mixed hardwood forest nest",1200,"point","14.93787","-85.90137"
"http://antweb.org/api/v2/?occurrenceId=CAS:ANTWEB:jtl320869","jtl320869","formicidae","myrmicinae","Acromyrmex","echinatior","Acromyrmex echinatior","","Atl ntida","Honduras","2011-04-15","tropical rainforest at bait",60,"point","15.73011","-87.45297"
"http://antweb.org/api/v2/?occurrenceId=CAS:ANTWEB:jtl322554","jtl322554","formicidae","myrmicinae","Acromyrmex","echinatior","Acromyrmex echinatior","","Granada","Nicaragua","2011-04-15","2nd growth dry forest strays",60,"point","11.7055","-85.95398"
"http://antweb.org/api/v2/?occurrenceId=CAS:ANTWEB:jtl679573","jtl679573","formicidae","myrmicinae","Acromyrmex","echinatior","Acromyrmex echinatior","","Regi n Aut noma del Atl ntico Norte","Nicaragua","2012-06-15","tropical wet forest at bait",330,"point","13.77013","-84.98193"
"http://antweb.org/api/v2/?occurrenceId=CAS:ANTWEB:jtl684348","jtl684348","formicidae","myrmicinae","Acromyrmex","echinatior","Acromyrmex echinatior","","Regi n Aut noma del Atl ntico Sur","Nicaragua","2012-06-30","2 lowland rainforest beating vegetation",30,"point","12.67009","-83.71576"
"http://antweb.org/api/v2/?occurrenceId=CAS:ANTWEB:jtl684409","jtl684409","formicidae","myrmicinae","Acromyrmex","echinatior","Acromyrmex echinatior","","Regi n Aut noma del Atl ntico Sur","Nicaragua","2012-06-30","2 lowland rainforest Malaise trap",40,"point","12.66716","-83.72098"
"http://antweb.org/api/v2/?occurrenceId=CAS:ANTWEB:jtl684428","jtl684428","formicidae","myrmicinae","Acromyrmex","echinatior","Acromyrmex echinatior","","Regi n Aut noma del Atl ntico Sur","Nicaragua","2012-06-30","2 lowland rainforest Malaise trap",30,"point","12.67101","-83.71748"
"http://antweb.org/api/v2/?occurrenceId=CAS:ANTWEB:jtl697982","jtl697982","formicidae","myrmicinae","Acromyrmex","echinatior","Acromyrmex echinatior","","Chiapas","Mexico","2013-04-15","lowland wet forest at bait",575,"point","17.1238","-91.63635"
"http://antweb.org/api/v2/?occurrenceId=CAS:ANTWEB:jtl697984","jtl697984","formicidae","myrmicinae","Acromyrmex","echinatior","Acromyrmex echinatior","","Chiapas","Mexico","2013-04-15","2 wet forest at bait",180,"point","17.38542","-92.42802"
"http://antweb.org/api/v2/?occurrenceId=CAS:ANTWEB:jtl709316","jtl709316","formicidae","myrmicinae","Acromyrmex","echinatior","Acromyrmex echinatior","","Lempira","Honduras","2013-10-03","",1400,"point","14.562333","-88.64267"
"http://antweb.org/api/v2/?occurrenceId=CAS:ANTWEB:jtl709336","jtl709336","formicidae","myrmicinae","Acromyrmex","echinatior","Acromyrmex echinatior","","Lempira","Honduras","2013-10-03","",1400,"point","14.562333","-88.64267"
"http://antweb.org/api/v2/?occurrenceId=CAS:ANTWEB:jtlc-vial-002216.02","jtlc-vial-002216.02","formicidae","myrmicinae","Acromyrmex","echinatior","Acromyrmex echinatior","","Chiapas","Mexico","2009-02-10","lowland wet forest beating vegetation",570,"point","17.12562","-91.63086"
"http://antweb.org/api/v2/?occurrenceId=CAS:ANTWEB:jtlc000010337","jtlc000010337","formicidae","myrmicinae","Acromyrmex","echinatior","Acromyrmex echinatior","","El Progreso","Guatemala","2007-10-15","scrubby xeric vegetation on ground",530,"point","14.907267","-90.1548"
"http://antweb.org/api/v2/?occurrenceId=CAS:ANTWEB:tesc000007801","tesc000007801","formicidae","myrmicinae","Acromyrmex","echinatior","Acromyrmex echinatior","","Atl ntida","Honduras","2011-02-05","tropical rainforest",30,"point","15.69114","-86.86125"
