"url","catalogNumber","family","subfamily","genus","specificEpithet","scientific_name","typeStatus","stateProvince","country","dateIdentified","habitat","minimumElevationInMeters","geojson.type","decimal_latitude","decimal_longitude"
"http://antweb.org/api/v2/?occurrenceId=CAS:ANTWEB:casent0173804","casent0173804","formicidae","myrmicinae","Acromyrmex","subterraneus","Acromyrmex subterraneus","","Canindey","Paraguay","2006-12-31","bosque alto",NA,"point","-24.1","-55.533333"
"http://antweb.org/api/v2/?occurrenceId=CAS:ANTWEB:casent0173805","casent0173805","formicidae","myrmicinae","Acromyrmex","subterraneus","Acromyrmex subterraneus","","Canindey","Paraguay","2006-12-31","bosque alto",NA,"point","-24.1","-55.533333"
"http://antweb.org/api/v2/?occurrenceId=CAS:ANTWEB:casent0909425","casent0909425","formicidae","myrmicinae","Acromyrmex","subterraneus","Acromyrmex subterraneus","syntype of Acromyrmex subterraneus","Santa Catarina","Brazil","","",NA,NA,NA,NA
"http://antweb.org/api/v2/?occurrenceId=CAS:ANTWEB:casent0909426","casent0909426","formicidae","myrmicinae","Acromyrmex","subterraneus","Acromyrmex subterraneus","syntype of Acromyrmex subterraneus","Santa Catarina","Brazil","","",NA,NA,NA,NA
"http://antweb.org/api/v2/?occurrenceId=CAS:ANTWEB:casent0909427","casent0909427","formicidae","myrmicinae","Acromyrmex","subterraneus","Acromyrmex subterraneus","syntype of Acromyrmex subterraneus brunneus","Rio de Janeiro","Brazil","","",NA,NA,NA,NA
"http://antweb.org/api/v2/?occurrenceId=CAS:ANTWEB:casent0909428","casent0909428","formicidae","myrmicinae","Acromyrmex","subterraneus","Acromyrmex subterraneus","syntype of Atta subterranea purensis","Amazonas","Brazil","","",NA,NA,NA,NA
"http://antweb.org/api/v2/?occurrenceId=CAS:ANTWEB:casent0912472","casent0912472","formicidae","myrmicinae","Acromyrmex","subterraneus","Acromyrmex subterraneus","syntype of Acromyrmex subterraneus mixtus","Ceara","Brazil","","",NA,NA,NA,NA
"http://antweb.org/api/v2/?occurrenceId=CAS:ANTWEB:casent0912473","casent0912473","formicidae","myrmicinae","Acromyrmex","subterraneus","Acromyrmex subterraneus","syntype of Acromyrmex subterraneus molestans","Esp rito Santo","Brazil","","",NA,NA,NA,NA
"http://antweb.org/api/v2/?occurrenceId=CAS:ANTWEB:casent0912474","casent0912474","formicidae","myrmicinae","Acromyrmex","subterraneus","Acromyrmex subterraneus","syntype of Acromyrmex subterraneus eidmanni","Rio de Janeiro","Brazil","","",NA,NA,NA,NA
"http://antweb.org/api/v2/?occurrenceId=CAS:ANTWEB:casent0912475","casent0912475","formicidae","myrmicinae","Acromyrmex","subterraneus","Acromyrmex subterraneus","syntype of Acromyrmex subterraneus eidmanni","Rio de Janeiro","Brazil","","",NA,NA,NA,NA
"http://antweb.org/api/v2/?occurrenceId=CAS:ANTWEB:casent0912476","casent0912476","formicidae","myrmicinae","Acromyrmex","subterraneus","Acromyrmex subterraneus","syntype of Acromyrmex subterraneus ogloblini","Misiones","Argentina","","",NA,NA,NA,NA
"http://antweb.org/api/v2/?occurrenceId=CAS:ANTWEB:casent0922031","casent0922031","formicidae","myrmicinae","Acromyrmex","subterraneus","Acromyrmex subterraneus","","San Martin","Peru","","park/garden ground nest",350,"point","-6.48333","-76.36667"
