"url","catalogNumber","family","subfamily","genus","specificEpithet","scientific_name","typeStatus","stateProvince","country","dateIdentified","habitat","minimumElevationInMeters","geojson.type","decimal_latitude","decimal_longitude"
"http://antweb.org/api/v2/?occurrenceId=CAS:ANTWEB:casent0173799","casent0173799","formicidae","myrmicinae","Acromyrmex","niger","Acromyrmex niger","","Canindey","Paraguay","2006-12-31","bosque bajo",NA,"point","-24.133333","-55.433334"
"http://antweb.org/api/v2/?occurrenceId=CAS:ANTWEB:casent0900493","casent0900493","formicidae","myrmicinae","Acromyrmex","niger","Acromyrmex niger","Holotype of Acromyrmex niger","","Brazil","","",NA,NA,NA,NA
"http://antweb.org/api/v2/?occurrenceId=CAS:ANTWEB:casent0904997","casent0904997","formicidae","myrmicinae","Acromyrmex","niger","Acromyrmex niger","syntype of Atta muticinoda homalops","","Vanuatu","2014-02-27","",NA,NA,NA,NA
"http://antweb.org/api/v2/?occurrenceId=CAS:ANTWEB:casent0909419","casent0909419","formicidae","myrmicinae","Acromyrmex","niger","Acromyrmex niger","syntype of Atta nigra muticinoda","Ceara","Brazil","","",NA,NA,NA,NA
"http://antweb.org/api/v2/?occurrenceId=CAS:ANTWEB:casent0909420","casent0909420","formicidae","myrmicinae","Acromyrmex","niger","Acromyrmex niger","syntype of Acromyrmex subterranea depressoculis","Santa Catarina","Brazil","2014-02-27","",NA,NA,NA,NA
