"url","catalogNumber","family","subfamily","genus","specificEpithet","scientific_name","typeStatus","stateProvince","country","dateIdentified","habitat","minimumElevationInMeters","geojson.type","decimal_latitude","decimal_longitude"
"http://antweb.org/api/v2/?occurrenceId=CAS:ANTWEB:casent0191007","casent0191007","formicidae","myrmicinae","Acromyrmex","octospinosus","Acromyrmex octospinosus","","Choc","Colombia","2008-12-31","",NA,"point","7.04056","-77.33778"
"http://antweb.org/api/v2/?occurrenceId=CAS:ANTWEB:casent0227879","casent0227879","formicidae","myrmicinae","Acromyrmex","octospinosus","Acromyrmex octospinosus","","Guerrero","Mexico","2011-03-11","",NA,NA,NA,NA
"http://antweb.org/api/v2/?occurrenceId=CAS:ANTWEB:casent0246632","casent0246632","formicidae","myrmicinae","Acromyrmex","octospinosus","Acromyrmex octospinosus","","","Trinidad and Tobago","","Port of entry with yams",NA,NA,NA,NA
"http://antweb.org/api/v2/?occurrenceId=CAS:ANTWEB:casent0610873","casent0610873","formicidae","myrmicinae","Acromyrmex","octospinosus","Acromyrmex octospinosus","","Francisco Moraz n","Honduras","2009-06-12","scrub veg., pasture edge",800,"point","14.01345","-87.00765"
"http://antweb.org/api/v2/?occurrenceId=CAS:ANTWEB:casent0625425","casent0625425","formicidae","myrmicinae","Acromyrmex","octospinosus","Acromyrmex octospinosus","","Galapagos Islands","Ecuador","2012-01-16","",20,"point","-0.739","-90.31"
"http://antweb.org/api/v2/?occurrenceId=CAS:ANTWEB:casent0627480","casent0627480","formicidae","myrmicinae","Acromyrmex","octospinosus","Acromyrmex octospinosus","","Grand Terre","Guadeloupe","2013-03-29","tropical scrub ex sifted leaf litter",16,"point","16.37806","-61.47815"
"http://antweb.org/api/v2/?occurrenceId=CAS:ANTWEB:casent0627787","casent0627787","formicidae","myrmicinae","Acromyrmex","octospinosus","Acromyrmex octospinosus","","Matagalpa","Nicaragua","2012-03-15","pasture near edge of tropical wet forest flight intercept trap",780,"point","12.96074","-85.2334"
"http://antweb.org/api/v2/?occurrenceId=CAS:ANTWEB:casent0630452","casent0630452","formicidae","myrmicinae","Acromyrmex","octospinosus","Acromyrmex octospinosus","","Basse Terre","Guadeloupe","2013-03-29","deciduous forest ex sifted leaf litter",320,"point","16.33166","-61.76206"
"http://antweb.org/api/v2/?occurrenceId=CAS:ANTWEB:casent0631115","casent0631115","formicidae","myrmicinae","Acromyrmex","octospinosus","Acromyrmex octospinosus","","Basse-Terre","Guadeloupe","2013-04-24","beach",NA,"point","16.221","-61.784"
"http://antweb.org/api/v2/?occurrenceId=CAS:ANTWEB:casent0710527","casent0710527","formicidae","myrmicinae","Acromyrmex","octospinosus","Acromyrmex octospinosus","","Matagalpa","Nicaragua","2013-09-18","edge pasture/trop. wet forest tree trunk at night",620,"point","12.95491","-85.2303"
"http://antweb.org/api/v2/?occurrenceId=CAS:ANTWEB:casent0710528","casent0710528","formicidae","myrmicinae","Acromyrmex","octospinosus","Acromyrmex octospinosus","","Granada","Nicaragua","2013-09-18","urban sidewalk",40,"point","11.91945","-85.9381"
"http://antweb.org/api/v2/?occurrenceId=CAS:ANTWEB:casent0710529","casent0710529","formicidae","myrmicinae","Acromyrmex","octospinosus","Acromyrmex octospinosus","","Regi ?n Aut ?noma del Atl ntico Sur","Nicaragua","2013-09-18","2 ? lowland rainforest on leaves/ dead trees",30,"point","12.67555","-83.71879"
"http://antweb.org/api/v2/?occurrenceId=CAS:ANTWEB:casent0710530","casent0710530","formicidae","myrmicinae","Acromyrmex","octospinosus","Acromyrmex octospinosus","","Managua","Nicaragua","2013-09-18","urban ground",120,"point","12.1253","-86.26231"
"http://antweb.org/api/v2/?occurrenceId=CAS:ANTWEB:casent0710531","casent0710531","formicidae","myrmicinae","Acromyrmex","octospinosus","Acromyrmex octospinosus","","Francisco Moraz n","Honduras","2013-09-18","farm ground",800,"point","14.0125","-87.00732"
"http://antweb.org/api/v2/?occurrenceId=CAS:ANTWEB:casent0711723","casent0711723","formicidae","myrmicinae","Acromyrmex","octospinosus","Acromyrmex octospinosus","","Matagalpa","Nicaragua","2013-10-02","edge pasture/trop. wet forest tree trunk at night",620,"point","12.95491","-85.2303"
"http://antweb.org/api/v2/?occurrenceId=CAS:ANTWEB:casent0900490","casent0900490","formicidae","myrmicinae","Acromyrmex","octospinosus","Acromyrmex octospinosus","syntype of Acromyrmex octospinosus","","Guyana","","",NA,NA,NA,NA
"http://antweb.org/api/v2/?occurrenceId=CAS:ANTWEB:casent0922028","casent0922028","formicidae","myrmicinae","Acromyrmex","octospinosus","Acromyrmex octospinosus","","Barinas","Venezuela","","edge of second-growth rainforest ground forager s",280,"point","7.85","-71.26667"
"http://antweb.org/api/v2/?occurrenceId=CAS:ANTWEB:fmnhins0000046890","fmnhins0000046890","formicidae","myrmicinae","Acromyrmex","octospinosus","Acromyrmex octospinosus","","","","1952-01-01","",NA,NA,NA,NA
"http://antweb.org/api/v2/?occurrenceId=CAS:ANTWEB:fmnhins0000106298","fmnhins0000106298","formicidae","myrmicinae","Acromyrmex","octospinosus","Acromyrmex octospinosus","","","","","",101,NA,NA,NA
"http://antweb.org/api/v2/?occurrenceId=CAS:ANTWEB:fmnhins0000106299","fmnhins0000106299","formicidae","myrmicinae","Acromyrmex","octospinosus","Acromyrmex octospinosus","","","","","",NA,NA,NA,NA
"http://antweb.org/api/v2/?occurrenceId=CAS:ANTWEB:fmnhins0000106300","fmnhins0000106300","formicidae","myrmicinae","Acromyrmex","octospinosus","Acromyrmex octospinosus","","","","","",NA,NA,NA,NA
"http://antweb.org/api/v2/?occurrenceId=CAS:ANTWEB:fmnhins0000106301","fmnhins0000106301","formicidae","myrmicinae","Acromyrmex","octospinosus","Acromyrmex octospinosus","","","","","",NA,NA,NA,NA
"http://antweb.org/api/v2/?occurrenceId=CAS:ANTWEB:fmnhins0000106302","fmnhins0000106302","formicidae","myrmicinae","Acromyrmex","octospinosus","Acromyrmex octospinosus","","","","","",0,NA,NA,NA
"http://antweb.org/api/v2/?occurrenceId=CAS:ANTWEB:fmnhins0000106303","fmnhins0000106303","formicidae","myrmicinae","Acromyrmex","octospinosus","Acromyrmex octospinosus","","","","","",NA,NA,NA,NA
"http://antweb.org/api/v2/?occurrenceId=CAS:ANTWEB:fmnhins0000106304","fmnhins0000106304","formicidae","myrmicinae","Acromyrmex","octospinosus","Acromyrmex octospinosus","","","","","",NA,NA,NA,NA
"http://antweb.org/api/v2/?occurrenceId=CAS:ANTWEB:fmnhins0000106305","fmnhins0000106305","formicidae","myrmicinae","Acromyrmex","octospinosus","Acromyrmex octospinosus","","","","","",1067,NA,NA,NA
"http://antweb.org/api/v2/?occurrenceId=CAS:ANTWEB:inb0003235894","inb0003235894","formicidae","myrmicinae","Acromyrmex","octospinosus","Acromyrmex octospinosus","","Heredia","Costa Rica","2004-04-20","montane wet forest",500,"point","10.33333","-84.06667"
"http://antweb.org/api/v2/?occurrenceId=CAS:ANTWEB:inb0003607532","inb0003607532","formicidae","myrmicinae","Acromyrmex","octospinosus","Acromyrmex octospinosus","","Heredia","Costa Rica","2004-04-20","montane wet forest Sobre Vegetacion",500,"point","10.33333","-84.06667"
"http://antweb.org/api/v2/?occurrenceId=CAS:ANTWEB:inb0003607825","inb0003607825","formicidae","myrmicinae","Acromyrmex","octospinosus","Acromyrmex octospinosus","","Heredia","Costa Rica","2004-04-20","montane wet forest Sobre Vegetacion",500,"point","10.33333","-84.06667"
"http://antweb.org/api/v2/?occurrenceId=CAS:ANTWEB:inb0003663652","inb0003663652","formicidae","myrmicinae","Acromyrmex","octospinosus","Acromyrmex octospinosus","","Heredia","Costa Rica","2005-11-15","lowland rainforest SCH",50,"point","10.437478","-84.01381"
"http://antweb.org/api/v2/?occurrenceId=CAS:ANTWEB:inb0003663791","inb0003663791","formicidae","myrmicinae","Acromyrmex","octospinosus","Acromyrmex octospinosus","","Heredia","Costa Rica","2005-11-15","lowland rainforest STR",50,"point","10.436447","-84.009415"
"http://antweb.org/api/v2/?occurrenceId=CAS:ANTWEB:inbiocri001224821","inbiocri001224821","formicidae","myrmicinae","Acromyrmex","octospinosus","Acromyrmex octospinosus","","Heredia","Costa Rica","1999-09-13","",50,"point","10.433333","-84.01667"
"http://antweb.org/api/v2/?occurrenceId=CAS:ANTWEB:inbiocri001224822","inbiocri001224822","formicidae","myrmicinae","Acromyrmex","octospinosus","Acromyrmex octospinosus","","Heredia","Costa Rica","1994-06-24","",50,"point","10.433333","-84.01667"
"http://antweb.org/api/v2/?occurrenceId=CAS:ANTWEB:inbiocri001237815","inbiocri001237815","formicidae","myrmicinae","Acromyrmex","octospinosus","Acromyrmex octospinosus","","Heredia","Costa Rica","1994-06-24","",50,"point","10.433333","-84.01667"
"http://antweb.org/api/v2/?occurrenceId=CAS:ANTWEB:inbiocri001237958","inbiocri001237958","formicidae","myrmicinae","Acromyrmex","octospinosus","Acromyrmex octospinosus","","Heredia","Costa Rica","1993-03-18","",50,"point","10.43333","-84.01667"
"http://antweb.org/api/v2/?occurrenceId=CAS:ANTWEB:inbiocri001237969","inbiocri001237969","formicidae","myrmicinae","Acromyrmex","octospinosus","Acromyrmex octospinosus","","Heredia","Costa Rica","1993-03-18","",50,"point","10.43333","-84.01667"
"http://antweb.org/api/v2/?occurrenceId=CAS:ANTWEB:inbiocri001238352","inbiocri001238352","formicidae","myrmicinae","Acromyrmex","octospinosus","Acromyrmex octospinosus","","Heredia","Costa Rica","1993-05-14","",50,"point","10.433333","-84.01667"
"http://antweb.org/api/v2/?occurrenceId=CAS:ANTWEB:inbiocri001238353","inbiocri001238353","formicidae","myrmicinae","Acromyrmex","octospinosus","Acromyrmex octospinosus","","Heredia","Costa Rica","1993-05-14","",50,"point","10.433333","-84.01667"
"http://antweb.org/api/v2/?occurrenceId=CAS:ANTWEB:inbiocri001238354","inbiocri001238354","formicidae","myrmicinae","Acromyrmex","octospinosus","Acromyrmex octospinosus","","Heredia","Costa Rica","1993-05-14","",50,"point","10.433333","-84.01667"
"http://antweb.org/api/v2/?occurrenceId=CAS:ANTWEB:inbiocri001238355","inbiocri001238355","formicidae","myrmicinae","Acromyrmex","octospinosus","Acromyrmex octospinosus","","Heredia","Costa Rica","1993-05-14","",50,"point","10.433333","-84.01667"
"http://antweb.org/api/v2/?occurrenceId=CAS:ANTWEB:inbiocri001238356","inbiocri001238356","formicidae","myrmicinae","Acromyrmex","octospinosus","Acromyrmex octospinosus","","Heredia","Costa Rica","1993-05-14","",50,"point","10.433333","-84.01667"
"http://antweb.org/api/v2/?occurrenceId=CAS:ANTWEB:inbiocri001238357","inbiocri001238357","formicidae","myrmicinae","Acromyrmex","octospinosus","Acromyrmex octospinosus","","Heredia","Costa Rica","1993-05-14","",50,"point","10.433333","-84.01667"
"http://antweb.org/api/v2/?occurrenceId=CAS:ANTWEB:inbiocri001238358","inbiocri001238358","formicidae","myrmicinae","Acromyrmex","octospinosus","Acromyrmex octospinosus","","Heredia","Costa Rica","1993-05-14","",50,"point","10.433333","-84.01667"
"http://antweb.org/api/v2/?occurrenceId=CAS:ANTWEB:inbiocri001238359","inbiocri001238359","formicidae","myrmicinae","Acromyrmex","octospinosus","Acromyrmex octospinosus","","Heredia","Costa Rica","1994-06-24","",50,"point","10.433333","-84.01667"
"http://antweb.org/api/v2/?occurrenceId=CAS:ANTWEB:inbiocri001238624","inbiocri001238624","formicidae","myrmicinae","Acromyrmex","octospinosus","Acromyrmex octospinosus","","Heredia","Costa Rica","1993-05-14","near comedor",50,"point","10.43333","-84.01667"
"http://antweb.org/api/v2/?occurrenceId=CAS:ANTWEB:inbiocri001263533","inbiocri001263533","formicidae","myrmicinae","Acromyrmex","octospinosus","Acromyrmex octospinosus","","Heredia","Costa Rica","1995-07-25","La Selva",50,"point","10.43333","-84.01667"
"http://antweb.org/api/v2/?occurrenceId=CAS:ANTWEB:inbiocri001274231","inbiocri001274231","formicidae","myrmicinae","Acromyrmex","octospinosus","Acromyrmex octospinosus","","Heredia","Costa Rica","1993-05-14","lowland rainforest blacklight sample",50,"point","10.4314575","-84.01783"
"http://antweb.org/api/v2/?occurrenceId=CAS:ANTWEB:inbiocri001278763","inbiocri001278763","formicidae","myrmicinae","Acromyrmex","octospinosus","Acromyrmex octospinosus","","Heredia","Costa Rica","1994-05-11","SAT 600",50,"point","10.4314575","-84.01783"
"http://antweb.org/api/v2/?occurrenceId=CAS:ANTWEB:inbiocri001280280","inbiocri001280280","formicidae","myrmicinae","Acromyrmex","octospinosus","Acromyrmex octospinosus","","Lim n","Costa Rica","1996-07-18","",5,"point","10.58333","-83.51667"
"http://antweb.org/api/v2/?occurrenceId=CAS:ANTWEB:inbiocri001284237","inbiocri001284237","formicidae","myrmicinae","Acromyrmex","octospinosus","Acromyrmex octospinosus","","Lim n","Costa Rica","1996-07-18","",5,"point","10.53333","-83.51667"
"http://antweb.org/api/v2/?occurrenceId=CAS:ANTWEB:inbiocri001284238","inbiocri001284238","formicidae","myrmicinae","Acromyrmex","octospinosus","Acromyrmex octospinosus","","Heredia","Costa Rica","1996-07-18","",500,"point","10.33333","-84.06667"
"http://antweb.org/api/v2/?occurrenceId=CAS:ANTWEB:inbiocri001284239","inbiocri001284239","formicidae","myrmicinae","Acromyrmex","octospinosus","Acromyrmex octospinosus","","Lim n","Costa Rica","1996-07-18","mature and second growth wet forest nocturnal strays",100,"point","9.666667","-83.03333"
"http://antweb.org/api/v2/?occurrenceId=CAS:ANTWEB:inbiocri002722697","inbiocri002722697","formicidae","myrmicinae","Acromyrmex","octospinosus","Acromyrmex octospinosus","","Heredia","Costa Rica","2000-01-01","SSA Hojarasca",50,"point","10.414868","-84.03532"
"http://antweb.org/api/v2/?occurrenceId=CAS:ANTWEB:inbiocri002722711","inbiocri002722711","formicidae","myrmicinae","Acromyrmex","octospinosus","Acromyrmex octospinosus","","Heredia","Costa Rica","2000-01-01","SSA Hojarasca",50,"point","10.414868","-84.03532"
"http://antweb.org/api/v2/?occurrenceId=CAS:ANTWEB:inbiocri002722735","inbiocri002722735","formicidae","myrmicinae","Acromyrmex","octospinosus","Acromyrmex octospinosus","","Heredia","Costa Rica","2000-01-01","SSA Hojarasca",50,"point","10.414868","-84.03532"
"http://antweb.org/api/v2/?occurrenceId=CAS:ANTWEB:inbiocri002722736","inbiocri002722736","formicidae","myrmicinae","Acromyrmex","octospinosus","Acromyrmex octospinosus","","Heredia","Costa Rica","2000-01-01","SSA Hojarasca",50,"point","10.414868","-84.03532"
"http://antweb.org/api/v2/?occurrenceId=CAS:ANTWEB:inbiocri002722739","inbiocri002722739","formicidae","myrmicinae","Acromyrmex","octospinosus","Acromyrmex octospinosus","","Heredia","Costa Rica","2000-01-01","SSA Hojarasca",50,"point","10.414868","-84.03532"
"http://antweb.org/api/v2/?occurrenceId=CAS:ANTWEB:inbiocri002722740","inbiocri002722740","formicidae","myrmicinae","Acromyrmex","octospinosus","Acromyrmex octospinosus","","Heredia","Costa Rica","2000-01-01","SSA Hojarasca",50,"point","10.414868","-84.03532"
"http://antweb.org/api/v2/?occurrenceId=CAS:ANTWEB:inbiocri002722742","inbiocri002722742","formicidae","myrmicinae","Acromyrmex","octospinosus","Acromyrmex octospinosus","","Heredia","Costa Rica","2000-01-01","SSA Hojarasca",50,"point","10.414868","-84.03532"
"http://antweb.org/api/v2/?occurrenceId=CAS:ANTWEB:jtl126147","jtl126147","formicidae","myrmicinae","Acromyrmex","octospinosus","Acromyrmex octospinosus","","Heredia","Costa Rica","2006-04-26","lowland rainforest STR",50,"point","10.436447","-84.009415"
"http://antweb.org/api/v2/?occurrenceId=CAS:ANTWEB:jtl132454","jtl132454","formicidae","myrmicinae","Acromyrmex","octospinosus","Acromyrmex octospinosus","","Heredia","Costa Rica","2007-05-06","STR bajo de M/29",50,"point","10.432065","-84.006874"
"http://antweb.org/api/v2/?occurrenceId=CAS:ANTWEB:jtl132630","jtl132630","formicidae","myrmicinae","Acromyrmex","octospinosus","Acromyrmex octospinosus","","Heredia","Costa Rica","2007-05-06","SCH bajo de M/25",50,"point","10.437478","-84.01381"
"http://antweb.org/api/v2/?occurrenceId=CAS:ANTWEB:jtl206599","jtl206599","formicidae","myrmicinae","Acromyrmex","octospinosus","Acromyrmex octospinosus","","Chiapas","Mexico","2008-10-27","lowland wet forest at bait",180,"point","16.14833","-90.89713"
"http://antweb.org/api/v2/?occurrenceId=CAS:ANTWEB:jtl206842","jtl206842","formicidae","myrmicinae","Acromyrmex","octospinosus","Acromyrmex octospinosus","","Chiapas","Mexico","2008-10-27","lowland wet forest at bait",180,"point","16.14833","-90.89713"
"http://antweb.org/api/v2/?occurrenceId=CAS:ANTWEB:jtl206865","jtl206865","formicidae","myrmicinae","Acromyrmex","octospinosus","Acromyrmex octospinosus","","Chiapas","Mexico","2008-10-27","lowland wet forest at bait",180,"point","16.14833","-90.89713"
"http://antweb.org/api/v2/?occurrenceId=CAS:ANTWEB:jtl206898","jtl206898","formicidae","myrmicinae","Acromyrmex","octospinosus","Acromyrmex octospinosus","","Chiapas","Mexico","2008-10-27","lowland wet forest at bait",180,"point","16.14833","-90.89713"
"http://antweb.org/api/v2/?occurrenceId=CAS:ANTWEB:jtl206899","jtl206899","formicidae","myrmicinae","Acromyrmex","octospinosus","Acromyrmex octospinosus","","Chiapas","Mexico","2008-10-27","lowland wet forest at bait",180,"point","16.14833","-90.89713"
"http://antweb.org/api/v2/?occurrenceId=CAS:ANTWEB:jtl208863","jtl208863","formicidae","myrmicinae","Acromyrmex","octospinosus","Acromyrmex octospinosus","","Chiapas","Mexico","2008-12-16","mesophil forest ex sifted leaf litter",930,"point","16.94865","-91.59388"
"http://antweb.org/api/v2/?occurrenceId=CAS:ANTWEB:jtl218514","jtl218514","formicidae","myrmicinae","Acromyrmex","octospinosus","Acromyrmex octospinosus","","Chiapas","Mexico","2009-02-05","lowland rainforest column",170,"point","16.14862","-90.89721"
"http://antweb.org/api/v2/?occurrenceId=CAS:ANTWEB:jtl218516","jtl218516","formicidae","myrmicinae","Acromyrmex","octospinosus","Acromyrmex octospinosus","","Chiapas","Mexico","2009-02-05","lowland wet forest at bait",180,"point","16.14833","-90.89713"
"http://antweb.org/api/v2/?occurrenceId=CAS:ANTWEB:jtl325607","jtl325607","formicidae","myrmicinae","Acromyrmex","octospinosus","Acromyrmex octospinosus","","Matagalpa","Nicaragua","2011-08-20","",610,"point","12.95458","-85.23037"
"http://antweb.org/api/v2/?occurrenceId=CAS:ANTWEB:jtl668465","jtl668465","formicidae","myrmicinae","Acromyrmex","octospinosus","Acromyrmex octospinosus","","Matagalpa","Nicaragua","2012-03-19","montane wet forest at bait",1090,"point","12.96966","-85.23341"
"http://antweb.org/api/v2/?occurrenceId=CAS:ANTWEB:jtl668903","jtl668903","formicidae","myrmicinae","Acromyrmex","octospinosus","Acromyrmex octospinosus","","Matagalpa","Nicaragua","2012-03-19","tropical wet forest at bait",680,"point","12.95944","-85.22526"
"http://antweb.org/api/v2/?occurrenceId=CAS:ANTWEB:jtl673743","jtl673743","formicidae","myrmicinae","Acromyrmex","octospinosus","Acromyrmex octospinosus","","Regi n Aut noma del Atl ntico Norte","Nicaragua","2012-05-17","mature wet forest beating vegetation",290,"point","13.77089","-84.9778"
"http://antweb.org/api/v2/?occurrenceId=CAS:ANTWEB:jtl673744","jtl673744","formicidae","myrmicinae","Acromyrmex","octospinosus","Acromyrmex octospinosus","","Regi n Aut noma del Atl ntico Norte","Nicaragua","2012-05-17","tropical wet forest beating vegetation",290,"point","13.76949","-84.97815"
"http://antweb.org/api/v2/?occurrenceId=CAS:ANTWEB:jtlc000014448","jtlc000014448","formicidae","myrmicinae","Acromyrmex","octospinosus","Acromyrmex octospinosus","","Chiapas","Mexico","2008-10-27","lowland wet forest at bait",180,"point","16.14833","-90.89713"
"http://antweb.org/api/v2/?occurrenceId=CAS:ANTWEB:jtlc000014855","jtlc000014855","formicidae","myrmicinae","Acromyrmex","octospinosus","Acromyrmex octospinosus","","Chiapas","Mexico","2008-10-27","lowland rainforest column",170,"point","16.14862","-90.89721"
"http://antweb.org/api/v2/?occurrenceId=CAS:ANTWEB:kg00243","kg00243","formicidae","myrmicinae","Acromyrmex","octospinosus","Acromyrmex octospinosus","","La Habana","Cuba","2003-02-01","",20,"point","23.147778","-82.32667"
"http://antweb.org/api/v2/?occurrenceId=CAS:ANTWEB:psw7796-21","psw7796-21","formicidae","myrmicinae","Acromyrmex","octospinosus","Acromyrmex octospinosus","","Puntarenas","Costa Rica","2004-03-09","roadside edge on low vegetation",780,"point","8.7","-82.95"
