"url","catalogNumber","family","subfamily","genus","specificEpithet","scientific_name","typeStatus","stateProvince","country","dateIdentified","habitat","minimumElevationInMeters","geojson.type","decimal_latitude","decimal_longitude"
"http://antweb.org/api/v2/?occurrenceId=CAS:ANTWEB:casent0249920","casent0249920","formicidae","formicinae","Acropyga","guianensis","Acropyga guianensis","","Napo","Ecuador","2003-12-31","rainforest sifted litter leaf mold, rotten wood",400,"point","-1.0667","-77.6167"
"http://antweb.org/api/v2/?occurrenceId=CAS:ANTWEB:lacm ent 145129","lacm ent 145129","formicidae","formicinae","Acropyga","guianensis","Acropyga guianensis","","Magdalena","Colombia","2002-08-01","wet forest Small forest patch at side of road. Ex sifted leaf litter. 3 mesh sacks hung in",1050,"point","11.133333","-74.1"
"http://antweb.org/api/v2/?occurrenceId=CAS:ANTWEB:lacm ent 145130","lacm ent 145130","formicidae","formicinae","Acropyga","guianensis","Acropyga guianensis","","Magdalena","Colombia","2002-08-01","wet forest Small forest patch at side of road. Ex sifted leaf litter. 3 mesh sacks hung in",1050,"point","11.133333","-74.1"
"http://antweb.org/api/v2/?occurrenceId=CAS:ANTWEB:usnment00446087","usnment00446087","formicidae","formicinae","Acropyga","guianensis","Acropyga guianensis","","","Suriname","2006-01-01","1 forest tall forest, high leaf litter decomposition",514,"point","4.81719","-54.60675"
