"url","catalogNumber","family","subfamily","genus","specificEpithet","scientific_name","typeStatus","stateProvince","country","dateIdentified","habitat","minimumElevationInMeters","geojson.type","decimal_latitude","decimal_longitude"
"http://antweb.org/api/v2/?occurrenceId=CAS:ANTWEB:casent0170538","casent0170538","formicidae","formicinae","Acropyga","arnoldi","Acropyga arnoldi","","KwaZulu-Natal","South Africa","2004-03-09","grassland",1350,"point","-29.69667","29.93"
"http://antweb.org/api/v2/?occurrenceId=CAS:ANTWEB:casent0235249","casent0235249","formicidae","formicinae","Acropyga","arnoldi","Acropyga arnoldi","","KwaZulu-Natal","South Africa","","grassland",1350,"point","-29.69667","29.93"
"http://antweb.org/api/v2/?occurrenceId=CAS:ANTWEB:casent0903180","casent0903180","formicidae","formicinae","Acropyga","arnoldi","Acropyga arnoldi","syntype of Acropyga rhodesiana","","Zimbabwe","","",NA,NA,NA,NA
"http://antweb.org/api/v2/?occurrenceId=CAS:ANTWEB:casent0912352","casent0912352","formicidae","formicinae","Acropyga","arnoldi","Acropyga arnoldi","syntype of Acropyga arnoldi","KwaZulu-Natal","South Africa","","",NA,NA,NA,NA
"http://antweb.org/api/v2/?occurrenceId=CAS:ANTWEB:casent0912353","casent0912353","formicidae","formicinae","Acropyga","arnoldi","Acropyga arnoldi","syntype of Acropyga rhodesiana","","Zimbabwe","","",NA,NA,NA,NA
