"url","catalogNumber","family","subfamily","genus","specificEpithet","scientific_name","typeStatus","stateProvince","country","dateIdentified","habitat","minimumElevationInMeters","geojson.type","decimal_latitude","decimal_longitude"
"http://antweb.org/api/v2/?occurrenceId=CAS:ANTWEB:casent0173473","casent0173473","formicidae","formicinae","Acropyga","goeldii","Acropyga goeldii","","Canindey","Paraguay","2007-09-05","",NA,NA,NA,NA
"http://antweb.org/api/v2/?occurrenceId=CAS:ANTWEB:casent0903183","casent0903183","formicidae","formicinae","Acropyga","goeldii","Acropyga goeldii","Holotype of Rhizomyrma marshalli","","Barbados","2002-12-31","",NA,NA,NA,NA
"http://antweb.org/api/v2/?occurrenceId=CAS:ANTWEB:casent0903184","casent0903184","formicidae","formicinae","Acropyga","goeldii","Acropyga goeldii","Holotype of Acropyga borgmeieri","","Guyana","2002-12-31","",NA,NA,NA,NA
"http://antweb.org/api/v2/?occurrenceId=CAS:ANTWEB:casent0905163","casent0905163","formicidae","formicinae","Acropyga","goeldii","Acropyga goeldii","syntype of Rhizomyrma pachycera","","Paraguay","","",NA,NA,NA,NA
"http://antweb.org/api/v2/?occurrenceId=CAS:ANTWEB:casent0909902","casent0909902","formicidae","formicinae","Acropyga","goeldii","Acropyga goeldii","Lectotype of Acropyga goeldii","Rio de Janeiro","Brazil","2002-12-31","",NA,NA,NA,NA
"http://antweb.org/api/v2/?occurrenceId=CAS:ANTWEB:casent0909903","casent0909903","formicidae","formicinae","Acropyga","goeldii","Acropyga goeldii","syntype of Rhizomyrma goeldii columbica","","Colombia","","",NA,NA,NA,NA
"http://antweb.org/api/v2/?occurrenceId=CAS:ANTWEB:casent0909904","casent0909904","formicidae","formicinae","Acropyga","goeldii","Acropyga goeldii","syntype of Rhizomyrma goeldii tridentata","","Panama","","",NA,NA,NA,NA
"http://antweb.org/api/v2/?occurrenceId=CAS:ANTWEB:casent0912355","casent0912355","formicidae","formicinae","Acropyga","goeldii","Acropyga goeldii","syntype of Acropyga pickeli","","Brazil","","",NA,NA,NA,NA
"http://antweb.org/api/v2/?occurrenceId=CAS:ANTWEB:inb0003212633","inb0003212633","formicidae","formicinae","Acropyga","goeldii","Acropyga goeldii","","Heredia","Costa Rica","2013-09-27","montane wet forest Hojarasca",1100,"point","10.26667","-84.08333"
"http://antweb.org/api/v2/?occurrenceId=CAS:ANTWEB:inb0003212867","inb0003212867","formicidae","formicinae","Acropyga","goeldii","Acropyga goeldii","","Heredia","Costa Rica","2013-09-27","montane wet forest Hojarasca",1100,"point","10.26667","-84.08333"
"http://antweb.org/api/v2/?occurrenceId=CAS:ANTWEB:inb0003213245","inb0003213245","formicidae","formicinae","Acropyga","goeldii","Acropyga goeldii","","Heredia","Costa Rica","2013-09-27","montane wet forest Hojarasca",1100,"point","10.26667","-84.08333"
"http://antweb.org/api/v2/?occurrenceId=CAS:ANTWEB:inb0003213318","inb0003213318","formicidae","formicinae","Acropyga","goeldii","Acropyga goeldii","","Heredia","Costa Rica","2002-09-27","montane wet forest Hojarasca",1100,"point","10.26667","-84.08333"
"http://antweb.org/api/v2/?occurrenceId=CAS:ANTWEB:inb0003213449","inb0003213449","formicidae","formicinae","Acropyga","goeldii","Acropyga goeldii","","Heredia","Costa Rica","2013-09-27","montane wet forest Hojarasca",1100,"point","10.26667","-84.08333"
"http://antweb.org/api/v2/?occurrenceId=CAS:ANTWEB:inb0003213882","inb0003213882","formicidae","formicinae","Acropyga","goeldii","Acropyga goeldii","","Heredia","Costa Rica","2013-09-27","montane wet forest Hojarasca",1100,"point","10.26667","-84.08333"
"http://antweb.org/api/v2/?occurrenceId=CAS:ANTWEB:inb0003213909","inb0003213909","formicidae","formicinae","Acropyga","goeldii","Acropyga goeldii","","Heredia","Costa Rica","2002-09-27","",1100,"point","10.26667","-84.08333"
"http://antweb.org/api/v2/?occurrenceId=CAS:ANTWEB:inb0003214271","inb0003214271","formicidae","formicinae","Acropyga","goeldii","Acropyga goeldii","","Heredia","Costa Rica","2013-09-27","montane wet forest Hojarasca",1100,"point","10.26667","-84.08333"
"http://antweb.org/api/v2/?occurrenceId=CAS:ANTWEB:inb0003214279","inb0003214279","formicidae","formicinae","Acropyga","goeldii","Acropyga goeldii","","Heredia","Costa Rica","2013-09-27","montane wet forest Hojarasca",1100,"point","10.26667","-84.08333"
"http://antweb.org/api/v2/?occurrenceId=CAS:ANTWEB:inb0004100266","inb0004100266","formicidae","formicinae","Acropyga","goeldii","Acropyga goeldii","","Heredia","Costa Rica","2007-10-15","mature wet forest ex sifted leaf litter",160,"point","10.40449","-84.044754"
"http://antweb.org/api/v2/?occurrenceId=CAS:ANTWEB:jtlc000006456","jtlc000006456","formicidae","formicinae","Acropyga","goeldii","Acropyga goeldii","","Puntarenas","Costa Rica","2005-08-28","cloud forest under stone",1400,"point","10.3","-84.8"
"http://antweb.org/api/v2/?occurrenceId=CAS:ANTWEB:lacm ent 145128","lacm ent 145128","formicidae","formicinae","Acropyga","goeldii","Acropyga goeldii","","Puntarenas","Costa Rica","2003-12-18","cloud forest ex sifted leaf litter on ground",1560,"point","10.29701","-84.79972"
