"url","catalogNumber","family","subfamily","genus","specificEpithet","scientific_name","typeStatus","stateProvince","country","dateIdentified","habitat","minimumElevationInMeters","geojson.type","decimal_latitude","decimal_longitude"
"http://antweb.org/api/v2/?occurrenceId=CAS:ANTWEB:casent0006063","casent0006063","formicidae","formicinae","Acropyga","epedana","Acropyga epedana","","Arizona","United States","2000-11-10","",1650,"point","31.88333","-109.20667"
"http://antweb.org/api/v2/?occurrenceId=CAS:ANTWEB:casent0006064","casent0006064","formicidae","formicinae","Acropyga","epedana","Acropyga epedana","","Arizona","United States","2000-11-10","",1650,"point","31.88333","-109.20667"
"http://antweb.org/api/v2/?occurrenceId=CAS:ANTWEB:casent0106535","casent0106535","formicidae","formicinae","Acropyga","epedana","Acropyga epedana","","Arizona","United States","","oak-pine-juniper woodland on ground, 5:15 pm",1650,"point","31.88382","-109.21167"
"http://antweb.org/api/v2/?occurrenceId=CAS:ANTWEB:casent0106535-d01","casent0106535-d01","formicidae","formicinae","Acropyga","epedana","Acropyga epedana","","Arizona","United States","","oak-pine-juniper woodland on ground, 5:15 pm",1650,"point","31.88382","-109.21167"
"http://antweb.org/api/v2/?occurrenceId=CAS:ANTWEB:casent0188857","casent0188857","formicidae","formicinae","Acropyga","epedana","Acropyga epedana","","Arizona","United States","2008-12-31","oak woodland ex soil",1650,"point","31.88382","-109.21167"
"http://antweb.org/api/v2/?occurrenceId=CAS:ANTWEB:casent0195938","casent0195938","formicidae","formicinae","Acropyga","epedana","Acropyga epedana","","Arizona","United States","2015-07-09","oak-pine forest under stone",1650,"point","31.88333","-109.2"
"http://antweb.org/api/v2/?occurrenceId=CAS:ANTWEB:casent0249917","casent0249917","formicidae","formicinae","Acropyga","epedana","Acropyga epedana","","Arizona","United States","","oak-pine-juniper woodland ground nest",1650,"point","31.88382","-109.21167"
