"url","catalogNumber","family","subfamily","genus","specificEpithet","scientific_name","typeStatus","stateProvince","country","dateIdentified","habitat","minimumElevationInMeters","geojson.type","decimal_latitude","decimal_longitude"
"http://antweb.org/api/v2/?occurrenceId=CAS:ANTWEB:lbc-gr01417","lbc-gr01417","formicidae","formicinae","Acropyga","paleartica","Acropyga paleartica","","Crete","Greece","","",455,"point","35.14444","24.9061"
"http://antweb.org/api/v2/?occurrenceId=CAS:ANTWEB:lbc-gr01552","lbc-gr01552","formicidae","formicinae","Acropyga","paleartica","Acropyga paleartica","","Crete","Greece","","",100,"point","36.0182","25.5796"
"http://antweb.org/api/v2/?occurrenceId=CAS:ANTWEB:lbc-gr01553","lbc-gr01553","formicidae","formicinae","Acropyga","paleartica","Acropyga paleartica","","Crete","Greece","","",200,"point","34.8171","24.0963"
"http://antweb.org/api/v2/?occurrenceId=CAS:ANTWEB:lbc-gr01554","lbc-gr01554","formicidae","formicinae","Acropyga","paleartica","Acropyga paleartica","","Crete","Greece","","",5,"point","35.2678","23.5267"
