"url","catalogNumber","family","subfamily","genus","specificEpithet","scientific_name","typeStatus","stateProvince","country","dateIdentified","habitat","minimumElevationInMeters","geojson.type","decimal_latitude","decimal_longitude"
"http://antweb.org/api/v2/?occurrenceId=CAS:ANTWEB:casent0217815","casent0217815","formicidae","myrmicinae","Acromyrmex","silvestrii","Acromyrmex silvestrii","","Chubut","Argentina","2010-12-31","dunes",20,NA,NA,NA
"http://antweb.org/api/v2/?occurrenceId=CAS:ANTWEB:casent0905007","casent0905007","formicidae","myrmicinae","Acromyrmex","silvestrii","Acromyrmex silvestrii","syntype of Acromyrmex silvestrii","","Argentina","","",NA,NA,NA,NA
"http://antweb.org/api/v2/?occurrenceId=CAS:ANTWEB:casent0909436","casent0909436","formicidae","myrmicinae","Acromyrmex","silvestrii","Acromyrmex silvestrii","syntype of Acromyrmex mesopotamicus","Entre Rios","Argentina","","",NA,NA,NA,NA
"http://antweb.org/api/v2/?occurrenceId=CAS:ANTWEB:casent0909437","casent0909437","formicidae","myrmicinae","Acromyrmex","silvestrii","Acromyrmex silvestrii","syntype of Acromyrmex silvestrii bruchi","","Argentina","","",NA,NA,NA,NA
"http://antweb.org/api/v2/?occurrenceId=CAS:ANTWEB:kg02034a","kg02034a","formicidae","myrmicinae","Acromyrmex","silvestrii","Acromyrmex silvestrii","","Chubut","Argentina","2015-11-01","",NA,"point","-42.5","-63.933334"
