"url","catalogNumber","family","subfamily","genus","specificEpithet","scientific_name","typeStatus","stateProvince","country","dateIdentified","habitat","minimumElevationInMeters","geojson.type","decimal_latitude","decimal_longitude"
"http://antweb.org/api/v2/?occurrenceId=CAS:ANTWEB:casent0173791","casent0173791","formicidae","myrmicinae","Acromyrmex","coronatus","Acromyrmex coronatus","","Canindey","Paraguay","2006-12-31","bosque alto",NA,"point","-24.1","-55.533333"
"http://antweb.org/api/v2/?occurrenceId=CAS:ANTWEB:casent0173792","casent0173792","formicidae","myrmicinae","Acromyrmex","coronatus","Acromyrmex coronatus","","Canindey","Paraguay","2006-12-31","bosque alto",NA,"point","-24.1","-55.533333"
"http://antweb.org/api/v2/?occurrenceId=CAS:ANTWEB:casent0604423","casent0604423","formicidae","myrmicinae","Acromyrmex","coronatus","Acromyrmex coronatus","","Baja Verapaz","Guatemala","2008-05-08","oak, pine, Liquidambar forest forest litter",1560,"point","15.11667","-90.18001"
"http://antweb.org/api/v2/?occurrenceId=CAS:ANTWEB:casent0609764","casent0609764","formicidae","myrmicinae","Acromyrmex","coronatus","Acromyrmex coronatus","","Chiapas","Mexico","2009-01-28","",850,"point","16.98675","-91.59119"
"http://antweb.org/api/v2/?occurrenceId=CAS:ANTWEB:casent0609766","casent0609766","formicidae","myrmicinae","Acromyrmex","coronatus","Acromyrmex coronatus","","Chiapas","Mexico","2009-01-28","",930,"point","16.9486","-91.59357"
"http://antweb.org/api/v2/?occurrenceId=CAS:ANTWEB:casent0609956","casent0609956","formicidae","myrmicinae","Acromyrmex","coronatus","Acromyrmex coronatus","","Olancho","Honduras","2009-06-12","cloud forest nest under leaf fragments",1470,"point","14.95031","-85.86229"
"http://antweb.org/api/v2/?occurrenceId=CAS:ANTWEB:casent0613841","casent0613841","formicidae","myrmicinae","Acromyrmex","coronatus","Acromyrmex coronatus","","Comayagua","Honduras","2011-02-22","disturbed cloud forest at bait",1860,"point","14.47211","-87.54044"
"http://antweb.org/api/v2/?occurrenceId=CAS:ANTWEB:casent0615516","casent0615516","formicidae","myrmicinae","Acromyrmex","coronatus","Acromyrmex coronatus","","Olancho","Honduras","2010-07-23","cloud forest",1480,"point","15.09721","-86.7384"
"http://antweb.org/api/v2/?occurrenceId=CAS:ANTWEB:casent0615547","casent0615547","formicidae","myrmicinae","Acromyrmex","coronatus","Acromyrmex coronatus","","Olancho","Honduras","2010-07-23","cloud forest",1430,"point","15.0953","-86.73824"
"http://antweb.org/api/v2/?occurrenceId=CAS:ANTWEB:casent0615579","casent0615579","formicidae","myrmicinae","Acromyrmex","coronatus","Acromyrmex coronatus","","Olancho","Honduras","2010-07-23","pasture at cloud forest edge on road",1470,"point","15.09397","-86.75244"
"http://antweb.org/api/v2/?occurrenceId=CAS:ANTWEB:casent0615789","casent0615789","formicidae","myrmicinae","Acromyrmex","coronatus","Acromyrmex coronatus","","Comayagua","Honduras","2010-09-23","montane rainforest clearing",880,"point","14.8716","-87.90324"
"http://antweb.org/api/v2/?occurrenceId=CAS:ANTWEB:casent0616316","casent0616316","formicidae","myrmicinae","Acromyrmex","coronatus","Acromyrmex coronatus","","Comayagua","Honduras","2011-02-22","pine-oak forest clearing at bait",1710,"point","14.44362","-87.55492"
"http://antweb.org/api/v2/?occurrenceId=CAS:ANTWEB:casent0616319","casent0616319","formicidae","myrmicinae","Acromyrmex","coronatus","Acromyrmex coronatus","","Comayagua","Honduras","2011-02-22","disturbed pine-oak forest at bait",1720,"point","14.44412","-87.55429"
"http://antweb.org/api/v2/?occurrenceId=CAS:ANTWEB:casent0617074","casent0617074","formicidae","myrmicinae","Acromyrmex","coronatus","Acromyrmex coronatus","","Comayagua","Honduras","2011-02-22","ridgetop cloud forest ex sifted leaf litter",1120,"point","14.871222","-87.89948"
"http://antweb.org/api/v2/?occurrenceId=CAS:ANTWEB:casent0617154","casent0617154","formicidae","myrmicinae","Acromyrmex","coronatus","Acromyrmex coronatus","","Comayagua","Honduras","2011-03-05","montane rainforest at bait",880,"point","14.86601","-87.89955"
"http://antweb.org/api/v2/?occurrenceId=CAS:ANTWEB:casent0617442","casent0617442","formicidae","myrmicinae","Acromyrmex","coronatus","Acromyrmex coronatus","","Comayagua","Honduras","2011-03-05","montane rainforest beating vegetation",940,"point","14.86613","-87.89735"
"http://antweb.org/api/v2/?occurrenceId=CAS:ANTWEB:casent0617446","casent0617446","formicidae","myrmicinae","Acromyrmex","coronatus","Acromyrmex coronatus","","Comayagua","Honduras","2011-03-05","ridgetop cloud forest beating vegetation",1060,"point","14.87176","-87.90069"
"http://antweb.org/api/v2/?occurrenceId=CAS:ANTWEB:casent0617456","casent0617456","formicidae","myrmicinae","Acromyrmex","coronatus","Acromyrmex coronatus","","Comayagua","Honduras","2011-03-05","ridgetop cloud forest Malaise trap",1150,"point","14.86987","-87.89885"
"http://antweb.org/api/v2/?occurrenceId=CAS:ANTWEB:casent0625151","casent0625151","formicidae","myrmicinae","Acromyrmex","coronatus","Acromyrmex coronatus","","Olancho","Honduras","2011-12-03","mixed pine-mesophyll forest ex rotten log",1460,"point","15.09703","-86.74527"
"http://antweb.org/api/v2/?occurrenceId=CAS:ANTWEB:casent0636327","casent0636327","formicidae","myrmicinae","Acromyrmex","coronatus","Acromyrmex coronatus","","Lempira","Honduras","2013-10-03","",1408,"point","14.562834","-88.64283"
"http://antweb.org/api/v2/?occurrenceId=CAS:ANTWEB:casent0710519","casent0710519","formicidae","myrmicinae","Acromyrmex","coronatus","Acromyrmex coronatus","","Nueva Segovia","Nicaragua","2013-09-18","coffee finca ground",1250,"point","13.97531","-86.18543"
"http://antweb.org/api/v2/?occurrenceId=CAS:ANTWEB:casent0710520","casent0710520","formicidae","myrmicinae","Acromyrmex","coronatus","Acromyrmex coronatus","","Nueva Segovia","Nicaragua","2013-09-18","coffee finca ground",1250,"point","13.97531","-86.18543"
"http://antweb.org/api/v2/?occurrenceId=CAS:ANTWEB:casent0904993","casent0904993","formicidae","myrmicinae","Acromyrmex","coronatus","Acromyrmex coronatus","syntype of Acromyrmex moelleri andicola","Loja","Ecuador","","",NA,NA,NA,NA
"http://antweb.org/api/v2/?occurrenceId=CAS:ANTWEB:casent0909401","casent0909401","formicidae","myrmicinae","Acromyrmex","coronatus","Acromyrmex coronatus","syntype of Acromyrmex coronatus globoculis","","Guyana","","",NA,NA,NA,NA
"http://antweb.org/api/v2/?occurrenceId=CAS:ANTWEB:casent0909402","casent0909402","formicidae","myrmicinae","Acromyrmex","coronatus","Acromyrmex coronatus","syntype of Atta moelleri meinerti","","Brazil","","",NA,NA,NA,NA
"http://antweb.org/api/v2/?occurrenceId=CAS:ANTWEB:casent0909403","casent0909403","formicidae","myrmicinae","Acromyrmex","coronatus","Acromyrmex coronatus","syntype of Atta moelleri","Santa Catarina","Brazil","","",NA,NA,NA,NA
"http://antweb.org/api/v2/?occurrenceId=CAS:ANTWEB:casent0909404","casent0909404","formicidae","myrmicinae","Acromyrmex","coronatus","Acromyrmex coronatus","syntype of Atta moelleri","Santa Catarina","Brazil","","",NA,NA,NA,NA
"http://antweb.org/api/v2/?occurrenceId=CAS:ANTWEB:casent0909405","casent0909405","formicidae","myrmicinae","Acromyrmex","coronatus","Acromyrmex coronatus","syntype of Atta moelleri modesta","Esp rito Santo","Brazil","","",NA,NA,NA,NA
"http://antweb.org/api/v2/?occurrenceId=CAS:ANTWEB:casent0909406","casent0909406","formicidae","myrmicinae","Acromyrmex","coronatus","Acromyrmex coronatus","syntype of Acromyrmex moelleri panamensis ochraceolus","Santa Catarina","Brazil","","",NA,NA,NA,NA
"http://antweb.org/api/v2/?occurrenceId=CAS:ANTWEB:casent0909407","casent0909407","formicidae","myrmicinae","Acromyrmex","coronatus","Acromyrmex coronatus","syntype of Acromyrmex coronatus panamensis","","Panama","","",1524,NA,NA,NA
"http://antweb.org/api/v2/?occurrenceId=CAS:ANTWEB:casent0909410","casent0909410","formicidae","myrmicinae","Acromyrmex","coronatus","Acromyrmex coronatus","syntype of Acromyrmex coronatus rectispinus","","Costa Rica","","",1600,NA,NA,NA
"http://antweb.org/api/v2/?occurrenceId=CAS:ANTWEB:casent0912442","casent0912442","formicidae","myrmicinae","Acromyrmex","coronatus","Acromyrmex coronatus","syntype of Acromyrmex coronatus andicola flavescens","Sao Paulo","Brazil","","",NA,NA,NA,NA
"http://antweb.org/api/v2/?occurrenceId=CAS:ANTWEB:casent0912443","casent0912443","formicidae","myrmicinae","Acromyrmex","coronatus","Acromyrmex coronatus","syntype of Acromyrmex coronatus andicola medianus","Para","Brazil","","",NA,NA,NA,NA
"http://antweb.org/api/v2/?occurrenceId=CAS:ANTWEB:casent0912444","casent0912444","formicidae","myrmicinae","Acromyrmex","coronatus","Acromyrmex coronatus","syntype of Acromyrmex coronatus moelleri obscurior","","Brazil","","",NA,NA,NA,NA
"http://antweb.org/api/v2/?occurrenceId=CAS:ANTWEB:casent0912445","casent0912445","formicidae","myrmicinae","Acromyrmex","coronatus","Acromyrmex coronatus","syntype of Acromyrmex coronatus importunus","","Costa Rica","","",NA,NA,NA,NA
"http://antweb.org/api/v2/?occurrenceId=CAS:ANTWEB:casent0922021","casent0922021","formicidae","myrmicinae","Acromyrmex","coronatus","Acromyrmex coronatus","","Puntarenas","Costa Rica","","montane rainforest clearing foraging on ground",1550,NA,NA,NA
"http://antweb.org/api/v2/?occurrenceId=CAS:ANTWEB:fmnhins0000046879","fmnhins0000046879","formicidae","myrmicinae","Acromyrmex","coronatus","Acromyrmex coronatus","","","","","",1700,NA,NA,NA
"http://antweb.org/api/v2/?occurrenceId=CAS:ANTWEB:fmnhins0000046880","fmnhins0000046880","formicidae","myrmicinae","Acromyrmex","coronatus","Acromyrmex coronatus","","","","1995-01-01","",1700,NA,NA,NA
"http://antweb.org/api/v2/?occurrenceId=CAS:ANTWEB:inb0003225500","inb0003225500","formicidae","myrmicinae","Acromyrmex","coronatus","Acromyrmex coronatus","","Heredia","Costa Rica","2003-07-01","montane wet forest Sobre Vegetacion",1100,"point","10.26667","-84.08333"
"http://antweb.org/api/v2/?occurrenceId=CAS:ANTWEB:inb0003622572","inb0003622572","formicidae","myrmicinae","Acromyrmex","coronatus","Acromyrmex coronatus","","Heredia","Costa Rica","2005-04-15","montane wet forest en vegetacion",1100,"point","10.26667","-84.08333"
"http://antweb.org/api/v2/?occurrenceId=CAS:ANTWEB:inb0003622646","inb0003622646","formicidae","myrmicinae","Acromyrmex","coronatus","Acromyrmex coronatus","","Heredia","Costa Rica","2005-04-15","montane wet forest en el suelo",1100,"point","10.26667","-84.08333"
"http://antweb.org/api/v2/?occurrenceId=CAS:ANTWEB:inb0003622647","inb0003622647","formicidae","myrmicinae","Acromyrmex","coronatus","Acromyrmex coronatus","","Heredia","Costa Rica","2005-04-15","montane wet forest en el suelo",1100,"point","10.26667","-84.08333"
"http://antweb.org/api/v2/?occurrenceId=CAS:ANTWEB:inb0003659294","inb0003659294","formicidae","myrmicinae","Acromyrmex","coronatus","Acromyrmex coronatus","","Heredia","Costa Rica","2005-04-11","cloud forest",1500,"point","10.23617","-84.11767"
"http://antweb.org/api/v2/?occurrenceId=CAS:ANTWEB:inb0003661854","inb0003661854","formicidae","myrmicinae","Acromyrmex","coronatus","Acromyrmex coronatus","","Heredia","Costa Rica","2005-04-26","montane wet forest",1500,"point","10.23617","-84.11767"
"http://antweb.org/api/v2/?occurrenceId=CAS:ANTWEB:inb0003661855","inb0003661855","formicidae","myrmicinae","Acromyrmex","coronatus","Acromyrmex coronatus","","Heredia","Costa Rica","2005-04-26","montane wet forest",1500,"point","10.23617","-84.11767"
"http://antweb.org/api/v2/?occurrenceId=CAS:ANTWEB:inb0003661856","inb0003661856","formicidae","myrmicinae","Acromyrmex","coronatus","Acromyrmex coronatus","","Heredia","Costa Rica","2005-04-26","montane wet forest",1500,"point","10.23617","-84.11767"
"http://antweb.org/api/v2/?occurrenceId=CAS:ANTWEB:inb0003661857","inb0003661857","formicidae","myrmicinae","Acromyrmex","coronatus","Acromyrmex coronatus","","Heredia","Costa Rica","2005-04-26","montane wet forest",1500,"point","10.23617","-84.11767"
"http://antweb.org/api/v2/?occurrenceId=CAS:ANTWEB:inb0003661858","inb0003661858","formicidae","myrmicinae","Acromyrmex","coronatus","Acromyrmex coronatus","","Heredia","Costa Rica","2005-04-26","montane wet forest",1500,"point","10.23617","-84.11767"
"http://antweb.org/api/v2/?occurrenceId=CAS:ANTWEB:inb0003661892","inb0003661892","formicidae","myrmicinae","Acromyrmex","coronatus","Acromyrmex coronatus","","Heredia","Costa Rica","2005-04-26","montane wet forest",1500,"point","10.23617","-84.11767"
"http://antweb.org/api/v2/?occurrenceId=CAS:ANTWEB:inb0003661917","inb0003661917","formicidae","myrmicinae","Acromyrmex","coronatus","Acromyrmex coronatus","","Heredia","Costa Rica","2005-04-26","montane wet forest",1500,"point","10.23617","-84.11767"
"http://antweb.org/api/v2/?occurrenceId=CAS:ANTWEB:inb0003665682","inb0003665682","formicidae","myrmicinae","Acromyrmex","coronatus","Acromyrmex coronatus","","Heredia","Costa Rica","2005-11-15","montane wet forest nido en gambas de arbol",1100,"point","10.26667","-84.08333"
"http://antweb.org/api/v2/?occurrenceId=CAS:ANTWEB:inb0003665683","inb0003665683","formicidae","myrmicinae","Acromyrmex","coronatus","Acromyrmex coronatus","","Heredia","Costa Rica","2005-11-15","montane wet forest nido en gambas de arbol",1100,"point","10.26667","-84.08333"
"http://antweb.org/api/v2/?occurrenceId=CAS:ANTWEB:inb0003665684","inb0003665684","formicidae","myrmicinae","Acromyrmex","coronatus","Acromyrmex coronatus","","Heredia","Costa Rica","2005-11-15","montane wet forest nido en gambas de arbol",1100,"point","10.26667","-84.08333"
"http://antweb.org/api/v2/?occurrenceId=CAS:ANTWEB:inb0003665685","inb0003665685","formicidae","myrmicinae","Acromyrmex","coronatus","Acromyrmex coronatus","","Heredia","Costa Rica","2005-11-15","montane wet forest nido en gambas de arbol",1100,"point","10.26667","-84.08333"
"http://antweb.org/api/v2/?occurrenceId=CAS:ANTWEB:inb0003665686","inb0003665686","formicidae","myrmicinae","Acromyrmex","coronatus","Acromyrmex coronatus","","Heredia","Costa Rica","2005-11-15","montane wet forest nido en gambas de arbol",1100,"point","10.26667","-84.08333"
"http://antweb.org/api/v2/?occurrenceId=CAS:ANTWEB:inb0003665687","inb0003665687","formicidae","myrmicinae","Acromyrmex","coronatus","Acromyrmex coronatus","","Heredia","Costa Rica","2005-11-15","montane wet forest nido en gambas de arbol",1100,"point","10.26667","-84.08333"
"http://antweb.org/api/v2/?occurrenceId=CAS:ANTWEB:inb0003665688","inb0003665688","formicidae","myrmicinae","Acromyrmex","coronatus","Acromyrmex coronatus","","Heredia","Costa Rica","2005-11-15","montane wet forest nido en gambas de arbol",1100,"point","10.26667","-84.08333"
"http://antweb.org/api/v2/?occurrenceId=CAS:ANTWEB:inb0003669340","inb0003669340","formicidae","myrmicinae","Acromyrmex","coronatus","Acromyrmex coronatus","","Heredia","Costa Rica","2005-11-15","montane wet forest",1500,"point","10.23617","-84.11767"
"http://antweb.org/api/v2/?occurrenceId=CAS:ANTWEB:inb0003669341","inb0003669341","formicidae","myrmicinae","Acromyrmex","coronatus","Acromyrmex coronatus","","Heredia","Costa Rica","2005-11-15","montane wet forest",1500,"point","10.23617","-84.11767"
"http://antweb.org/api/v2/?occurrenceId=CAS:ANTWEB:inb0003669387","inb0003669387","formicidae","myrmicinae","Acromyrmex","coronatus","Acromyrmex coronatus","","Heredia","Costa Rica","2005-11-15","montane wet forest",1500,"point","10.23617","-84.11767"
"http://antweb.org/api/v2/?occurrenceId=CAS:ANTWEB:inb0003669509","inb0003669509","formicidae","myrmicinae","Acromyrmex","coronatus","Acromyrmex coronatus","","Heredia","Costa Rica","2005-11-15","montane wet forest",1500,"point","10.23617","-84.11767"
"http://antweb.org/api/v2/?occurrenceId=CAS:ANTWEB:inb0003670137","inb0003670137","formicidae","myrmicinae","Acromyrmex","coronatus","Acromyrmex coronatus","","Heredia","Costa Rica","2005-11-15","montane wet forest",1500,"point","10.23617","-84.11767"
"http://antweb.org/api/v2/?occurrenceId=CAS:ANTWEB:inb0003670226","inb0003670226","formicidae","myrmicinae","Acromyrmex","coronatus","Acromyrmex coronatus","","Heredia","Costa Rica","2005-11-15","montane wet forest",1500,"point","10.23617","-84.11767"
"http://antweb.org/api/v2/?occurrenceId=CAS:ANTWEB:inb0003671101","inb0003671101","formicidae","myrmicinae","Acromyrmex","coronatus","Acromyrmex coronatus","","Heredia","Costa Rica","2005-11-15","montane wet forest",1500,"point","10.23617","-84.11767"
"http://antweb.org/api/v2/?occurrenceId=CAS:ANTWEB:inb0003671762","inb0003671762","formicidae","myrmicinae","Acromyrmex","coronatus","Acromyrmex coronatus","","Heredia","Costa Rica","2005-11-15","montane wet forest",1500,"point","10.23617","-84.11767"
"http://antweb.org/api/v2/?occurrenceId=CAS:ANTWEB:inb0003672658","inb0003672658","formicidae","myrmicinae","Acromyrmex","coronatus","Acromyrmex coronatus","","","","2005-11-15","",NA,NA,NA,NA
"http://antweb.org/api/v2/?occurrenceId=CAS:ANTWEB:inb0003672659","inb0003672659","formicidae","myrmicinae","Acromyrmex","coronatus","Acromyrmex coronatus","","","","2005-11-15","",NA,NA,NA,NA
"http://antweb.org/api/v2/?occurrenceId=CAS:ANTWEB:inb0003672660","inb0003672660","formicidae","myrmicinae","Acromyrmex","coronatus","Acromyrmex coronatus","","","","2005-11-15","",NA,NA,NA,NA
"http://antweb.org/api/v2/?occurrenceId=CAS:ANTWEB:inb0003672661","inb0003672661","formicidae","myrmicinae","Acromyrmex","coronatus","Acromyrmex coronatus","","","","2005-11-15","",NA,NA,NA,NA
"http://antweb.org/api/v2/?occurrenceId=CAS:ANTWEB:inb0003673716","inb0003673716","formicidae","myrmicinae","Acromyrmex","coronatus","Acromyrmex coronatus","","Heredia","Costa Rica","2005-11-15","montane wet forest",1500,"point","10.23617","-84.11767"
"http://antweb.org/api/v2/?occurrenceId=CAS:ANTWEB:inb0003674876","inb0003674876","formicidae","myrmicinae","Acromyrmex","coronatus","Acromyrmex coronatus","","Heredia","Costa Rica","2005-11-15","montane wet forest",1500,"point","10.23617","-84.11767"
"http://antweb.org/api/v2/?occurrenceId=CAS:ANTWEB:inb0003676286","inb0003676286","formicidae","myrmicinae","Acromyrmex","coronatus","Acromyrmex coronatus","","Heredia","Costa Rica","2005-11-15","montane wet forest Sobre Vegetacion",1500,"point","10.23617","-84.11767"
"http://antweb.org/api/v2/?occurrenceId=CAS:ANTWEB:inb0003676287","inb0003676287","formicidae","myrmicinae","Acromyrmex","coronatus","Acromyrmex coronatus","","Heredia","Costa Rica","2005-11-15","montane wet forest Sobre Vegetacion",1500,"point","10.23617","-84.11767"
"http://antweb.org/api/v2/?occurrenceId=CAS:ANTWEB:inb0003676328","inb0003676328","formicidae","myrmicinae","Acromyrmex","coronatus","Acromyrmex coronatus","","Heredia","Costa Rica","2005-11-15","montane wet forest bajo trampa M/14",1500,"point","10.23617","-84.11767"
"http://antweb.org/api/v2/?occurrenceId=CAS:ANTWEB:inb0003676484","inb0003676484","formicidae","myrmicinae","Acromyrmex","coronatus","Acromyrmex coronatus","","Heredia","Costa Rica","2005-11-15","montane wet forest bajo trampa M/18",1500,"point","10.23617","-84.11767"
"http://antweb.org/api/v2/?occurrenceId=CAS:ANTWEB:inb0003676675","inb0003676675","formicidae","myrmicinae","Acromyrmex","coronatus","Acromyrmex coronatus","","Heredia","Costa Rica","2005-11-15","montane wet forest bajo de M/18",1500,"point","10.23617","-84.11767"
"http://antweb.org/api/v2/?occurrenceId=CAS:ANTWEB:inb0003676677","inb0003676677","formicidae","myrmicinae","Acromyrmex","coronatus","Acromyrmex coronatus","","Heredia","Costa Rica","2005-11-15","montane wet forest bajo de M/18",1500,"point","10.23617","-84.11767"
"http://antweb.org/api/v2/?occurrenceId=CAS:ANTWEB:inb0003676800","inb0003676800","formicidae","myrmicinae","Acromyrmex","coronatus","Acromyrmex coronatus","","Heredia","Costa Rica","2005-11-15","montane wet forest bajo de M/11",1500,"point","10.23617","-84.11767"
"http://antweb.org/api/v2/?occurrenceId=CAS:ANTWEB:inb0003676893","inb0003676893","formicidae","myrmicinae","Acromyrmex","coronatus","Acromyrmex coronatus","","Heredia","Costa Rica","2005-11-15","montane wet forest Sobre Vegetacion",1500,"point","10.23617","-84.11767"
"http://antweb.org/api/v2/?occurrenceId=CAS:ANTWEB:inb0003676998","inb0003676998","formicidae","myrmicinae","Acromyrmex","coronatus","Acromyrmex coronatus","","Heredia","Costa Rica","2005-11-15","montane wet forest Sobre Vegetacion",1500,"point","10.23617","-84.11767"
"http://antweb.org/api/v2/?occurrenceId=CAS:ANTWEB:inb0003678523","inb0003678523","formicidae","myrmicinae","Acromyrmex","coronatus","Acromyrmex coronatus","","Heredia","Costa Rica","2005-11-15","montane wet forest bajo de M/11",1500,"point","10.23617","-84.11767"
"http://antweb.org/api/v2/?occurrenceId=CAS:ANTWEB:inb0003679613","inb0003679613","formicidae","myrmicinae","Acromyrmex","coronatus","Acromyrmex coronatus","","Heredia","Costa Rica","2005-11-15","montane wet forest Sobre Vegetacion",1500,"point","10.23617","-84.11767"
"http://antweb.org/api/v2/?occurrenceId=CAS:ANTWEB:inbiocri001281804","inbiocri001281804","formicidae","myrmicinae","Acromyrmex","coronatus","Acromyrmex coronatus","","Alajuela","Costa Rica","1996-07-18","",800,"point","10.31667","-84.71667"
"http://antweb.org/api/v2/?occurrenceId=CAS:ANTWEB:inbiocri001281828","inbiocri001281828","formicidae","myrmicinae","Acromyrmex","coronatus","Acromyrmex coronatus","","Alajuela","Costa Rica","1996-07-18","",940,"point","10.30001","-84.74724"
"http://antweb.org/api/v2/?occurrenceId=CAS:ANTWEB:inbiocri001282911","inbiocri001282911","formicidae","myrmicinae","Acromyrmex","coronatus","Acromyrmex coronatus","","Alajuela","Costa Rica","1996-07-18","",940,"point","10.30001","-84.74724"
"http://antweb.org/api/v2/?occurrenceId=CAS:ANTWEB:inbiocri001283931","inbiocri001283931","formicidae","myrmicinae","Acromyrmex","coronatus","Acromyrmex coronatus","","Puntarenas","Costa Rica","1996-07-18","",1150,"point","10.283334","-84.8"
"http://antweb.org/api/v2/?occurrenceId=CAS:ANTWEB:inbiocri001284206","inbiocri001284206","formicidae","myrmicinae","Acromyrmex","coronatus","Acromyrmex coronatus","","Puntarenas","Costa Rica","1996-07-18","Moist forest Ex sifted leaf litter",1400,"point","10.2975","-84.81148"
"http://antweb.org/api/v2/?occurrenceId=CAS:ANTWEB:inbiocri001284207","inbiocri001284207","formicidae","myrmicinae","Acromyrmex","coronatus","Acromyrmex coronatus","","Puntarenas","Costa Rica","1996-07-18","",1500,"point","10.3","-84.8"
"http://antweb.org/api/v2/?occurrenceId=CAS:ANTWEB:inbiocri001284208","inbiocri001284208","formicidae","myrmicinae","Acromyrmex","coronatus","Acromyrmex coronatus","","Puntarenas","Costa Rica","1996-07-18","",1500,"point","10.3","-84.8"
"http://antweb.org/api/v2/?occurrenceId=CAS:ANTWEB:inbiocri001284209","inbiocri001284209","formicidae","myrmicinae","Acromyrmex","coronatus","Acromyrmex coronatus","","Puntarenas","Costa Rica","1996-07-18","",1500,"point","10.3","-84.8"
"http://antweb.org/api/v2/?occurrenceId=CAS:ANTWEB:inbiocri001284210","inbiocri001284210","formicidae","myrmicinae","Acromyrmex","coronatus","Acromyrmex coronatus","","Puntarenas","Costa Rica","1996-07-18","",1600,"point","10.3","-84.8"
"http://antweb.org/api/v2/?occurrenceId=CAS:ANTWEB:inbiocri001284211","inbiocri001284211","formicidae","myrmicinae","Acromyrmex","coronatus","Acromyrmex coronatus","","Alajuela","Costa Rica","1996-07-18","",800,"point","10.31667","-84.71667"
"http://antweb.org/api/v2/?occurrenceId=CAS:ANTWEB:inbiocri001284212","inbiocri001284212","formicidae","myrmicinae","Acromyrmex","coronatus","Acromyrmex coronatus","","Alajuela","Costa Rica","1996-07-18","",800,"point","10.31667","-84.71667"
"http://antweb.org/api/v2/?occurrenceId=CAS:ANTWEB:inbiocri001284213","inbiocri001284213","formicidae","myrmicinae","Acromyrmex","coronatus","Acromyrmex coronatus","","Alajuela","Costa Rica","1996-07-18","",800,"point","10.31667","-84.71667"
"http://antweb.org/api/v2/?occurrenceId=CAS:ANTWEB:inbiocri001284214","inbiocri001284214","formicidae","myrmicinae","Acromyrmex","coronatus","Acromyrmex coronatus","","Puntarenas","Costa Rica","1996-07-18","",1500,"point","10.3","-84.8"
"http://antweb.org/api/v2/?occurrenceId=CAS:ANTWEB:inbiocri001284215","inbiocri001284215","formicidae","myrmicinae","Acromyrmex","coronatus","Acromyrmex coronatus","","Puntarenas","Costa Rica","1996-07-18","",1500,"point","10.3","-84.8"
"http://antweb.org/api/v2/?occurrenceId=CAS:ANTWEB:inbiocri001284216","inbiocri001284216","formicidae","myrmicinae","Acromyrmex","coronatus","Acromyrmex coronatus","","Puntarenas","Costa Rica","1996-07-18","",1500,"point","10.3","-84.8"
"http://antweb.org/api/v2/?occurrenceId=CAS:ANTWEB:inbiocri001284217","inbiocri001284217","formicidae","myrmicinae","Acromyrmex","coronatus","Acromyrmex coronatus","","Puntarenas","Costa Rica","1996-07-18","",1500,"point","10.3","-84.8"
"http://antweb.org/api/v2/?occurrenceId=CAS:ANTWEB:inbiocri001284218","inbiocri001284218","formicidae","myrmicinae","Acromyrmex","coronatus","Acromyrmex coronatus","","Puntarenas","Costa Rica","1996-07-18","",1500,"point","10.3","-84.8"
"http://antweb.org/api/v2/?occurrenceId=CAS:ANTWEB:inbiocri001284219","inbiocri001284219","formicidae","myrmicinae","Acromyrmex","coronatus","Acromyrmex coronatus","","Puntarenas","Costa Rica","1996-07-18","",1500,"point","10.3","-84.8"
"http://antweb.org/api/v2/?occurrenceId=CAS:ANTWEB:inbiocri001284220","inbiocri001284220","formicidae","myrmicinae","Acromyrmex","coronatus","Acromyrmex coronatus","","Puntarenas","Costa Rica","1996-07-18","",1500,"point","10.3","-84.8"
"http://antweb.org/api/v2/?occurrenceId=CAS:ANTWEB:inbiocri001284221","inbiocri001284221","formicidae","myrmicinae","Acromyrmex","coronatus","Acromyrmex coronatus","","Puntarenas","Costa Rica","1996-07-18","",1500,"point","10.3","-84.8"
"http://antweb.org/api/v2/?occurrenceId=CAS:ANTWEB:inbiocri001284222","inbiocri001284222","formicidae","myrmicinae","Acromyrmex","coronatus","Acromyrmex coronatus","","Puntarenas","Costa Rica","1996-07-18","",1500,"point","10.3","-84.8"
"http://antweb.org/api/v2/?occurrenceId=CAS:ANTWEB:inbiocri001284223","inbiocri001284223","formicidae","myrmicinae","Acromyrmex","coronatus","Acromyrmex coronatus","","Puntarenas","Costa Rica","1996-07-18","",1500,"point","10.3","-84.8"
"http://antweb.org/api/v2/?occurrenceId=CAS:ANTWEB:inbiocri001284224","inbiocri001284224","formicidae","myrmicinae","Acromyrmex","coronatus","Acromyrmex coronatus","","Puntarenas","Costa Rica","1996-07-18","",1400,"point","10.3","-84.8"
"http://antweb.org/api/v2/?occurrenceId=CAS:ANTWEB:inbiocri001284225","inbiocri001284225","formicidae","myrmicinae","Acromyrmex","coronatus","Acromyrmex coronatus","","Puntarenas","Costa Rica","1996-07-18","",1400,"point","10.3","-84.8"
"http://antweb.org/api/v2/?occurrenceId=CAS:ANTWEB:inbiocri001284226","inbiocri001284226","formicidae","myrmicinae","Acromyrmex","coronatus","Acromyrmex coronatus","","Puntarenas","Costa Rica","1996-07-18","",1400,"point","10.3","-84.8"
"http://antweb.org/api/v2/?occurrenceId=CAS:ANTWEB:inbiocri001284227","inbiocri001284227","formicidae","myrmicinae","Acromyrmex","coronatus","Acromyrmex coronatus","","Puntarenas","Costa Rica","1996-07-18","",1400,"point","10.3","-84.8"
"http://antweb.org/api/v2/?occurrenceId=CAS:ANTWEB:inbiocri001284228","inbiocri001284228","formicidae","myrmicinae","Acromyrmex","coronatus","Acromyrmex coronatus","","Puntarenas","Costa Rica","1996-07-18","",1400,"point","10.3","-84.8"
"http://antweb.org/api/v2/?occurrenceId=CAS:ANTWEB:inbiocri001284229","inbiocri001284229","formicidae","myrmicinae","Acromyrmex","coronatus","Acromyrmex coronatus","","Puntarenas","Costa Rica","1996-07-18","",1500,"point","10.3","-84.8"
"http://antweb.org/api/v2/?occurrenceId=CAS:ANTWEB:inbiocri001284230","inbiocri001284230","formicidae","myrmicinae","Acromyrmex","coronatus","Acromyrmex coronatus","","Puntarenas","Costa Rica","1996-07-18","",1500,"point","10.3","-84.8"
"http://antweb.org/api/v2/?occurrenceId=CAS:ANTWEB:inbiocri001284231","inbiocri001284231","formicidae","myrmicinae","Acromyrmex","coronatus","Acromyrmex coronatus","","Alajuela","Costa Rica","1996-07-18","",940,"point","10.3","-84.7"
"http://antweb.org/api/v2/?occurrenceId=CAS:ANTWEB:inbiocri001284232","inbiocri001284232","formicidae","myrmicinae","Acromyrmex","coronatus","Acromyrmex coronatus","","Puntarenas","Costa Rica","1996-07-18","",1400,"point","10.3","-84.8"
"http://antweb.org/api/v2/?occurrenceId=CAS:ANTWEB:inbiocri002281393","inbiocri002281393","formicidae","myrmicinae","Acromyrmex","coronatus","Acromyrmex coronatus","","San Jose","Costa Rica","1999-08-24","",1600,"point","10.08333","-84.01667"
"http://antweb.org/api/v2/?occurrenceId=CAS:ANTWEB:inbiocri002281394","inbiocri002281394","formicidae","myrmicinae","Acromyrmex","coronatus","Acromyrmex coronatus","","San Jose","Costa Rica","1999-08-24","",1600,"point","10.08333","-84.01667"
"http://antweb.org/api/v2/?occurrenceId=CAS:ANTWEB:inbiocri002281395","inbiocri002281395","formicidae","myrmicinae","Acromyrmex","coronatus","Acromyrmex coronatus","","San Jose","Costa Rica","1999-08-24","",1600,"point","10.08333","-84.01667"
"http://antweb.org/api/v2/?occurrenceId=CAS:ANTWEB:inbiocri002281396","inbiocri002281396","formicidae","myrmicinae","Acromyrmex","coronatus","Acromyrmex coronatus","","San Jose","Costa Rica","1999-08-24","",1600,"point","10.08333","-84.01667"
"http://antweb.org/api/v2/?occurrenceId=CAS:ANTWEB:inbiocri002281397","inbiocri002281397","formicidae","myrmicinae","Acromyrmex","coronatus","Acromyrmex coronatus","","San Jose","Costa Rica","1999-08-24","",1600,"point","10.08333","-84.01667"
"http://antweb.org/api/v2/?occurrenceId=CAS:ANTWEB:inbiocri002281398","inbiocri002281398","formicidae","myrmicinae","Acromyrmex","coronatus","Acromyrmex coronatus","","San Jose","Costa Rica","1999-08-24","",1600,"point","10.08333","-84.01667"
"http://antweb.org/api/v2/?occurrenceId=CAS:ANTWEB:inbiocri002281399","inbiocri002281399","formicidae","myrmicinae","Acromyrmex","coronatus","Acromyrmex coronatus","","San Jose","Costa Rica","1999-08-24","",1600,"point","10.08333","-84.01667"
"http://antweb.org/api/v2/?occurrenceId=CAS:ANTWEB:inbiocri002281400","inbiocri002281400","formicidae","myrmicinae","Acromyrmex","coronatus","Acromyrmex coronatus","","Heredia","Costa Rica","1999-08-24","",550,"point","10.3","-84.03333"
"http://antweb.org/api/v2/?occurrenceId=CAS:ANTWEB:inbiocri002281401","inbiocri002281401","formicidae","myrmicinae","Acromyrmex","coronatus","Acromyrmex coronatus","","Heredia","Costa Rica","1999-08-24","",550,"point","10.3","-84.03333"
"http://antweb.org/api/v2/?occurrenceId=CAS:ANTWEB:jtl-sv00530.07","jtl-sv00530.07","formicidae","myrmicinae","Acromyrmex","coronatus","Acromyrmex coronatus","","San Jos","Costa Rica","2011-03-04","montane wet forest ex pan trap",1600,"point","10.05","-84.01667"
"http://antweb.org/api/v2/?occurrenceId=CAS:ANTWEB:jtl-sv00537.01","jtl-sv00537.01","formicidae","myrmicinae","Acromyrmex","coronatus","Acromyrmex coronatus","","San Jos","Costa Rica","2011-03-04","montane wet forest ex pan trap",1600,"point","10.05","-84.01667"
"http://antweb.org/api/v2/?occurrenceId=CAS:ANTWEB:jtl0000032","jtl0000032","formicidae","myrmicinae","Acromyrmex","coronatus","Acromyrmex coronatus","","Puntarenas","Costa Rica","1986-12-01","",1600,"point","10.3","-84.8"
"http://antweb.org/api/v2/?occurrenceId=CAS:ANTWEB:jtl055816","jtl055816","formicidae","myrmicinae","Acromyrmex","coronatus","Acromyrmex coronatus","Syntype importunus","San Jose","Costa Rica","1990-07-18","",1500,"point","10.05","-83.98333"
"http://antweb.org/api/v2/?occurrenceId=CAS:ANTWEB:jtl055817","jtl055817","formicidae","myrmicinae","Acromyrmex","coronatus","Acromyrmex coronatus","Syntype rectispina","","Costa Rica","1990-07-18","",NA,NA,NA,NA
"http://antweb.org/api/v2/?occurrenceId=CAS:ANTWEB:jtl055818","jtl055818","formicidae","myrmicinae","Acromyrmex","coronatus","Acromyrmex coronatus","Syntypes angustatus","San Jose","Costa Rica","1990-07-18","",1500,"point","10.05","-83.98333"
"http://antweb.org/api/v2/?occurrenceId=CAS:ANTWEB:jtl055819","jtl055819","formicidae","myrmicinae","Acromyrmex","coronatus","Acromyrmex coronatus","Syntypes angustatus","San Jose","Costa Rica","1990-07-18","",1500,"point","10.05","-83.98333"
"http://antweb.org/api/v2/?occurrenceId=CAS:ANTWEB:jtl055820","jtl055820","formicidae","myrmicinae","Acromyrmex","coronatus","Acromyrmex coronatus","","","Costa Rica","1990-07-18","",NA,NA,NA,NA
"http://antweb.org/api/v2/?occurrenceId=CAS:ANTWEB:jtl055821","jtl055821","formicidae","myrmicinae","Acromyrmex","coronatus","Acromyrmex coronatus","","","Costa Rica","1990-07-18","",NA,NA,NA,NA
"http://antweb.org/api/v2/?occurrenceId=CAS:ANTWEB:jtl070941","jtl070941","formicidae","myrmicinae","Acromyrmex","coronatus","Acromyrmex coronatus","","Heredia","Costa Rica","2005-03-12","cloud forest",1500,"point","10.23617","-84.11767"
"http://antweb.org/api/v2/?occurrenceId=CAS:ANTWEB:jtl126022","jtl126022","formicidae","myrmicinae","Acromyrmex","coronatus","Acromyrmex coronatus","","Heredia","Costa Rica","2006-04-26","montane wet forest Sobre Vegetacion",1500,"point","10.23617","-84.11767"
"http://antweb.org/api/v2/?occurrenceId=CAS:ANTWEB:jtl126027","jtl126027","formicidae","myrmicinae","Acromyrmex","coronatus","Acromyrmex coronatus","","Heredia","Costa Rica","2006-04-26","montane wet forest Sobre Vegetacion",1500,"point","10.23617","-84.11767"
"http://antweb.org/api/v2/?occurrenceId=CAS:ANTWEB:jtl126034","jtl126034","formicidae","myrmicinae","Acromyrmex","coronatus","Acromyrmex coronatus","","Heredia","Costa Rica","2006-04-26","montane wet forest Sobre Vegetacion",1500,"point","10.23617","-84.11767"
"http://antweb.org/api/v2/?occurrenceId=CAS:ANTWEB:jtl126037","jtl126037","formicidae","myrmicinae","Acromyrmex","coronatus","Acromyrmex coronatus","","Heredia","Costa Rica","2006-04-26","montane wet forest Sobre Vegetacion",1500,"point","10.23617","-84.11767"
"http://antweb.org/api/v2/?occurrenceId=CAS:ANTWEB:jtl126044","jtl126044","formicidae","myrmicinae","Acromyrmex","coronatus","Acromyrmex coronatus","","Heredia","Costa Rica","2006-04-26","montane wet forest Sobre Vegetacion",1500,"point","10.23617","-84.11767"
"http://antweb.org/api/v2/?occurrenceId=CAS:ANTWEB:jtl191017","jtl191017","formicidae","myrmicinae","Acromyrmex","coronatus","Acromyrmex coronatus","","Chiapas","Mexico","2008-04-20","mixed liquidambar forest ex sifted leaf litter",1510,"point","16.099133","-91.67125"
"http://antweb.org/api/v2/?occurrenceId=CAS:ANTWEB:jtl216124","jtl216124","formicidae","myrmicinae","Acromyrmex","coronatus","Acromyrmex coronatus","","Chiapas","Mexico","2009-01-28","",930,"point","16.9486","-91.59357"
"http://antweb.org/api/v2/?occurrenceId=CAS:ANTWEB:jtl218510","jtl218510","formicidae","myrmicinae","Acromyrmex","coronatus","Acromyrmex coronatus","","Heredia","Costa Rica","2009-02-05","cloud forest",1500,"point","10.23617","-84.11767"
"http://antweb.org/api/v2/?occurrenceId=CAS:ANTWEB:jtl218513","jtl218513","formicidae","myrmicinae","Acromyrmex","coronatus","Acromyrmex coronatus","","Chiapas","Mexico","2009-02-05","Liquidambar forest edge workers cutting foliage",1510,"point","16.099133","-91.67125"
"http://antweb.org/api/v2/?occurrenceId=CAS:ANTWEB:jtl220332","jtl220332","formicidae","myrmicinae","Acromyrmex","coronatus","Acromyrmex coronatus","","Chiapas","Mexico","2009-02-17","mesophil forest at bait",860,"point","16.97978","-91.58544"
"http://antweb.org/api/v2/?occurrenceId=CAS:ANTWEB:jtl220516","jtl220516","formicidae","myrmicinae","Acromyrmex","coronatus","Acromyrmex coronatus","","Chiapas","Mexico","2009-02-17","mesophil forest at bait",860,"point","16.97978","-91.58544"
"http://antweb.org/api/v2/?occurrenceId=CAS:ANTWEB:jtl220534","jtl220534","formicidae","myrmicinae","Acromyrmex","coronatus","Acromyrmex coronatus","","Chiapas","Mexico","2009-02-17","mesophil forest at bait",860,"point","16.97978","-91.58544"
"http://antweb.org/api/v2/?occurrenceId=CAS:ANTWEB:jtl220558","jtl220558","formicidae","myrmicinae","Acromyrmex","coronatus","Acromyrmex coronatus","","Chiapas","Mexico","2009-02-17","mesophil forest at bait",860,"point","16.97978","-91.58544"
"http://antweb.org/api/v2/?occurrenceId=CAS:ANTWEB:jtl220564","jtl220564","formicidae","myrmicinae","Acromyrmex","coronatus","Acromyrmex coronatus","","Chiapas","Mexico","2009-02-17","mesophil forest at bait",860,"point","16.97978","-91.58544"
"http://antweb.org/api/v2/?occurrenceId=CAS:ANTWEB:jtl220568","jtl220568","formicidae","myrmicinae","Acromyrmex","coronatus","Acromyrmex coronatus","","Chiapas","Mexico","2009-02-17","mesophil forest at bait",860,"point","16.97978","-91.58544"
"http://antweb.org/api/v2/?occurrenceId=CAS:ANTWEB:jtl220875","jtl220875","formicidae","myrmicinae","Acromyrmex","coronatus","Acromyrmex coronatus","","Chiapas","Mexico","2009-02-17","mesophil forest beating vegetation",860,"point","16.97978","-91.58544"
"http://antweb.org/api/v2/?occurrenceId=CAS:ANTWEB:jtl272708","jtl272708","formicidae","myrmicinae","Acromyrmex","coronatus","Acromyrmex coronatus","","Baja Verapaz","Guatemala","2009-11-10","cloud forest at bait",1925,"point","15.20885","-90.21592"
"http://antweb.org/api/v2/?occurrenceId=CAS:ANTWEB:jtl273189","jtl273189","formicidae","myrmicinae","Acromyrmex","coronatus","Acromyrmex coronatus","","Baja Verapaz","Guatemala","2009-11-10","cloud forest beating vegetation",1925,"point","15.20885","-90.21592"
"http://antweb.org/api/v2/?occurrenceId=CAS:ANTWEB:jtl274333","jtl274333","formicidae","myrmicinae","Acromyrmex","coronatus","Acromyrmex coronatus","","Zacapa","Guatemala","2009-11-10","cloud forest beating vegetation",1540,"point","14.94378","-89.27747"
"http://antweb.org/api/v2/?occurrenceId=CAS:ANTWEB:jtl274338","jtl274338","formicidae","myrmicinae","Acromyrmex","coronatus","Acromyrmex coronatus","","Zacapa","Guatemala","2009-11-10","cloud forest beating vegetation",1540,"point","14.94378","-89.27747"
"http://antweb.org/api/v2/?occurrenceId=CAS:ANTWEB:jtl274429","jtl274429","formicidae","myrmicinae","Acromyrmex","coronatus","Acromyrmex coronatus","","Zacapa","Guatemala","2009-11-10","cloud forest beating vegetation",1450,"point","14.95284","-89.27655"
"http://antweb.org/api/v2/?occurrenceId=CAS:ANTWEB:jtl274653","jtl274653","formicidae","myrmicinae","Acromyrmex","coronatus","Acromyrmex coronatus","","Zacapa","Guatemala","2009-11-10","2 cloud forest at bait",1550,"point","14.94564","-89.27605"
"http://antweb.org/api/v2/?occurrenceId=CAS:ANTWEB:jtl274674","jtl274674","formicidae","myrmicinae","Acromyrmex","coronatus","Acromyrmex coronatus","","Zacapa","Guatemala","2009-11-10","2 cloud forest at bait",1550,"point","14.94564","-89.27605"
"http://antweb.org/api/v2/?occurrenceId=CAS:ANTWEB:jtl275101","jtl275101","formicidae","myrmicinae","Acromyrmex","coronatus","Acromyrmex coronatus","","Zacapa","Guatemala","2009-11-10","coffee finca at edge of cloud forest at bait",1470,"point","14.94256","-89.27609"
"http://antweb.org/api/v2/?occurrenceId=CAS:ANTWEB:jtl275103","jtl275103","formicidae","myrmicinae","Acromyrmex","coronatus","Acromyrmex coronatus","","Zacapa","Guatemala","2009-11-10","coffee finca at edge of cloud forest at bait",1470,"point","14.94256","-89.27609"
"http://antweb.org/api/v2/?occurrenceId=CAS:ANTWEB:jtl281287","jtl281287","formicidae","myrmicinae","Acromyrmex","coronatus","Acromyrmex coronatus","","Alajuela","Costa Rica","2010-05-27","",940,"point","10.30001","-84.74724"
"http://antweb.org/api/v2/?occurrenceId=CAS:ANTWEB:jtl284713","jtl284713","formicidae","myrmicinae","Acromyrmex","coronatus","Acromyrmex coronatus","","Olancho","Honduras","2010-07-23","cloud forest",1430,"point","15.0953","-86.73824"
"http://antweb.org/api/v2/?occurrenceId=CAS:ANTWEB:jtl286471","jtl286471","formicidae","myrmicinae","Acromyrmex","coronatus","Acromyrmex coronatus","","Olancho","Honduras","2010-09-17","cloud forest at bait",1490,"point","15.09781","-86.73993"
"http://antweb.org/api/v2/?occurrenceId=CAS:ANTWEB:jtl286549","jtl286549","formicidae","myrmicinae","Acromyrmex","coronatus","Acromyrmex coronatus","","Olancho","Honduras","2010-09-17","cloud forest at bait",1440,"point","15.09557","-86.73859"
"http://antweb.org/api/v2/?occurrenceId=CAS:ANTWEB:jtl286553","jtl286553","formicidae","myrmicinae","Acromyrmex","coronatus","Acromyrmex coronatus","","Olancho","Honduras","2010-09-17","cloud forest at bait",1440,"point","15.09557","-86.73859"
"http://antweb.org/api/v2/?occurrenceId=CAS:ANTWEB:jtl286557","jtl286557","formicidae","myrmicinae","Acromyrmex","coronatus","Acromyrmex coronatus","","Olancho","Honduras","2010-09-17","cloud forest at bait",1440,"point","15.09557","-86.73859"
"http://antweb.org/api/v2/?occurrenceId=CAS:ANTWEB:jtl287755","jtl287755","formicidae","myrmicinae","Acromyrmex","coronatus","Acromyrmex coronatus","","Olancho","Honduras","2010-09-17","cloud forest ex sifted leaf litter",1420,"point","15.095111","-86.73925"
"http://antweb.org/api/v2/?occurrenceId=CAS:ANTWEB:jtl288172","jtl288172","formicidae","myrmicinae","Acromyrmex","coronatus","Acromyrmex coronatus","","Olancho","Honduras","2010-09-17","pine-mesophyll forest beating vegetation",1450,"point","15.09658","-86.74526"
"http://antweb.org/api/v2/?occurrenceId=CAS:ANTWEB:jtl298499","jtl298499","formicidae","myrmicinae","Acromyrmex","coronatus","Acromyrmex coronatus","","Olancho","Honduras","2011-01-28","cloud forest ex sifted leaf litter",1650,"point","15.10235","-86.73611"
"http://antweb.org/api/v2/?occurrenceId=CAS:ANTWEB:jtl298860","jtl298860","formicidae","myrmicinae","Acromyrmex","coronatus","Acromyrmex coronatus","","Francisco Moraz n","Honduras","2011-01-28","mixed hardwood forest ex sifted leaf litter",1470,"point","14.34958","-86.8655"
"http://antweb.org/api/v2/?occurrenceId=CAS:ANTWEB:jtl298912","jtl298912","formicidae","myrmicinae","Acromyrmex","coronatus","Acromyrmex coronatus","","Olancho","Honduras","2011-01-28","cloud forest ex sifted leaf litter",2020,"point","14.948831","-85.91579"
"http://antweb.org/api/v2/?occurrenceId=CAS:ANTWEB:jtl299540","jtl299540","formicidae","myrmicinae","Acromyrmex","coronatus","Acromyrmex coronatus","","Comayagua","Honduras","2011-02-22","cloud forest ex sifted leaf litter",2000,"point","14.460712","-87.54441"
"http://antweb.org/api/v2/?occurrenceId=CAS:ANTWEB:jtl299541","jtl299541","formicidae","myrmicinae","Acromyrmex","coronatus","Acromyrmex coronatus","","Comayagua","Honduras","2011-02-22","disturbed pine-oak forest beating vegetation",1720,"point","14.44412","-87.55429"
"http://antweb.org/api/v2/?occurrenceId=CAS:ANTWEB:jtl299542","jtl299542","formicidae","myrmicinae","Acromyrmex","coronatus","Acromyrmex coronatus","","Comayagua","Honduras","2011-02-22","2 liquidambar-pine forest beating vegetation",1760,"point","14.44589","-87.55138"
"http://antweb.org/api/v2/?occurrenceId=CAS:ANTWEB:jtl299543","jtl299543","formicidae","myrmicinae","Acromyrmex","coronatus","Acromyrmex coronatus","","Comayagua","Honduras","2011-02-22","disturbed pine-oak forest at bait",1730,"point","14.44522","-87.55322"
"http://antweb.org/api/v2/?occurrenceId=CAS:ANTWEB:jtl299544","jtl299544","formicidae","myrmicinae","Acromyrmex","coronatus","Acromyrmex coronatus","","Comayagua","Honduras","2011-02-22","disturbed pine-oak forest at bait",1720,"point","14.44412","-87.55429"
"http://antweb.org/api/v2/?occurrenceId=CAS:ANTWEB:jtl300299","jtl300299","formicidae","myrmicinae","Acromyrmex","coronatus","Acromyrmex coronatus","","Comayagua","Honduras","2011-02-22","ridgetop cloud forest ex sifted leaf litter",1120,"point","14.871313","-87.90025"
"http://antweb.org/api/v2/?occurrenceId=CAS:ANTWEB:jtl300300","jtl300300","formicidae","myrmicinae","Acromyrmex","coronatus","Acromyrmex coronatus","","Comayagua","Honduras","2011-02-22","ridgetop cloud forest ex sifted leaf litter",1120,"point","14.871222","-87.89948"
"http://antweb.org/api/v2/?occurrenceId=CAS:ANTWEB:jtl300301","jtl300301","formicidae","myrmicinae","Acromyrmex","coronatus","Acromyrmex coronatus","","Comayagua","Honduras","2011-02-22","ridgetop cloud forest ex sifted leaf litter",1140,"point","14.86951","-87.89805"
"http://antweb.org/api/v2/?occurrenceId=CAS:ANTWEB:jtl300302","jtl300302","formicidae","myrmicinae","Acromyrmex","coronatus","Acromyrmex coronatus","","Comayagua","Honduras","2011-02-22","ridgetop cloud forest ex sifted leaf litter",1140,"point","14.8694935","-87.89796"
"http://antweb.org/api/v2/?occurrenceId=CAS:ANTWEB:jtl300303","jtl300303","formicidae","myrmicinae","Acromyrmex","coronatus","Acromyrmex coronatus","","Comayagua","Honduras","2011-02-22","ridgetop cloud forest ex sifted leaf litter",1140,"point","14.869478","-87.89792"
"http://antweb.org/api/v2/?occurrenceId=CAS:ANTWEB:jtl306536","jtl306536","formicidae","myrmicinae","Acromyrmex","coronatus","Acromyrmex coronatus","","Comayagua","Honduras","2011-03-05","ridgetop cloud forest beating vegetation",1060,"point","14.87176","-87.90069"
"http://antweb.org/api/v2/?occurrenceId=CAS:ANTWEB:jtl306585","jtl306585","formicidae","myrmicinae","Acromyrmex","coronatus","Acromyrmex coronatus","","Comayagua","Honduras","2011-03-05","ridgetop cloud forest beating vegetation",1170,"point","14.86933","-87.89794"
"http://antweb.org/api/v2/?occurrenceId=CAS:ANTWEB:jtl307256","jtl307256","formicidae","myrmicinae","Acromyrmex","coronatus","Acromyrmex coronatus","","Comayagua","Honduras","2011-03-05","montane rainforest at bait",750,"point","14.87045","-87.90567"
"http://antweb.org/api/v2/?occurrenceId=CAS:ANTWEB:jtl307420","jtl307420","formicidae","myrmicinae","Acromyrmex","coronatus","Acromyrmex coronatus","","Comayagua","Honduras","2011-03-05","ridgetop cloud forest at bait",1100,"point","14.87138","-87.89993"
"http://antweb.org/api/v2/?occurrenceId=CAS:ANTWEB:jtl307717","jtl307717","formicidae","myrmicinae","Acromyrmex","coronatus","Acromyrmex coronatus","","Comayagua","Honduras","2011-03-05","ridgetop cloud forest at bait",1170,"point","14.86933","-87.89794"
"http://antweb.org/api/v2/?occurrenceId=CAS:ANTWEB:jtl307745","jtl307745","formicidae","myrmicinae","Acromyrmex","coronatus","Acromyrmex coronatus","","Comayagua","Honduras","2011-03-05","ridgetop cloud forest at bait",1150,"point","14.86938","-87.89718"
"http://antweb.org/api/v2/?occurrenceId=CAS:ANTWEB:jtl307862","jtl307862","formicidae","myrmicinae","Acromyrmex","coronatus","Acromyrmex coronatus","","Comayagua","Honduras","2011-03-05","ridgetop cloud forest at bait",1140,"point","14.86938","-87.89633"
"http://antweb.org/api/v2/?occurrenceId=CAS:ANTWEB:jtl308568","jtl308568","formicidae","myrmicinae","Acromyrmex","coronatus","Acromyrmex coronatus","","Ocotepeque","Honduras","2011-03-05","cloud forest beating vegetation",2190,"point","14.45821","-89.06768"
"http://antweb.org/api/v2/?occurrenceId=CAS:ANTWEB:jtl316158","jtl316158","formicidae","myrmicinae","Acromyrmex","coronatus","Acromyrmex coronatus","","Cort s","Honduras","2011-03-17","mesophyll forest beating vegetation",1260,"point","15.48898","-88.23707"
"http://antweb.org/api/v2/?occurrenceId=CAS:ANTWEB:jtl680497","jtl680497","formicidae","myrmicinae","Acromyrmex","coronatus","Acromyrmex coronatus","","Nueva Segovia","Nicaragua","2012-06-15","oak cloud forest beating vegetation",1600,"point","13.98068","-86.18874"
"http://antweb.org/api/v2/?occurrenceId=CAS:ANTWEB:jtl680502","jtl680502","formicidae","myrmicinae","Acromyrmex","coronatus","Acromyrmex coronatus","","Nueva Segovia","Nicaragua","2012-06-15","oak cloud forest beating vegetation",1700,"point","13.98227","-86.1892"
"http://antweb.org/api/v2/?occurrenceId=CAS:ANTWEB:jtl680505","jtl680505","formicidae","myrmicinae","Acromyrmex","coronatus","Acromyrmex coronatus","","Nueva Segovia","Nicaragua","2012-06-15","oak cloud forest beating vegetation",1470,"point","13.97808","-86.18897"
"http://antweb.org/api/v2/?occurrenceId=CAS:ANTWEB:jtl680513","jtl680513","formicidae","myrmicinae","Acromyrmex","coronatus","Acromyrmex coronatus","","Nueva Segovia","Nicaragua","2012-06-15","oak cloud forest beating vegetation",1470,"point","13.97808","-86.18897"
"http://antweb.org/api/v2/?occurrenceId=CAS:ANTWEB:jtl681105","jtl681105","formicidae","myrmicinae","Acromyrmex","coronatus","Acromyrmex coronatus","","Nueva Segovia","Nicaragua","2012-06-15","disturbed oak cloud forest ex sifted leaf litter",1530,"point","13.97925","-86.18832"
"http://antweb.org/api/v2/?occurrenceId=CAS:ANTWEB:jtl681171","jtl681171","formicidae","myrmicinae","Acromyrmex","coronatus","Acromyrmex coronatus","","Nueva Segovia","Nicaragua","2012-06-15","disturbed riparian forest ex sifted leaf litter",1080,"point","13.96828","-86.17773"
"http://antweb.org/api/v2/?occurrenceId=CAS:ANTWEB:jtl684009","jtl684009","formicidae","myrmicinae","Acromyrmex","coronatus","Acromyrmex coronatus","","Nueva Segovia","Nicaragua","2012-06-29","oak cloud forest at bait",1770,"point","13.98348","-86.18994"
"http://antweb.org/api/v2/?occurrenceId=CAS:ANTWEB:jtl684098","jtl684098","formicidae","myrmicinae","Acromyrmex","coronatus","Acromyrmex coronatus","","Nueva Segovia","Nicaragua","2012-06-30","oak cloud forest at bait",1470,"point","13.97808","-86.18897"
"http://antweb.org/api/v2/?occurrenceId=CAS:ANTWEB:jtl684101","jtl684101","formicidae","myrmicinae","Acromyrmex","coronatus","Acromyrmex coronatus","","Nueva Segovia","Nicaragua","2012-06-30","oak cloud forest at bait",1470,"point","13.97808","-86.18897"
"http://antweb.org/api/v2/?occurrenceId=CAS:ANTWEB:jtl684105","jtl684105","formicidae","myrmicinae","Acromyrmex","coronatus","Acromyrmex coronatus","","Nueva Segovia","Nicaragua","2012-06-30","oak cloud forest at bait",1470,"point","13.97808","-86.18897"
"http://antweb.org/api/v2/?occurrenceId=CAS:ANTWEB:jtl684113","jtl684113","formicidae","myrmicinae","Acromyrmex","coronatus","Acromyrmex coronatus","","Nueva Segovia","Nicaragua","2012-06-30","oak cloud forest at bait",1470,"point","13.97808","-86.18897"
"http://antweb.org/api/v2/?occurrenceId=CAS:ANTWEB:jtl684162","jtl684162","formicidae","myrmicinae","Acromyrmex","coronatus","Acromyrmex coronatus","","Nueva Segovia","Nicaragua","2012-06-30","oak cloud forest at bait",1600,"point","13.98068","-86.18874"
"http://antweb.org/api/v2/?occurrenceId=CAS:ANTWEB:jtl684170","jtl684170","formicidae","myrmicinae","Acromyrmex","coronatus","Acromyrmex coronatus","","Nueva Segovia","Nicaragua","2012-06-30","oak cloud forest at bait",1600,"point","13.98068","-86.18874"
"http://antweb.org/api/v2/?occurrenceId=CAS:ANTWEB:jtl684174","jtl684174","formicidae","myrmicinae","Acromyrmex","coronatus","Acromyrmex coronatus","","Nueva Segovia","Nicaragua","2012-06-30","oak cloud forest at bait",1600,"point","13.98068","-86.18874"
"http://antweb.org/api/v2/?occurrenceId=CAS:ANTWEB:jtl684177","jtl684177","formicidae","myrmicinae","Acromyrmex","coronatus","Acromyrmex coronatus","","Nueva Segovia","Nicaragua","2012-06-30","oak cloud forest at bait",1600,"point","13.98068","-86.18874"
"http://antweb.org/api/v2/?occurrenceId=CAS:ANTWEB:jtl684180","jtl684180","formicidae","myrmicinae","Acromyrmex","coronatus","Acromyrmex coronatus","","Nueva Segovia","Nicaragua","2012-06-30","oak cloud forest at bait",1600,"point","13.98068","-86.18874"
"http://antweb.org/api/v2/?occurrenceId=CAS:ANTWEB:jtl684182","jtl684182","formicidae","myrmicinae","Acromyrmex","coronatus","Acromyrmex coronatus","","Nueva Segovia","Nicaragua","2012-06-30","oak cloud forest at bait",1600,"point","13.98068","-86.18874"
"http://antweb.org/api/v2/?occurrenceId=CAS:ANTWEB:jtl684195","jtl684195","formicidae","myrmicinae","Acromyrmex","coronatus","Acromyrmex coronatus","","Nueva Segovia","Nicaragua","2012-06-30","oak cloud forest at bait",1650,"point","13.98157","-86.18859"
"http://antweb.org/api/v2/?occurrenceId=CAS:ANTWEB:jtl697983","jtl697983","formicidae","myrmicinae","Acromyrmex","coronatus","Acromyrmex coronatus","","Chiapas","Mexico","2013-04-15","mesophil forest at bait",860,"point","16.97978","-91.58544"
"http://antweb.org/api/v2/?occurrenceId=CAS:ANTWEB:jtl697986","jtl697986","formicidae","myrmicinae","Acromyrmex","coronatus","Acromyrmex coronatus","","Comayagua","Honduras","2013-04-15","montane rainforest at bait",750,"point","14.87045","-87.90567"
"http://antweb.org/api/v2/?occurrenceId=CAS:ANTWEB:jtl697987","jtl697987","formicidae","myrmicinae","Acromyrmex","coronatus","Acromyrmex coronatus","","Nueva Segovia","Nicaragua","2013-04-15","oak cloud forest at bait",1470,"point","13.97808","-86.18897"
"http://antweb.org/api/v2/?occurrenceId=CAS:ANTWEB:jtl697988","jtl697988","formicidae","myrmicinae","Acromyrmex","coronatus","Acromyrmex coronatus","","Chiapas","Mexico","2013-04-15","",930,"point","16.9486","-91.59357"
"http://antweb.org/api/v2/?occurrenceId=CAS:ANTWEB:jtl697989","jtl697989","formicidae","myrmicinae","Acromyrmex","coronatus","Acromyrmex coronatus","","Ocotepeque","Honduras","2013-04-15","cloud forest beating vegetation",2190,"point","14.45821","-89.06768"
"http://antweb.org/api/v2/?occurrenceId=CAS:ANTWEB:jtl697992","jtl697992","formicidae","myrmicinae","Acromyrmex","coronatus","Acromyrmex coronatus","","Olancho","Honduras","2013-04-15","cloud forest",1430,"point","15.0953","-86.73824"
"http://antweb.org/api/v2/?occurrenceId=CAS:ANTWEB:jtl709274","jtl709274","formicidae","myrmicinae","Acromyrmex","coronatus","Acromyrmex coronatus","","Lempira","Honduras","2013-10-03","",1408,"point","14.562834","-88.64283"
"http://antweb.org/api/v2/?occurrenceId=CAS:ANTWEB:jtl718438","jtl718438","formicidae","myrmicinae","Acromyrmex","coronatus","Acromyrmex coronatus","","San Jos","Costa Rica","2014-02-28","wet forest pan trap",1600,"point","10.05","-84.017"
"http://antweb.org/api/v2/?occurrenceId=CAS:ANTWEB:jtl718482","jtl718482","formicidae","myrmicinae","Acromyrmex","coronatus","Acromyrmex coronatus","","San Jos","Costa Rica","2014-02-28","wet forest pan trap",1600,"point","10.05","-84.017"
"http://antweb.org/api/v2/?occurrenceId=CAS:ANTWEB:jtl723626","jtl723626","formicidae","myrmicinae","Acromyrmex","coronatus","Acromyrmex coronatus","","Puntarenas","Costa Rica","2014-07-17","moist forest ex sifted leaf litter",1310,"point","10.28987","-84.79322"
"http://antweb.org/api/v2/?occurrenceId=CAS:ANTWEB:jtl723705","jtl723705","formicidae","myrmicinae","Acromyrmex","coronatus","Acromyrmex coronatus","","Alajuela","Costa Rica","2014-07-17","wet forest",850,"point","10.30799","-84.71635"
"http://antweb.org/api/v2/?occurrenceId=CAS:ANTWEB:jtl724031","jtl724031","formicidae","myrmicinae","Acromyrmex","coronatus","Acromyrmex coronatus","","Puntarenas","Costa Rica","2014-07-17","2nd growth forest in Malaise trap",1090,"point","10.28097","-84.79968"
"http://antweb.org/api/v2/?occurrenceId=CAS:ANTWEB:jtl724052","jtl724052","formicidae","myrmicinae","Acromyrmex","coronatus","Acromyrmex coronatus","","Puntarenas","Costa Rica","2014-07-17","2nd growth forest edge in Malaise trap",1090,"point","10.28133","-84.80007"
"http://antweb.org/api/v2/?occurrenceId=CAS:ANTWEB:jtl732367","jtl732367","formicidae","myrmicinae","Acromyrmex","coronatus","Acromyrmex coronatus","","Puntarenas","Costa Rica","2015-03-31","mature moist forest ex sifted litter",1380,"point","10.30262","-84.811"
"http://antweb.org/api/v2/?occurrenceId=CAS:ANTWEB:jtl732389","jtl732389","formicidae","myrmicinae","Acromyrmex","coronatus","Acromyrmex coronatus","","Puntarenas","Costa Rica","2015-03-31","mature moist forest ex sifted litter",1480,"point","10.30864","-84.80788"
"http://antweb.org/api/v2/?occurrenceId=CAS:ANTWEB:jtl741374","jtl741374","formicidae","myrmicinae","Acromyrmex","coronatus","Acromyrmex coronatus","","Cartago","Costa Rica","2015-12-15","cloud forest, old second growth forest at bait",1300,"point","9.74763","-83.78144"
"http://antweb.org/api/v2/?occurrenceId=CAS:ANTWEB:jtl741394","jtl741394","formicidae","myrmicinae","Acromyrmex","coronatus","Acromyrmex coronatus","","Cartago","Costa Rica","2015-12-15","cloud forest, old second growth forest at bait",1300,"point","9.74763","-83.78144"
"http://antweb.org/api/v2/?occurrenceId=CAS:ANTWEB:jtl741754","jtl741754","formicidae","myrmicinae","Acromyrmex","coronatus","Acromyrmex coronatus","","Cartago","Costa Rica","2015-12-15","cloud forest, probably old second growth, matrix of dense bamboo and more open forest ex sifted leaf litter",1570,"point","9.7506","-83.7744"
"http://antweb.org/api/v2/?occurrenceId=CAS:ANTWEB:jtl741758","jtl741758","formicidae","myrmicinae","Acromyrmex","coronatus","Acromyrmex coronatus","","Cartago","Costa Rica","2015-12-15","cloud forest, probably old second growth, matrix of dense bamboo and more open forest ex sifted leaf litter",1580,"point","9.7506","-83.77431"
"http://antweb.org/api/v2/?occurrenceId=CAS:ANTWEB:jtlc-vial-002040","jtlc-vial-002040","formicidae","myrmicinae","Acromyrmex","coronatus","Acromyrmex coronatus","","San Jose","Costa Rica","2008-03-29","",1600,"point","10.08333","-84.01667"
"http://antweb.org/api/v2/?occurrenceId=CAS:ANTWEB:jtlc-vial-002041","jtlc-vial-002041","formicidae","myrmicinae","Acromyrmex","coronatus","Acromyrmex coronatus","","San Jose","Costa Rica","2008-03-29","",1600,"point","10.08333","-84.01667"
"http://antweb.org/api/v2/?occurrenceId=CAS:ANTWEB:jtlc-vial-002042","jtlc-vial-002042","formicidae","myrmicinae","Acromyrmex","coronatus","Acromyrmex coronatus","","San Jose","Costa Rica","2008-03-29","",1600,"point","10.08333","-84.01667"
"http://antweb.org/api/v2/?occurrenceId=CAS:ANTWEB:jtlc-vial-002043","jtlc-vial-002043","formicidae","myrmicinae","Acromyrmex","coronatus","Acromyrmex coronatus","","San Jose","Costa Rica","2008-03-29","",1600,"point","10.08333","-84.01667"
"http://antweb.org/api/v2/?occurrenceId=CAS:ANTWEB:jtlc-vial-002044","jtlc-vial-002044","formicidae","myrmicinae","Acromyrmex","coronatus","Acromyrmex coronatus","","San Jose","Costa Rica","2008-03-29","",1600,"point","10.08333","-84.01667"
"http://antweb.org/api/v2/?occurrenceId=CAS:ANTWEB:jtlc-vial-002045","jtlc-vial-002045","formicidae","myrmicinae","Acromyrmex","coronatus","Acromyrmex coronatus","","San Jose","Costa Rica","2008-03-29","",1600,"point","10.08333","-84.01667"
"http://antweb.org/api/v2/?occurrenceId=CAS:ANTWEB:jtlc-vial-002046","jtlc-vial-002046","formicidae","myrmicinae","Acromyrmex","coronatus","Acromyrmex coronatus","","Heredia","Costa Rica","2008-03-29","",700,"point","10.3","-84.05"
"http://antweb.org/api/v2/?occurrenceId=CAS:ANTWEB:jtlc-vial-002047","jtlc-vial-002047","formicidae","myrmicinae","Acromyrmex","coronatus","Acromyrmex coronatus","","Heredia","Costa Rica","2008-03-29","",700,"point","10.3","-84.05"
"http://antweb.org/api/v2/?occurrenceId=CAS:ANTWEB:jtlc-vial-002050","jtlc-vial-002050","formicidae","myrmicinae","Acromyrmex","coronatus","Acromyrmex coronatus","","Intibuc","Honduras","2008-03-29","",1700,"point","14.28333","-88.25"
"http://antweb.org/api/v2/?occurrenceId=CAS:ANTWEB:jtlc000003340","jtlc000003340","formicidae","myrmicinae","Acromyrmex","coronatus","Acromyrmex coronatus","","Heredia","Costa Rica","2003-01-31","montane wet forest",1000,"point","10.28333","-84.08333"
"http://antweb.org/api/v2/?occurrenceId=CAS:ANTWEB:jtlc000004673","jtlc000004673","formicidae","myrmicinae","Acromyrmex","coronatus","Acromyrmex coronatus","","Puntarenas","Costa Rica","2003-12-12","cloud forest ex sifted litter from forest floor",1560,"point","10.29701","-84.79972"
"http://antweb.org/api/v2/?occurrenceId=CAS:ANTWEB:jtlc000005080","jtlc000005080","formicidae","myrmicinae","Acromyrmex","coronatus","Acromyrmex coronatus","","Puntarenas","Costa Rica","2003-12-12","cloud forest ex sifted litter from forest floor",1560,"point","10.29701","-84.79972"
"http://antweb.org/api/v2/?occurrenceId=CAS:ANTWEB:jtlc000009645","jtlc000009645","formicidae","myrmicinae","Acromyrmex","coronatus","Acromyrmex coronatus","","Chiriqu","Panama","2007-02-02","",1250,"point","8.71667","-82.26667"
"http://antweb.org/api/v2/?occurrenceId=CAS:ANTWEB:jtlc000010301","jtlc000010301","formicidae","myrmicinae","Acromyrmex","coronatus","Acromyrmex coronatus","","Chiapas","Mexico","2007-10-15","Liquidambar forest edge workers cutting foliage",1510,"point","16.099133","-91.67125"
"http://antweb.org/api/v2/?occurrenceId=CAS:ANTWEB:jtlc000010305","jtlc000010305","formicidae","myrmicinae","Acromyrmex","coronatus","Acromyrmex coronatus","","Chiapas","Mexico","2007-10-15","pine oak Liquidambar forest foraging column",1520,"point","16.135017","-91.72753"
"http://antweb.org/api/v2/?occurrenceId=CAS:ANTWEB:jtlc000010306","jtlc000010306","formicidae","myrmicinae","Acromyrmex","coronatus","Acromyrmex coronatus","","Chiapas","Mexico","2007-10-15","pine oak Liquidambar forest foraging column",1520,"point","16.135017","-91.72753"
"http://antweb.org/api/v2/?occurrenceId=CAS:ANTWEB:lacm ent 144192","lacm ent 144192","formicidae","myrmicinae","Acromyrmex","coronatus","Acromyrmex coronatus","","Intibuc","Honduras","2000-08-14","",1700,"point","14.28333","-88.25"
