"url","catalogNumber","family","subfamily","genus","specificEpithet","scientific_name","typeStatus","stateProvince","country","dateIdentified","habitat","minimumElevationInMeters","geojson.type","decimal_latitude","decimal_longitude"
"http://antweb.org/api/v2/?occurrenceId=CAS:ANTWEB:casent0173797","casent0173797","formicidae","myrmicinae","Acromyrmex","lundii","Acromyrmex lundii","","Neembuc","Paraguay","2006-12-31","Pasture",65,"point","-26.8321","-58.282734"
"http://antweb.org/api/v2/?occurrenceId=CAS:ANTWEB:casent0905002","casent0905002","formicidae","myrmicinae","Acromyrmex","lundii","Acromyrmex lundii","syntype of Acromyrmex lundii boliviensis","","Argentina","","",NA,NA,NA,NA
"http://antweb.org/api/v2/?occurrenceId=CAS:ANTWEB:casent0905004","casent0905004","formicidae","myrmicinae","Acromyrmex","lundii","Acromyrmex lundii","syntype of Atta pubescens decolor","Tucum n","Argentina","","",NA,NA,NA,NA
"http://antweb.org/api/v2/?occurrenceId=CAS:ANTWEB:casent0905005","casent0905005","formicidae","myrmicinae","Acromyrmex","lundii","Acromyrmex lundii","syntype of Atta pubescens bonariensis","Buenos Aires","Argentina","","",NA,NA,NA,NA
"http://antweb.org/api/v2/?occurrenceId=CAS:ANTWEB:casent0909417","casent0909417","formicidae","myrmicinae","Acromyrmex","lundii","Acromyrmex lundii","syntype of Atta lundii risii","","Argentina","","",NA,NA,NA,NA
"http://antweb.org/api/v2/?occurrenceId=CAS:ANTWEB:casent0909418","casent0909418","formicidae","myrmicinae","Acromyrmex","lundii","Acromyrmex lundii","syntype of Atta laticeps dubia","Sao Paulo","Brazil","","",NA,NA,NA,NA
"http://antweb.org/api/v2/?occurrenceId=CAS:ANTWEB:casent0912464","casent0912464","formicidae","myrmicinae","Acromyrmex","lundii","Acromyrmex lundii","syntype of Acromyrmex lundii boliviensis nigripes","Tucum n","Argentina","1918-12-31","",NA,NA,NA,NA
"http://antweb.org/api/v2/?occurrenceId=CAS:ANTWEB:casent0912465","casent0912465","formicidae","myrmicinae","Acromyrmex","lundii","Acromyrmex lundii","syntype of Acromyrmex lundii carli","","Brazil","","",NA,NA,NA,NA
"http://antweb.org/api/v2/?occurrenceId=CAS:ANTWEB:casent0912466","casent0912466","formicidae","myrmicinae","Acromyrmex","lundii","Acromyrmex lundii","syntype of Acromyrmex lundii decolor corallina","Salta","Argentina","","",2500,NA,NA,NA
"http://antweb.org/api/v2/?occurrenceId=CAS:ANTWEB:casent0912467","casent0912467","formicidae","myrmicinae","Acromyrmex","lundii","Acromyrmex lundii","syntype of Acromyrmex lundii parallelus","","Argentina","","",NA,NA,NA,NA
"http://antweb.org/api/v2/?occurrenceId=CAS:ANTWEB:casent0912468","casent0912468","formicidae","myrmicinae","Acromyrmex","lundii","Acromyrmex lundii","syntype of Acromyrmex lundii pubescens chacoensis","Santiago del Estero","Argentina","1916-12-31","",NA,NA,NA,NA
"http://antweb.org/api/v2/?occurrenceId=CAS:ANTWEB:casent0922027","casent0922027","formicidae","myrmicinae","Acromyrmex","lundii","Acromyrmex lundii","","Salto","Uruguay","","citrus orchard",NA,NA,NA,NA
"http://antweb.org/api/v2/?occurrenceId=CAS:ANTWEB:fmnhins0000046993","fmnhins0000046993","formicidae","myrmicinae","Acromyrmex","lundii","Acromyrmex lundii","","","","","",NA,NA,NA,NA
"http://antweb.org/api/v2/?occurrenceId=CAS:ANTWEB:fmnhins0000046994","fmnhins0000046994","formicidae","myrmicinae","Acromyrmex","lundii","Acromyrmex lundii","","","","","",NA,NA,NA,NA
"http://antweb.org/api/v2/?occurrenceId=CAS:ANTWEB:fmnhins0000046995","fmnhins0000046995","formicidae","myrmicinae","Acromyrmex","lundii","Acromyrmex lundii","","","","","",NA,NA,NA,NA
"http://antweb.org/api/v2/?occurrenceId=CAS:ANTWEB:fmnhins0000046996","fmnhins0000046996","formicidae","myrmicinae","Acromyrmex","lundii","Acromyrmex lundii","","","","","",NA,NA,NA,NA
"http://antweb.org/api/v2/?occurrenceId=CAS:ANTWEB:fmnhins0000046997","fmnhins0000046997","formicidae","myrmicinae","Acromyrmex","lundii","Acromyrmex lundii","","","","","",NA,NA,NA,NA
"http://antweb.org/api/v2/?occurrenceId=CAS:ANTWEB:fmnhins0000046998","fmnhins0000046998","formicidae","myrmicinae","Acromyrmex","lundii","Acromyrmex lundii","","","","","",NA,NA,NA,NA
"http://antweb.org/api/v2/?occurrenceId=CAS:ANTWEB:fmnhins0000046999","fmnhins0000046999","formicidae","myrmicinae","Acromyrmex","lundii","Acromyrmex lundii","","","","","",NA,NA,NA,NA
