"url","catalogNumber","family","subfamily","genus","specificEpithet","scientific_name","typeStatus","stateProvince","country","dateIdentified","habitat","minimumElevationInMeters","geojson.type","decimal_latitude","decimal_longitude"
"http://antweb.org/api/v2/?occurrenceId=CAS:ANTWEB:casent0634262","casent0634262","formicidae","formicinae","Acropyga","kinomurai","Acropyga kinomurai","","Sabah","Malaysia","2014-10-01","2nd growth wet forest in soil of clay bank",490,"point","4.72416","116.39045"
"http://antweb.org/api/v2/?occurrenceId=CAS:ANTWEB:casent0634263","casent0634263","formicidae","formicinae","Acropyga","kinomurai","Acropyga kinomurai","","Sabah","Malaysia","2014-10-01","2nd growth wet forest in soil of clay bank",490,"point","4.72416","116.39045"
"http://antweb.org/api/v2/?occurrenceId=CAS:ANTWEB:casent0634264","casent0634264","formicidae","formicinae","Acropyga","kinomurai","Acropyga kinomurai","","Sabah","Malaysia","2014-10-01","2nd growth wet forest in soil of clay bank",490,"point","4.72416","116.39045"
"http://antweb.org/api/v2/?occurrenceId=CAS:ANTWEB:casent0634265","casent0634265","formicidae","formicinae","Acropyga","kinomurai","Acropyga kinomurai","","Sabah","Malaysia","2014-10-01","2nd growth wet forest in soil of clay bank",490,"point","4.72416","116.39045"
"http://antweb.org/api/v2/?occurrenceId=CAS:ANTWEB:jtl726034","jtl726034","formicidae","formicinae","Acropyga","kinomurai","Acropyga kinomurai","","Sabah","Malaysia","2014-10-01","2nd growth wet forest in soil of clay bank",490,"point","4.72416","116.39045"
