"url","catalogNumber","family","subfamily","genus","specificEpithet","scientific_name","typeStatus","stateProvince","country","dateIdentified","habitat","minimumElevationInMeters","geojson.type","decimal_latitude","decimal_longitude"
"http://antweb.org/api/v2/?occurrenceId=CAS:ANTWEB:anic32-018616","anic32-018616","formicidae","formicinae","Acropyga","lauta","Acropyga lauta","","San Cristobal","Solomon Islands","","Stony river bank",83,"point","-10.5","162.017"
"http://antweb.org/api/v2/?occurrenceId=CAS:ANTWEB:anic32-018617","anic32-018617","formicidae","formicinae","Acropyga","lauta","Acropyga lauta","","San Cristobal","Solomon Islands","","River bank Under stones",53,"point","-10.5","162.017"
"http://antweb.org/api/v2/?occurrenceId=CAS:ANTWEB:anic32-018618","anic32-018618","formicidae","formicinae","Acropyga","lauta","Acropyga lauta","","San Cristobal","Solomon Islands","","",53,"point","-10.5","162.017"
"http://antweb.org/api/v2/?occurrenceId=CAS:ANTWEB:anic32-018619","anic32-018619","formicidae","formicinae","Acropyga","lauta","Acropyga lauta","","New Georgia","Solomon Islands","","",914,"point","-8.08333","156.783"
"http://antweb.org/api/v2/?occurrenceId=CAS:ANTWEB:anic32-018620","anic32-018620","formicidae","formicinae","Acropyga","lauta","Acropyga lauta","","New Georgia","Solomon Islands","","",NA,"point","-8.1","157.017"
"http://antweb.org/api/v2/?occurrenceId=CAS:ANTWEB:anic32-018621","anic32-018621","formicidae","formicinae","Acropyga","lauta","Acropyga lauta","","New Georgia","Solomon Islands","","",304,NA,NA,NA
"http://antweb.org/api/v2/?occurrenceId=CAS:ANTWEB:anic32-018622","anic32-018622","formicidae","formicinae","Acropyga","lauta","Acropyga lauta","","New Georgia","Solomon Islands","","",NA,NA,NA,NA
"http://antweb.org/api/v2/?occurrenceId=CAS:ANTWEB:anic32-018623","anic32-018623","formicidae","formicinae","Acropyga","lauta","Acropyga lauta","","Guadalcanal","Solomon Islands","","",NA,"point","-9.48333","159.983"
"http://antweb.org/api/v2/?occurrenceId=CAS:ANTWEB:anic32-018737","anic32-018737","formicidae","formicinae","Acropyga","lauta","Acropyga lauta","","Nggela","Solomon Islands","","",NA,"point","-9","160.167"
"http://antweb.org/api/v2/?occurrenceId=CAS:ANTWEB:anic32-018738","anic32-018738","formicidae","formicinae","Acropyga","lauta","Acropyga lauta","","Guadalcanal","Solomon Islands","","",NA,"point","-9.48333","159.983"
"http://antweb.org/api/v2/?occurrenceId=CAS:ANTWEB:anic32-018739","anic32-018739","formicidae","formicinae","Acropyga","lauta","Acropyga lauta","","San Cristobal","Solomon Islands","","",83,"point","-10.5","162.017"
"http://antweb.org/api/v2/?occurrenceId=CAS:ANTWEB:anic32-018740","anic32-018740","formicidae","formicinae","Acropyga","lauta","Acropyga lauta","","New Georgia","Solomon Islands","","",609,NA,NA,NA
"http://antweb.org/api/v2/?occurrenceId=CAS:ANTWEB:casent0127485","casent0127485","formicidae","formicinae","Acropyga","lauta","Acropyga lauta","","Cakaudrove","Fiji","","primary rainforest under stone, nesting",400,"point","-16.59275","179.7696"
"http://antweb.org/api/v2/?occurrenceId=CAS:ANTWEB:casent0171066","casent0171066","formicidae","formicinae","Acropyga","lauta","Acropyga lauta","","Cakaudrove","Fiji","2011-03-21","primary rainforest under stone, nesting",400,"point","-16.59275","179.7696"
"http://antweb.org/api/v2/?occurrenceId=CAS:ANTWEB:casent0187396","casent0187396","formicidae","formicinae","Acropyga","lauta","Acropyga lauta","","Cakaudrove","Fiji","","primary rainforest in soil",570,"point","-16.62905","179.21103"
"http://antweb.org/api/v2/?occurrenceId=CAS:ANTWEB:casent0187398","casent0187398","formicidae","formicinae","Acropyga","lauta","Acropyga lauta","","Cakaudrove","Fiji","","primary rainforest in soil",570,"point","-16.62905","179.21103"
"http://antweb.org/api/v2/?occurrenceId=CAS:ANTWEB:casent0187422","casent0187422","formicidae","formicinae","Acropyga","lauta","Acropyga lauta","","Cakaudrove","Fiji","","primary rainforest in soil",570,"point","-16.62905","179.21103"
"http://antweb.org/api/v2/?occurrenceId=CAS:ANTWEB:casent0187423","casent0187423","formicidae","formicinae","Acropyga","lauta","Acropyga lauta","","Cakaudrove","Fiji","","primary rainforest in soil",570,"point","-16.62905","179.21103"
"http://antweb.org/api/v2/?occurrenceId=CAS:ANTWEB:casent0187426","casent0187426","formicidae","formicinae","Acropyga","lauta","Acropyga lauta","","Cakaudrove","Fiji","","primary rainforest in soil",570,"point","-16.62905","179.21103"
"http://antweb.org/api/v2/?occurrenceId=CAS:ANTWEB:casent0187435","casent0187435","formicidae","formicinae","Acropyga","lauta","Acropyga lauta","","Cakaudrove","Fiji","","primary rainforest in soil",570,"point","-16.62905","179.21103"
"http://antweb.org/api/v2/?occurrenceId=CAS:ANTWEB:casent0233878","casent0233878","formicidae","formicinae","Acropyga","lauta","Acropyga lauta","","","Fiji","","",NA,"point","-19.05","178.17"
