"url","catalogNumber","family","subfamily","genus","specificEpithet","scientific_name","typeStatus","stateProvince","country","dateIdentified","habitat","minimumElevationInMeters","geojson.type","decimal_latitude","decimal_longitude"
"http://antweb.org/api/v2/?occurrenceId=CAS:ANTWEB:anic32-007276","anic32-007276","formicidae","formicinae","Acropyga","acutiventris","Acropyga acutiventris","","Queensland","Australia","","Eucalyptus open-forest under log",180,"point","-13.7167","143.25"
"http://antweb.org/api/v2/?occurrenceId=CAS:ANTWEB:anic32-013438","anic32-013438","formicidae","formicinae","Acropyga","acutiventris","Acropyga acutiventris","","Queensland","Australia","","rainforest",NA,"point","-12.7333","143.3"
"http://antweb.org/api/v2/?occurrenceId=CAS:ANTWEB:anic32-013736","anic32-013736","formicidae","formicinae","Acropyga","acutiventris","Acropyga acutiventris","","Northern Territory","Australia","","",NA,"point","-12.55","131.317"
"http://antweb.org/api/v2/?occurrenceId=CAS:ANTWEB:anic32-018482","anic32-018482","formicidae","formicinae","Acropyga","acutiventris","Acropyga acutiventris","","San Cristobal","Solomon Islands","","Forest Litter",NA,"point","-10.45","162.017"
"http://antweb.org/api/v2/?occurrenceId=CAS:ANTWEB:anic32-018494","anic32-018494","formicidae","formicinae","Acropyga","acutiventris","Acropyga acutiventris","","","Singapore","","Degraded coastal hill forest On granite",NA,"point","1.38333","103.8"
"http://antweb.org/api/v2/?occurrenceId=CAS:ANTWEB:anic32-018495","anic32-018495","formicidae","formicinae","Acropyga","acutiventris","Acropyga acutiventris","","Northern Territory","Australia","","Rainforest Under wood",NA,"point","-12.8333","132.867"
"http://antweb.org/api/v2/?occurrenceId=CAS:ANTWEB:anic32-018496","anic32-018496","formicidae","formicinae","Acropyga","acutiventris","Acropyga acutiventris","","","Philippines","","Poor rainforest, along creek beds, wet area Under rock, in root moss",NA,"point","9.93333","118.7"
"http://antweb.org/api/v2/?occurrenceId=CAS:ANTWEB:anic32-018497","anic32-018497","formicidae","formicinae","Acropyga","acutiventris","Acropyga acutiventris","","Mindanao","Philippines","","Relict rainforest on Agusan River",NA,"point","8.53333","125.65"
"http://antweb.org/api/v2/?occurrenceId=CAS:ANTWEB:anic32-018498","anic32-018498","formicidae","formicinae","Acropyga","acutiventris","Acropyga acutiventris","","Queensland","Australia","","",NA,"point","-12.7333","143.283"
"http://antweb.org/api/v2/?occurrenceId=CAS:ANTWEB:anic32-018499","anic32-018499","formicidae","formicinae","Acropyga","acutiventris","Acropyga acutiventris","","Queensland","Australia","","Rainforest Ground strays",NA,"point","-12.7","143.3"
"http://antweb.org/api/v2/?occurrenceId=CAS:ANTWEB:anic32-018500","anic32-018500","formicidae","formicinae","Acropyga","acutiventris","Acropyga acutiventris","","Queensland","Australia","","Rainforest",NA,"point","-12.7","143.3"
"http://antweb.org/api/v2/?occurrenceId=CAS:ANTWEB:anic32-018501","anic32-018501","formicidae","formicinae","Acropyga","acutiventris","Acropyga acutiventris","","Queensland","Australia","","",NA,"point","-13.8833","143.25"
"http://antweb.org/api/v2/?occurrenceId=CAS:ANTWEB:anic32-018502","anic32-018502","formicidae","formicinae","Acropyga","acutiventris","Acropyga acutiventris","","Queensland","Australia","","Rainforest",NA,"point","-17.35","145.933"
"http://antweb.org/api/v2/?occurrenceId=CAS:ANTWEB:anic32-018503","anic32-018503","formicidae","formicinae","Acropyga","acutiventris","Acropyga acutiventris","","Northern Territory","Australia","","Rainforest In soil, under wood",NA,"point","-12.8333","132.867"
"http://antweb.org/api/v2/?occurrenceId=CAS:ANTWEB:anic32-018504","anic32-018504","formicidae","formicinae","Acropyga","acutiventris","Acropyga acutiventris","","Northern Territory","Australia","","Rainforest In soil, under wood",NA,"point","-12.7833","132.85"
"http://antweb.org/api/v2/?occurrenceId=CAS:ANTWEB:anic32-018639","anic32-018639","formicidae","formicinae","Acropyga","acutiventris","Acropyga acutiventris","","Queensland","Australia","","Rainforest",NA,"point","-16.25","145.317"
"http://antweb.org/api/v2/?occurrenceId=CAS:ANTWEB:anic32-018640","anic32-018640","formicidae","formicinae","Acropyga","acutiventris","Acropyga acutiventris","","Queensland","Australia","","Rainforest on river bank In log",NA,"point","-16.25","145.317"
"http://antweb.org/api/v2/?occurrenceId=CAS:ANTWEB:anic32-018648","anic32-018648","formicidae","formicinae","Acropyga","acutiventris","Acropyga acutiventris","","Sarawak","Malaysia","","",NA,"point","1.63333","113.583"
"http://antweb.org/api/v2/?occurrenceId=CAS:ANTWEB:anic32-018649","anic32-018649","formicidae","formicinae","Acropyga","acutiventris","Acropyga acutiventris","","","Singapore","","Rainforest disturbed In soil, under wood",NA,"point","1.28333","103.833"
"http://antweb.org/api/v2/?occurrenceId=CAS:ANTWEB:anic32-018650","anic32-018650","formicidae","formicinae","Acropyga","acutiventris","Acropyga acutiventris","","","Singapore","","Rainforest disturbed Nesting in soil",NA,"point","1.28333","103.833"
"http://antweb.org/api/v2/?occurrenceId=CAS:ANTWEB:anic32-018651","anic32-018651","formicidae","formicinae","Acropyga","acutiventris","Acropyga acutiventris","","","Singapore","","Rainforest disturbed Ex rtn. log",NA,"point","1.28333","103.833"
"http://antweb.org/api/v2/?occurrenceId=CAS:ANTWEB:anic32-018652","anic32-018652","formicidae","formicinae","Acropyga","acutiventris","Acropyga acutiventris","","","India","","",200,"point","26.7833","88.3667"
"http://antweb.org/api/v2/?occurrenceId=CAS:ANTWEB:anic32-018653","anic32-018653","formicidae","formicinae","Acropyga","acutiventris","Acropyga acutiventris","","","India","","Forest Litter",250,NA,NA,NA
"http://antweb.org/api/v2/?occurrenceId=CAS:ANTWEB:anic32-018654","anic32-018654","formicidae","formicinae","Acropyga","acutiventris","Acropyga acutiventris","","Johore","Malaysia","","Rainforest Ex rtn. log",609,"point","5.66667","100.9"
"http://antweb.org/api/v2/?occurrenceId=CAS:ANTWEB:anic32-018655","anic32-018655","formicidae","formicinae","Acropyga","acutiventris","Acropyga acutiventris","","Sarawak","Malaysia","","Rainforest Nest in soil, under log",NA,"point","0.883333","110.117"
"http://antweb.org/api/v2/?occurrenceId=CAS:ANTWEB:anic32-018656","anic32-018656","formicidae","formicinae","Acropyga","acutiventris","Acropyga acutiventris","","","India","","Forest litter",400,"point","25.55","90.5667"
"http://antweb.org/api/v2/?occurrenceId=CAS:ANTWEB:anic32-018657","anic32-018657","formicidae","formicinae","Acropyga","acutiventris","Acropyga acutiventris","","Sabah","Malaysia","","Rainforest",NA,"point","5.83333","118.117"
"http://antweb.org/api/v2/?occurrenceId=CAS:ANTWEB:anic32-018658","anic32-018658","formicidae","formicinae","Acropyga","acutiventris","Acropyga acutiventris","","Sabah","Malaysia","","Rainforest",228,"point","4.41667","118.017"
"http://antweb.org/api/v2/?occurrenceId=CAS:ANTWEB:anic32-018659","anic32-018659","formicidae","formicinae","Acropyga","acutiventris","Acropyga acutiventris","","Northern","Papua New Guinea","","Eucalypt savanna",200,"point","-9.05","148.917"
"http://antweb.org/api/v2/?occurrenceId=CAS:ANTWEB:anic32-018660","anic32-018660","formicidae","formicinae","Acropyga","acutiventris","Acropyga acutiventris","","Northern","Papua New Guinea","","Rainforest In soil, under wood",NA,NA,NA,NA
"http://antweb.org/api/v2/?occurrenceId=CAS:ANTWEB:anic32-018661","anic32-018661","formicidae","formicinae","Acropyga","acutiventris","Acropyga acutiventris","","Morobe","Papua New Guinea","","Rainforest Ex rotting log",1250,"point","-7.33333","146.717"
"http://antweb.org/api/v2/?occurrenceId=CAS:ANTWEB:anic32-018662","anic32-018662","formicidae","formicinae","Acropyga","acutiventris","Acropyga acutiventris","","East Sepik","Papua New Guinea","","Rainforest Ex rotting log",50,"point","-3.55","143.633"
"http://antweb.org/api/v2/?occurrenceId=CAS:ANTWEB:anic32-018664","anic32-018664","formicidae","formicinae","Acropyga","acutiventris","Acropyga acutiventris","","East Sepik","Papua New Guinea","","Rainforest Ex rotting log",20,"point","-4.06667","144.067"
"http://antweb.org/api/v2/?occurrenceId=CAS:ANTWEB:anic32-018665","anic32-018665","formicidae","formicinae","Acropyga","acutiventris","Acropyga acutiventris","","Sandaun","Papua New Guinea","","Rainforest In soil, under wood",50,"point","-3.13333","142.35"
"http://antweb.org/api/v2/?occurrenceId=CAS:ANTWEB:anic32-018666","anic32-018666","formicidae","formicinae","Acropyga","acutiventris","Acropyga acutiventris","","Central","Papua New Guinea","","Rainforest Zoraptera stage, ex rtn. log",1200,"point","-8.36667","146.983"
"http://antweb.org/api/v2/?occurrenceId=CAS:ANTWEB:anic32-018667","anic32-018667","formicidae","formicinae","Acropyga","acutiventris","Acropyga acutiventris","","Morobe","Papua New Guinea","","",220,"point","-6.63333","146.9"
"http://antweb.org/api/v2/?occurrenceId=CAS:ANTWEB:anic32-018668","anic32-018668","formicidae","formicinae","Acropyga","acutiventris","Acropyga acutiventris","","Milne Bay","Papua New Guinea","","",610,"point","-10.0333","149.717"
"http://antweb.org/api/v2/?occurrenceId=CAS:ANTWEB:anic32-018669","anic32-018669","formicidae","formicinae","Acropyga","acutiventris","Acropyga acutiventris","","Central","Papua New Guinea","","Lowland rainforest Nest in soil under log",NA,"point","-9.25","147.083"
"http://antweb.org/api/v2/?occurrenceId=CAS:ANTWEB:anic32-018670","anic32-018670","formicidae","formicinae","Acropyga","acutiventris","Acropyga acutiventris","","Central","Papua New Guinea","","Lowland rainforest Ex rtn. log",NA,"point","-9.25","147.083"
"http://antweb.org/api/v2/?occurrenceId=CAS:ANTWEB:anic32-018671","anic32-018671","formicidae","formicinae","Acropyga","acutiventris","Acropyga acutiventris","","Central","Papua New Guinea","","Lowland rainforest Ex rtn. stump",NA,"point","-9.25","147.083"
"http://antweb.org/api/v2/?occurrenceId=CAS:ANTWEB:anic32-018672","anic32-018672","formicidae","formicinae","Acropyga","acutiventris","Acropyga acutiventris","","Queensland","Australia","","",NA,"point","-9.58333","143.767"
"http://antweb.org/api/v2/?occurrenceId=CAS:ANTWEB:anic32-018673","anic32-018673","formicidae","formicinae","Acropyga","acutiventris","Acropyga acutiventris","","Queensland","Australia","","",NA,"point","-9.95","144.033"
"http://antweb.org/api/v2/?occurrenceId=CAS:ANTWEB:anic32-018674","anic32-018674","formicidae","formicinae","Acropyga","acutiventris","Acropyga acutiventris","","Queensland","Australia","","",NA,"point","-9.91667","144.033"
"http://antweb.org/api/v2/?occurrenceId=CAS:ANTWEB:anic32-018675","anic32-018675","formicidae","formicinae","Acropyga","acutiventris","Acropyga acutiventris","","Northern Territory","Australia","","Rainforest In soil, under wood",NA,"point","-12.7833","132.85"
"http://antweb.org/api/v2/?occurrenceId=CAS:ANTWEB:anic32-018676","anic32-018676","formicidae","formicinae","Acropyga","acutiventris","Acropyga acutiventris","","Northern Territory","Australia","","Rainforest",NA,"point","-12.7833","132.85"
"http://antweb.org/api/v2/?occurrenceId=CAS:ANTWEB:anic32-018677","anic32-018677","formicidae","formicinae","Acropyga","acutiventris","Acropyga acutiventris","","Northern Territory","Australia","","Rainforest Ex rtn. wood piece",NA,"point","-12.7833","132.85"
"http://antweb.org/api/v2/?occurrenceId=CAS:ANTWEB:anic32-018678","anic32-018678","formicidae","formicinae","Acropyga","acutiventris","Acropyga acutiventris","","Northern Territory","Australia","","Rainforest Ex small fragment rtn. wood",NA,"point","-12.7833","132.85"
"http://antweb.org/api/v2/?occurrenceId=CAS:ANTWEB:anic32-018679","anic32-018679","formicidae","formicinae","Acropyga","acutiventris","Acropyga acutiventris","","Northern Territory","Australia","","Rainforest Under stone",NA,"point","-12.8333","132.867"
"http://antweb.org/api/v2/?occurrenceId=CAS:ANTWEB:anic32-018680","anic32-018680","formicidae","formicinae","Acropyga","acutiventris","Acropyga acutiventris","","Queensland","Australia","","Rainforest Under bark on tree",NA,"point","-16.9167","145.867"
"http://antweb.org/api/v2/?occurrenceId=CAS:ANTWEB:anic32-018681","anic32-018681","formicidae","formicinae","Acropyga","acutiventris","Acropyga acutiventris","","Queensland","Australia","","Rainforest Ex rtn. wood fragment",NA,"point","-16.9167","145.867"
"http://antweb.org/api/v2/?occurrenceId=CAS:ANTWEB:anic32-018682","anic32-018682","formicidae","formicinae","Acropyga","acutiventris","Acropyga acutiventris","","Queensland","Australia","","Rain forest Nest ex. rotten log",NA,"point","-16.9167","145.867"
"http://antweb.org/api/v2/?occurrenceId=CAS:ANTWEB:anic32-018683","anic32-018683","formicidae","formicinae","Acropyga","acutiventris","Acropyga acutiventris","","Queensland","Australia","","Rainforest Berlesate, stick brushing",720,"point","-16.0833","145.433"
"http://antweb.org/api/v2/?occurrenceId=CAS:ANTWEB:anic32-018684","anic32-018684","formicidae","formicinae","Acropyga","acutiventris","Acropyga acutiventris","","Queensland","Australia","","Rainforest Berlesate",75,"point","-17.25","145.767"
"http://antweb.org/api/v2/?occurrenceId=CAS:ANTWEB:anic32-018685","anic32-018685","formicidae","formicinae","Acropyga","acutiventris","Acropyga acutiventris","","Queensland","Australia","","Rainforest",NA,"point","-12.7","143.3"
"http://antweb.org/api/v2/?occurrenceId=CAS:ANTWEB:anic32-018686","anic32-018686","formicidae","formicinae","Acropyga","acutiventris","Acropyga acutiventris","","Queensland","Australia","","Rainforest",NA,"point","-12.7333","143.283"
"http://antweb.org/api/v2/?occurrenceId=CAS:ANTWEB:anic32-018687","anic32-018687","formicidae","formicinae","Acropyga","acutiventris","Acropyga acutiventris","","Queensland","Australia","","",NA,"point","-17.4333","145.95"
"http://antweb.org/api/v2/?occurrenceId=CAS:ANTWEB:anic32-018688","anic32-018688","formicidae","formicinae","Acropyga","acutiventris","Acropyga acutiventris","","Queensland","Australia","","Decid. Vine thicket Berlesate",330,"point","-17.2333","144.5"
"http://antweb.org/api/v2/?occurrenceId=CAS:ANTWEB:anic32-018689","anic32-018689","formicidae","formicinae","Acropyga","acutiventris","Acropyga acutiventris","","Queensland","Australia","","Rainforest",200,"point","-21.0833","148.633"
"http://antweb.org/api/v2/?occurrenceId=CAS:ANTWEB:anic32-018690","anic32-018690","formicidae","formicinae","Acropyga","acutiventris","Acropyga acutiventris","","Queensland","Australia","","Open forest",200,"point","-21.0833","148.633"
"http://antweb.org/api/v2/?occurrenceId=CAS:ANTWEB:anic32-018691","anic32-018691","formicidae","formicinae","Acropyga","acutiventris","Acropyga acutiventris","","Queensland","Australia","","",60,"point","-16.4667","145.433"
"http://antweb.org/api/v2/?occurrenceId=CAS:ANTWEB:anic32-018692","anic32-018692","formicidae","formicinae","Acropyga","acutiventris","Acropyga acutiventris","","Queensland","Australia","","Rainforest Under stone",NA,"point","-18.25","146.25"
"http://antweb.org/api/v2/?occurrenceId=CAS:ANTWEB:anic32-018693","anic32-018693","formicidae","formicinae","Acropyga","acutiventris","Acropyga acutiventris","","Queensland","Australia","","",NA,"point","-17.8667","146.1"
"http://antweb.org/api/v2/?occurrenceId=CAS:ANTWEB:anic32-018694","anic32-018694","formicidae","formicinae","Acropyga","acutiventris","Acropyga acutiventris","","Queensland","Australia","","Rainforest Under stone",NA,"point","-17.35","145.933"
"http://antweb.org/api/v2/?occurrenceId=CAS:ANTWEB:anic32-018695","anic32-018695","formicidae","formicinae","Acropyga","acutiventris","Acropyga acutiventris","","Queensland","Australia","","Savanna",NA,"point","-12.75","143.2"
"http://antweb.org/api/v2/?occurrenceId=CAS:ANTWEB:anic32-018696","anic32-018696","formicidae","formicinae","Acropyga","acutiventris","Acropyga acutiventris","","","Philippines","","Rainforest, along creek beds Under log",60,"point","9.73333","118.733"
"http://antweb.org/api/v2/?occurrenceId=CAS:ANTWEB:anic32-018697","anic32-018697","formicidae","formicinae","Acropyga","acutiventris","Acropyga acutiventris","","Morobe","Papua New Guinea","","Hoop pine plantation Under rock",701,"point","-7.25","146.667"
"http://antweb.org/api/v2/?occurrenceId=CAS:ANTWEB:anic32-018698","anic32-018698","formicidae","formicinae","Acropyga","acutiventris","Acropyga acutiventris","","Morobe","Papua New Guinea","","Rainforest Under log",1219,"point","-7.2","146.65"
"http://antweb.org/api/v2/?occurrenceId=CAS:ANTWEB:anic32-018699","anic32-018699","formicidae","formicinae","Acropyga","acutiventris","Acropyga acutiventris","","San Cristobal Is.","Solomon Islands","","",490,"point","-10.5167","162.067"
"http://antweb.org/api/v2/?occurrenceId=CAS:ANTWEB:anic32-018700","anic32-018700","formicidae","formicinae","Acropyga","acutiventris","Acropyga acutiventris","","Queensland","Australia","","Rainforest edge In soil, under log",180,"point","-17.4333","145.85"
"http://antweb.org/api/v2/?occurrenceId=CAS:ANTWEB:anic32-018704","anic32-018704","formicidae","formicinae","Acropyga","acutiventris","Acropyga acutiventris","syntype","Queensland","Australia","","",NA,"point","-18.25","143.433"
"http://antweb.org/api/v2/?occurrenceId=CAS:ANTWEB:anic32-018741","anic32-018741","formicidae","formicinae","Acropyga","acutiventris","Acropyga acutiventris","","Queensland","Australia","","",NA,"point","-10.8833","142.4"
"http://antweb.org/api/v2/?occurrenceId=CAS:ANTWEB:anic32-018762","anic32-018762","formicidae","formicinae","Acropyga","acutiventris","Acropyga acutiventris","","Northern Territory","Australia","","Rainforest, wet site Berlesate, sieved litter",NA,"point","-12.75","132.883"
"http://antweb.org/api/v2/?occurrenceId=CAS:ANTWEB:anic32-018791","anic32-018791","formicidae","formicinae","Acropyga","acutiventris","Acropyga acutiventris","","Queensland","Australia","","Rainforest Ex rtn. log",30,"point","-16.1333","145.433"
"http://antweb.org/api/v2/?occurrenceId=CAS:ANTWEB:anic32-030286","anic32-030286","formicidae","formicinae","Acropyga","acutiventris","Acropyga acutiventris","","Queensland","Australia","","Rainforest edge rotting wood",20,"point","-12.7667","143.283"
"http://antweb.org/api/v2/?occurrenceId=CAS:ANTWEB:anic32-030287","anic32-030287","formicidae","formicinae","Acropyga","acutiventris","Acropyga acutiventris","","Queensland","Australia","","Rainforest ex rotten log",20,"point","-12.7667","143.283"
"http://antweb.org/api/v2/?occurrenceId=CAS:ANTWEB:anic32-031190","anic32-031190","formicidae","formicinae","Acropyga","acutiventris","Acropyga acutiventris","","Queensland","Australia","","search party campsite",500,"point","-13.7333","143.333"
"http://antweb.org/api/v2/?occurrenceId=CAS:ANTWEB:anic32-043521","anic32-043521","formicidae","formicinae","Acropyga","acutiventris","Acropyga acutiventris","","Queensland","Australia","","",NA,"point","-11.6833","142.7"
"http://antweb.org/api/v2/?occurrenceId=CAS:ANTWEB:anic32-059575","anic32-059575","formicidae","formicinae","Acropyga","acutiventris","Acropyga acutiventris","","Queensland","Australia","","rainforest under stone",NA,"point","-12.7","143.3"
"http://antweb.org/api/v2/?occurrenceId=CAS:ANTWEB:anic32-063185","anic32-063185","formicidae","formicinae","Acropyga","acutiventris","Acropyga acutiventris","","Queensland","Australia","","Rainforest ex rotten log",90,"point","-10.75","142.517"
"http://antweb.org/api/v2/?occurrenceId=CAS:ANTWEB:anic32-063186","anic32-063186","formicidae","formicinae","Acropyga","acutiventris","Acropyga acutiventris","","Queensland","Australia","","Rainforest under stone",30,"point","-10.7333","142.533"
"http://antweb.org/api/v2/?occurrenceId=CAS:ANTWEB:anic32-063187","anic32-063187","formicidae","formicinae","Acropyga","acutiventris","Acropyga acutiventris","","Queensland","Australia","","Rainforest ex rotten log",40,"point","-11.6167","142.833"
"http://antweb.org/api/v2/?occurrenceId=CAS:ANTWEB:anic32-066206","anic32-066206","formicidae","formicinae","Acropyga","acutiventris","Acropyga acutiventris","","","Indonesia","","plot 3 rotting log",NA,"point","-6.16667","105.433"
"http://antweb.org/api/v2/?occurrenceId=CAS:ANTWEB:anic32-066207","anic32-066207","formicidae","formicinae","Acropyga","acutiventris","Acropyga acutiventris","","","Indonesia","","forest",500,"point","-6.16667","105.433"
"http://antweb.org/api/v2/?occurrenceId=CAS:ANTWEB:casent0106009","casent0106009","formicidae","formicinae","Acropyga","acutiventris","Acropyga acutiventris","","Queensland","Australia","","rainforest ex rotten log",20,"point","-12.76667","143.28333"
"http://antweb.org/api/v2/?occurrenceId=CAS:ANTWEB:casent0106009-d01","casent0106009-d01","formicidae","formicinae","Acropyga","acutiventris","Acropyga acutiventris","","Queensland","Australia","","rainforest ex rotten log",20,"point","-12.76667","143.28333"
"http://antweb.org/api/v2/?occurrenceId=CAS:ANTWEB:casent0106009-d11","casent0106009-d11","formicidae","formicinae","Acropyga","acutiventris","Acropyga acutiventris","","Queensland","Australia","","rainforest ex rotten log",20,"point","-12.76667","143.28333"
"http://antweb.org/api/v2/?occurrenceId=CAS:ANTWEB:casent0172013","casent0172013","formicidae","formicinae","Acropyga","acutiventris","Acropyga acutiventris","","Queensland","Australia","2010-09-21","",NA,NA,NA,NA
"http://antweb.org/api/v2/?occurrenceId=CAS:ANTWEB:casent0172014","casent0172014","formicidae","formicinae","Acropyga","acutiventris","Acropyga acutiventris","","Queensland","Australia","2010-09-21","",NA,NA,NA,NA
"http://antweb.org/api/v2/?occurrenceId=CAS:ANTWEB:casent0249911","casent0249911","formicidae","formicinae","Acropyga","acutiventris","Acropyga acutiventris","","Queensland","Australia","2005-12-31","rainforest ex rotten log",20,"point","-12.76667","143.28333"
"http://antweb.org/api/v2/?occurrenceId=CAS:ANTWEB:casent0616399","casent0616399","formicidae","formicinae","Acropyga","acutiventris","Acropyga acutiventris","","Sabah","Malaysia","2011-02-22","tropical rainforest ex sifted leaf litter",190,"point","4.96328","117.80495"
"http://antweb.org/api/v2/?occurrenceId=CAS:ANTWEB:casent0616826","casent0616826","formicidae","formicinae","Acropyga","acutiventris","Acropyga acutiventris","","Sabah","Malaysia","2011-02-22","tropical rainforest under epiphytes",170,"point","4.95689","117.80177"
"http://antweb.org/api/v2/?occurrenceId=CAS:ANTWEB:casent0616827","casent0616827","formicidae","formicinae","Acropyga","acutiventris","Acropyga acutiventris","","Sabah","Malaysia","2011-02-22","tropical rainforest under epiphytes",170,"point","4.95689","117.80177"
"http://antweb.org/api/v2/?occurrenceId=CAS:ANTWEB:casent0634294","casent0634294","formicidae","formicinae","Acropyga","acutiventris","Acropyga acutiventris","","Sabah","Malaysia","2014-10-01","2nd growth wet forest in soil of clay bank",360,"point","4.71342","116.60503"
"http://antweb.org/api/v2/?occurrenceId=CAS:ANTWEB:casent0634853","casent0634853","formicidae","formicinae","Acropyga","acutiventris","Acropyga acutiventris","","Sabah","Malaysia","2014-10-01","2nd growth wet forest ex sifted leaf litter",330,"point","4.62851","116.47158"
"http://antweb.org/api/v2/?occurrenceId=CAS:ANTWEB:casent0903172","casent0903172","formicidae","formicinae","Acropyga","acutiventris","Acropyga acutiventris","syntype of Acropyga moluccana australis","Queensland","Australia","","",NA,NA,NA,NA
"http://antweb.org/api/v2/?occurrenceId=CAS:ANTWEB:casent0903173","casent0903173","formicidae","formicinae","Acropyga","acutiventris","Acropyga acutiventris","paratype of Pseudolasius undecemus","West Papua","Indonesia","","",NA,NA,NA,NA
"http://antweb.org/api/v2/?occurrenceId=CAS:ANTWEB:casent0903174","casent0903174","formicidae","formicinae","Acropyga","acutiventris","Acropyga acutiventris","syntype of Acropyga moluccana papuana","","Solomon Islands","","",NA,NA,NA,NA
"http://antweb.org/api/v2/?occurrenceId=CAS:ANTWEB:casent0905159","casent0905159","formicidae","formicinae","Acropyga","acutiventris","Acropyga acutiventris","syntype of Acropyga crassicornis","Maluku","Indonesia","","",NA,NA,NA,NA
"http://antweb.org/api/v2/?occurrenceId=CAS:ANTWEB:casent0905160","casent0905160","formicidae","formicinae","Acropyga","acutiventris","Acropyga acutiventris","syntype of Acropyga moluccana papuana","","Solomon Islands","","",NA,NA,NA,NA
"http://antweb.org/api/v2/?occurrenceId=CAS:ANTWEB:casent0909899","casent0909899","formicidae","formicinae","Acropyga","acutiventris","Acropyga acutiventris","syntype of Acropyga moluccana australis","Queensland","Australia","","",NA,NA,NA,NA
"http://antweb.org/api/v2/?occurrenceId=CAS:ANTWEB:casent0915710","casent0915710","formicidae","formicinae","Acropyga","acutiventris","Acropyga acutiventris","syntype of Acropyga moluccana","Maluku","Indonesia","","",NA,NA,NA,NA
"http://antweb.org/api/v2/?occurrenceId=CAS:ANTWEB:castype06984","castype06984","formicidae","formicinae","Acropyga","acutiventris","Acropyga acutiventris","","Morobe","New Guinea","2012-04-17","",NA,"point","-6.56667","147.85"
"http://antweb.org/api/v2/?occurrenceId=CAS:ANTWEB:fmnhins0000106321","fmnhins0000106321","formicidae","formicinae","Acropyga","acutiventris","Acropyga acutiventris","","","","","",NA,NA,NA,NA
"http://antweb.org/api/v2/?occurrenceId=CAS:ANTWEB:jtl301522","jtl301522","formicidae","formicinae","Acropyga","acutiventris","Acropyga acutiventris","","Sabah","Malaysia","2011-02-22","tropical rainforest ex sifted leaf litter",190,"point","4.96328","117.80495"
"http://antweb.org/api/v2/?occurrenceId=CAS:ANTWEB:jtl301616","jtl301616","formicidae","formicinae","Acropyga","acutiventris","Acropyga acutiventris","","Sabah","Malaysia","2011-02-22","tropical rainforest under epiphytes",170,"point","4.95689","117.80177"
"http://antweb.org/api/v2/?occurrenceId=CAS:ANTWEB:jtlc000008606","jtlc000008606","formicidae","formicinae","Acropyga","acutiventris","Acropyga acutiventris","","Queensland","Australia","2006-08-18","lowland wet forest workers under stone",150,"point","-16.80623","145.68314"
"http://antweb.org/api/v2/?occurrenceId=CAS:ANTWEB:jtlc000008607","jtlc000008607","formicidae","formicinae","Acropyga","acutiventris","Acropyga acutiventris","","Queensland","Australia","2006-08-18","lowland wet forest workers under stone",150,"point","-16.80623","145.68314"
"http://antweb.org/api/v2/?occurrenceId=CAS:ANTWEB:jtlc000008689","jtlc000008689","formicidae","formicinae","Acropyga","acutiventris","Acropyga acutiventris","","Queensland","Australia","2006-08-18","lowland wet forest ex sifted leaf litter",100,"point","-16.96232","145.67795"
