"url","catalogNumber","family","subfamily","genus","specificEpithet","scientific_name","typeStatus","stateProvince","country","dateIdentified","habitat","minimumElevationInMeters","geojson.type","decimal_latitude","decimal_longitude"
"http://antweb.org/api/v2/?occurrenceId=CAS:ANTWEB:casent0173798","casent0173798","formicidae","myrmicinae","Acromyrmex","fracticornis","Acromyrmex fracticornis","","Concepci n","Paraguay","2006-12-31","Grazed 2nd growth forest",155,"point","-23.347534","-57.3408"
"http://antweb.org/api/v2/?occurrenceId=CAS:ANTWEB:casent0909429","casent0909429","formicidae","myrmicinae","Acromyrmex","fracticornis","Acromyrmex fracticornis","syntype of Acromyrmex fracticornis","Cordillera","Paraguay","","",NA,NA,NA,NA
"http://antweb.org/api/v2/?occurrenceId=CAS:ANTWEB:casent0909430","casent0909430","formicidae","myrmicinae","Acromyrmex","fracticornis","Acromyrmex fracticornis","syntype of Acromyrmex fracticornis","Cordillera","Paraguay","","",NA,NA,NA,NA
"http://antweb.org/api/v2/?occurrenceId=CAS:ANTWEB:casent0909431","casent0909431","formicidae","myrmicinae","Acromyrmex","fracticornis","Acromyrmex fracticornis","syntype of Acromyrmex fracticornis jorgenseni","Mendoza","Argentina","","",NA,NA,NA,NA
"http://antweb.org/api/v2/?occurrenceId=CAS:ANTWEB:casent0922023","casent0922023","formicidae","myrmicinae","Acromyrmex","fracticornis","Acromyrmex fracticornis","","Santa Cruz","Bolivia","","tropical dry forest ground forager s",320,"point","-17.83333","-62.83333"
