"url","catalogNumber","family","subfamily","genus","specificEpithet","scientific_name","typeStatus","stateProvince","country","dateIdentified","habitat","minimumElevationInMeters","geojson.type","decimal_latitude","decimal_longitude"
"http://antweb.org/api/v2/?occurrenceId=CAS:ANTWEB:casent0104326","casent0104326","formicidae","myrmicinae","Acromyrmex","striatus","Acromyrmex striatus","","","Argentina","2006-03-07","",NA,NA,NA,NA
"http://antweb.org/api/v2/?occurrenceId=CAS:ANTWEB:casent0104327","casent0104327","formicidae","myrmicinae","Acromyrmex","striatus","Acromyrmex striatus","","","Argentina","2006-03-07","",NA,NA,NA,NA
"http://antweb.org/api/v2/?occurrenceId=CAS:ANTWEB:casent0173803","casent0173803","formicidae","myrmicinae","Acromyrmex","striatus","Acromyrmex striatus","","Pte. Hayes","Paraguay","2006-12-31","",NA,NA,NA,NA
"http://antweb.org/api/v2/?occurrenceId=CAS:ANTWEB:casent0912483","casent0912483","formicidae","myrmicinae","Acromyrmex","striatus","Acromyrmex striatus","syntype of Acromyrmex striatus laeviventris","Jujuy","Argentina","","",NA,NA,NA,NA
"http://antweb.org/api/v2/?occurrenceId=CAS:ANTWEB:casent0912484","casent0912484","formicidae","myrmicinae","Acromyrmex","striatus","Acromyrmex striatus","syntype of Acromyrmex striatus laeviventris","Jujuy","Argentina","","",NA,NA,NA,NA
"http://antweb.org/api/v2/?occurrenceId=CAS:ANTWEB:casent0922030","casent0922030","formicidae","myrmicinae","Acromyrmex","striatus","Acromyrmex striatus","","La Rioja","Argentina","","",1080,"point","-29.16667","-67.5"
