"url","catalogNumber","family","subfamily","genus","specificEpithet","scientific_name","typeStatus","stateProvince","country","dateIdentified","habitat","minimumElevationInMeters","geojson.type","decimal_latitude","decimal_longitude"
"http://antweb.org/api/v2/?occurrenceId=CAS:ANTWEB:casent0173795","casent0173795","formicidae","myrmicinae","Acromyrmex","heyeri","Acromyrmex heyeri","","Neembuc","Paraguay","2006-12-31","Pasture",65,"point","-26.8321","-58.282734"
"http://antweb.org/api/v2/?occurrenceId=CAS:ANTWEB:casent0173796","casent0173796","formicidae","myrmicinae","Acromyrmex","heyeri","Acromyrmex heyeri","","Neembuc","Paraguay","2006-12-31","Pasture",65,"point","-26.8321","-58.282734"
"http://antweb.org/api/v2/?occurrenceId=CAS:ANTWEB:casent0909432","casent0909432","formicidae","myrmicinae","Acromyrmex","heyeri","Acromyrmex heyeri","syntype of Acromyrmex heyeri","Rio Grande do Sul","Brazil","","",NA,NA,NA,NA
"http://antweb.org/api/v2/?occurrenceId=CAS:ANTWEB:casent0909433","casent0909433","formicidae","myrmicinae","Acromyrmex","heyeri","Acromyrmex heyeri","syntype of Acromyrmex heyeri","Rio Grande do Sul","Brazil","","",NA,NA,NA,NA
"http://antweb.org/api/v2/?occurrenceId=CAS:ANTWEB:casent0912477","casent0912477","formicidae","myrmicinae","Acromyrmex","heyeri","Acromyrmex heyeri","syntype of Acromyrmex heyeri gaudens","","Argentina","","",NA,NA,NA,NA
"http://antweb.org/api/v2/?occurrenceId=CAS:ANTWEB:casent0912478","casent0912478","formicidae","myrmicinae","Acromyrmex","heyeri","Acromyrmex heyeri","syntype of Acromyrmex heyeri lillensis","Santa Fe","Argentina","","",NA,NA,NA,NA
"http://antweb.org/api/v2/?occurrenceId=CAS:ANTWEB:casent0912479","casent0912479","formicidae","myrmicinae","Acromyrmex","heyeri","Acromyrmex heyeri","syntype of Acromyrmex heyeri lillensis","Santa Fe","Argentina","","",NA,NA,NA,NA
