"url","catalogNumber","family","subfamily","genus","specificEpithet","scientific_name","typeStatus","stateProvince","country","dateIdentified","habitat","minimumElevationInMeters"
"http://antweb.org/api/v2/?occurrenceId=CAS:ANTWEB:casent0281787","casent0281787","formicidae","myrmicinae","Acromyrmex","hystrix","Acromyrmex hystrix","","Para","Brazil","","",NA
"http://antweb.org/api/v2/?occurrenceId=CAS:ANTWEB:casent0904992","casent0904992","formicidae","myrmicinae","Acromyrmex","hystrix","Acromyrmex hystrix","syntype of Atta emilii","Para","Brazil","","",NA
"http://antweb.org/api/v2/?occurrenceId=CAS:ANTWEB:casent0909412","casent0909412","formicidae","myrmicinae","Acromyrmex","hystrix","Acromyrmex hystrix","syntype of Atta emilii","Para","Brazil","","",NA
"http://antweb.org/api/v2/?occurrenceId=CAS:ANTWEB:fmnhins0000047633","fmnhins0000047633","formicidae","myrmicinae","Acromyrmex","hystrix","Acromyrmex hystrix","","","","","",NA
"http://antweb.org/api/v2/?occurrenceId=CAS:ANTWEB:fmnhins0000047634","fmnhins0000047634","formicidae","myrmicinae","Acromyrmex","hystrix","Acromyrmex hystrix","","","","","",NA
"http://antweb.org/api/v2/?occurrenceId=CAS:ANTWEB:fmnhins0000047635","fmnhins0000047635","formicidae","myrmicinae","Acromyrmex","hystrix","Acromyrmex hystrix","","","","","",NA
"http://antweb.org/api/v2/?occurrenceId=CAS:ANTWEB:fmnhins0000047636","fmnhins0000047636","formicidae","myrmicinae","Acromyrmex","hystrix","Acromyrmex hystrix","","","","","",NA
"http://antweb.org/api/v2/?occurrenceId=CAS:ANTWEB:fmnhins0000047637","fmnhins0000047637","formicidae","myrmicinae","Acromyrmex","hystrix","Acromyrmex hystrix","","","","","",NA
"http://antweb.org/api/v2/?occurrenceId=CAS:ANTWEB:fmnhins0000047638","fmnhins0000047638","formicidae","myrmicinae","Acromyrmex","hystrix","Acromyrmex hystrix","","","","","",NA
"http://antweb.org/api/v2/?occurrenceId=CAS:ANTWEB:fmnhins0000047639","fmnhins0000047639","formicidae","myrmicinae","Acromyrmex","hystrix","Acromyrmex hystrix","","","","","",NA
"http://antweb.org/api/v2/?occurrenceId=CAS:ANTWEB:fmnhins0000047651","fmnhins0000047651","formicidae","myrmicinae","Acromyrmex","hystrix","Acromyrmex hystrix","","","","","",NA
"http://antweb.org/api/v2/?occurrenceId=CAS:ANTWEB:fmnhins0000047652","fmnhins0000047652","formicidae","myrmicinae","Acromyrmex","hystrix","Acromyrmex hystrix","","","","","",NA
"http://antweb.org/api/v2/?occurrenceId=CAS:ANTWEB:fmnhins0000047653","fmnhins0000047653","formicidae","myrmicinae","Acromyrmex","hystrix","Acromyrmex hystrix","","","","","",NA
"http://antweb.org/api/v2/?occurrenceId=CAS:ANTWEB:fmnhins0000047654","fmnhins0000047654","formicidae","myrmicinae","Acromyrmex","hystrix","Acromyrmex hystrix","","","","","",NA
"http://antweb.org/api/v2/?occurrenceId=CAS:ANTWEB:fmnhins0000047655","fmnhins0000047655","formicidae","myrmicinae","Acromyrmex","hystrix","Acromyrmex hystrix","","","","","",NA
"http://antweb.org/api/v2/?occurrenceId=CAS:ANTWEB:fmnhins0000047656","fmnhins0000047656","formicidae","myrmicinae","Acromyrmex","hystrix","Acromyrmex hystrix","","","","","",NA
"http://antweb.org/api/v2/?occurrenceId=CAS:ANTWEB:fmnhins0000047657","fmnhins0000047657","formicidae","myrmicinae","Acromyrmex","hystrix","Acromyrmex hystrix","","","","","",NA
"http://antweb.org/api/v2/?occurrenceId=CAS:ANTWEB:fmnhins0000047658","fmnhins0000047658","formicidae","myrmicinae","Acromyrmex","hystrix","Acromyrmex hystrix","","","","","",NA
"http://antweb.org/api/v2/?occurrenceId=CAS:ANTWEB:fmnhins0000047659","fmnhins0000047659","formicidae","myrmicinae","Acromyrmex","hystrix","Acromyrmex hystrix","","","","","",NA
"http://antweb.org/api/v2/?occurrenceId=CAS:ANTWEB:fmnhins0000047661","fmnhins0000047661","formicidae","myrmicinae","Acromyrmex","hystrix","Acromyrmex hystrix","","","","","",NA
"http://antweb.org/api/v2/?occurrenceId=CAS:ANTWEB:fmnhins0000047662","fmnhins0000047662","formicidae","myrmicinae","Acromyrmex","hystrix","Acromyrmex hystrix","","","","","",NA
"http://antweb.org/api/v2/?occurrenceId=CAS:ANTWEB:fmnhins0000047663","fmnhins0000047663","formicidae","myrmicinae","Acromyrmex","hystrix","Acromyrmex hystrix","","","","","",NA
