"url","catalogNumber","family","subfamily","genus","specificEpithet","scientific_name","typeStatus","stateProvince","country","dateIdentified","habitat","minimumElevationInMeters","geojson.type","decimal_latitude","decimal_longitude"
"http://antweb.org/api/v2/?occurrenceId=CAS:ANTWEB:casent0173793","casent0173793","formicidae","myrmicinae","Acromyrmex","crassispinus","Acromyrmex crassispinus","","Neembuc","Paraguay","2006-12-31","humid sub-tropical forest edge",NA,"point","-26.85","-57.6"
"http://antweb.org/api/v2/?occurrenceId=CAS:ANTWEB:casent0173794","casent0173794","formicidae","myrmicinae","Acromyrmex","crassispinus","Acromyrmex crassispinus","","Neembuc","Paraguay","2006-12-31","humid sub-tropical forest edge",NA,"point","-26.85","-57.6"
"http://antweb.org/api/v2/?occurrenceId=CAS:ANTWEB:casent0904995","casent0904995","formicidae","myrmicinae","Acromyrmex","crassispinus","Acromyrmex crassispinus","syntype of Atta mesonotalis crassispina","Cordillera","Paraguay","","",NA,NA,NA,NA
"http://antweb.org/api/v2/?occurrenceId=CAS:ANTWEB:casent0909411","casent0909411","formicidae","myrmicinae","Acromyrmex","crassispinus","Acromyrmex crassispinus","syntype of Acromyrmex crassispinus","Cordillera","Paraguay","","",NA,NA,NA,NA
"http://antweb.org/api/v2/?occurrenceId=CAS:ANTWEB:casent0912446","casent0912446","formicidae","myrmicinae","Acromyrmex","crassispinus","Acromyrmex crassispinus","syntype of Acromyrmex hispidus atratus","Santa Fe","Argentina","","",NA,NA,NA,NA
"http://antweb.org/api/v2/?occurrenceId=CAS:ANTWEB:casent0912447","casent0912447","formicidae","myrmicinae","Acromyrmex","crassispinus","Acromyrmex crassispinus","syntype of Acromyrmex nigrosetosa diabolica","Santa Catarina","Brazil","","",NA,NA,NA,NA
"http://antweb.org/api/v2/?occurrenceId=CAS:ANTWEB:casent0912448","casent0912448","formicidae","myrmicinae","Acromyrmex","crassispinus","Acromyrmex crassispinus","syntype of Acromyrmex aspersus insularis","Sao Paulo","Brazil","","",NA,NA,NA,NA
"http://antweb.org/api/v2/?occurrenceId=CAS:ANTWEB:casent0912449","casent0912449","formicidae","myrmicinae","Acromyrmex","crassispinus","Acromyrmex crassispinus","syntype of Acromyrmex diabolicus mediocris","Parana","Brazil","","",NA,NA,NA,NA
"http://antweb.org/api/v2/?occurrenceId=CAS:ANTWEB:casent0912450","casent0912450","formicidae","myrmicinae","Acromyrmex","crassispinus","Acromyrmex crassispinus","syntype of Acromyrmex crassispinus rusticus","Santa Catarina","Brazil","","",NA,NA,NA,NA
"http://antweb.org/api/v2/?occurrenceId=CAS:ANTWEB:casent0912451","casent0912451","formicidae","myrmicinae","Acromyrmex","crassispinus","Acromyrmex crassispinus","syntype of Acromyrmex hispidus formosus rufescens","Rio Grande do Sul","Brazil","","",NA,NA,NA,NA
