"url","catalogNumber","family","subfamily","genus","specificEpithet","scientific_name","typeStatus","stateProvince","country","dateIdentified","habitat","minimumElevationInMeters","geojson.type","decimal_latitude","decimal_longitude"
"http://antweb.org/api/v2/?occurrenceId=CAS:ANTWEB:casent0005662","casent0005662","formicidae","myrmicinae","Acromyrmex","versicolor","Acromyrmex versicolor","","California","United States","2000-11-10","dry wash",NA,"point","33.18389","-114.86583"
"http://antweb.org/api/v2/?occurrenceId=CAS:ANTWEB:casent0011097","casent0011097","formicidae","myrmicinae","Acromyrmex","versicolor","Acromyrmex versicolor","","California","United States","2004-03-09","Sonoran desert wash ground enst",470,"point","33.65","-115.8"
"http://antweb.org/api/v2/?occurrenceId=CAS:ANTWEB:casent0104036","casent0104036","formicidae","myrmicinae","Acromyrmex","versicolor","Acromyrmex versicolor","","Sinaloa","Mexico","2004-03-09","",NA,NA,NA,NA
"http://antweb.org/api/v2/?occurrenceId=CAS:ANTWEB:casent0106056","casent0106056","formicidae","myrmicinae","Acromyrmex","versicolor","Acromyrmex versicolor","","California","United States","","Sonoran desert wash ground enst",470,"point","33.65","-115.8"
"http://antweb.org/api/v2/?occurrenceId=CAS:ANTWEB:casent0106056-d01","casent0106056-d01","formicidae","myrmicinae","Acromyrmex","versicolor","Acromyrmex versicolor","","California","United States","","Sonoran desert wash ground enst",470,"point","33.65","-115.8"
"http://antweb.org/api/v2/?occurrenceId=CAS:ANTWEB:casent0106056-d11","casent0106056-d11","formicidae","myrmicinae","Acromyrmex","versicolor","Acromyrmex versicolor","","California","United States","","Sonoran desert wash ground enst",470,"point","33.65","-115.8"
"http://antweb.org/api/v2/?occurrenceId=CAS:ANTWEB:casent0220441","casent0220441","formicidae","myrmicinae","Acromyrmex","versicolor","Acromyrmex versicolor","","Coahuila","Mexico","","Chihuahuah desert scrub",860,"point","27","-102.06667"
"http://antweb.org/api/v2/?occurrenceId=CAS:ANTWEB:casent0221084","casent0221084","formicidae","myrmicinae","Acromyrmex","versicolor","Acromyrmex versicolor","","Baja California","Mexico","2015-06-07","Sonoran desert ground nest with crater",470,"point","29.0721","-114.04056"
"http://antweb.org/api/v2/?occurrenceId=CAS:ANTWEB:casent0246631","casent0246631","formicidae","myrmicinae","Acromyrmex","versicolor","Acromyrmex versicolor","","Arizona","United States","","Port of entry",NA,NA,NA,NA
"http://antweb.org/api/v2/?occurrenceId=CAS:ANTWEB:casent0922032","casent0922032","formicidae","myrmicinae","Acromyrmex","versicolor","Acromyrmex versicolor","","Baja California","Mexico","","Sonoran desert wash ground forager s",550,"point","29.73333","-114.71667"
"http://antweb.org/api/v2/?occurrenceId=CAS:ANTWEB:casent8364500","casent8364500","formicidae","myrmicinae","Acromyrmex","versicolor","Acromyrmex versicolor","","California","United States","","",NA,NA,NA,NA
"http://antweb.org/api/v2/?occurrenceId=CAS:ANTWEB:casent8364501","casent8364501","formicidae","myrmicinae","Acromyrmex","versicolor","Acromyrmex versicolor","","California","United States","","",NA,NA,NA,NA
"http://antweb.org/api/v2/?occurrenceId=CAS:ANTWEB:casent8364502","casent8364502","formicidae","myrmicinae","Acromyrmex","versicolor","Acromyrmex versicolor","","California","United States","1966-01-01","",NA,NA,NA,NA
"http://antweb.org/api/v2/?occurrenceId=CAS:ANTWEB:castype00618","castype00618","formicidae","myrmicinae","Acromyrmex","versicolor","Acromyrmex versicolor","","Baja California Norte","Mexico","2005-09-22","",NA,NA,NA,NA
"http://antweb.org/api/v2/?occurrenceId=CAS:ANTWEB:fmnhins0000106306","fmnhins0000106306","formicidae","myrmicinae","Acromyrmex","versicolor","Acromyrmex versicolor","","","","","dry cactus plain",732,NA,NA,NA
"http://antweb.org/api/v2/?occurrenceId=CAS:ANTWEB:fmnhins0000106307","fmnhins0000106307","formicidae","myrmicinae","Acromyrmex","versicolor","Acromyrmex versicolor","","","","","",NA,NA,NA,NA
"http://antweb.org/api/v2/?occurrenceId=CAS:ANTWEB:fmnhins0000106308","fmnhins0000106308","formicidae","myrmicinae","Acromyrmex","versicolor","Acromyrmex versicolor","","","","","",NA,NA,NA,NA
"http://antweb.org/api/v2/?occurrenceId=CAS:ANTWEB:fmnhins0000106309","fmnhins0000106309","formicidae","myrmicinae","Acromyrmex","versicolor","Acromyrmex versicolor","","","","","",NA,NA,NA,NA
"http://antweb.org/api/v2/?occurrenceId=CAS:ANTWEB:fmnhins0000106310","fmnhins0000106310","formicidae","myrmicinae","Acromyrmex","versicolor","Acromyrmex versicolor","","","","","",696,NA,NA,NA
"http://antweb.org/api/v2/?occurrenceId=CAS:ANTWEB:fmnhins0000106311","fmnhins0000106311","formicidae","myrmicinae","Acromyrmex","versicolor","Acromyrmex versicolor","","","","","",NA,NA,NA,NA
"http://antweb.org/api/v2/?occurrenceId=CAS:ANTWEB:fmnhins0000106312","fmnhins0000106312","formicidae","myrmicinae","Acromyrmex","versicolor","Acromyrmex versicolor","","","","","",696,NA,NA,NA
"http://antweb.org/api/v2/?occurrenceId=CAS:ANTWEB:fmnhins0000106313","fmnhins0000106313","formicidae","myrmicinae","Acromyrmex","versicolor","Acromyrmex versicolor","","","","","",579,NA,NA,NA
"http://antweb.org/api/v2/?occurrenceId=CAS:ANTWEB:fmnhins0000106314","fmnhins0000106314","formicidae","myrmicinae","Acromyrmex","versicolor","Acromyrmex versicolor","","","","","desert woodland",NA,NA,NA,NA
"http://antweb.org/api/v2/?occurrenceId=CAS:ANTWEB:fmnhins0000106315","fmnhins0000106315","formicidae","myrmicinae","Acromyrmex","versicolor","Acromyrmex versicolor","","","","","cactus-ocotillo desert",NA,NA,NA,NA
"http://antweb.org/api/v2/?occurrenceId=CAS:ANTWEB:fmnhins0000106316","fmnhins0000106316","formicidae","myrmicinae","Acromyrmex","versicolor","Acromyrmex versicolor","","","","","creosote bush-mesquite desert",NA,NA,NA,NA
"http://antweb.org/api/v2/?occurrenceId=CAS:ANTWEB:fmnhins0000106317","fmnhins0000106317","formicidae","myrmicinae","Acromyrmex","versicolor","Acromyrmex versicolor","","","","","cactus-ocotillo desert",NA,NA,NA,NA
"http://antweb.org/api/v2/?occurrenceId=CAS:ANTWEB:fmnhins0000106318","fmnhins0000106318","formicidae","myrmicinae","Acromyrmex","versicolor","Acromyrmex versicolor","","","","","",696,NA,NA,NA
"http://antweb.org/api/v2/?occurrenceId=CAS:ANTWEB:fmnhins0000106319","fmnhins0000106319","formicidae","myrmicinae","Acromyrmex","versicolor","Acromyrmex versicolor","","","","","cactus-ocotillo desert",NA,NA,NA,NA
"http://antweb.org/api/v2/?occurrenceId=CAS:ANTWEB:fmnhins0000106320","fmnhins0000106320","formicidae","myrmicinae","Acromyrmex","versicolor","Acromyrmex versicolor","","","","","Mixed desert woodland",NA,NA,NA,NA
