"url","catalogNumber","family","subfamily","genus","specificEpithet","scientific_name","typeStatus","stateProvince","country","dateIdentified","habitat","minimumElevationInMeters","geojson.type","decimal_latitude","decimal_longitude"
"http://antweb.org/api/v2/?occurrenceId=CAS:ANTWEB:casent0900491","casent0900491","formicidae","myrmicinae","Acromyrmex","disciger","Acromyrmex disciger","syntype of Acromyrmex disciger","Santa Catarina","Brazil","","",NA,NA,NA,NA
"http://antweb.org/api/v2/?occurrenceId=CAS:ANTWEB:casent0919615","casent0919615","formicidae","myrmicinae","Acromyrmex","disciger","Acromyrmex disciger","syntype of Atta discigera","Santa Catarina","Brazil","","",NA,NA,NA,NA
"http://antweb.org/api/v2/?occurrenceId=CAS:ANTWEB:casent0919616","casent0919616","formicidae","myrmicinae","Acromyrmex","disciger","Acromyrmex disciger","syntype of Atta discigera","Santa Catarina","Brazil","","",NA,NA,NA,NA
"http://antweb.org/api/v2/?occurrenceId=CAS:ANTWEB:casent0922022","casent0922022","formicidae","myrmicinae","Acromyrmex","disciger","Acromyrmex disciger","","Santa Cruz","Bolivia","","savannah ground nest",700,"point","-14.8","-60.3833"
