"url","catalogNumber","family","subfamily","genus","specificEpithet","scientific_name","typeStatus","stateProvince","country","dateIdentified","habitat","minimumElevationInMeters","geojson.type","decimal_latitude","decimal_longitude"
"http://antweb.org/api/v2/?occurrenceId=CAS:ANTWEB:casent0217814","casent0217814","formicidae","myrmicinae","Acromyrmex","volcanus","Acromyrmex volcanus","","Heredia","Costa Rica","2010-12-31","",100,"point","10.43333","-84.01667"
"http://antweb.org/api/v2/?occurrenceId=CAS:ANTWEB:casent0612091","casent0612091","formicidae","myrmicinae","Acromyrmex","volcanus","Acromyrmex volcanus","","Gracias a Dios","Honduras","2010-11-10","tropical rainforest at bait",370,"point","15.71844","-84.87811"
"http://antweb.org/api/v2/?occurrenceId=CAS:ANTWEB:casent0619733","casent0619733","formicidae","myrmicinae","Acromyrmex","volcanus","Acromyrmex volcanus","","Jinotega","Nicaragua","2011-08-20","cloud forest",1610,"point","13.76926","-85.03537"
"http://antweb.org/api/v2/?occurrenceId=CAS:ANTWEB:casent0619782","casent0619782","formicidae","myrmicinae","Acromyrmex","volcanus","Acromyrmex volcanus","","Matagalpa","Nicaragua","2011-08-20","",610,"point","12.95458","-85.23037"
"http://antweb.org/api/v2/?occurrenceId=CAS:ANTWEB:casent0619795","casent0619795","formicidae","myrmicinae","Acromyrmex","volcanus","Acromyrmex volcanus","","Regi n Aut noma del Atl ntico Sur","Nicaragua","2011-08-20","2 lowland rainforest",40,"point","12.6674","-83.7224"
"http://antweb.org/api/v2/?occurrenceId=CAS:ANTWEB:casent0622995","casent0622995","formicidae","myrmicinae","Acromyrmex","volcanus","Acromyrmex volcanus","","Regi n Aut noma del Atl ntico Sur","Nicaragua","2012-08-16","2 lowland rainforest ground foragers",40,"point","12.6685","-83.71905"
"http://antweb.org/api/v2/?occurrenceId=CAS:ANTWEB:casent0622996","casent0622996","formicidae","myrmicinae","Acromyrmex","volcanus","Acromyrmex volcanus","","Regi n Aut noma del Atl ntico Sur","Nicaragua","2013-04-09","2 lowland rainforest ground nest",30,"point","12.67179","-83.71676"
"http://antweb.org/api/v2/?occurrenceId=CAS:ANTWEB:casent0622997","casent0622997","formicidae","myrmicinae","Acromyrmex","volcanus","Acromyrmex volcanus","","Regi n Aut noma del Atl ntico Sur","Nicaragua","2013-04-09","2 lowland rainforest ground nest",30,"point","12.67179","-83.71676"
"http://antweb.org/api/v2/?occurrenceId=CAS:ANTWEB:casent0622998","casent0622998","formicidae","myrmicinae","Acromyrmex","volcanus","Acromyrmex volcanus","","Regi n Aut noma del Atl ntico Sur","Nicaragua","2013-04-09","2 lowland rainforest ground nest",30,"point","12.67179","-83.71676"
"http://antweb.org/api/v2/?occurrenceId=CAS:ANTWEB:casent0622999","casent0622999","formicidae","myrmicinae","Acromyrmex","volcanus","Acromyrmex volcanus","","Regi n Aut noma del Atl ntico Sur","Nicaragua","2013-04-09","2 lowland rainforest ground nest",30,"point","12.67179","-83.71676"
"http://antweb.org/api/v2/?occurrenceId=CAS:ANTWEB:casent0627790","casent0627790","formicidae","myrmicinae","Acromyrmex","volcanus","Acromyrmex volcanus","","Matagalpa","Nicaragua","2012-03-15","tropical wet forest flight intercept trap",580,"point","12.95903","-85.22736"
"http://antweb.org/api/v2/?occurrenceId=CAS:ANTWEB:casent0633568","casent0633568","formicidae","myrmicinae","Acromyrmex","volcanus","Acromyrmex volcanus","","Dari n","Panama","2015-03-31","mature moist forest nocturnal foragers",810,"point","8.78956","-78.45323"
"http://antweb.org/api/v2/?occurrenceId=CAS:ANTWEB:casent0710532","casent0710532","formicidae","myrmicinae","Acromyrmex","volcanus","Acromyrmex volcanus","","Matagalpa","Nicaragua","2013-09-18","tropical wet forest column on ground",930,"point","12.96455","-85.23244"
"http://antweb.org/api/v2/?occurrenceId=CAS:ANTWEB:casent0710533","casent0710533","formicidae","myrmicinae","Acromyrmex","volcanus","Acromyrmex volcanus","","Matagalpa","Nicaragua","2013-09-18","tropical wet forest column on ground",930,"point","12.96455","-85.23244"
"http://antweb.org/api/v2/?occurrenceId=CAS:ANTWEB:casent0710534","casent0710534","formicidae","myrmicinae","Acromyrmex","volcanus","Acromyrmex volcanus","","Matagalpa","Nicaragua","2013-09-18","tropical wet forest on tree trunk",590,"point","12.95704","-85.22919"
"http://antweb.org/api/v2/?occurrenceId=CAS:ANTWEB:casent0710535","casent0710535","formicidae","myrmicinae","Acromyrmex","volcanus","Acromyrmex volcanus","","Matagalpa","Nicaragua","2013-09-18","tropical wet forest column on ground",570,"point","12.95789","-85.22828"
"http://antweb.org/api/v2/?occurrenceId=CAS:ANTWEB:casent0711728","casent0711728","formicidae","myrmicinae","Acromyrmex","volcanus","Acromyrmex volcanus","","Matagalpa","Nicaragua","2013-10-02","tropical wet forest column on ground",930,"point","12.96455","-85.23244"
"http://antweb.org/api/v2/?occurrenceId=CAS:ANTWEB:casent0711729","casent0711729","formicidae","myrmicinae","Acromyrmex","volcanus","Acromyrmex volcanus","","Matagalpa","Nicaragua","2013-10-02","tropical wet forest on tree trunk",590,"point","12.95704","-85.22919"
"http://antweb.org/api/v2/?occurrenceId=CAS:ANTWEB:casent0922033","casent0922033","formicidae","myrmicinae","Acromyrmex","volcanus","Acromyrmex volcanus","","Darien","Panama","","",800,"point","7.71667","-77.7"
"http://antweb.org/api/v2/?occurrenceId=CAS:ANTWEB:inb0003231179","inb0003231179","formicidae","myrmicinae","Acromyrmex","volcanus","Acromyrmex volcanus","","Heredia","Costa Rica","2004-04-20","montane wet forest",500,"point","10.33333","-84.06667"
"http://antweb.org/api/v2/?occurrenceId=CAS:ANTWEB:inb0003237024","inb0003237024","formicidae","myrmicinae","Acromyrmex","volcanus","Acromyrmex volcanus","","Heredia","Costa Rica","2004-04-20","montane wet forest",500,"point","10.33333","-84.06667"
"http://antweb.org/api/v2/?occurrenceId=CAS:ANTWEB:inb0003237255","inb0003237255","formicidae","myrmicinae","Acromyrmex","volcanus","Acromyrmex volcanus","","Heredia","Costa Rica","2004-04-20","montane wet forest",500,"point","10.33333","-84.06667"
"http://antweb.org/api/v2/?occurrenceId=CAS:ANTWEB:inb0003238151","inb0003238151","formicidae","myrmicinae","Acromyrmex","volcanus","Acromyrmex volcanus","","Heredia","Costa Rica","2004-04-20","montane wet forest",500,"point","10.33333","-84.06667"
"http://antweb.org/api/v2/?occurrenceId=CAS:ANTWEB:inb0003238941","inb0003238941","formicidae","myrmicinae","Acromyrmex","volcanus","Acromyrmex volcanus","","Heredia","Costa Rica","2004-04-20","montane wet forest",500,"point","10.33333","-84.06667"
"http://antweb.org/api/v2/?occurrenceId=CAS:ANTWEB:inb0003239990","inb0003239990","formicidae","myrmicinae","Acromyrmex","volcanus","Acromyrmex volcanus","","Heredia","Costa Rica","2004-04-20","montane wet forest",500,"point","10.33333","-84.06667"
"http://antweb.org/api/v2/?occurrenceId=CAS:ANTWEB:inb0003242583","inb0003242583","formicidae","myrmicinae","Acromyrmex","volcanus","Acromyrmex volcanus","","Heredia","Costa Rica","2004-04-20","montane wet forest bajo de M/16",500,"point","10.33333","-84.06667"
"http://antweb.org/api/v2/?occurrenceId=CAS:ANTWEB:inb0003607273","inb0003607273","formicidae","myrmicinae","Acromyrmex","volcanus","Acromyrmex volcanus","","Heredia","Costa Rica","2004-04-20","montane wet forest",500,"point","10.33333","-84.06667"
"http://antweb.org/api/v2/?occurrenceId=CAS:ANTWEB:inb0003607373","inb0003607373","formicidae","myrmicinae","Acromyrmex","volcanus","Acromyrmex volcanus","","Heredia","Costa Rica","2004-04-20","montane wet forest",500,"point","10.33333","-84.06667"
"http://antweb.org/api/v2/?occurrenceId=CAS:ANTWEB:inb0003607880","inb0003607880","formicidae","myrmicinae","Acromyrmex","volcanus","Acromyrmex volcanus","","Heredia","Costa Rica","2004-04-20","montane wet forest Sobre Vegetacion",500,"point","10.33333","-84.06667"
"http://antweb.org/api/v2/?occurrenceId=CAS:ANTWEB:inb0003657638","inb0003657638","formicidae","myrmicinae","Acromyrmex","volcanus","Acromyrmex volcanus","","Heredia","Costa Rica","2005-04-15","montane wet forest Sobre Vegetacion",500,"point","10.33333","-84.06667"
"http://antweb.org/api/v2/?occurrenceId=CAS:ANTWEB:inb0003663378","inb0003663378","formicidae","myrmicinae","Acromyrmex","volcanus","Acromyrmex volcanus","","Heredia","Costa Rica","2005-11-15","lowland rainforest Sura",50,"point","10.432271","-84.01333"
"http://antweb.org/api/v2/?occurrenceId=CAS:ANTWEB:inb0003663587","inb0003663587","formicidae","myrmicinae","Acromyrmex","volcanus","Acromyrmex volcanus","","Heredia","Costa Rica","2005-11-15","lowland rainforest STR",50,"point","10.432065","-84.006874"
"http://antweb.org/api/v2/?occurrenceId=CAS:ANTWEB:inb0003690002","inb0003690002","formicidae","myrmicinae","Acromyrmex","volcanus","Acromyrmex volcanus","","Heredia","Costa Rica","2006-09-05","mature wet forest ex sifted leaf litter",500,"point","10.306127","-84.05448"
"http://antweb.org/api/v2/?occurrenceId=CAS:ANTWEB:inbiocri001223548","inbiocri001223548","formicidae","myrmicinae","Acromyrmex","volcanus","Acromyrmex volcanus","","Heredia","Costa Rica","1993-03-18","SSE at GIS 1200.",50,"point","10.420117","-84.002014"
"http://antweb.org/api/v2/?occurrenceId=CAS:ANTWEB:inbiocri001237817","inbiocri001237817","formicidae","myrmicinae","Acromyrmex","volcanus","Acromyrmex volcanus","","Heredia","Costa Rica","1999-09-13","",50,"point","10.433333","-84.01667"
"http://antweb.org/api/v2/?occurrenceId=CAS:ANTWEB:inbiocri001237818","inbiocri001237818","formicidae","myrmicinae","Acromyrmex","volcanus","Acromyrmex volcanus","","Heredia","Costa Rica","1994-06-24","",50,"point","10.433333","-84.01667"
"http://antweb.org/api/v2/?occurrenceId=CAS:ANTWEB:inbiocri001237970","inbiocri001237970","formicidae","myrmicinae","Acromyrmex","volcanus","Acromyrmex volcanus","","Heredia","Costa Rica","1993-03-18","",50,"point","10.43333","-84.01667"
"http://antweb.org/api/v2/?occurrenceId=CAS:ANTWEB:inbiocri001238245","inbiocri001238245","formicidae","myrmicinae","Acromyrmex","volcanus","Acromyrmex volcanus","","Heredia","Costa Rica","1999-09-13","",50,"point","10.433333","-84.01667"
"http://antweb.org/api/v2/?occurrenceId=CAS:ANTWEB:inbiocri001238246","inbiocri001238246","formicidae","myrmicinae","Acromyrmex","volcanus","Acromyrmex volcanus","","Heredia","Costa Rica","1999-09-13","",50,"point","10.433333","-84.01667"
"http://antweb.org/api/v2/?occurrenceId=CAS:ANTWEB:inbiocri001238450","inbiocri001238450","formicidae","myrmicinae","Acromyrmex","volcanus","Acromyrmex volcanus","","Heredia","Costa Rica","1999-09-13","",50,"point","10.42656","-84.01873"
"http://antweb.org/api/v2/?occurrenceId=CAS:ANTWEB:inbiocri001268705","inbiocri001268705","formicidae","myrmicinae","Acromyrmex","volcanus","Acromyrmex volcanus","","Heredia","Costa Rica","1994-05-11","La Selva",50,"point","10.420117","-84.002014"
"http://antweb.org/api/v2/?occurrenceId=CAS:ANTWEB:inbiocri001280458","inbiocri001280458","formicidae","myrmicinae","Acromyrmex","volcanus","Acromyrmex volcanus","","Heredia","Costa Rica","1996-07-18","",550,"point","10.3","-84.03333"
"http://antweb.org/api/v2/?occurrenceId=CAS:ANTWEB:inbiocri001283099","inbiocri001283099","formicidae","myrmicinae","Acromyrmex","volcanus","Acromyrmex volcanus","","Heredia","Costa Rica","1996-07-18","",700,"point","10.3","-84.05"
"http://antweb.org/api/v2/?occurrenceId=CAS:ANTWEB:inbiocri001283100","inbiocri001283100","formicidae","myrmicinae","Acromyrmex","volcanus","Acromyrmex volcanus","","Heredia","Costa Rica","1996-07-18","",700,"point","10.3","-84.05"
"http://antweb.org/api/v2/?occurrenceId=CAS:ANTWEB:inbiocri001283101","inbiocri001283101","formicidae","myrmicinae","Acromyrmex","volcanus","Acromyrmex volcanus","","Heredia","Costa Rica","1996-07-18","",700,"point","10.3","-84.05"
"http://antweb.org/api/v2/?occurrenceId=CAS:ANTWEB:inbiocri001283112","inbiocri001283112","formicidae","myrmicinae","Acromyrmex","volcanus","Acromyrmex volcanus","","Heredia","Costa Rica","1996-07-18","",700,"point","10.3","-84.05"
"http://antweb.org/api/v2/?occurrenceId=CAS:ANTWEB:inbiocri001283113","inbiocri001283113","formicidae","myrmicinae","Acromyrmex","volcanus","Acromyrmex volcanus","","Heredia","Costa Rica","1996-07-18","",700,"point","10.3","-84.05"
"http://antweb.org/api/v2/?occurrenceId=CAS:ANTWEB:inbiocri001283114","inbiocri001283114","formicidae","myrmicinae","Acromyrmex","volcanus","Acromyrmex volcanus","","Heredia","Costa Rica","1996-07-18","",700,"point","10.3","-84.05"
"http://antweb.org/api/v2/?occurrenceId=CAS:ANTWEB:inbiocri001283115","inbiocri001283115","formicidae","myrmicinae","Acromyrmex","volcanus","Acromyrmex volcanus","","Heredia","Costa Rica","1996-07-18","",700,"point","10.3","-84.05"
"http://antweb.org/api/v2/?occurrenceId=CAS:ANTWEB:inbiocri001284240","inbiocri001284240","formicidae","myrmicinae","Acromyrmex","volcanus","Acromyrmex volcanus","","Heredia","Costa Rica","1996-07-18","",50,"point","10.433333","-84.01667"
"http://antweb.org/api/v2/?occurrenceId=CAS:ANTWEB:inbiocri001284241","inbiocri001284241","formicidae","myrmicinae","Acromyrmex","volcanus","Acromyrmex volcanus","","Heredia","Costa Rica","1996-07-18","",50,"point","10.433333","-84.01667"
"http://antweb.org/api/v2/?occurrenceId=CAS:ANTWEB:inbiocri001284242","inbiocri001284242","formicidae","myrmicinae","Acromyrmex","volcanus","Acromyrmex volcanus","","Lim n","Costa Rica","1996-07-18","",100,"point","9.666667","-83.03333"
"http://antweb.org/api/v2/?occurrenceId=CAS:ANTWEB:inbiocri001284243","inbiocri001284243","formicidae","myrmicinae","Acromyrmex","volcanus","Acromyrmex volcanus","","Lim n","Costa Rica","1996-07-18","",100,"point","9.666667","-83.03333"
"http://antweb.org/api/v2/?occurrenceId=CAS:ANTWEB:inbiocri001284244","inbiocri001284244","formicidae","myrmicinae","Acromyrmex","volcanus","Acromyrmex volcanus","","Lim n","Costa Rica","1996-07-18","",100,"point","9.666667","-83.03333"
"http://antweb.org/api/v2/?occurrenceId=CAS:ANTWEB:inbiocri001284245","inbiocri001284245","formicidae","myrmicinae","Acromyrmex","volcanus","Acromyrmex volcanus","","San Jos","Costa Rica","1996-07-18","",500,"point","10.15","-83.91667"
"http://antweb.org/api/v2/?occurrenceId=CAS:ANTWEB:inbiocri001284246","inbiocri001284246","formicidae","myrmicinae","Acromyrmex","volcanus","Acromyrmex volcanus","","Cartago","Costa Rica","1909-07-18","wet forest ex sifted leaf litter",550,"point","9.9","-83.65"
"http://antweb.org/api/v2/?occurrenceId=CAS:ANTWEB:inbiocri002729155","inbiocri002729155","formicidae","myrmicinae","Acromyrmex","volcanus","Acromyrmex volcanus","","Heredia","Costa Rica","2000-06-04","wet forest harvesting carrion bait",50,"point","10.43333","-84.01667"
"http://antweb.org/api/v2/?occurrenceId=CAS:ANTWEB:inbiocri002729156","inbiocri002729156","formicidae","myrmicinae","Acromyrmex","volcanus","Acromyrmex volcanus","","Heredia","Costa Rica","2000-06-04","wet forest harvesting carrion bait",50,"point","10.43333","-84.01667"
"http://antweb.org/api/v2/?occurrenceId=CAS:ANTWEB:jtl0000044","jtl0000044","formicidae","myrmicinae","Acromyrmex","volcanus","Acromyrmex volcanus","","Lim n","Costa Rica","1994-06-24","",5,"point","10.53333","-83.51667"
"http://antweb.org/api/v2/?occurrenceId=CAS:ANTWEB:jtl0000046","jtl0000046","formicidae","myrmicinae","Acromyrmex","volcanus","Acromyrmex volcanus","","Heredia","Costa Rica","","Primary wet forest Strays from nocturnal collecting in prim",500,"point","10.33333","-84.06667"
"http://antweb.org/api/v2/?occurrenceId=CAS:ANTWEB:jtl132566","jtl132566","formicidae","myrmicinae","Acromyrmex","volcanus","Acromyrmex volcanus","","Heredia","Costa Rica","2007-05-06","STR bajo de M/29",50,"point","10.432065","-84.006874"
"http://antweb.org/api/v2/?occurrenceId=CAS:ANTWEB:jtl177188","jtl177188","formicidae","myrmicinae","Acromyrmex","volcanus","Acromyrmex volcanus","","Heredia","Costa Rica","2007-10-01","lowland rainforest column with Acromyrmex volcanus prey",50,"point","10.43333","-84.01667"
"http://antweb.org/api/v2/?occurrenceId=CAS:ANTWEB:jtl282621","jtl282621","formicidae","myrmicinae","Acromyrmex","volcanus","Acromyrmex volcanus","","Alajuela","Costa Rica","2010-07-14","mature wet forest nest in ground",770,"point","10.31702","-84.71151"
"http://antweb.org/api/v2/?occurrenceId=CAS:ANTWEB:jtl289331","jtl289331","formicidae","myrmicinae","Acromyrmex","volcanus","Acromyrmex volcanus","","Gracias a Dios","Honduras","2010-11-10","tropical rainforest at bait",370,"point","15.71844","-84.87811"
"http://antweb.org/api/v2/?occurrenceId=CAS:ANTWEB:jtlc000003343","jtlc000003343","formicidae","myrmicinae","Acromyrmex","volcanus","Acromyrmex volcanus","","Heredia","Costa Rica","2003-01-31","montane wet forest",1000,"point","10.28333","-84.08333"
"http://antweb.org/api/v2/?occurrenceId=CAS:ANTWEB:jtlc000003359","jtlc000003359","formicidae","myrmicinae","Acromyrmex","volcanus","Acromyrmex volcanus","","Heredia","Costa Rica","2003-01-31","wet forest strays",500,"point","10.33333","-84.08333"
"http://antweb.org/api/v2/?occurrenceId=CAS:ANTWEB:lacm ent 144189","lacm ent 144189","formicidae","myrmicinae","Acromyrmex","volcanus","Acromyrmex volcanus","","Zelaya","Nicaragua","2000-08-14","",NA,NA,NA,NA
"http://antweb.org/api/v2/?occurrenceId=CAS:ANTWEB:lacm ent 144190","lacm ent 144190","formicidae","myrmicinae","Acromyrmex","volcanus","Acromyrmex volcanus","","Zelaya","Nicaragua","2000-08-14","",NA,NA,NA,NA
"http://antweb.org/api/v2/?occurrenceId=CAS:ANTWEB:lacm ent 144191","lacm ent 144191","formicidae","myrmicinae","Acromyrmex","volcanus","Acromyrmex volcanus","","Zelaya","Nicaragua","2000-08-14","",NA,NA,NA,NA
