"url","catalogNumber","family","subfamily","genus","specificEpithet","scientific_name","typeStatus","stateProvince","country","dateIdentified","habitat","minimumElevationInMeters","geojson.type","decimal_latitude","decimal_longitude"
"http://antweb.org/api/v2/?occurrenceId=CAS:ANTWEB:anic32-066550","anic32-066550","formicidae","myrmicinae","Adelomyrmex","samoanus","Adelomyrmex samoanus","","Upolu","Samoa","","rainforest berlesate",NA,NA,NA,NA
"http://antweb.org/api/v2/?occurrenceId=CAS:ANTWEB:casent0171037","casent0171037","formicidae","myrmicinae","Adelomyrmex","samoanus","Adelomyrmex samoanus","","Lomaiviti","Fiji","2011-03-21","primary rainforest ex. soil, leaf itter, decaying wood",465,"point","-17.29472","179.4065"
"http://antweb.org/api/v2/?occurrenceId=CAS:ANTWEB:casent0181613","casent0181613","formicidae","myrmicinae","Adelomyrmex","samoanus","Adelomyrmex samoanus","","Lomaiviti","Fiji","","primary rainforest litter sifting, ex. soil, leaf litter, decaying wood",465,"point","-17.29472","179.4065"
"http://antweb.org/api/v2/?occurrenceId=CAS:ANTWEB:casent0181619","casent0181619","formicidae","myrmicinae","Adelomyrmex","samoanus","Adelomyrmex samoanus","","Lomaiviti","Fiji","","primary rainforest litter sifting, ex. soil, leaf litter, decaying wood",465,"point","-17.29472","179.4065"
"http://antweb.org/api/v2/?occurrenceId=CAS:ANTWEB:casent0901015","casent0901015","formicidae","myrmicinae","Adelomyrmex","samoanus","Adelomyrmex samoanus","paratype of Adelomyrmex samoanus","","Samoa","","",122,NA,NA,NA
