"url","catalogNumber","family","subfamily","genus","specificEpithet","scientific_name","typeStatus","stateProvince","country","dateIdentified","habitat","minimumElevationInMeters","geojson.type","decimal_latitude","decimal_longitude"
"http://antweb.org/api/v2/?occurrenceId=CAS:ANTWEB:casent0609649","casent0609649","formicidae","myrmicinae","Adelomyrmex","marginodus","Adelomyrmex marginodus","","Chiapas","Mexico","2012-02-17","mature wet forest ex sifted leaf litter",160,"point","16.16034","-90.90144"
"http://antweb.org/api/v2/?occurrenceId=CAS:ANTWEB:casent0610035","casent0610035","formicidae","myrmicinae","Adelomyrmex","marginodus","Adelomyrmex marginodus","","Chiapas","Mexico","2012-02-17","mature wet forest ex sifted leaf litter",160,"point","16.15929","-90.90155"
"http://antweb.org/api/v2/?occurrenceId=CAS:ANTWEB:casent0612307","casent0612307","formicidae","myrmicinae","Adelomyrmex","marginodus","Adelomyrmex marginodus","","Gracias a Dios","Honduras","2012-02-17","tropical rainforest ex sifted leaf litter",60,"point","15.663549","-84.857956"
"http://antweb.org/api/v2/?occurrenceId=CAS:ANTWEB:casent0614213","casent0614213","formicidae","myrmicinae","Adelomyrmex","marginodus","Adelomyrmex marginodus","","Pet n","Guatemala","2012-02-17","tropical moist forest ex sifted leaf litter",400,"point","16.445467","-89.55003"
"http://antweb.org/api/v2/?occurrenceId=CAS:ANTWEB:casent0618409","casent0618409","formicidae","myrmicinae","Adelomyrmex","marginodus","Adelomyrmex marginodus","Paratype Adelomyrmex marginodus","Atl ntida","Honduras","2012-02-17","tropical rainforest ex sifted leaf litter",190,"point","15.724532","-87.45192"
"http://antweb.org/api/v2/?occurrenceId=CAS:ANTWEB:casent0627824","casent0627824","formicidae","myrmicinae","Adelomyrmex","marginodus","Adelomyrmex marginodus","","Gracias a Dios","Honduras","2012-03-15","tropical rainforest ex sifted leaf litter",80,"point","15.70861","-84.86114"
"http://antweb.org/api/v2/?occurrenceId=CAS:ANTWEB:casent0627825","casent0627825","formicidae","myrmicinae","Adelomyrmex","marginodus","Adelomyrmex marginodus","","Atl ntida","Honduras","2012-03-15","tropical rainforest ex sifted leaf litter",190,"point","15.7235","-87.45179"
"http://antweb.org/api/v2/?occurrenceId=CAS:ANTWEB:casent0627826","casent0627826","formicidae","myrmicinae","Adelomyrmex","marginodus","Adelomyrmex marginodus","Holotype Adelomyrmex marginodus","Atl ntida","Honduras","2012-03-15","tropical rainforest ex sifted leaf litter",190,"point","15.723365","-87.451775"
"http://antweb.org/api/v2/?occurrenceId=CAS:ANTWEB:casent0627827","casent0627827","formicidae","myrmicinae","Adelomyrmex","marginodus","Adelomyrmex marginodus","","Atl ntida","Honduras","2012-03-15","tropical rainforest ex sifted leaf litter",280,"point","15.691479","-86.86076"
"http://antweb.org/api/v2/?occurrenceId=CAS:ANTWEB:casent0627828","casent0627828","formicidae","myrmicinae","Adelomyrmex","marginodus","Adelomyrmex marginodus","Paratype Adelomyrmex marginodus","Atl ntida","Honduras","2012-03-15","tropical rainforest ex sifted leaf litter",280,"point","15.6912985","-86.860756"
"http://antweb.org/api/v2/?occurrenceId=CAS:ANTWEB:casent0627829","casent0627829","formicidae","myrmicinae","Adelomyrmex","marginodus","Adelomyrmex marginodus","Paratype Adelomyrmex marginodus","Atl ntida","Honduras","2012-03-15","tropical rainforest ex sifted leaf litter",280,"point","15.6912985","-86.860756"
"http://antweb.org/api/v2/?occurrenceId=CAS:ANTWEB:casent0627830","casent0627830","formicidae","myrmicinae","Adelomyrmex","marginodus","Adelomyrmex marginodus","Paratype Adelomyrmex marginodus","Atl ntida","Honduras","2012-03-15","tropical rainforest ex sifted leaf litter",280,"point","15.6912985","-86.860756"
"http://antweb.org/api/v2/?occurrenceId=CAS:ANTWEB:casent0627831","casent0627831","formicidae","myrmicinae","Adelomyrmex","marginodus","Adelomyrmex marginodus","Paratype Adelomyrmex marginodus","Atl ntida","Honduras","2012-03-15","tropical rainforest ex sifted leaf litter",280,"point","15.6912985","-86.860756"
"http://antweb.org/api/v2/?occurrenceId=CAS:ANTWEB:casent0627832","casent0627832","formicidae","myrmicinae","Adelomyrmex","marginodus","Adelomyrmex marginodus","Paratype Adelomyrmex marginodus","Atl ntida","Honduras","2012-03-15","tropical rainforest ex sifted leaf litter",280,"point","15.6912985","-86.860756"
"http://antweb.org/api/v2/?occurrenceId=CAS:ANTWEB:casent0627833","casent0627833","formicidae","myrmicinae","Adelomyrmex","marginodus","Adelomyrmex marginodus","Paratype Adelomyrmex marginodus","Atl ntida","Honduras","2012-03-15","tropical rainforest ex sifted leaf litter",280,"point","15.6912985","-86.860756"
"http://antweb.org/api/v2/?occurrenceId=CAS:ANTWEB:casent0627834","casent0627834","formicidae","myrmicinae","Adelomyrmex","marginodus","Adelomyrmex marginodus","Paratype Adelomyrmex marginodus","Atl ntida","Honduras","2012-03-15","tropical rainforest ex sifted leaf litter",280,"point","15.691163","-86.86075"
"http://antweb.org/api/v2/?occurrenceId=CAS:ANTWEB:casent0627835","casent0627835","formicidae","myrmicinae","Adelomyrmex","marginodus","Adelomyrmex marginodus","","Atl ntida","Honduras","2012-03-15","tropical rainforest ex sifted leaf litter",280,"point","15.691117","-86.86075"
"http://antweb.org/api/v2/?occurrenceId=CAS:ANTWEB:casent0627836","casent0627836","formicidae","myrmicinae","Adelomyrmex","marginodus","Adelomyrmex marginodus","","Atl ntida","Honduras","2012-03-15","tropical rainforest ex sifted leaf litter",280,"point","15.691104","-86.86098"
"http://antweb.org/api/v2/?occurrenceId=CAS:ANTWEB:casent0627837","casent0627837","formicidae","myrmicinae","Adelomyrmex","marginodus","Adelomyrmex marginodus","","Atl ntida","Honduras","2012-03-15","tropical rainforest ex sifted leaf litter",280,"point","15.691123","-86.861115"
"http://antweb.org/api/v2/?occurrenceId=CAS:ANTWEB:casent0628681","casent0628681","formicidae","myrmicinae","Adelomyrmex","marginodus","Adelomyrmex marginodus","","Regi n Aut noma del Atl ntico Norte","Nicaragua","2012-04-22","mature wet forest ex sifted leaf litter",360,"point","13.768148","-84.98538"
"http://antweb.org/api/v2/?occurrenceId=CAS:ANTWEB:casent0628696","casent0628696","formicidae","myrmicinae","Adelomyrmex","marginodus","Adelomyrmex marginodus","","Regi n Aut noma del Atl ntico Norte","Nicaragua","2012-04-22","mature wet forest ex sifted leaf litter",310,"point","13.770105","-84.9808"
"http://antweb.org/api/v2/?occurrenceId=CAS:ANTWEB:casent0628747","casent0628747","formicidae","myrmicinae","Adelomyrmex","marginodus","Adelomyrmex marginodus","","Regi n Aut noma del Atl ntico Norte","Nicaragua","2012-04-22","mature wet forest ex sifted leaf litter",310,"point","13.770105","-84.9808"
"http://antweb.org/api/v2/?occurrenceId=CAS:ANTWEB:casent0634309","casent0634309","formicidae","myrmicinae","Adelomyrmex","marginodus","Adelomyrmex marginodus","","Atl ntida","Honduras","2014-10-02","tropical rainforest ex sifted leaf litter",200,"point","15.69449","-86.863434"
"http://antweb.org/api/v2/?occurrenceId=CAS:ANTWEB:id2180","id2180","formicidae","myrmicinae","Adelomyrmex","marginodus","Adelomyrmex marginodus","","Alta Verapaz","Guatemala","2013-05-30","Cardamomo ex sifted leaf litter",814,"point","15.22753","-89.71919"
"http://antweb.org/api/v2/?occurrenceId=CAS:ANTWEB:jtl-sv00789.3","jtl-sv00789.3","formicidae","myrmicinae","Adelomyrmex","marginodus","Adelomyrmex marginodus","","Chiapas","Mexico","2009-03-02","mature wet forest ex sifted leaf litter",160,"point","16.15929","-90.90155"
"http://antweb.org/api/v2/?occurrenceId=CAS:ANTWEB:jtl290026","jtl290026","formicidae","myrmicinae","Adelomyrmex","marginodus","Adelomyrmex marginodus","","Gracias a Dios","Honduras","2012-02-17","tropical rainforest ex sifted leaf litter",60,"point","15.663549","-84.857956"
"http://antweb.org/api/v2/?occurrenceId=CAS:ANTWEB:jtl292006","jtl292006","formicidae","myrmicinae","Adelomyrmex","marginodus","Adelomyrmex marginodus","","Gracias a Dios","Honduras","2014-10-07","tropical rainforest ex sifted leaf litter",270,"point","15.71611","-84.87551"
"http://antweb.org/api/v2/?occurrenceId=CAS:ANTWEB:jtl656061","jtl656061","formicidae","myrmicinae","Adelomyrmex","marginodus","Adelomyrmex marginodus","","Atl ntida","Honduras","2012-02-29","tropical rainforest ex sifted leaf litter",200,"point","15.69449","-86.863434"
"http://antweb.org/api/v2/?occurrenceId=CAS:ANTWEB:jtl656072","jtl656072","formicidae","myrmicinae","Adelomyrmex","marginodus","Adelomyrmex marginodus","","Atl ntida","Honduras","2012-02-29","tropical rainforest ex sifted leaf litter",200,"point","15.69449","-86.86339"
"http://antweb.org/api/v2/?occurrenceId=CAS:ANTWEB:jtl656107","jtl656107","formicidae","myrmicinae","Adelomyrmex","marginodus","Adelomyrmex marginodus","","Atl ntida","Honduras","2012-02-29","tropical rainforest ex sifted leaf litter",200,"point","15.69449","-86.8633"
"http://antweb.org/api/v2/?occurrenceId=CAS:ANTWEB:jtl656117","jtl656117","formicidae","myrmicinae","Adelomyrmex","marginodus","Adelomyrmex marginodus","","Atl ntida","Honduras","2012-02-29","tropical rainforest ex sifted leaf litter",200,"point","15.69449","-86.86325"
"http://antweb.org/api/v2/?occurrenceId=CAS:ANTWEB:jtl656128","jtl656128","formicidae","myrmicinae","Adelomyrmex","marginodus","Adelomyrmex marginodus","","Atl ntida","Honduras","2012-02-29","tropical rainforest ex sifted leaf litter",200,"point","15.69449","-86.863205"
"http://antweb.org/api/v2/?occurrenceId=CAS:ANTWEB:jtl656199","jtl656199","formicidae","myrmicinae","Adelomyrmex","marginodus","Adelomyrmex marginodus","","Atl ntida","Honduras","2012-02-29","tropical rainforest ex sifted leaf litter",200,"point","15.69449","-86.862976"
"http://antweb.org/api/v2/?occurrenceId=CAS:ANTWEB:jtl656212","jtl656212","formicidae","myrmicinae","Adelomyrmex","marginodus","Adelomyrmex marginodus","","Atl ntida","Honduras","2012-02-29","tropical rainforest ex sifted leaf litter",200,"point","15.69449","-86.86293"
"http://antweb.org/api/v2/?occurrenceId=CAS:ANTWEB:jtl656229","jtl656229","formicidae","myrmicinae","Adelomyrmex","marginodus","Adelomyrmex marginodus","","Atl ntida","Honduras","2012-02-29","tropical rainforest ex sifted leaf litter",200,"point","15.69449","-86.862885"
"http://antweb.org/api/v2/?occurrenceId=CAS:ANTWEB:jtl656254","jtl656254","formicidae","myrmicinae","Adelomyrmex","marginodus","Adelomyrmex marginodus","","Atl ntida","Honduras","2012-02-29","tropical rainforest ex sifted leaf litter",200,"point","15.69449","-86.86279"
"http://antweb.org/api/v2/?occurrenceId=CAS:ANTWEB:jtl656281","jtl656281","formicidae","myrmicinae","Adelomyrmex","marginodus","Adelomyrmex marginodus","","Atl ntida","Honduras","2012-02-29","tropical rainforest ex sifted leaf litter",200,"point","15.69449","-86.86269"
"http://antweb.org/api/v2/?occurrenceId=CAS:ANTWEB:jtl656306","jtl656306","formicidae","myrmicinae","Adelomyrmex","marginodus","Adelomyrmex marginodus","","Atl ntida","Honduras","2012-02-29","tropical rainforest ex sifted leaf litter",200,"point","15.69449","-86.86256"
"http://antweb.org/api/v2/?occurrenceId=CAS:ANTWEB:jtl656326","jtl656326","formicidae","myrmicinae","Adelomyrmex","marginodus","Adelomyrmex marginodus","","Atl ntida","Honduras","2012-02-29","tropical rainforest ex sifted leaf litter",200,"point","15.69449","-86.86251"
"http://antweb.org/api/v2/?occurrenceId=CAS:ANTWEB:jtl656341","jtl656341","formicidae","myrmicinae","Adelomyrmex","marginodus","Adelomyrmex marginodus","","Atl ntida","Honduras","2012-02-29","tropical rainforest ex sifted leaf litter",200,"point","15.69449","-86.862465"
"http://antweb.org/api/v2/?occurrenceId=CAS:ANTWEB:jtl656464","jtl656464","formicidae","myrmicinae","Adelomyrmex","marginodus","Adelomyrmex marginodus","","Atl ntida","Honduras","2012-02-29","tropical rainforest ex sifted leaf litter",200,"point","15.69175","-86.86091"
"http://antweb.org/api/v2/?occurrenceId=CAS:ANTWEB:jtl656514","jtl656514","formicidae","myrmicinae","Adelomyrmex","marginodus","Adelomyrmex marginodus","","Atl ntida","Honduras","2012-02-29","tropical rainforest ex sifted leaf litter",280,"point","15.691705","-86.86077"
"http://antweb.org/api/v2/?occurrenceId=CAS:ANTWEB:jtl656540","jtl656540","formicidae","myrmicinae","Adelomyrmex","marginodus","Adelomyrmex marginodus","","Atl ntida","Honduras","2012-02-29","tropical rainforest ex sifted leaf litter",280,"point","15.691614","-86.86077"
"http://antweb.org/api/v2/?occurrenceId=CAS:ANTWEB:jtl656554","jtl656554","formicidae","myrmicinae","Adelomyrmex","marginodus","Adelomyrmex marginodus","","Atl ntida","Honduras","2012-02-29","tropical rainforest ex sifted leaf litter",280,"point","15.691569","-86.86076"
"http://antweb.org/api/v2/?occurrenceId=CAS:ANTWEB:jtl672175","jtl672175","formicidae","myrmicinae","Adelomyrmex","marginodus","Adelomyrmex marginodus","","Regi n Aut noma del Atl ntico Norte","Nicaragua","2012-04-21","mature wet forest ex sifted leaf litter",310,"point","13.770612","-84.980194"
"http://antweb.org/api/v2/?occurrenceId=CAS:ANTWEB:jtl733844","jtl733844","formicidae","myrmicinae","Adelomyrmex","marginodus","Adelomyrmex marginodus","","Regi n Aut noma del Atl ntico Norte","Nicaragua","2015-04-23","mature wet forest ex sifted leaf litter",310,"point","13.770136","-84.98056"
