"url","catalogNumber","family","subfamily","genus","specificEpithet","scientific_name","typeStatus","stateProvince","country","dateIdentified","habitat","minimumElevationInMeters","geojson.type","decimal_latitude","decimal_longitude"
"http://antweb.org/api/v2/?occurrenceId=CAS:ANTWEB:alas594127","alas594127","formicidae","myrmicinae","Adelomyrmex","myops","Adelomyrmex myops","","Heredia","Costa Rica","2005-12-25","lowland rainforest sifted litter",50,"point","10.43333","-84.01667"
"http://antweb.org/api/v2/?occurrenceId=CAS:ANTWEB:alas594163","alas594163","formicidae","myrmicinae","Adelomyrmex","myops","Adelomyrmex myops","","Heredia","Costa Rica","2005-12-25","lowland rainforest sifted litter",50,"point","10.43333","-84.01667"
"http://antweb.org/api/v2/?occurrenceId=CAS:ANTWEB:casent0246633","casent0246633","formicidae","myrmicinae","Adelomyrmex","myops","Adelomyrmex myops","","Veracruz","Mexico","2012-12-31","Port of entry on orchids",NA,NA,NA,NA
"http://antweb.org/api/v2/?occurrenceId=CAS:ANTWEB:casent0601650","casent0601650","formicidae","myrmicinae","Adelomyrmex","myops","Adelomyrmex myops","","Puntarenas","Costa Rica","2008-04-09","wet forest ex sifted leaf litter",240,"point","8.465533","-83.369286"
"http://antweb.org/api/v2/?occurrenceId=CAS:ANTWEB:casent0601656","casent0601656","formicidae","myrmicinae","Adelomyrmex","myops","Adelomyrmex myops","","Puntarenas","Costa Rica","2008-04-09","wet forest ex sifted leaf litter",240,"point","8.465533","-83.369286"
"http://antweb.org/api/v2/?occurrenceId=CAS:ANTWEB:casent0601677","casent0601677","formicidae","myrmicinae","Adelomyrmex","myops","Adelomyrmex myops","","Puntarenas","Costa Rica","2008-04-09","wet forest ex sifted leaf litter",240,"point","8.465533","-83.369286"
"http://antweb.org/api/v2/?occurrenceId=CAS:ANTWEB:casent0601693","casent0601693","formicidae","myrmicinae","Adelomyrmex","myops","Adelomyrmex myops","","Puntarenas","Costa Rica","2008-04-09","wet forest ex sifted leaf litter",240,"point","8.465533","-83.369286"
"http://antweb.org/api/v2/?occurrenceId=CAS:ANTWEB:casent0611889","casent0611889","formicidae","myrmicinae","Adelomyrmex","myops","Adelomyrmex myops","","Puntarenas","Costa Rica","2010-07-14","dry forest ex sifted leaf litter",20,"point","9.57988","-85.1369"
"http://antweb.org/api/v2/?occurrenceId=CAS:ANTWEB:casent0611890","casent0611890","formicidae","myrmicinae","Adelomyrmex","myops","Adelomyrmex myops","","Puntarenas","Costa Rica","2010-07-14","dry forest ex sifted leaf litter",20,"point","9.57988","-85.1369"
"http://antweb.org/api/v2/?occurrenceId=CAS:ANTWEB:casent0611903","casent0611903","formicidae","myrmicinae","Adelomyrmex","myops","Adelomyrmex myops","","Puntarenas","Costa Rica","2010-07-14","mature dry forest ex sifted leaf litter",100,"point","9.58363","-85.13578"
"http://antweb.org/api/v2/?occurrenceId=CAS:ANTWEB:casent0611911","casent0611911","formicidae","myrmicinae","Adelomyrmex","myops","Adelomyrmex myops","","Puntarenas","Costa Rica","2010-07-14","mature dry forest ex sifted leaf litter",100,"point","9.58363","-85.13578"
"http://antweb.org/api/v2/?occurrenceId=CAS:ANTWEB:casent0611989","casent0611989","formicidae","myrmicinae","Adelomyrmex","myops","Adelomyrmex myops","","Puntarenas","Costa Rica","2010-07-14","mature wet forest ex sifted leaf litter",170,"point","8.40831","-83.32742"
"http://antweb.org/api/v2/?occurrenceId=CAS:ANTWEB:casent0612313","casent0612313","formicidae","myrmicinae","Adelomyrmex","myops","Adelomyrmex myops","","Gracias a Dios","Honduras","2010-11-10","tropical rainforest ex sifted leaf litter",60,"point","15.663636","-84.85785"
"http://antweb.org/api/v2/?occurrenceId=CAS:ANTWEB:casent0612314","casent0612314","formicidae","myrmicinae","Adelomyrmex","myops","Adelomyrmex myops","","Gracias a Dios","Honduras","2010-11-10","tropical rainforest ex sifted leaf litter",60,"point","15.663636","-84.85785"
"http://antweb.org/api/v2/?occurrenceId=CAS:ANTWEB:casent0612316","casent0612316","formicidae","myrmicinae","Adelomyrmex","myops","Adelomyrmex myops","","Gracias a Dios","Honduras","2010-11-10","tropical rainforest ex sifted leaf litter",60,"point","15.663753","-84.857704"
"http://antweb.org/api/v2/?occurrenceId=CAS:ANTWEB:casent0612317","casent0612317","formicidae","myrmicinae","Adelomyrmex","myops","Adelomyrmex myops","","Gracias a Dios","Honduras","2010-11-10","tropical rainforest ex sifted leaf litter",60,"point","15.663753","-84.857704"
"http://antweb.org/api/v2/?occurrenceId=CAS:ANTWEB:casent0612346","casent0612346","formicidae","myrmicinae","Adelomyrmex","myops","Adelomyrmex myops","","Gracias a Dios","Honduras","2010-11-10","tropical rainforest ex sifted leaf litter",100,"point","15.712","-84.86305"
"http://antweb.org/api/v2/?occurrenceId=CAS:ANTWEB:casent0613723","casent0613723","formicidae","myrmicinae","Adelomyrmex","myops","Adelomyrmex myops","","Chontales","Nicaragua","2012-01-11","wet forest ex sifted leaf litter",730,"point","12.27641","-85.0635"
"http://antweb.org/api/v2/?occurrenceId=CAS:ANTWEB:casent0614202","casent0614202","formicidae","myrmicinae","Adelomyrmex","myops","Adelomyrmex myops","","Pet n","Guatemala","2009-10-14","tropical moist forest ex sifted leaf litter",400,"point","16.445187","-89.55027"
"http://antweb.org/api/v2/?occurrenceId=CAS:ANTWEB:casent0614203","casent0614203","formicidae","myrmicinae","Adelomyrmex","myops","Adelomyrmex myops","","Pet n","Guatemala","2009-10-14","tropical moist forest ex sifted leaf litter",400,"point","16.445187","-89.55027"
"http://antweb.org/api/v2/?occurrenceId=CAS:ANTWEB:casent0614223","casent0614223","formicidae","myrmicinae","Adelomyrmex","myops","Adelomyrmex myops","","Pet n","Guatemala","2009-10-14","tropical moist forest ex sifted leaf litter",400,"point","16.445654","-89.54984"
"http://antweb.org/api/v2/?occurrenceId=CAS:ANTWEB:casent0614224","casent0614224","formicidae","myrmicinae","Adelomyrmex","myops","Adelomyrmex myops","","Pet n","Guatemala","2009-10-14","tropical moist forest ex sifted leaf litter",400,"point","16.445654","-89.54984"
"http://antweb.org/api/v2/?occurrenceId=CAS:ANTWEB:casent0618571","casent0618571","formicidae","myrmicinae","Adelomyrmex","myops","Adelomyrmex myops","","Atl ntida","Honduras","2011-04-15","old cacao plantation ex sifted leaf litter",20,"point","15.7657","-87.45567"
"http://antweb.org/api/v2/?occurrenceId=CAS:ANTWEB:casent0618575","casent0618575","formicidae","myrmicinae","Adelomyrmex","myops","Adelomyrmex myops","","Atl ntida","Honduras","2011-04-15","old cacao plantation ex sifted leaf litter",20,"point","15.7657","-87.45567"
"http://antweb.org/api/v2/?occurrenceId=CAS:ANTWEB:casent0618576","casent0618576","formicidae","myrmicinae","Adelomyrmex","myops","Adelomyrmex myops","","Atl ntida","Honduras","2011-04-15","old cacao plantation ex sifted leaf litter",20,"point","15.7657","-87.45567"
"http://antweb.org/api/v2/?occurrenceId=CAS:ANTWEB:casent0618577","casent0618577","formicidae","myrmicinae","Adelomyrmex","myops","Adelomyrmex myops","","Atl ntida","Honduras","2011-04-15","old cacao plantation ex sifted leaf litter",20,"point","15.7657","-87.45567"
"http://antweb.org/api/v2/?occurrenceId=CAS:ANTWEB:casent0618733","casent0618733","formicidae","myrmicinae","Adelomyrmex","myops","Adelomyrmex myops","","Atl ntida","Honduras","2011-04-15","old cacao plantation ex sifted leaf litter",20,"point","15.7657","-87.45567"
"http://antweb.org/api/v2/?occurrenceId=CAS:ANTWEB:casent0619855","casent0619855","formicidae","myrmicinae","Adelomyrmex","myops","Adelomyrmex myops","","Regi n Aut noma del Atl ntico Sur","Nicaragua","2011-08-20","2nd growth forest ex sifted leaf litter",190,"point","12.1947","-84.33665"
"http://antweb.org/api/v2/?occurrenceId=CAS:ANTWEB:casent0619858","casent0619858","formicidae","myrmicinae","Adelomyrmex","myops","Adelomyrmex myops","","Regi n Aut noma del Atl ntico Sur","Nicaragua","2011-08-20","2nd growth forest ex sifted leaf litter",190,"point","12.1947","-84.33665"
"http://antweb.org/api/v2/?occurrenceId=CAS:ANTWEB:casent0619870","casent0619870","formicidae","myrmicinae","Adelomyrmex","myops","Adelomyrmex myops","","Regi n Aut noma del Atl ntico Sur","Nicaragua","2011-08-20","2nd growth riparian forest ex sifted leaf litter",50,"point","12.12267","-84.46227"
"http://antweb.org/api/v2/?occurrenceId=CAS:ANTWEB:casent0624102","casent0624102","formicidae","myrmicinae","Adelomyrmex","myops","Adelomyrmex myops","","Matagalpa","Nicaragua","2012-01-18","montane wet forest ex sifted leaf litter",1120,"point","12.97056","-85.23388"
"http://antweb.org/api/v2/?occurrenceId=CAS:ANTWEB:casent0624108","casent0624108","formicidae","myrmicinae","Adelomyrmex","myops","Adelomyrmex myops","","Matagalpa","Nicaragua","2012-01-18","montane wet forest ex sifted leaf litter",1060,"point","12.96817","-85.23301"
"http://antweb.org/api/v2/?occurrenceId=CAS:ANTWEB:casent0624187","casent0624187","formicidae","myrmicinae","Adelomyrmex","myops","Adelomyrmex myops","","Matagalpa","Nicaragua","2012-01-18","montane wet forest ex sifted leaf litter",1060,"point","12.96817","-85.23301"
"http://antweb.org/api/v2/?occurrenceId=CAS:ANTWEB:casent0624189","casent0624189","formicidae","myrmicinae","Adelomyrmex","myops","Adelomyrmex myops","","Matagalpa","Nicaragua","2012-01-18","montane wet forest ex sifted leaf litter",1060,"point","12.96817","-85.23301"
"http://antweb.org/api/v2/?occurrenceId=CAS:ANTWEB:casent0624923","casent0624923","formicidae","myrmicinae","Adelomyrmex","myops","Adelomyrmex myops","","Regi n Aut noma del Atl ntico Sur","Nicaragua","2012-01-11","2 lowland rainforest ex sifted leaf litter",30,"point","12.672252","-83.71617"
"http://antweb.org/api/v2/?occurrenceId=CAS:ANTWEB:casent0624972","casent0624972","formicidae","myrmicinae","Adelomyrmex","myops","Adelomyrmex myops","","Regi n Aut noma del Atl ntico Sur","Nicaragua","2012-01-11","2 lowland rainforest ex sifted leaf litter",30,"point","12.677003","-83.7152"
"http://antweb.org/api/v2/?occurrenceId=CAS:ANTWEB:casent0625007","casent0625007","formicidae","myrmicinae","Adelomyrmex","myops","Adelomyrmex myops","","Regi n Aut noma del Atl ntico Sur","Nicaragua","2012-01-11","2nd growth forest ex sifted leaf litter",190,"point","12.1947","-84.33665"
"http://antweb.org/api/v2/?occurrenceId=CAS:ANTWEB:casent0625027","casent0625027","formicidae","myrmicinae","Adelomyrmex","myops","Adelomyrmex myops","","Regi n Aut noma del Atl ntico Sur","Nicaragua","2012-01-11","2nd growth riparian forest ex sifted leaf litter",50,"point","12.12267","-84.46227"
"http://antweb.org/api/v2/?occurrenceId=CAS:ANTWEB:casent0625050","casent0625050","formicidae","myrmicinae","Adelomyrmex","myops","Adelomyrmex myops","","Islas de la Bah a","Honduras","2011-12-03","rainforest ex sifted litter 6L sifted litter extracted in Winkler sack over 32 hours",15,"point","16.1085","-86.90237"
"http://antweb.org/api/v2/?occurrenceId=CAS:ANTWEB:casent0625353","casent0625353","formicidae","myrmicinae","Adelomyrmex","myops","Adelomyrmex myops","","Regi n Aut noma del Atl ntico Sur","Nicaragua","2012-01-11","2 lowland rainforest ex sifted leaf litter",30,"point","12.672279","-83.71608"
"http://antweb.org/api/v2/?occurrenceId=CAS:ANTWEB:casent0625366","casent0625366","formicidae","myrmicinae","Adelomyrmex","myops","Adelomyrmex myops","","Regi n Aut noma del Atl ntico Sur","Nicaragua","2012-01-11","2 lowland rainforest ex sifted leaf litter",30,"point","12.678605","-83.71516"
"http://antweb.org/api/v2/?occurrenceId=CAS:ANTWEB:casent0625367","casent0625367","formicidae","myrmicinae","Adelomyrmex","myops","Adelomyrmex myops","","Regi n Aut noma del Atl ntico Sur","Nicaragua","2012-01-11","2 lowland rainforest ex sifted leaf litter",30,"point","12.678605","-83.71516"
"http://antweb.org/api/v2/?occurrenceId=CAS:ANTWEB:casent0625368","casent0625368","formicidae","myrmicinae","Adelomyrmex","myops","Adelomyrmex myops","","Regi n Aut noma del Atl ntico Sur","Nicaragua","2012-01-11","2 lowland rainforest ex sifted leaf litter",30,"point","12.678605","-83.71516"
"http://antweb.org/api/v2/?occurrenceId=CAS:ANTWEB:casent0627823","casent0627823","formicidae","myrmicinae","Adelomyrmex","myops","Adelomyrmex myops","","Gracias a Dios","Honduras","2012-03-15","tropical rainforest ex sifted leaf litter",60,"point","15.664329","-84.857666"
"http://antweb.org/api/v2/?occurrenceId=CAS:ANTWEB:casent0628624","casent0628624","formicidae","myrmicinae","Adelomyrmex","myops","Adelomyrmex myops","","Regi n Aut noma del Atl ntico Norte","Nicaragua","2012-04-22","mature wet forest ex sifted leaf litter",360,"point","13.7693405","-84.98383"
"http://antweb.org/api/v2/?occurrenceId=CAS:ANTWEB:casent0628716","casent0628716","formicidae","myrmicinae","Adelomyrmex","myops","Adelomyrmex myops","","Regi n Aut noma del Atl ntico Norte","Nicaragua","2012-04-22","mature wet forest ex sifted leaf litter",310,"point","13.770866","-84.9801"
"http://antweb.org/api/v2/?occurrenceId=CAS:ANTWEB:casent0629240","casent0629240","formicidae","myrmicinae","Adelomyrmex","myops","Adelomyrmex myops","","Jinotega","Nicaragua","2012-05-30","cloud forest ex sifted leaf litter",1420,"point","13.567541","-85.6969"
"http://antweb.org/api/v2/?occurrenceId=CAS:ANTWEB:casent0629244","casent0629244","formicidae","myrmicinae","Adelomyrmex","myops","Adelomyrmex myops","","Jinotega","Nicaragua","2012-05-30","cloud forest ex sifted leaf litter",1400,"point","13.567506","-85.69738"
"http://antweb.org/api/v2/?occurrenceId=CAS:ANTWEB:casent0629443","casent0629443","formicidae","myrmicinae","Adelomyrmex","myops","Adelomyrmex myops","","Regi n Aut noma del Atl ntico Sur","Nicaragua","2012-06-30","2 lowland rainforest ex sifted leaf litter",40,"point","12.67292","-83.71336"
"http://antweb.org/api/v2/?occurrenceId=CAS:ANTWEB:casent0629445","casent0629445","formicidae","myrmicinae","Adelomyrmex","myops","Adelomyrmex myops","","Regi n Aut noma del Atl ntico Sur","Nicaragua","2012-06-30","2 lowland rainforest ex sifted leaf litter",40,"point","12.67292","-83.71336"
"http://antweb.org/api/v2/?occurrenceId=CAS:ANTWEB:casent0633150","casent0633150","formicidae","myrmicinae","Adelomyrmex","myops","Adelomyrmex myops","","Veracruz","Mexico","2015-04-28","",1760,"point","19.45194","-97.05861"
"http://antweb.org/api/v2/?occurrenceId=CAS:ANTWEB:casent0633151","casent0633151","formicidae","myrmicinae","Adelomyrmex","myops","Adelomyrmex myops","","Veracruz","Mexico","2015-04-28","",1640,"point","19.51611","-97.00944"
"http://antweb.org/api/v2/?occurrenceId=CAS:ANTWEB:casent0633609","casent0633609","formicidae","myrmicinae","Adelomyrmex","myops","Adelomyrmex myops","","Dari n","Panama","2015-03-31","moist forest ex sifted leaf litter",720,"point","8.78803","-78.45035"
"http://antweb.org/api/v2/?occurrenceId=CAS:ANTWEB:casent0633889","casent0633889","formicidae","myrmicinae","Adelomyrmex","myops","Adelomyrmex myops","","Islas de la Bah a","Honduras","2014-11-22","rainforest ex sifted litter 6L sifted litter extracted in Winkler sack over 32 hours",15,"point","16.1085","-86.90237"
"http://antweb.org/api/v2/?occurrenceId=CAS:ANTWEB:casent0635312","casent0635312","formicidae","myrmicinae","Adelomyrmex","myops","Adelomyrmex myops","","Pet n","Guatemala","2014-10-01","tropical moist forest ex sifted leaf litter",400,"point","16.44227","-89.53534"
"http://antweb.org/api/v2/?occurrenceId=CAS:ANTWEB:casent0635314","casent0635314","formicidae","myrmicinae","Adelomyrmex","myops","Adelomyrmex myops","","Matagalpa","Nicaragua","2014-10-01","montane wet forest ex sifted leaf litter",1060,"point","12.96817","-85.23301"
"http://antweb.org/api/v2/?occurrenceId=CAS:ANTWEB:casent0635737","casent0635737","formicidae","myrmicinae","Adelomyrmex","myops","Adelomyrmex myops","","Puntarenas","Costa Rica","2014-07-17","rainforest ex sifted leaf litter",175,"point","8.407","-83.32815"
"http://antweb.org/api/v2/?occurrenceId=CAS:ANTWEB:casent0635738","casent0635738","formicidae","myrmicinae","Adelomyrmex","myops","Adelomyrmex myops","","Puntarenas","Costa Rica","2014-07-17","rainforest ex sifted leaf litter",175,"point","8.407","-83.32815"
"http://antweb.org/api/v2/?occurrenceId=CAS:ANTWEB:casent0636009","casent0636009","formicidae","myrmicinae","Adelomyrmex","myops","Adelomyrmex myops","","Puntarenas","Costa Rica","2014-02-09","mature wet forest ex sifted leaf litter",170,"point","8.408166","-83.327576"
"http://antweb.org/api/v2/?occurrenceId=CAS:ANTWEB:casent0636068","casent0636068","formicidae","myrmicinae","Adelomyrmex","myops","Adelomyrmex myops","","Puntarenas","Costa Rica","2014-02-09","tropical rainforest ex sifted leaf litter",130,"point","8.406667","-83.32833"
"http://antweb.org/api/v2/?occurrenceId=CAS:ANTWEB:casent0636092","casent0636092","formicidae","myrmicinae","Adelomyrmex","myops","Adelomyrmex myops","","Puntarenas","Costa Rica","2014-02-09","tropical rainforest ex sifted leaf litter",130,"point","8.406667","-83.32833"
"http://antweb.org/api/v2/?occurrenceId=CAS:ANTWEB:fmnhins0000095804","fmnhins0000095804","formicidae","myrmicinae","Adelomyrmex","myops","Adelomyrmex myops","","Chiriqu","Panama","2013-08-26","",860,"point","8.534","-81.816"
"http://antweb.org/api/v2/?occurrenceId=CAS:ANTWEB:fmnhins0000095805","fmnhins0000095805","formicidae","myrmicinae","Adelomyrmex","myops","Adelomyrmex myops","","Chiriqu","Panama","2013-08-26","",860,"point","8.534","-81.816"
"http://antweb.org/api/v2/?occurrenceId=CAS:ANTWEB:inb0003690124","inb0003690124","formicidae","myrmicinae","Adelomyrmex","myops","Adelomyrmex myops","","Heredia","Costa Rica","2007-04-03","mature wet forest ex sifted leaf litter",500,"point","10.308841","-84.05439"
"http://antweb.org/api/v2/?occurrenceId=CAS:ANTWEB:inb0003695401","inb0003695401","formicidae","myrmicinae","Adelomyrmex","myops","Adelomyrmex myops","","Heredia","Costa Rica","2006-11-02","mature wet forest ex sifted leaf litter",160,"point","10.402814","-84.04258"
"http://antweb.org/api/v2/?occurrenceId=CAS:ANTWEB:inb0003696109","inb0003696109","formicidae","myrmicinae","Adelomyrmex","myops","Adelomyrmex myops","","Heredia","Costa Rica","2006-11-02","mature wet forest ex sifted leaf litter",300,"point","10.336057","-84.04842"
"http://antweb.org/api/v2/?occurrenceId=CAS:ANTWEB:inb0003698115","inb0003698115","formicidae","myrmicinae","Adelomyrmex","myops","Adelomyrmex myops","","Heredia","Costa Rica","2007-04-03","mature wet forest ex sifted leaf litter",160,"point","10.408114","-84.039734"
"http://antweb.org/api/v2/?occurrenceId=CAS:ANTWEB:inbiocri001222530","inbiocri001222530","formicidae","myrmicinae","Adelomyrmex","myops","Adelomyrmex myops","","Heredia","Costa Rica","2002-11-01","Puesto9,257g, 10m.",50,"point","10.428643","-84.01866"
"http://antweb.org/api/v2/?occurrenceId=CAS:ANTWEB:inbiocri001222531","inbiocri001222531","formicidae","myrmicinae","Adelomyrmex","myops","Adelomyrmex myops","","Heredia","Costa Rica","2002-11-01","Puesto9,257g, 10m.",50,"point","10.428643","-84.01866"
"http://antweb.org/api/v2/?occurrenceId=CAS:ANTWEB:inbiocri001237377","inbiocri001237377","formicidae","myrmicinae","Adelomyrmex","myops","Adelomyrmex myops","","Heredia","Costa Rica","2002-11-01","primary rainforest ex sifted leaf litter",50,"point","10.421162","-84.01252"
"http://antweb.org/api/v2/?occurrenceId=CAS:ANTWEB:inbiocri001279881","inbiocri001279881","formicidae","myrmicinae","Adelomyrmex","myops","Adelomyrmex myops","","Heredia","Costa Rica","2002-11-01","",300,"point","10.35","-84.05"
"http://antweb.org/api/v2/?occurrenceId=CAS:ANTWEB:inbiocri001279882","inbiocri001279882","formicidae","myrmicinae","Adelomyrmex","myops","Adelomyrmex myops","","Puntarenas","Costa Rica","1995-03-10","",20,"point","9.38333","-84.15"
"http://antweb.org/api/v2/?occurrenceId=CAS:ANTWEB:inbiocri001279883","inbiocri001279883","formicidae","myrmicinae","Adelomyrmex","myops","Adelomyrmex myops","","Cartago","Costa Rica","1995-03-10","wet forest ex sifted leaf litter",550,"point","9.9","-83.65"
"http://antweb.org/api/v2/?occurrenceId=CAS:ANTWEB:inbiocri001279884","inbiocri001279884","formicidae","myrmicinae","Adelomyrmex","myops","Adelomyrmex myops","","Puntarenas","Costa Rica","2002-11-01","",30,"point","9.78333","-84.6"
"http://antweb.org/api/v2/?occurrenceId=CAS:ANTWEB:inbiocri001280139","inbiocri001280139","formicidae","myrmicinae","Adelomyrmex","myops","Adelomyrmex myops","","Heredia","Costa Rica","2002-11-01","",550,"point","10.3","-84.03333"
"http://antweb.org/api/v2/?occurrenceId=CAS:ANTWEB:inbiocri001281614","inbiocri001281614","formicidae","myrmicinae","Adelomyrmex","myops","Adelomyrmex myops","","Puntarenas","Costa Rica","2002-11-01","lowland rainforest ex sifted leaf litter",20,"point","8.483334","-82.96667"
"http://antweb.org/api/v2/?occurrenceId=CAS:ANTWEB:inbiocri001281615","inbiocri001281615","formicidae","myrmicinae","Adelomyrmex","myops","Adelomyrmex myops","","Puntarenas","Costa Rica","2002-11-01","lowland rainforest ex sifted leaf litter",20,"point","8.483334","-82.96667"
"http://antweb.org/api/v2/?occurrenceId=CAS:ANTWEB:inbiocri001283172","inbiocri001283172","formicidae","myrmicinae","Adelomyrmex","myops","Adelomyrmex myops","","Puntarenas","Costa Rica","2002-11-01","",200,"point","8.7","-83.55"
"http://antweb.org/api/v2/?occurrenceId=CAS:ANTWEB:inbiocri001283173","inbiocri001283173","formicidae","myrmicinae","Adelomyrmex","myops","Adelomyrmex myops","","Puntarenas","Costa Rica","2002-11-01","",200,"point","8.7","-83.55"
"http://antweb.org/api/v2/?occurrenceId=CAS:ANTWEB:inbiocri001283174","inbiocri001283174","formicidae","myrmicinae","Adelomyrmex","myops","Adelomyrmex myops","","Puntarenas","Costa Rica","1998-05-21","",200,"point","8.7","-83.55"
"http://antweb.org/api/v2/?occurrenceId=CAS:ANTWEB:inbiocri001283358","inbiocri001283358","formicidae","myrmicinae","Adelomyrmex","myops","Adelomyrmex myops","","Puntarenas","Costa Rica","2002-11-01","",10,"point","8.48333","-83.6"
"http://antweb.org/api/v2/?occurrenceId=CAS:ANTWEB:inbiocri001283359","inbiocri001283359","formicidae","myrmicinae","Adelomyrmex","myops","Adelomyrmex myops","","Puntarenas","Costa Rica","2002-11-01","",10,"point","8.48333","-83.6"
"http://antweb.org/api/v2/?occurrenceId=CAS:ANTWEB:inbiocri001283420","inbiocri001283420","formicidae","myrmicinae","Adelomyrmex","myops","Adelomyrmex myops","","Puntarenas","Costa Rica","2002-11-01","",10,"point","8.48333","-83.6"
"http://antweb.org/api/v2/?occurrenceId=CAS:ANTWEB:inbiocri001283421","inbiocri001283421","formicidae","myrmicinae","Adelomyrmex","myops","Adelomyrmex myops","","Puntarenas","Costa Rica","2002-11-01","",10,"point","8.48333","-83.6"
"http://antweb.org/api/v2/?occurrenceId=CAS:ANTWEB:inbiocri001283422","inbiocri001283422","formicidae","myrmicinae","Adelomyrmex","myops","Adelomyrmex myops","","Puntarenas","Costa Rica","2002-11-01","",10,"point","8.48333","-83.6"
"http://antweb.org/api/v2/?occurrenceId=CAS:ANTWEB:inbiocri001283424","inbiocri001283424","formicidae","myrmicinae","Adelomyrmex","myops","Adelomyrmex myops","","Puntarenas","Costa Rica","2002-11-01","",10,"point","8.48333","-83.6"
"http://antweb.org/api/v2/?occurrenceId=CAS:ANTWEB:inbiocri002719972","inbiocri002719972","formicidae","myrmicinae","Adelomyrmex","myops","Adelomyrmex myops","","Heredia","Costa Rica","2002-11-01","CCL Hojarasca",50,"point","10.42545","-84.00344"
"http://antweb.org/api/v2/?occurrenceId=CAS:ANTWEB:inbiocri002728377","inbiocri002728377","formicidae","myrmicinae","Adelomyrmex","myops","Adelomyrmex myops","","Heredia","Costa Rica","2002-11-01","Lindero Sur Hojarasca",50,"point","10.409556","-84.021255"
"http://antweb.org/api/v2/?occurrenceId=CAS:ANTWEB:jtl-sv00613.24","jtl-sv00613.24","formicidae","myrmicinae","Adelomyrmex","myops","Adelomyrmex myops","","Lim n","Costa Rica","2014-02-28","mature wet forest ex sifted leaf litter",40,"point","10.55745","-83.73635"
"http://antweb.org/api/v2/?occurrenceId=CAS:ANTWEB:jtl0000099","jtl0000099","formicidae","myrmicinae","Adelomyrmex","myops","Adelomyrmex myops","","Canal Zone","Panama","1993-08-01","",100,"point","9.15","-79.85"
"http://antweb.org/api/v2/?occurrenceId=CAS:ANTWEB:jtl126423","jtl126423","formicidae","myrmicinae","Adelomyrmex","myops","Adelomyrmex myops","","Heredia","Costa Rica","2006-07-27","lowland rainforest",50,"point","10.42259","-84.0021"
"http://antweb.org/api/v2/?occurrenceId=CAS:ANTWEB:jtl282865","jtl282865","formicidae","myrmicinae","Adelomyrmex","myops","Adelomyrmex myops","","Puntarenas","Costa Rica","2010-07-14","mature wet forest ex sifted leaf litter",170,"point","8.408147","-83.32753"
"http://antweb.org/api/v2/?occurrenceId=CAS:ANTWEB:jtl283050","jtl283050","formicidae","myrmicinae","Adelomyrmex","myops","Adelomyrmex myops","","Puntarenas","Costa Rica","2010-07-14","mature wet forest ex sifted leaf litter",170,"point","8.407975","-83.32796"
"http://antweb.org/api/v2/?occurrenceId=CAS:ANTWEB:jtl283115","jtl283115","formicidae","myrmicinae","Adelomyrmex","myops","Adelomyrmex myops","","Puntarenas","Costa Rica","2010-07-14","mature wet forest ex sifted leaf litter",170,"point","8.40779","-83.32787"
"http://antweb.org/api/v2/?occurrenceId=CAS:ANTWEB:jtl283149","jtl283149","formicidae","myrmicinae","Adelomyrmex","myops","Adelomyrmex myops","","Puntarenas","Costa Rica","2010-07-14","mature wet forest ex sifted leaf litter",170,"point","8.40779","-83.327965"
"http://antweb.org/api/v2/?occurrenceId=CAS:ANTWEB:jtl283228","jtl283228","formicidae","myrmicinae","Adelomyrmex","myops","Adelomyrmex myops","","Puntarenas","Costa Rica","2010-07-14","mature wet forest ex sifted leaf litter",170,"point","8.407665","-83.32788"
"http://antweb.org/api/v2/?occurrenceId=CAS:ANTWEB:jtl283307","jtl283307","formicidae","myrmicinae","Adelomyrmex","myops","Adelomyrmex myops","","Puntarenas","Costa Rica","2010-07-14","mature wet forest ex sifted leaf litter",170,"point","8.407575","-83.32788"
"http://antweb.org/api/v2/?occurrenceId=CAS:ANTWEB:jtl290169","jtl290169","formicidae","myrmicinae","Adelomyrmex","myops","Adelomyrmex myops","","Gracias a Dios","Honduras","2010-11-10","tropical rainforest ex sifted leaf litter",60,"point","15.663753","-84.857704"
"http://antweb.org/api/v2/?occurrenceId=CAS:ANTWEB:jtl290218","jtl290218","formicidae","myrmicinae","Adelomyrmex","myops","Adelomyrmex myops","","Gracias a Dios","Honduras","2010-11-10","tropical rainforest ex sifted leaf litter",60,"point","15.663839","-84.8576"
"http://antweb.org/api/v2/?occurrenceId=CAS:ANTWEB:jtl290372","jtl290372","formicidae","myrmicinae","Adelomyrmex","myops","Adelomyrmex myops","","Gracias a Dios","Honduras","2010-11-10","tropical rainforest ex sifted leaf litter",60,"point","15.664372","-84.85766"
"http://antweb.org/api/v2/?occurrenceId=CAS:ANTWEB:jtl290424","jtl290424","formicidae","myrmicinae","Adelomyrmex","myops","Adelomyrmex myops","","Gracias a Dios","Honduras","2010-11-10","tropical rainforest ex sifted leaf litter",60,"point","15.664547","-84.85761"
"http://antweb.org/api/v2/?occurrenceId=CAS:ANTWEB:jtl290497","jtl290497","formicidae","myrmicinae","Adelomyrmex","myops","Adelomyrmex myops","","Gracias a Dios","Honduras","2010-11-10","tropical rainforest ex sifted leaf litter",60,"point","15.664765","-84.85755"
"http://antweb.org/api/v2/?occurrenceId=CAS:ANTWEB:jtl290511","jtl290511","formicidae","myrmicinae","Adelomyrmex","myops","Adelomyrmex myops","","Gracias a Dios","Honduras","2010-11-10","tropical rainforest ex sifted leaf litter",60,"point","15.664809","-84.85754"
"http://antweb.org/api/v2/?occurrenceId=CAS:ANTWEB:jtl290531","jtl290531","formicidae","myrmicinae","Adelomyrmex","myops","Adelomyrmex myops","","Gracias a Dios","Honduras","2010-11-10","tropical rainforest ex sifted leaf litter",60,"point","15.664853","-84.85753"
"http://antweb.org/api/v2/?occurrenceId=CAS:ANTWEB:jtl290547","jtl290547","formicidae","myrmicinae","Adelomyrmex","myops","Adelomyrmex myops","","Gracias a Dios","Honduras","2010-11-10","tropical rainforest ex sifted leaf litter",60,"point","15.664896","-84.85751"
"http://antweb.org/api/v2/?occurrenceId=CAS:ANTWEB:jtl290574","jtl290574","formicidae","myrmicinae","Adelomyrmex","myops","Adelomyrmex myops","","Gracias a Dios","Honduras","2010-11-10","tropical rainforest ex sifted leaf litter",60,"point","15.664984","-84.85749"
"http://antweb.org/api/v2/?occurrenceId=CAS:ANTWEB:jtl290587","jtl290587","formicidae","myrmicinae","Adelomyrmex","myops","Adelomyrmex myops","","Gracias a Dios","Honduras","2010-11-10","tropical rainforest ex sifted leaf litter",60,"point","15.665028","-84.857475"
"http://antweb.org/api/v2/?occurrenceId=CAS:ANTWEB:jtl290625","jtl290625","formicidae","myrmicinae","Adelomyrmex","myops","Adelomyrmex myops","","Gracias a Dios","Honduras","2010-11-10","tropical rainforest ex sifted leaf litter",60,"point","15.665114","-84.85745"
"http://antweb.org/api/v2/?occurrenceId=CAS:ANTWEB:jtl290651","jtl290651","formicidae","myrmicinae","Adelomyrmex","myops","Adelomyrmex myops","","Gracias a Dios","Honduras","2010-11-10","tropical rainforest ex sifted leaf litter",60,"point","15.665246","-84.857414"
"http://antweb.org/api/v2/?occurrenceId=CAS:ANTWEB:jtl290659","jtl290659","formicidae","myrmicinae","Adelomyrmex","myops","Adelomyrmex myops","","Gracias a Dios","Honduras","2010-11-10","tropical rainforest ex sifted leaf litter",60,"point","15.665289","-84.85741"
"http://antweb.org/api/v2/?occurrenceId=CAS:ANTWEB:jtl290670","jtl290670","formicidae","myrmicinae","Adelomyrmex","myops","Adelomyrmex myops","","Gracias a Dios","Honduras","2010-11-10","tropical rainforest ex sifted leaf litter",60,"point","15.665333","-84.85739"
"http://antweb.org/api/v2/?occurrenceId=CAS:ANTWEB:jtl290682","jtl290682","formicidae","myrmicinae","Adelomyrmex","myops","Adelomyrmex myops","","Gracias a Dios","Honduras","2010-11-10","tropical rainforest ex sifted leaf litter",60,"point","15.665377","-84.85738"
"http://antweb.org/api/v2/?occurrenceId=CAS:ANTWEB:jtl290863","jtl290863","formicidae","myrmicinae","Adelomyrmex","myops","Adelomyrmex myops","","Gracias a Dios","Honduras","2010-11-10","tropical rainforest ex sifted leaf litter",80,"point","15.70861","-84.86137"
"http://antweb.org/api/v2/?occurrenceId=CAS:ANTWEB:jtl291107","jtl291107","formicidae","myrmicinae","Adelomyrmex","myops","Adelomyrmex myops","","Gracias a Dios","Honduras","2010-11-10","tropical rainforest ex sifted leaf litter",80,"point","15.70861","-84.86206"
"http://antweb.org/api/v2/?occurrenceId=CAS:ANTWEB:jtl291161","jtl291161","formicidae","myrmicinae","Adelomyrmex","myops","Adelomyrmex myops","","Gracias a Dios","Honduras","2010-11-10","tropical rainforest ex sifted leaf litter",80,"point","15.708594","-84.8622"
"http://antweb.org/api/v2/?occurrenceId=CAS:ANTWEB:jtl291573","jtl291573","formicidae","myrmicinae","Adelomyrmex","myops","Adelomyrmex myops","","Gracias a Dios","Honduras","2010-11-10","tropical rainforest ex sifted leaf litter",80,"point","15.708194","-84.86293"
"http://antweb.org/api/v2/?occurrenceId=CAS:ANTWEB:jtl291713","jtl291713","formicidae","myrmicinae","Adelomyrmex","myops","Adelomyrmex myops","","Gracias a Dios","Honduras","2010-11-10","tropical rainforest ex sifted leaf litter",60,"point","15.70613","-84.86191"
"http://antweb.org/api/v2/?occurrenceId=CAS:ANTWEB:jtl291755","jtl291755","formicidae","myrmicinae","Adelomyrmex","myops","Adelomyrmex myops","","Gracias a Dios","Honduras","2010-11-10","tropical rainforest ex sifted leaf litter",50,"point","15.70481","-84.86154"
"http://antweb.org/api/v2/?occurrenceId=CAS:ANTWEB:jtl291838","jtl291838","formicidae","myrmicinae","Adelomyrmex","myops","Adelomyrmex myops","","Gracias a Dios","Honduras","2010-11-10","tropical rainforest ex sifted leaf litter",620,"point","15.72235","-84.8848"
"http://antweb.org/api/v2/?occurrenceId=CAS:ANTWEB:jtl291882","jtl291882","formicidae","myrmicinae","Adelomyrmex","myops","Adelomyrmex myops","","Gracias a Dios","Honduras","2010-11-10","tropical rainforest ex sifted leaf litter",380,"point","15.722","-84.88325"
"http://antweb.org/api/v2/?occurrenceId=CAS:ANTWEB:jtl293098","jtl293098","formicidae","myrmicinae","Adelomyrmex","myops","Adelomyrmex myops","","Gracias a Dios","Honduras","2010-11-17","tropical rainforest ex sifted leaf litter",420,"point","15.72061","-84.87832"
"http://antweb.org/api/v2/?occurrenceId=CAS:ANTWEB:jtl293249","jtl293249","formicidae","myrmicinae","Adelomyrmex","myops","Adelomyrmex myops","","Gracias a Dios","Honduras","2010-11-17","tropical rainforest ex sifted leaf litter",110,"point","15.71314","-84.86517"
"http://antweb.org/api/v2/?occurrenceId=CAS:ANTWEB:jtl320145","jtl320145","formicidae","myrmicinae","Adelomyrmex","myops","Adelomyrmex myops","","Atl ntida","Honduras","2011-04-15","old cacao plantation ex sifted leaf litter",20,"point","15.7657","-87.45567"
"http://antweb.org/api/v2/?occurrenceId=CAS:ANTWEB:jtl325217","jtl325217","formicidae","myrmicinae","Adelomyrmex","myops","Adelomyrmex myops","","Regi n Aut noma del Atl ntico Sur","Nicaragua","2011-08-20","2nd growth forest ex sifted leaf litter",190,"point","12.1947","-84.33665"
"http://antweb.org/api/v2/?occurrenceId=CAS:ANTWEB:jtl325249","jtl325249","formicidae","myrmicinae","Adelomyrmex","myops","Adelomyrmex myops","","Regi n Aut noma del Atl ntico Sur","Nicaragua","2011-08-20","2nd growth riparian forest ex sifted leaf litter",50,"point","12.12267","-84.46227"
"http://antweb.org/api/v2/?occurrenceId=CAS:ANTWEB:jtl325395","jtl325395","formicidae","myrmicinae","Adelomyrmex","myops","Adelomyrmex myops","","Chontales","Nicaragua","2011-08-20","wet forest ex sifted leaf litter",730,"point","12.27641","-85.0635"
"http://antweb.org/api/v2/?occurrenceId=CAS:ANTWEB:jtl657287","jtl657287","formicidae","myrmicinae","Adelomyrmex","myops","Adelomyrmex myops","","Regi n Aut noma del Atl ntico Sur","Nicaragua","2012-01-11","2 lowland rainforest ex sifted leaf litter",30,"point","12.672279","-83.71608"
"http://antweb.org/api/v2/?occurrenceId=CAS:ANTWEB:jtl657736","jtl657736","formicidae","myrmicinae","Adelomyrmex","myops","Adelomyrmex myops","","Regi n Aut noma del Atl ntico Sur","Nicaragua","2012-01-11","2 lowland rainforest ex sifted leaf litter",30,"point","12.678384","-83.715195"
"http://antweb.org/api/v2/?occurrenceId=CAS:ANTWEB:jtl657958","jtl657958","formicidae","myrmicinae","Adelomyrmex","myops","Adelomyrmex myops","","Regi n Aut noma del Atl ntico Sur","Nicaragua","2012-01-11","2 lowland rainforest ex sifted leaf litter",30,"point","12.677586","-83.715164"
"http://antweb.org/api/v2/?occurrenceId=CAS:ANTWEB:jtl666557","jtl666557","formicidae","myrmicinae","Adelomyrmex","myops","Adelomyrmex myops","","Matagalpa","Nicaragua","2012-01-18","montane wet forest ex sifted leaf litter",1030,"point","12.96707","-85.23292"
"http://antweb.org/api/v2/?occurrenceId=CAS:ANTWEB:jtl670242","jtl670242","formicidae","myrmicinae","Adelomyrmex","myops","Adelomyrmex myops","","Regi n Aut noma del Atl ntico Norte","Nicaragua","2012-04-21","mature wet forest ex sifted leaf litter",360,"point","13.7693405","-84.98383"
"http://antweb.org/api/v2/?occurrenceId=CAS:ANTWEB:jtl671285","jtl671285","formicidae","myrmicinae","Adelomyrmex","myops","Adelomyrmex myops","","Regi n Aut noma del Atl ntico Norte","Nicaragua","2012-04-21","mature wet forest ex sifted leaf litter",310,"point","13.770785","-84.980545"
"http://antweb.org/api/v2/?occurrenceId=CAS:ANTWEB:jtl671375","jtl671375","formicidae","myrmicinae","Adelomyrmex","myops","Adelomyrmex myops","","Regi n Aut noma del Atl ntico Norte","Nicaragua","2012-04-21","mature wet forest ex sifted leaf litter",310,"point","13.770615","-84.980606"
"http://antweb.org/api/v2/?occurrenceId=CAS:ANTWEB:jtl671402","jtl671402","formicidae","myrmicinae","Adelomyrmex","myops","Adelomyrmex myops","","Regi n Aut noma del Atl ntico Norte","Nicaragua","2012-04-21","mature wet forest ex sifted leaf litter",310,"point","13.770573","-84.98062"
"http://antweb.org/api/v2/?occurrenceId=CAS:ANTWEB:jtl671457","jtl671457","formicidae","myrmicinae","Adelomyrmex","myops","Adelomyrmex myops","","Regi n Aut noma del Atl ntico Norte","Nicaragua","2012-04-21","mature wet forest ex sifted leaf litter",310,"point","13.770488","-84.98065"
"http://antweb.org/api/v2/?occurrenceId=CAS:ANTWEB:jtl671829","jtl671829","formicidae","myrmicinae","Adelomyrmex","myops","Adelomyrmex myops","","Regi n Aut noma del Atl ntico Norte","Nicaragua","2012-04-21","mature wet forest ex sifted leaf litter",310,"point","13.770068","-84.98068"
"http://antweb.org/api/v2/?occurrenceId=CAS:ANTWEB:jtl672288","jtl672288","formicidae","myrmicinae","Adelomyrmex","myops","Adelomyrmex myops","","Regi n Aut noma del Atl ntico Norte","Nicaragua","2012-04-21","mature wet forest ex sifted leaf litter",310,"point","13.770824","-84.98012"
"http://antweb.org/api/v2/?occurrenceId=CAS:ANTWEB:jtl672310","jtl672310","formicidae","myrmicinae","Adelomyrmex","myops","Adelomyrmex myops","","Regi n Aut noma del Atl ntico Norte","Nicaragua","2012-04-21","mature wet forest ex sifted leaf litter",310,"point","13.770866","-84.9801"
"http://antweb.org/api/v2/?occurrenceId=CAS:ANTWEB:jtl672335","jtl672335","formicidae","myrmicinae","Adelomyrmex","myops","Adelomyrmex myops","","Regi n Aut noma del Atl ntico Norte","Nicaragua","2012-04-21","mature wet forest ex sifted leaf litter",310,"point","13.770909","-84.98009"
"http://antweb.org/api/v2/?occurrenceId=CAS:ANTWEB:jtl672362","jtl672362","formicidae","myrmicinae","Adelomyrmex","myops","Adelomyrmex myops","","Regi n Aut noma del Atl ntico Norte","Nicaragua","2012-05-04","mature wet forest ex sifted leaf litter",310,"point","13.77009","-84.98065"
"http://antweb.org/api/v2/?occurrenceId=CAS:ANTWEB:jtl672420","jtl672420","formicidae","myrmicinae","Adelomyrmex","myops","Adelomyrmex myops","","Regi n Aut noma del Atl ntico Norte","Nicaragua","2012-05-04","mature wet forest ex sifted leaf litter",360,"point","13.76866","-84.98446"
"http://antweb.org/api/v2/?occurrenceId=CAS:ANTWEB:jtl672595","jtl672595","formicidae","myrmicinae","Adelomyrmex","myops","Adelomyrmex myops","","Regi n Aut noma del Atl ntico Norte","Nicaragua","2012-05-04","tropical wet forest ex sifted leaf litter",510,"point","13.77361","-84.9865"
"http://antweb.org/api/v2/?occurrenceId=CAS:ANTWEB:jtl673011","jtl673011","formicidae","myrmicinae","Adelomyrmex","myops","Adelomyrmex myops","","Jinotega","Nicaragua","2012-05-04","montane wet forest ex sifted leaf litter",850,"point","13.77077","-85.00156"
"http://antweb.org/api/v2/?occurrenceId=CAS:ANTWEB:jtl684617","jtl684617","formicidae","myrmicinae","Adelomyrmex","myops","Adelomyrmex myops","","Regi n Aut noma del Atl ntico Sur","Nicaragua","2012-06-30","2 lowland rainforest ex sifted leaf litter",50,"point","12.68818","-83.71291"
"http://antweb.org/api/v2/?occurrenceId=CAS:ANTWEB:jtl684665","jtl684665","formicidae","myrmicinae","Adelomyrmex","myops","Adelomyrmex myops","","Regi n Aut noma del Atl ntico Sur","Nicaragua","2012-06-30","2 lowland rainforest ex sifted leaf litter",50,"point","12.68829","-83.71162"
"http://antweb.org/api/v2/?occurrenceId=CAS:ANTWEB:jtl684743","jtl684743","formicidae","myrmicinae","Adelomyrmex","myops","Adelomyrmex myops","","Regi n Aut noma del Atl ntico Sur","Nicaragua","2012-06-30","2 lowland rainforest ex sifted leaf litter",40,"point","12.67292","-83.71336"
"http://antweb.org/api/v2/?occurrenceId=CAS:ANTWEB:jtl717792","jtl717792","formicidae","myrmicinae","Adelomyrmex","myops","Adelomyrmex myops","","Puntarenas","Costa Rica","2014-02-09","tropical rainforest ex sifted leaf litter",130,"point","8.406667","-83.32833"
"http://antweb.org/api/v2/?occurrenceId=CAS:ANTWEB:jtl717800","jtl717800","formicidae","myrmicinae","Adelomyrmex","myops","Adelomyrmex myops","","Puntarenas","Costa Rica","2014-02-09","tropical rainforest ex sifted leaf litter",130,"point","8.406667","-83.32833"
"http://antweb.org/api/v2/?occurrenceId=CAS:ANTWEB:jtl717922","jtl717922","formicidae","myrmicinae","Adelomyrmex","myops","Adelomyrmex myops","","Puntarenas","Costa Rica","2014-02-09","mature wet forest ex sifted leaf litter",170,"point","8.407575","-83.32806"
"http://antweb.org/api/v2/?occurrenceId=CAS:ANTWEB:jtl722413","jtl722413","formicidae","myrmicinae","Adelomyrmex","myops","Adelomyrmex myops","","Puntarenas","Costa Rica","2014-07-17","mature wet forest ex sifted leaf litter",35,"point","8.40558","-83.3366"
"http://antweb.org/api/v2/?occurrenceId=CAS:ANTWEB:jtl722511","jtl722511","formicidae","myrmicinae","Adelomyrmex","myops","Adelomyrmex myops","","Puntarenas","Costa Rica","2014-07-17","rainforest ex sifted leaf litter",175,"point","8.40821","-83.32746"
"http://antweb.org/api/v2/?occurrenceId=CAS:ANTWEB:jtl722532","jtl722532","formicidae","myrmicinae","Adelomyrmex","myops","Adelomyrmex myops","","Puntarenas","Costa Rica","2014-07-17","rainforest ex sifted leaf litter",175,"point","8.40821","-83.32751"
"http://antweb.org/api/v2/?occurrenceId=CAS:ANTWEB:jtl722547","jtl722547","formicidae","myrmicinae","Adelomyrmex","myops","Adelomyrmex myops","","Puntarenas","Costa Rica","2014-07-17","rainforest ex sifted leaf litter",175,"point","8.40821","-83.32755"
"http://antweb.org/api/v2/?occurrenceId=CAS:ANTWEB:jtl722581","jtl722581","formicidae","myrmicinae","Adelomyrmex","myops","Adelomyrmex myops","","Puntarenas","Costa Rica","2014-07-17","rainforest ex sifted leaf litter",175,"point","8.40821","-83.32765"
"http://antweb.org/api/v2/?occurrenceId=CAS:ANTWEB:jtl722673","jtl722673","formicidae","myrmicinae","Adelomyrmex","myops","Adelomyrmex myops","","Puntarenas","Costa Rica","2014-07-17","rainforest ex sifted leaf litter",175,"point","8.40781","-83.32772"
"http://antweb.org/api/v2/?occurrenceId=CAS:ANTWEB:jtl722685","jtl722685","formicidae","myrmicinae","Adelomyrmex","myops","Adelomyrmex myops","","Puntarenas","Costa Rica","2014-07-17","rainforest ex sifted leaf litter",175,"point","8.40781","-83.32777"
"http://antweb.org/api/v2/?occurrenceId=CAS:ANTWEB:jtl722692","jtl722692","formicidae","myrmicinae","Adelomyrmex","myops","Adelomyrmex myops","","Puntarenas","Costa Rica","2014-07-17","rainforest ex sifted leaf litter",175,"point","8.40781","-83.32782"
"http://antweb.org/api/v2/?occurrenceId=CAS:ANTWEB:jtl722730","jtl722730","formicidae","myrmicinae","Adelomyrmex","myops","Adelomyrmex myops","","Puntarenas","Costa Rica","2014-07-17","rainforest ex sifted leaf litter",175,"point","8.40781","-83.32795"
"http://antweb.org/api/v2/?occurrenceId=CAS:ANTWEB:jtl722757","jtl722757","formicidae","myrmicinae","Adelomyrmex","myops","Adelomyrmex myops","","Puntarenas","Costa Rica","2014-07-17","rainforest ex sifted leaf litter",175,"point","8.40741","-83.32768"
"http://antweb.org/api/v2/?occurrenceId=CAS:ANTWEB:jtl722780","jtl722780","formicidae","myrmicinae","Adelomyrmex","myops","Adelomyrmex myops","","Puntarenas","Costa Rica","2014-07-17","rainforest ex sifted leaf litter",175,"point","8.40741","-83.32772"
"http://antweb.org/api/v2/?occurrenceId=CAS:ANTWEB:jtl722853","jtl722853","formicidae","myrmicinae","Adelomyrmex","myops","Adelomyrmex myops","","Puntarenas","Costa Rica","2014-07-17","rainforest ex sifted leaf litter",175,"point","8.40741","-83.32786"
"http://antweb.org/api/v2/?occurrenceId=CAS:ANTWEB:jtl722915","jtl722915","formicidae","myrmicinae","Adelomyrmex","myops","Adelomyrmex myops","","Puntarenas","Costa Rica","2014-07-17","rainforest ex sifted leaf litter",175,"point","8.40741","-83.328"
"http://antweb.org/api/v2/?occurrenceId=CAS:ANTWEB:jtl722946","jtl722946","formicidae","myrmicinae","Adelomyrmex","myops","Adelomyrmex myops","","Puntarenas","Costa Rica","2014-07-17","rainforest ex sifted leaf litter",175,"point","8.407","-83.32774"
"http://antweb.org/api/v2/?occurrenceId=CAS:ANTWEB:jtl722967","jtl722967","formicidae","myrmicinae","Adelomyrmex","myops","Adelomyrmex myops","","Puntarenas","Costa Rica","2014-07-17","rainforest ex sifted leaf litter",175,"point","8.407","-83.32779"
"http://antweb.org/api/v2/?occurrenceId=CAS:ANTWEB:jtl723082","jtl723082","formicidae","myrmicinae","Adelomyrmex","myops","Adelomyrmex myops","","Puntarenas","Costa Rica","2014-07-17","rainforest ex sifted leaf litter",175,"point","8.407","-83.32806"
"http://antweb.org/api/v2/?occurrenceId=CAS:ANTWEB:jtl723102","jtl723102","formicidae","myrmicinae","Adelomyrmex","myops","Adelomyrmex myops","","Puntarenas","Costa Rica","2014-07-17","rainforest ex sifted leaf litter",175,"point","8.407","-83.32811"
"http://antweb.org/api/v2/?occurrenceId=CAS:ANTWEB:jtl723144","jtl723144","formicidae","myrmicinae","Adelomyrmex","myops","Adelomyrmex myops","","Puntarenas","Costa Rica","2014-07-17","rainforest ex sifted leaf litter",175,"point","8.4066","-83.3279"
"http://antweb.org/api/v2/?occurrenceId=CAS:ANTWEB:jtl723287","jtl723287","formicidae","myrmicinae","Adelomyrmex","myops","Adelomyrmex myops","","Puntarenas","Costa Rica","2014-07-17","rainforest ex sifted leaf litter",175,"point","8.4066","-83.32822"
"http://antweb.org/api/v2/?occurrenceId=CAS:ANTWEB:jtl723340","jtl723340","formicidae","myrmicinae","Adelomyrmex","myops","Adelomyrmex myops","","Puntarenas","Costa Rica","2014-07-17","rainforest ex sifted leaf litter",175,"point","8.4062","-83.32803"
"http://antweb.org/api/v2/?occurrenceId=CAS:ANTWEB:jtl723446","jtl723446","formicidae","myrmicinae","Adelomyrmex","myops","Adelomyrmex myops","","Puntarenas","Costa Rica","2014-07-17","rainforest ex sifted leaf litter",175,"point","8.4062","-83.32835"
"http://antweb.org/api/v2/?occurrenceId=CAS:ANTWEB:jtl723469","jtl723469","formicidae","myrmicinae","Adelomyrmex","myops","Adelomyrmex myops","","Puntarenas","Costa Rica","2014-07-17","rainforest ex sifted leaf litter",175,"point","8.4062","-83.3284"
"http://antweb.org/api/v2/?occurrenceId=CAS:ANTWEB:jtl730894","jtl730894","formicidae","myrmicinae","Adelomyrmex","myops","Adelomyrmex myops","","Gracias a Dios","Honduras","2010-11-10","tropical rainforest ex sifted leaf litter",60,"point","15.663636","-84.85785"
"http://antweb.org/api/v2/?occurrenceId=CAS:ANTWEB:jtl731121","jtl731121","formicidae","myrmicinae","Adelomyrmex","myops","Adelomyrmex myops","","Heredia","Costa Rica","2014-12-01","montane wet forest Hojarasca",300,"point","10.35","-84.05"
"http://antweb.org/api/v2/?occurrenceId=CAS:ANTWEB:jtl732621","jtl732621","formicidae","myrmicinae","Adelomyrmex","myops","Adelomyrmex myops","","Dari n","Panama","2015-03-31","moist forest ex sifted leaf litter",720,"point","8.78803","-78.45035"
"http://antweb.org/api/v2/?occurrenceId=CAS:ANTWEB:jtl733792","jtl733792","formicidae","myrmicinae","Adelomyrmex","myops","Adelomyrmex myops","","Heredia","Costa Rica","2015-04-23","mature wet forest ex sifted leaf litter",160,"point","10.408114","-84.039734"
"http://antweb.org/api/v2/?occurrenceId=CAS:ANTWEB:jtl733795","jtl733795","formicidae","myrmicinae","Adelomyrmex","myops","Adelomyrmex myops","","Puntarenas","Costa Rica","2015-04-23","tropical rainforest ex sifted leaf litter",130,"point","8.406667","-83.32833"
"http://antweb.org/api/v2/?occurrenceId=CAS:ANTWEB:jtl733798","jtl733798","formicidae","myrmicinae","Adelomyrmex","myops","Adelomyrmex myops","","Chontales","Nicaragua","2015-04-23","wet forest ex sifted leaf litter",730,"point","12.27641","-85.0635"
"http://antweb.org/api/v2/?occurrenceId=CAS:ANTWEB:jtl733843","jtl733843","formicidae","myrmicinae","Adelomyrmex","myops","Adelomyrmex myops","","Regi n Aut noma del Atl ntico Norte","Nicaragua","2015-04-23","mature wet forest ex sifted leaf litter",310,"point","13.770136","-84.98056"
"http://antweb.org/api/v2/?occurrenceId=CAS:ANTWEB:jtl733860","jtl733860","formicidae","myrmicinae","Adelomyrmex","myops","Adelomyrmex myops","","Atl ntida","Honduras","2015-04-23","old cacao plantation ex sifted leaf litter",20,"point","15.7657","-87.45567"
"http://antweb.org/api/v2/?occurrenceId=CAS:ANTWEB:jtl733861","jtl733861","formicidae","myrmicinae","Adelomyrmex","myops","Adelomyrmex myops","","Matagalpa","Nicaragua","2015-04-23","montane wet forest ex sifted leaf litter",1060,"point","12.96817","-85.23301"
"http://antweb.org/api/v2/?occurrenceId=CAS:ANTWEB:jtlc-vial-002065-001","jtlc-vial-002065-001","formicidae","myrmicinae","Adelomyrmex","myops","Adelomyrmex myops","","Puntarenas","Costa Rica","2008-04-09","tropical rainforest ex sifted leaf litter",130,"point","8.406667","-83.32833"
"http://antweb.org/api/v2/?occurrenceId=CAS:ANTWEB:jtlc-vial-002065-013","jtlc-vial-002065-013","formicidae","myrmicinae","Adelomyrmex","myops","Adelomyrmex myops","","Puntarenas","Costa Rica","2008-04-09","tropical rainforest ex sifted leaf litter",130,"point","8.406667","-83.32833"
"http://antweb.org/api/v2/?occurrenceId=CAS:ANTWEB:jtlc-vial-002065-043","jtlc-vial-002065-043","formicidae","myrmicinae","Adelomyrmex","myops","Adelomyrmex myops","","Puntarenas","Costa Rica","2008-04-09","tropical rainforest ex sifted leaf litter",130,"point","8.406667","-83.32833"
"http://antweb.org/api/v2/?occurrenceId=CAS:ANTWEB:jtlc-vial-002065-117","jtlc-vial-002065-117","formicidae","myrmicinae","Adelomyrmex","myops","Adelomyrmex myops","","Puntarenas","Costa Rica","2008-04-09","tropical rainforest ex sifted leaf litter",130,"point","8.406667","-83.32833"
"http://antweb.org/api/v2/?occurrenceId=CAS:ANTWEB:jtlc-vial-002065-169","jtlc-vial-002065-169","formicidae","myrmicinae","Adelomyrmex","myops","Adelomyrmex myops","","Puntarenas","Costa Rica","2008-04-09","tropical rainforest ex sifted leaf litter",130,"point","8.406667","-83.32833"
"http://antweb.org/api/v2/?occurrenceId=CAS:ANTWEB:jtlc-vial-002065-202","jtlc-vial-002065-202","formicidae","myrmicinae","Adelomyrmex","myops","Adelomyrmex myops","","Puntarenas","Costa Rica","2008-04-09","tropical rainforest ex sifted leaf litter",130,"point","8.406667","-83.32833"
"http://antweb.org/api/v2/?occurrenceId=CAS:ANTWEB:jtlc-vial-002065-217","jtlc-vial-002065-217","formicidae","myrmicinae","Adelomyrmex","myops","Adelomyrmex myops","","Puntarenas","Costa Rica","2008-04-09","tropical rainforest ex sifted leaf litter",130,"point","8.406667","-83.32833"
"http://antweb.org/api/v2/?occurrenceId=CAS:ANTWEB:jtlc-vial-002065-247","jtlc-vial-002065-247","formicidae","myrmicinae","Adelomyrmex","myops","Adelomyrmex myops","","Puntarenas","Costa Rica","2008-04-09","tropical rainforest ex sifted leaf litter",130,"point","8.406667","-83.32833"
"http://antweb.org/api/v2/?occurrenceId=CAS:ANTWEB:jtlc-vial-002065-409","jtlc-vial-002065-409","formicidae","myrmicinae","Adelomyrmex","myops","Adelomyrmex myops","","Puntarenas","Costa Rica","2008-04-09","tropical rainforest ex sifted leaf litter",130,"point","8.406667","-83.32833"
"http://antweb.org/api/v2/?occurrenceId=CAS:ANTWEB:jtlc-vial-002065-576","jtlc-vial-002065-576","formicidae","myrmicinae","Adelomyrmex","myops","Adelomyrmex myops","","Puntarenas","Costa Rica","2008-04-09","tropical rainforest ex sifted leaf litter",130,"point","8.406667","-83.32833"
"http://antweb.org/api/v2/?occurrenceId=CAS:ANTWEB:jtlc-vial-002065-640","jtlc-vial-002065-640","formicidae","myrmicinae","Adelomyrmex","myops","Adelomyrmex myops","","Puntarenas","Costa Rica","2008-04-09","tropical rainforest ex sifted leaf litter",130,"point","8.406667","-83.32833"
"http://antweb.org/api/v2/?occurrenceId=CAS:ANTWEB:jtlc-vial-002065-664","jtlc-vial-002065-664","formicidae","myrmicinae","Adelomyrmex","myops","Adelomyrmex myops","","Puntarenas","Costa Rica","2008-04-09","tropical rainforest ex sifted leaf litter",130,"point","8.406667","-83.32833"
"http://antweb.org/api/v2/?occurrenceId=CAS:ANTWEB:jtlc-vial-002065-695","jtlc-vial-002065-695","formicidae","myrmicinae","Adelomyrmex","myops","Adelomyrmex myops","","Puntarenas","Costa Rica","2008-04-09","tropical rainforest ex sifted leaf litter",130,"point","8.406667","-83.32833"
"http://antweb.org/api/v2/?occurrenceId=CAS:ANTWEB:jtlc-vial-002065-712","jtlc-vial-002065-712","formicidae","myrmicinae","Adelomyrmex","myops","Adelomyrmex myops","","Puntarenas","Costa Rica","2008-04-09","tropical rainforest ex sifted leaf litter",130,"point","8.406667","-83.32833"
"http://antweb.org/api/v2/?occurrenceId=CAS:ANTWEB:jtlc-vial-002065-862","jtlc-vial-002065-862","formicidae","myrmicinae","Adelomyrmex","myops","Adelomyrmex myops","","Puntarenas","Costa Rica","2008-04-09","tropical rainforest ex sifted leaf litter",130,"point","8.406667","-83.32833"
"http://antweb.org/api/v2/?occurrenceId=CAS:ANTWEB:jtlc000008115","jtlc000008115","formicidae","myrmicinae","Adelomyrmex","myops","Adelomyrmex myops","","Heredia","Costa Rica","2005-12-25","lowland rainforest sifted litter",50,"point","10.43333","-84.01667"
"http://antweb.org/api/v2/?occurrenceId=CAS:ANTWEB:jtlc000008116","jtlc000008116","formicidae","myrmicinae","Adelomyrmex","myops","Adelomyrmex myops","","Heredia","Costa Rica","2005-12-25","lowland rainforest sifted litter",50,"point","10.43333","-84.01667"
"http://antweb.org/api/v2/?occurrenceId=CAS:ANTWEB:usnment00531590","usnment00531590","formicidae","myrmicinae","Adelomyrmex","myops","Adelomyrmex myops","type of Adelomyrmex myops","Izabal","Guatemala","2012-04-19","",NA,"point","15.83333","-88.75"
"http://antweb.org/api/v2/?occurrenceId=CAS:ANTWEB:usnment00754762","usnment00754762","formicidae","myrmicinae","Adelomyrmex","myops","Adelomyrmex myops","","Guatemala","Guatemala","2012-04-19","",NA,"point","14.63333","-90.6"
"http://antweb.org/api/v2/?occurrenceId=CAS:ANTWEB:usnment00754763","usnment00754763","formicidae","myrmicinae","Adelomyrmex","myops","Adelomyrmex myops","","Lim n","Costa Rica","2012-04-19","",NA,"point","10.16667","-83.58333"
"http://antweb.org/api/v2/?occurrenceId=CAS:ANTWEB:usnment00754764","usnment00754764","formicidae","myrmicinae","Adelomyrmex","myops","Adelomyrmex myops","","Atlantida","Honduras","2012-04-19","",NA,"point","15.58333","-87.23333"
"http://antweb.org/api/v2/?occurrenceId=CAS:ANTWEB:usnment00754765","usnment00754765","formicidae","myrmicinae","Adelomyrmex","myops","Adelomyrmex myops","","Atlantida","Honduras","2012-04-19","",NA,"point","15.56667","-87.28333"
"http://antweb.org/api/v2/?occurrenceId=CAS:ANTWEB:usnment00754766","usnment00754766","formicidae","myrmicinae","Adelomyrmex","myops","Adelomyrmex myops","","Canal Zone","Panama","2012-04-19","",100,"point","9.15","-79.85"
"http://antweb.org/api/v2/?occurrenceId=CAS:ANTWEB:usnment00756876","usnment00756876","formicidae","myrmicinae","Adelomyrmex","myops","Adelomyrmex myops","","Guatemala","Guatemala","2012-04-18","",NA,"point","14.63333","-90.6"
"http://antweb.org/api/v2/?occurrenceId=CAS:ANTWEB:usnment00756877","usnment00756877","formicidae","myrmicinae","Adelomyrmex","myops","Adelomyrmex myops","","Guatemala","Guatemala","2012-04-18","",NA,"point","14.63333","-90.6"
"http://antweb.org/api/v2/?occurrenceId=CAS:ANTWEB:usnment00756878","usnment00756878","formicidae","myrmicinae","Adelomyrmex","myops","Adelomyrmex myops","","Lim n","Costa Rica","2012-04-18","",NA,"point","10.16667","-83.58333"
"http://antweb.org/api/v2/?occurrenceId=CAS:ANTWEB:usnment00756879","usnment00756879","formicidae","myrmicinae","Adelomyrmex","myops","Adelomyrmex myops","","Lim n","Costa Rica","2012-04-18","",NA,"point","10.16667","-83.58333"
"http://antweb.org/api/v2/?occurrenceId=CAS:ANTWEB:usnment00756880","usnment00756880","formicidae","myrmicinae","Adelomyrmex","myops","Adelomyrmex myops","","Lim n","Costa Rica","2012-04-18","",NA,"point","10.16667","-83.58333"
"http://antweb.org/api/v2/?occurrenceId=CAS:ANTWEB:usnment00756881","usnment00756881","formicidae","myrmicinae","Adelomyrmex","myops","Adelomyrmex myops","","Lim n","Costa Rica","2012-04-18","",NA,"point","10.16667","-83.58333"
"http://antweb.org/api/v2/?occurrenceId=CAS:ANTWEB:usnment00756882","usnment00756882","formicidae","myrmicinae","Adelomyrmex","myops","Adelomyrmex myops","","Lim n","Costa Rica","2012-04-18","",NA,"point","10.16667","-83.58333"
"http://antweb.org/api/v2/?occurrenceId=CAS:ANTWEB:usnment00756883","usnment00756883","formicidae","myrmicinae","Adelomyrmex","myops","Adelomyrmex myops","","Lim n","Costa Rica","2012-04-18","",NA,"point","10.16667","-83.58333"
"http://antweb.org/api/v2/?occurrenceId=CAS:ANTWEB:usnment00756884","usnment00756884","formicidae","myrmicinae","Adelomyrmex","myops","Adelomyrmex myops","","Lim n","Costa Rica","2012-04-18","",NA,"point","10.16667","-83.58333"
"http://antweb.org/api/v2/?occurrenceId=CAS:ANTWEB:usnment00756885","usnment00756885","formicidae","myrmicinae","Adelomyrmex","myops","Adelomyrmex myops","","Atlantida","Honduras","2012-04-18","",NA,"point","15.58333","-87.23333"
"http://antweb.org/api/v2/?occurrenceId=CAS:ANTWEB:usnment00756886","usnment00756886","formicidae","myrmicinae","Adelomyrmex","myops","Adelomyrmex myops","","Atlantida","Honduras","2012-04-18","",NA,"point","15.56667","-87.28333"
