"url","catalogNumber","family","subfamily","genus","specificEpithet","scientific_name","typeStatus","stateProvince","country","dateIdentified","habitat","minimumElevationInMeters","geojson.type","decimal_latitude","decimal_longitude"
"http://antweb.org/api/v2/?occurrenceId=CAS:ANTWEB:casent0629012","casent0629012","formicidae","myrmicinae","Adelomyrmex","striatus","Adelomyrmex striatus","","Napo","Ecuador","2012-06-30","rainforest sifted litter leaf mould, rotten wood",400,"point","-1.06667","-77.61667"
"http://antweb.org/api/v2/?occurrenceId=CAS:ANTWEB:casent0629013","casent0629013","formicidae","myrmicinae","Adelomyrmex","striatus","Adelomyrmex striatus","","Loreto","Peru","2012-06-30","",200,"point","-5.98333","-76.21667"
"http://antweb.org/api/v2/?occurrenceId=CAS:ANTWEB:casent0629017","casent0629017","formicidae","myrmicinae","Adelomyrmex","striatus","Adelomyrmex striatus","","Loreto","Peru","2012-07-01","",200,"point","-5.98333","-76.21667"
"http://antweb.org/api/v2/?occurrenceId=CAS:ANTWEB:casent0629018","casent0629018","formicidae","myrmicinae","Adelomyrmex","striatus","Adelomyrmex striatus","","Loreto","Peru","2012-07-01","",200,"point","-5.98333","-76.21667"
"http://antweb.org/api/v2/?occurrenceId=CAS:ANTWEB:casent0633357","casent0633357","formicidae","myrmicinae","Adelomyrmex","striatus","Adelomyrmex striatus","","Santo Domingo","Ecuador","2014-12-19","",1209,"point","-0.39506","-78.981"
"http://antweb.org/api/v2/?occurrenceId=CAS:ANTWEB:casent0637587","casent0637587","formicidae","myrmicinae","Adelomyrmex","striatus","Adelomyrmex striatus","","Madre de Dios","Peru","2013-09-01","Bamboo forest ex sifted leaf litter",252,"point","-13.14142","-69.623"
"http://antweb.org/api/v2/?occurrenceId=CAS:ANTWEB:fmnhins0000095838","fmnhins0000095838","formicidae","myrmicinae","Adelomyrmex","striatus","Adelomyrmex striatus","","Napo","Ecuador","2013-09-20","",250,"point","-0.4","-76.6"
"http://antweb.org/api/v2/?occurrenceId=CAS:ANTWEB:fmnhins0000095960","fmnhins0000095960","formicidae","myrmicinae","Adelomyrmex","striatus","Adelomyrmex striatus","","Pichincha","Ecuador","2013-09-12","",213,"point","-0.58333","-79.41666"
"http://antweb.org/api/v2/?occurrenceId=CAS:ANTWEB:jtl-sv00632.06","jtl-sv00632.06","formicidae","myrmicinae","Adelomyrmex","striatus","Adelomyrmex striatus","","Santo Domingo","Ecuador","2014-12-19","",1209,"point","-0.39506","-78.981"
"http://antweb.org/api/v2/?occurrenceId=CAS:ANTWEB:jtl670122","jtl670122","formicidae","myrmicinae","Adelomyrmex","striatus","Adelomyrmex striatus","paratype Adelomyrmex striatus","Amazonas","Brazil","","",NA,"point","-3.11666","-60.03333"
"http://antweb.org/api/v2/?occurrenceId=CAS:ANTWEB:jtl726380","jtl726380","formicidae","myrmicinae","Adelomyrmex","striatus","Adelomyrmex striatus","","Madre de Dios","Peru","2013-08-01","Bamboo forest ex sifted leaf litter",252,"point","-13.14142","-69.623"
