"url","catalogNumber","family","subfamily","genus","specificEpithet","scientific_name","typeStatus","stateProvince","country","dateIdentified","habitat","minimumElevationInMeters","geojson.type","decimal_latitude","decimal_longitude"
"http://antweb.org/api/v2/?occurrenceId=CAS:ANTWEB:casent0601448","casent0601448","formicidae","myrmicinae","Adelomyrmex","betoi","Adelomyrmex betoi","","Oaxaca","Mexico","2008-05-08","cloud forest forest litter",1300,"point","17.63639","-96.47005"
"http://antweb.org/api/v2/?occurrenceId=CAS:ANTWEB:casent0601453","casent0601453","formicidae","myrmicinae","Adelomyrmex","betoi","Adelomyrmex betoi","","Oaxaca","Mexico","2008-05-08","cloud forest forest litter",1300,"point","17.63639","-96.47005"
"http://antweb.org/api/v2/?occurrenceId=CAS:ANTWEB:casent0624257","casent0624257","formicidae","myrmicinae","Adelomyrmex","betoi","Adelomyrmex betoi","","Oaxaca","Mexico","2008-05-08","cloud forest forest litter",1300,"point","17.63639","-96.47005"
"http://antweb.org/api/v2/?occurrenceId=CAS:ANTWEB:casent0627903","casent0627903","formicidae","myrmicinae","Adelomyrmex","betoi","Adelomyrmex betoi","","Oaxaca","Mexico","2012-03-19","cloud forest forest litter",1300,"point","17.63639","-96.47005"
"http://antweb.org/api/v2/?occurrenceId=CAS:ANTWEB:casent0627904","casent0627904","formicidae","myrmicinae","Adelomyrmex","betoi","Adelomyrmex betoi","","Oaxaca","Mexico","2012-03-19","cloud forest forest litter",1300,"point","17.63639","-96.47005"
"http://antweb.org/api/v2/?occurrenceId=CAS:ANTWEB:casent0627905","casent0627905","formicidae","myrmicinae","Adelomyrmex","betoi","Adelomyrmex betoi","","Oaxaca","Mexico","2012-03-19","cloud forest forest litter",1300,"point","17.63639","-96.47005"
"http://antweb.org/api/v2/?occurrenceId=CAS:ANTWEB:casent0637362","casent0637362","formicidae","myrmicinae","Adelomyrmex","betoi","Adelomyrmex betoi","","Oaxaca","Mexico","2015-12-12","mesophyl forest, coffee in understory ex sifted leaf litter",970,"point","18.9021","-97.01111"
"http://antweb.org/api/v2/?occurrenceId=CAS:ANTWEB:casent0901019","casent0901019","formicidae","myrmicinae","Adelomyrmex","betoi","Adelomyrmex betoi","paratype of Adelomyrmex betoi","","Mexico","","",NA,NA,NA,NA
"http://antweb.org/api/v2/?occurrenceId=CAS:ANTWEB:fmnhins0000095782","fmnhins0000095782","formicidae","myrmicinae","Adelomyrmex","betoi","Adelomyrmex betoi","","Veracruz","Mexico","2013-08-26","cloud forest ex sifted leaf litter",NA,"point","19.14297","-96.89859"
"http://antweb.org/api/v2/?occurrenceId=CAS:ANTWEB:fmnhins0000095783","fmnhins0000095783","formicidae","myrmicinae","Adelomyrmex","betoi","Adelomyrmex betoi","","Veracruz","Mexico","2013-08-26","cloud forest ex sifted leaf litter",NA,"point","19.14297","-96.89859"
"http://antweb.org/api/v2/?occurrenceId=CAS:ANTWEB:fmnhins0000095974","fmnhins0000095974","formicidae","myrmicinae","Adelomyrmex","betoi","Adelomyrmex betoi","","Oaxaca","Mexico","2013-09-20","montane tropical forest ex sifted leaf litter",1220,"point","17.645","-96.336"
"http://antweb.org/api/v2/?occurrenceId=CAS:ANTWEB:jtl737976","jtl737976","formicidae","myrmicinae","Adelomyrmex","betoi","Adelomyrmex betoi","","Oaxaca","Mexico","2015-10-01","mesophyl forest, coffee in understory ex sifted leaf litter",970,"point","18.9021","-97.01111"
"http://antweb.org/api/v2/?occurrenceId=CAS:ANTWEB:jtlc000003150","jtlc000003150","formicidae","myrmicinae","Adelomyrmex","betoi","Adelomyrmex betoi","paratype betoi","Oaxaca","Mexico","2002-11-01","",1200,"point","17.67","-96.33"
