"url","catalogNumber","family","subfamily","genus","specificEpithet","scientific_name","typeStatus","stateProvince","country","dateIdentified","habitat","minimumElevationInMeters","geojson.type","decimal_latitude","decimal_longitude"
"http://antweb.org/api/v2/?occurrenceId=CAS:ANTWEB:casent0615091","casent0615091","formicidae","myrmicinae","Adelomyrmex","anxiocalor","Adelomyrmex anxiocalor","","Olancho","Honduras","2010-09-23","cloud forest ex sifted leaf litter",2020,"point","14.9483","-85.91475"
"http://antweb.org/api/v2/?occurrenceId=CAS:ANTWEB:casent0615093","casent0615093","formicidae","myrmicinae","Adelomyrmex","anxiocalor","Adelomyrmex anxiocalor","","Olancho","Honduras","2010-09-23","cloud forest ex sifted leaf litter",2020,"point","14.948344","-85.91476"
"http://antweb.org/api/v2/?occurrenceId=CAS:ANTWEB:casent0615094","casent0615094","formicidae","myrmicinae","Adelomyrmex","anxiocalor","Adelomyrmex anxiocalor","","Olancho","Honduras","2010-09-23","cloud forest ex sifted leaf litter",2020,"point","14.948344","-85.91476"
"http://antweb.org/api/v2/?occurrenceId=CAS:ANTWEB:casent0615095","casent0615095","formicidae","myrmicinae","Adelomyrmex","anxiocalor","Adelomyrmex anxiocalor","","Olancho","Honduras","2010-09-23","cloud forest ex sifted leaf litter",2020,"point","14.948344","-85.91476"
"http://antweb.org/api/v2/?occurrenceId=CAS:ANTWEB:casent0615096","casent0615096","formicidae","myrmicinae","Adelomyrmex","anxiocalor","Adelomyrmex anxiocalor","","Olancho","Honduras","2010-09-23","cloud forest ex sifted leaf litter",2020,"point","14.948742","-85.91485"
"http://antweb.org/api/v2/?occurrenceId=CAS:ANTWEB:casent0615097","casent0615097","formicidae","myrmicinae","Adelomyrmex","anxiocalor","Adelomyrmex anxiocalor","","Olancho","Honduras","2010-09-23","cloud forest ex sifted leaf litter",2020,"point","14.948742","-85.91485"
"http://antweb.org/api/v2/?occurrenceId=CAS:ANTWEB:casent0615102","casent0615102","formicidae","myrmicinae","Adelomyrmex","anxiocalor","Adelomyrmex anxiocalor","","Olancho","Honduras","2010-09-23","cloud forest ex sifted leaf litter",2080,"point","14.9494915","-85.91559"
"http://antweb.org/api/v2/?occurrenceId=CAS:ANTWEB:casent0615103","casent0615103","formicidae","myrmicinae","Adelomyrmex","anxiocalor","Adelomyrmex anxiocalor","","Olancho","Honduras","2010-09-23","cloud forest ex sifted leaf litter",2080,"point","14.9494915","-85.91559"
"http://antweb.org/api/v2/?occurrenceId=CAS:ANTWEB:casent0615104","casent0615104","formicidae","myrmicinae","Adelomyrmex","anxiocalor","Adelomyrmex anxiocalor","Holotype Adelomyrmex anxiocalor","Olancho","Honduras","2010-09-23","cloud forest ex sifted leaf litter",2080,"point","14.9494915","-85.91559"
"http://antweb.org/api/v2/?occurrenceId=CAS:ANTWEB:casent0616304","casent0616304","formicidae","myrmicinae","Adelomyrmex","anxiocalor","Adelomyrmex anxiocalor","","Olancho","Honduras","2011-01-28","wet cloud forest ex sifted leaf litter",2190,"point","14.95307","-85.91669"
"http://antweb.org/api/v2/?occurrenceId=CAS:ANTWEB:casent0616305","casent0616305","formicidae","myrmicinae","Adelomyrmex","anxiocalor","Adelomyrmex anxiocalor","","Olancho","Honduras","2011-01-28","wet cloud forest ex sifted leaf litter",2190,"point","14.95307","-85.91669"
"http://antweb.org/api/v2/?occurrenceId=CAS:ANTWEB:casent0627780","casent0627780","formicidae","myrmicinae","Adelomyrmex","anxiocalor","Adelomyrmex anxiocalor","","Olancho","Honduras","2012-03-15","ridgetop cloud forest at bait",2000,"point","14.94838","-85.91439"
"http://antweb.org/api/v2/?occurrenceId=CAS:ANTWEB:casent0628583","casent0628583","formicidae","myrmicinae","Adelomyrmex","anxiocalor","Adelomyrmex anxiocalor","Paratype Adelomyrmex anxiocalor","Olancho","Honduras","2012-04-22","wet cloud forest ex sifted leaf litter",2190,"point","14.95307","-85.91669"
"http://antweb.org/api/v2/?occurrenceId=CAS:ANTWEB:casent0628584","casent0628584","formicidae","myrmicinae","Adelomyrmex","anxiocalor","Adelomyrmex anxiocalor","Paratype Adelomyrmex anxiocalor","Olancho","Honduras","2012-04-22","wet cloud forest ex sifted leaf litter",2190,"point","14.95307","-85.91669"
"http://antweb.org/api/v2/?occurrenceId=CAS:ANTWEB:casent0628585","casent0628585","formicidae","myrmicinae","Adelomyrmex","anxiocalor","Adelomyrmex anxiocalor","Paratype Adelomyrmex anxiocalor","Olancho","Honduras","2012-04-22","wet cloud forest ex sifted leaf litter",2190,"point","14.95307","-85.91669"
"http://antweb.org/api/v2/?occurrenceId=CAS:ANTWEB:casent0628586","casent0628586","formicidae","myrmicinae","Adelomyrmex","anxiocalor","Adelomyrmex anxiocalor","Paratype Adelomyrmex anxiocalor","Olancho","Honduras","2012-04-22","wet cloud forest ex sifted leaf litter",2190,"point","14.95307","-85.91669"
"http://antweb.org/api/v2/?occurrenceId=CAS:ANTWEB:casent0628587","casent0628587","formicidae","myrmicinae","Adelomyrmex","anxiocalor","Adelomyrmex anxiocalor","Paratype Adelomyrmex anxiocalor","Olancho","Honduras","2012-04-22","wet cloud forest ex sifted leaf litter",2190,"point","14.95307","-85.91669"
"http://antweb.org/api/v2/?occurrenceId=CAS:ANTWEB:casent0628588","casent0628588","formicidae","myrmicinae","Adelomyrmex","anxiocalor","Adelomyrmex anxiocalor","Paratype Adelomyrmex anxiocalor","Olancho","Honduras","2012-04-22","wet cloud forest ex sifted leaf litter",2190,"point","14.95307","-85.91669"
"http://antweb.org/api/v2/?occurrenceId=CAS:ANTWEB:casent0628589","casent0628589","formicidae","myrmicinae","Adelomyrmex","anxiocalor","Adelomyrmex anxiocalor","Paratype Adelomyrmex anxiocalor","Olancho","Honduras","2012-04-22","wet cloud forest ex sifted leaf litter",2190,"point","14.95307","-85.91669"
"http://antweb.org/api/v2/?occurrenceId=CAS:ANTWEB:casent0628590","casent0628590","formicidae","myrmicinae","Adelomyrmex","anxiocalor","Adelomyrmex anxiocalor","Paratype Adelomyrmex anxiocalor","Olancho","Honduras","2012-04-22","wet cloud forest ex sifted leaf litter",2190,"point","14.95307","-85.91669"
"http://antweb.org/api/v2/?occurrenceId=CAS:ANTWEB:casent0628591","casent0628591","formicidae","myrmicinae","Adelomyrmex","anxiocalor","Adelomyrmex anxiocalor","Paratype Adelomyrmex anxiocalor","Olancho","Honduras","2012-04-22","wet cloud forest ex sifted leaf litter",2190,"point","14.95307","-85.91669"
"http://antweb.org/api/v2/?occurrenceId=CAS:ANTWEB:casent0628592","casent0628592","formicidae","myrmicinae","Adelomyrmex","anxiocalor","Adelomyrmex anxiocalor","Paratype Adelomyrmex anxiocalor","Olancho","Honduras","2012-04-22","wet cloud forest ex sifted leaf litter",2190,"point","14.95307","-85.91669"
"http://antweb.org/api/v2/?occurrenceId=CAS:ANTWEB:casent0628593","casent0628593","formicidae","myrmicinae","Adelomyrmex","anxiocalor","Adelomyrmex anxiocalor","Paratype Adelomyrmex anxiocalor","Olancho","Honduras","2012-04-22","wet cloud forest ex sifted leaf litter",2190,"point","14.95307","-85.91669"
"http://antweb.org/api/v2/?occurrenceId=CAS:ANTWEB:casent0628594","casent0628594","formicidae","myrmicinae","Adelomyrmex","anxiocalor","Adelomyrmex anxiocalor","Paratype Adelomyrmex anxiocalor","Olancho","Honduras","2012-04-22","wet cloud forest ex sifted leaf litter",2190,"point","14.95307","-85.91669"
"http://antweb.org/api/v2/?occurrenceId=CAS:ANTWEB:jtl297938","jtl297938","formicidae","myrmicinae","Adelomyrmex","anxiocalor","Adelomyrmex anxiocalor","","Olancho","Honduras","2010-08-31","ridgetop cloud forest at bait",2000,"point","14.94838","-85.91439"
"http://antweb.org/api/v2/?occurrenceId=CAS:ANTWEB:jtl298651","jtl298651","formicidae","myrmicinae","Adelomyrmex","anxiocalor","Adelomyrmex anxiocalor","","Olancho","Honduras","2011-01-28","dwarf forest ex sifted leaf litter",2320,"point","14.95787","-85.91673"
"http://antweb.org/api/v2/?occurrenceId=CAS:ANTWEB:jtl298653","jtl298653","formicidae","myrmicinae","Adelomyrmex","anxiocalor","Adelomyrmex anxiocalor","","Olancho","Honduras","2011-01-28","dwarf forest ex sifted leaf litter",2320,"point","14.95715","-85.91703"
"http://antweb.org/api/v2/?occurrenceId=CAS:ANTWEB:jtl298654","jtl298654","formicidae","myrmicinae","Adelomyrmex","anxiocalor","Adelomyrmex anxiocalor","","Olancho","Honduras","2011-01-28","dwarf forest ex sifted leaf litter",2260,"point","14.95592","-85.91651"
"http://antweb.org/api/v2/?occurrenceId=CAS:ANTWEB:jtl298655","jtl298655","formicidae","myrmicinae","Adelomyrmex","anxiocalor","Adelomyrmex anxiocalor","","Olancho","Honduras","2011-01-28","cloud forest ex sifted leaf litter",2080,"point","14.950032","-85.916084"
"http://antweb.org/api/v2/?occurrenceId=CAS:ANTWEB:jtl298677","jtl298677","formicidae","myrmicinae","Adelomyrmex","anxiocalor","Adelomyrmex anxiocalor","","Olancho","Honduras","2011-01-28","cloud forest ex sifted leaf litter",2000,"point","14.94794","-85.91432"
"http://antweb.org/api/v2/?occurrenceId=CAS:ANTWEB:jtl298681","jtl298681","formicidae","myrmicinae","Adelomyrmex","anxiocalor","Adelomyrmex anxiocalor","","Olancho","Honduras","2011-01-28","cloud forest ex sifted leaf litter",2000,"point","14.94794","-85.91432"
"http://antweb.org/api/v2/?occurrenceId=CAS:ANTWEB:jtl298684","jtl298684","formicidae","myrmicinae","Adelomyrmex","anxiocalor","Adelomyrmex anxiocalor","","Olancho","Honduras","2011-01-28","cloud forest ex sifted leaf litter",2000,"point","14.94794","-85.91432"
"http://antweb.org/api/v2/?occurrenceId=CAS:ANTWEB:jtl298686","jtl298686","formicidae","myrmicinae","Adelomyrmex","anxiocalor","Adelomyrmex anxiocalor","","Olancho","Honduras","2011-01-28","cloud forest ex sifted leaf litter",2000,"point","14.94794","-85.91432"
"http://antweb.org/api/v2/?occurrenceId=CAS:ANTWEB:jtl298848","jtl298848","formicidae","myrmicinae","Adelomyrmex","anxiocalor","Adelomyrmex anxiocalor","","Olancho","Honduras","2011-01-28","dwarf forest ex sifted leaf litter",2230,"point","14.95433","-85.91656"
"http://antweb.org/api/v2/?occurrenceId=CAS:ANTWEB:jtl298849","jtl298849","formicidae","myrmicinae","Adelomyrmex","anxiocalor","Adelomyrmex anxiocalor","","Olancho","Honduras","2011-01-28","wet cloud forest ex sifted leaf litter",2190,"point","14.95307","-85.91669"
"http://antweb.org/api/v2/?occurrenceId=CAS:ANTWEB:jtl298869","jtl298869","formicidae","myrmicinae","Adelomyrmex","anxiocalor","Adelomyrmex anxiocalor","","Olancho","Honduras","2011-01-28","cloud forest ex sifted leaf litter",2020,"point","14.948388","-85.91477"
"http://antweb.org/api/v2/?occurrenceId=CAS:ANTWEB:jtl298870","jtl298870","formicidae","myrmicinae","Adelomyrmex","anxiocalor","Adelomyrmex anxiocalor","","Olancho","Honduras","2011-01-28","cloud forest ex sifted leaf litter",2020,"point","14.948433","-85.91478"
"http://antweb.org/api/v2/?occurrenceId=CAS:ANTWEB:jtl298872","jtl298872","formicidae","myrmicinae","Adelomyrmex","anxiocalor","Adelomyrmex anxiocalor","","Olancho","Honduras","2011-01-28","cloud forest ex sifted leaf litter",2020,"point","14.948521","-85.914795"
"http://antweb.org/api/v2/?occurrenceId=CAS:ANTWEB:jtl298874","jtl298874","formicidae","myrmicinae","Adelomyrmex","anxiocalor","Adelomyrmex anxiocalor","","Olancho","Honduras","2011-01-28","cloud forest ex sifted leaf litter",2020,"point","14.9485655","-85.91481"
"http://antweb.org/api/v2/?occurrenceId=CAS:ANTWEB:jtl298875","jtl298875","formicidae","myrmicinae","Adelomyrmex","anxiocalor","Adelomyrmex anxiocalor","","Olancho","Honduras","2011-01-28","cloud forest ex sifted leaf litter",2020,"point","14.948609","-85.91482"
"http://antweb.org/api/v2/?occurrenceId=CAS:ANTWEB:jtl298876","jtl298876","formicidae","myrmicinae","Adelomyrmex","anxiocalor","Adelomyrmex anxiocalor","","Olancho","Honduras","2011-01-28","cloud forest ex sifted leaf litter",2020,"point","14.948654","-85.914825"
"http://antweb.org/api/v2/?occurrenceId=CAS:ANTWEB:jtl298878","jtl298878","formicidae","myrmicinae","Adelomyrmex","anxiocalor","Adelomyrmex anxiocalor","","Olancho","Honduras","2011-01-28","cloud forest ex sifted leaf litter",2020,"point","14.948698","-85.91483"
"http://antweb.org/api/v2/?occurrenceId=CAS:ANTWEB:jtl298881","jtl298881","formicidae","myrmicinae","Adelomyrmex","anxiocalor","Adelomyrmex anxiocalor","","Olancho","Honduras","2011-01-28","cloud forest ex sifted leaf litter",2020,"point","14.948787","-85.914856"
"http://antweb.org/api/v2/?occurrenceId=CAS:ANTWEB:jtl298882","jtl298882","formicidae","myrmicinae","Adelomyrmex","anxiocalor","Adelomyrmex anxiocalor","","Olancho","Honduras","2011-01-28","cloud forest ex sifted leaf litter",2020,"point","14.948831","-85.91486"
"http://antweb.org/api/v2/?occurrenceId=CAS:ANTWEB:jtl298883","jtl298883","formicidae","myrmicinae","Adelomyrmex","anxiocalor","Adelomyrmex anxiocalor","","Olancho","Honduras","2011-01-28","cloud forest ex sifted leaf litter",2020,"point","14.948831","-85.91491"
"http://antweb.org/api/v2/?occurrenceId=CAS:ANTWEB:jtl298885","jtl298885","formicidae","myrmicinae","Adelomyrmex","anxiocalor","Adelomyrmex anxiocalor","","Olancho","Honduras","2011-01-28","cloud forest ex sifted leaf litter",2020,"point","14.948831","-85.914955"
"http://antweb.org/api/v2/?occurrenceId=CAS:ANTWEB:jtl298887","jtl298887","formicidae","myrmicinae","Adelomyrmex","anxiocalor","Adelomyrmex anxiocalor","","Olancho","Honduras","2011-01-28","cloud forest ex sifted leaf litter",2020,"point","14.948831","-85.915"
"http://antweb.org/api/v2/?occurrenceId=CAS:ANTWEB:jtl298890","jtl298890","formicidae","myrmicinae","Adelomyrmex","anxiocalor","Adelomyrmex anxiocalor","","Olancho","Honduras","2011-01-28","cloud forest ex sifted leaf litter",2020,"point","14.948831","-85.91505"
"http://antweb.org/api/v2/?occurrenceId=CAS:ANTWEB:jtl298893","jtl298893","formicidae","myrmicinae","Adelomyrmex","anxiocalor","Adelomyrmex anxiocalor","","Olancho","Honduras","2011-01-28","cloud forest ex sifted leaf litter",2020,"point","14.948831","-85.9151"
"http://antweb.org/api/v2/?occurrenceId=CAS:ANTWEB:jtl298896","jtl298896","formicidae","myrmicinae","Adelomyrmex","anxiocalor","Adelomyrmex anxiocalor","","Olancho","Honduras","2011-01-28","cloud forest ex sifted leaf litter",2020,"point","14.948831","-85.915146"
"http://antweb.org/api/v2/?occurrenceId=CAS:ANTWEB:jtl298897","jtl298897","formicidae","myrmicinae","Adelomyrmex","anxiocalor","Adelomyrmex anxiocalor","","Olancho","Honduras","2011-01-28","cloud forest ex sifted leaf litter",2020,"point","14.948831","-85.91519"
"http://antweb.org/api/v2/?occurrenceId=CAS:ANTWEB:jtl298898","jtl298898","formicidae","myrmicinae","Adelomyrmex","anxiocalor","Adelomyrmex anxiocalor","","Olancho","Honduras","2011-01-28","cloud forest ex sifted leaf litter",2020,"point","14.948831","-85.91524"
"http://antweb.org/api/v2/?occurrenceId=CAS:ANTWEB:jtl298899","jtl298899","formicidae","myrmicinae","Adelomyrmex","anxiocalor","Adelomyrmex anxiocalor","","Olancho","Honduras","2011-01-28","cloud forest ex sifted leaf litter",2020,"point","14.948831","-85.91528"
"http://antweb.org/api/v2/?occurrenceId=CAS:ANTWEB:jtl298900","jtl298900","formicidae","myrmicinae","Adelomyrmex","anxiocalor","Adelomyrmex anxiocalor","","Olancho","Honduras","2011-01-28","cloud forest ex sifted leaf litter",2020,"point","14.948831","-85.91533"
"http://antweb.org/api/v2/?occurrenceId=CAS:ANTWEB:jtl298902","jtl298902","formicidae","myrmicinae","Adelomyrmex","anxiocalor","Adelomyrmex anxiocalor","","Olancho","Honduras","2011-01-28","cloud forest ex sifted leaf litter",2020,"point","14.948831","-85.915375"
"http://antweb.org/api/v2/?occurrenceId=CAS:ANTWEB:jtl298905","jtl298905","formicidae","myrmicinae","Adelomyrmex","anxiocalor","Adelomyrmex anxiocalor","","Olancho","Honduras","2011-01-28","cloud forest ex sifted leaf litter",2020,"point","14.948831","-85.91547"
"http://antweb.org/api/v2/?occurrenceId=CAS:ANTWEB:jtl298908","jtl298908","formicidae","myrmicinae","Adelomyrmex","anxiocalor","Adelomyrmex anxiocalor","","Olancho","Honduras","2011-01-28","cloud forest ex sifted leaf litter",2020,"point","14.948831","-85.91556"
"http://antweb.org/api/v2/?occurrenceId=CAS:ANTWEB:jtl298909","jtl298909","formicidae","myrmicinae","Adelomyrmex","anxiocalor","Adelomyrmex anxiocalor","","Olancho","Honduras","2011-01-28","cloud forest ex sifted leaf litter",2020,"point","14.948831","-85.9156"
"http://antweb.org/api/v2/?occurrenceId=CAS:ANTWEB:jtl298910","jtl298910","formicidae","myrmicinae","Adelomyrmex","anxiocalor","Adelomyrmex anxiocalor","","Olancho","Honduras","2011-01-28","cloud forest ex sifted leaf litter",2020,"point","14.948831","-85.91565"
"http://antweb.org/api/v2/?occurrenceId=CAS:ANTWEB:jtl298915","jtl298915","formicidae","myrmicinae","Adelomyrmex","anxiocalor","Adelomyrmex anxiocalor","","Olancho","Honduras","2011-01-28","cloud forest ex sifted leaf litter",2020,"point","14.94887","-85.91497"
"http://antweb.org/api/v2/?occurrenceId=CAS:ANTWEB:jtl298917","jtl298917","formicidae","myrmicinae","Adelomyrmex","anxiocalor","Adelomyrmex anxiocalor","","Olancho","Honduras","2011-01-28","cloud forest ex sifted leaf litter",2020,"point","14.948905","-85.915"
"http://antweb.org/api/v2/?occurrenceId=CAS:ANTWEB:jtl298919","jtl298919","formicidae","myrmicinae","Adelomyrmex","anxiocalor","Adelomyrmex anxiocalor","","Olancho","Honduras","2011-01-28","cloud forest ex sifted leaf litter",2020,"point","14.948939","-85.91503"
"http://antweb.org/api/v2/?occurrenceId=CAS:ANTWEB:jtl298920","jtl298920","formicidae","myrmicinae","Adelomyrmex","anxiocalor","Adelomyrmex anxiocalor","","Olancho","Honduras","2011-01-28","cloud forest ex sifted leaf litter",2020,"point","14.948974","-85.91506"
"http://antweb.org/api/v2/?occurrenceId=CAS:ANTWEB:jtl298922","jtl298922","formicidae","myrmicinae","Adelomyrmex","anxiocalor","Adelomyrmex anxiocalor","","Olancho","Honduras","2011-01-28","cloud forest ex sifted leaf litter",2020,"point","14.949043","-85.915115"
"http://antweb.org/api/v2/?occurrenceId=CAS:ANTWEB:jtl298923","jtl298923","formicidae","myrmicinae","Adelomyrmex","anxiocalor","Adelomyrmex anxiocalor","","Olancho","Honduras","2011-01-28","cloud forest ex sifted leaf litter",2020,"point","14.949078","-85.915146"
"http://antweb.org/api/v2/?occurrenceId=CAS:ANTWEB:jtl298925","jtl298925","formicidae","myrmicinae","Adelomyrmex","anxiocalor","Adelomyrmex anxiocalor","","Olancho","Honduras","2011-01-28","cloud forest ex sifted leaf litter",2020,"point","14.949113","-85.91518"
"http://antweb.org/api/v2/?occurrenceId=CAS:ANTWEB:jtl298927","jtl298927","formicidae","myrmicinae","Adelomyrmex","anxiocalor","Adelomyrmex anxiocalor","","Olancho","Honduras","2011-01-28","cloud forest ex sifted leaf litter",2020,"point","14.949147","-85.91521"
"http://antweb.org/api/v2/?occurrenceId=CAS:ANTWEB:jtl298929","jtl298929","formicidae","myrmicinae","Adelomyrmex","anxiocalor","Adelomyrmex anxiocalor","","Olancho","Honduras","2011-01-28","cloud forest ex sifted leaf litter",2020,"point","14.949182","-85.91524"
"http://antweb.org/api/v2/?occurrenceId=CAS:ANTWEB:jtl298931","jtl298931","formicidae","myrmicinae","Adelomyrmex","anxiocalor","Adelomyrmex anxiocalor","","Olancho","Honduras","2011-01-28","cloud forest ex sifted leaf litter",2020,"point","14.949216","-85.91527"
"http://antweb.org/api/v2/?occurrenceId=CAS:ANTWEB:jtl298934","jtl298934","formicidae","myrmicinae","Adelomyrmex","anxiocalor","Adelomyrmex anxiocalor","","Olancho","Honduras","2011-01-28","cloud forest ex sifted leaf litter",2020,"point","14.949232","-85.91531"
"http://antweb.org/api/v2/?occurrenceId=CAS:ANTWEB:jtl298938","jtl298938","formicidae","myrmicinae","Adelomyrmex","anxiocalor","Adelomyrmex anxiocalor","","Olancho","Honduras","2011-01-28","cloud forest ex sifted leaf litter",2020,"point","14.949263","-85.9154"
"http://antweb.org/api/v2/?occurrenceId=CAS:ANTWEB:jtl298940","jtl298940","formicidae","myrmicinae","Adelomyrmex","anxiocalor","Adelomyrmex anxiocalor","","Olancho","Honduras","2011-01-28","cloud forest ex sifted leaf litter",2020,"point","14.949278","-85.91544"
"http://antweb.org/api/v2/?occurrenceId=CAS:ANTWEB:jtl298942","jtl298942","formicidae","myrmicinae","Adelomyrmex","anxiocalor","Adelomyrmex anxiocalor","","Olancho","Honduras","2011-01-28","cloud forest ex sifted leaf litter",2080,"point","14.94922","-85.91559"
"http://antweb.org/api/v2/?occurrenceId=CAS:ANTWEB:jtl298945","jtl298945","formicidae","myrmicinae","Adelomyrmex","anxiocalor","Adelomyrmex anxiocalor","","Olancho","Honduras","2011-01-28","cloud forest ex sifted leaf litter",2080,"point","14.94931","-85.91559"
"http://antweb.org/api/v2/?occurrenceId=CAS:ANTWEB:jtl298947","jtl298947","formicidae","myrmicinae","Adelomyrmex","anxiocalor","Adelomyrmex anxiocalor","","Olancho","Honduras","2011-01-28","cloud forest ex sifted leaf litter",2080,"point","14.949356","-85.91559"
"http://antweb.org/api/v2/?occurrenceId=CAS:ANTWEB:jtl298949","jtl298949","formicidae","myrmicinae","Adelomyrmex","anxiocalor","Adelomyrmex anxiocalor","","Olancho","Honduras","2011-01-28","cloud forest ex sifted leaf litter",2080,"point","14.949401","-85.91559"
"http://antweb.org/api/v2/?occurrenceId=CAS:ANTWEB:jtl298951","jtl298951","formicidae","myrmicinae","Adelomyrmex","anxiocalor","Adelomyrmex anxiocalor","","Olancho","Honduras","2011-01-28","cloud forest ex sifted leaf litter",2080,"point","14.949446","-85.91559"
"http://antweb.org/api/v2/?occurrenceId=CAS:ANTWEB:jtl298955","jtl298955","formicidae","myrmicinae","Adelomyrmex","anxiocalor","Adelomyrmex anxiocalor","","Olancho","Honduras","2011-01-28","cloud forest ex sifted leaf litter",2080,"point","14.949536","-85.91559"
"http://antweb.org/api/v2/?occurrenceId=CAS:ANTWEB:jtl298957","jtl298957","formicidae","myrmicinae","Adelomyrmex","anxiocalor","Adelomyrmex anxiocalor","","Olancho","Honduras","2011-01-28","cloud forest ex sifted leaf litter",2080,"point","14.949582","-85.91559"
"http://antweb.org/api/v2/?occurrenceId=CAS:ANTWEB:jtl298959","jtl298959","formicidae","myrmicinae","Adelomyrmex","anxiocalor","Adelomyrmex anxiocalor","","Olancho","Honduras","2011-01-28","cloud forest ex sifted leaf litter",2080,"point","14.949627","-85.91559"
"http://antweb.org/api/v2/?occurrenceId=CAS:ANTWEB:jtl298960","jtl298960","formicidae","myrmicinae","Adelomyrmex","anxiocalor","Adelomyrmex anxiocalor","","Olancho","Honduras","2011-01-28","cloud forest ex sifted leaf litter",2080,"point","14.949672","-85.91559"
"http://antweb.org/api/v2/?occurrenceId=CAS:ANTWEB:jtl298961","jtl298961","formicidae","myrmicinae","Adelomyrmex","anxiocalor","Adelomyrmex anxiocalor","","Olancho","Honduras","2011-01-28","cloud forest ex sifted leaf litter",2080,"point","14.949695","-85.91563"
"http://antweb.org/api/v2/?occurrenceId=CAS:ANTWEB:jtl298962","jtl298962","formicidae","myrmicinae","Adelomyrmex","anxiocalor","Adelomyrmex anxiocalor","","Olancho","Honduras","2011-01-28","cloud forest ex sifted leaf litter",2080,"point","14.9497175","-85.91567"
"http://antweb.org/api/v2/?occurrenceId=CAS:ANTWEB:jtl298964","jtl298964","formicidae","myrmicinae","Adelomyrmex","anxiocalor","Adelomyrmex anxiocalor","","Olancho","Honduras","2011-01-28","cloud forest ex sifted leaf litter",2080,"point","14.949739","-85.91571"
"http://antweb.org/api/v2/?occurrenceId=CAS:ANTWEB:jtl298965","jtl298965","formicidae","myrmicinae","Adelomyrmex","anxiocalor","Adelomyrmex anxiocalor","","Olancho","Honduras","2011-01-28","cloud forest ex sifted leaf litter",2080,"point","14.949762","-85.91575"
"http://antweb.org/api/v2/?occurrenceId=CAS:ANTWEB:jtl298966","jtl298966","formicidae","myrmicinae","Adelomyrmex","anxiocalor","Adelomyrmex anxiocalor","","Olancho","Honduras","2011-01-28","cloud forest ex sifted leaf litter",2080,"point","14.949785","-85.91579"
"http://antweb.org/api/v2/?occurrenceId=CAS:ANTWEB:jtl298968","jtl298968","formicidae","myrmicinae","Adelomyrmex","anxiocalor","Adelomyrmex anxiocalor","","Olancho","Honduras","2011-01-28","cloud forest ex sifted leaf litter",2080,"point","14.949808","-85.91583"
"http://antweb.org/api/v2/?occurrenceId=CAS:ANTWEB:jtl298970","jtl298970","formicidae","myrmicinae","Adelomyrmex","anxiocalor","Adelomyrmex anxiocalor","","Olancho","Honduras","2011-01-28","cloud forest ex sifted leaf litter",2080,"point","14.949853","-85.91591"
"http://antweb.org/api/v2/?occurrenceId=CAS:ANTWEB:jtl298971","jtl298971","formicidae","myrmicinae","Adelomyrmex","anxiocalor","Adelomyrmex anxiocalor","","Olancho","Honduras","2011-01-28","cloud forest ex sifted leaf litter",2080,"point","14.949876","-85.91595"
"http://antweb.org/api/v2/?occurrenceId=CAS:ANTWEB:jtl298972","jtl298972","formicidae","myrmicinae","Adelomyrmex","anxiocalor","Adelomyrmex anxiocalor","","Olancho","Honduras","2011-01-28","cloud forest ex sifted leaf litter",2080,"point","14.949898","-85.91599"
"http://antweb.org/api/v2/?occurrenceId=CAS:ANTWEB:jtl298975","jtl298975","formicidae","myrmicinae","Adelomyrmex","anxiocalor","Adelomyrmex anxiocalor","","Olancho","Honduras","2011-01-28","cloud forest ex sifted leaf litter",2080,"point","14.949988","-85.91608"
"http://antweb.org/api/v2/?occurrenceId=CAS:ANTWEB:jtl298976","jtl298976","formicidae","myrmicinae","Adelomyrmex","anxiocalor","Adelomyrmex anxiocalor","","Olancho","Honduras","2011-01-28","cloud forest ex sifted leaf litter",2080,"point","14.950032","-85.916084"
"http://antweb.org/api/v2/?occurrenceId=CAS:ANTWEB:jtl298979","jtl298979","formicidae","myrmicinae","Adelomyrmex","anxiocalor","Adelomyrmex anxiocalor","","Olancho","Honduras","2011-01-28","cloud forest ex sifted leaf litter",2080,"point","14.950122","-85.9161"
"http://antweb.org/api/v2/?occurrenceId=CAS:ANTWEB:jtl298981","jtl298981","formicidae","myrmicinae","Adelomyrmex","anxiocalor","Adelomyrmex anxiocalor","","Olancho","Honduras","2011-01-28","cloud forest ex sifted leaf litter",2080,"point","14.950211","-85.91612"
"http://antweb.org/api/v2/?occurrenceId=CAS:ANTWEB:jtl298982","jtl298982","formicidae","myrmicinae","Adelomyrmex","anxiocalor","Adelomyrmex anxiocalor","","Olancho","Honduras","2011-01-28","cloud forest ex sifted leaf litter",2080,"point","14.950255","-85.91613"
"http://antweb.org/api/v2/?occurrenceId=CAS:ANTWEB:jtl298984","jtl298984","formicidae","myrmicinae","Adelomyrmex","anxiocalor","Adelomyrmex anxiocalor","","Olancho","Honduras","2011-01-28","cloud forest ex sifted leaf litter",2080,"point","14.950344","-85.916145"
"http://antweb.org/api/v2/?occurrenceId=CAS:ANTWEB:jtl298985","jtl298985","formicidae","myrmicinae","Adelomyrmex","anxiocalor","Adelomyrmex anxiocalor","","Olancho","Honduras","2011-01-28","cloud forest ex sifted leaf litter",2080,"point","14.950389","-85.91615"
"http://antweb.org/api/v2/?occurrenceId=CAS:ANTWEB:jtl298987","jtl298987","formicidae","myrmicinae","Adelomyrmex","anxiocalor","Adelomyrmex anxiocalor","","Olancho","Honduras","2011-01-28","cloud forest ex sifted leaf litter",2080,"point","14.950478","-85.91617"
"http://antweb.org/api/v2/?occurrenceId=CAS:ANTWEB:jtl298988","jtl298988","formicidae","myrmicinae","Adelomyrmex","anxiocalor","Adelomyrmex anxiocalor","","Olancho","Honduras","2011-01-28","cloud forest ex sifted leaf litter",2080,"point","14.950517","-85.91619"
"http://antweb.org/api/v2/?occurrenceId=CAS:ANTWEB:jtl298989","jtl298989","formicidae","myrmicinae","Adelomyrmex","anxiocalor","Adelomyrmex anxiocalor","","Olancho","Honduras","2011-01-28","cloud forest ex sifted leaf litter",2080,"point","14.950556","-85.916214"
"http://antweb.org/api/v2/?occurrenceId=CAS:ANTWEB:jtl298991","jtl298991","formicidae","myrmicinae","Adelomyrmex","anxiocalor","Adelomyrmex anxiocalor","","Olancho","Honduras","2011-01-28","cloud forest ex sifted leaf litter",2080,"point","14.950595","-85.91624"
"http://antweb.org/api/v2/?occurrenceId=CAS:ANTWEB:jtl298993","jtl298993","formicidae","myrmicinae","Adelomyrmex","anxiocalor","Adelomyrmex anxiocalor","","Olancho","Honduras","2011-01-28","cloud forest ex sifted leaf litter",2080,"point","14.950673","-85.91628"
"http://antweb.org/api/v2/?occurrenceId=CAS:ANTWEB:jtl298994","jtl298994","formicidae","myrmicinae","Adelomyrmex","anxiocalor","Adelomyrmex anxiocalor","","Olancho","Honduras","2011-01-28","cloud forest ex sifted leaf litter",2080,"point","14.950751","-85.91633"
"http://antweb.org/api/v2/?occurrenceId=CAS:ANTWEB:jtl298995","jtl298995","formicidae","myrmicinae","Adelomyrmex","anxiocalor","Adelomyrmex anxiocalor","","Olancho","Honduras","2011-01-28","cloud forest ex sifted leaf litter",2080,"point","14.950791","-85.91635"
"http://antweb.org/api/v2/?occurrenceId=CAS:ANTWEB:jtl298996","jtl298996","formicidae","myrmicinae","Adelomyrmex","anxiocalor","Adelomyrmex anxiocalor","","Olancho","Honduras","2011-01-28","cloud forest ex sifted leaf litter",2080,"point","14.95083","-85.916374"
"http://antweb.org/api/v2/?occurrenceId=CAS:ANTWEB:jtl298997","jtl298997","formicidae","myrmicinae","Adelomyrmex","anxiocalor","Adelomyrmex anxiocalor","","Olancho","Honduras","2011-01-28","cloud forest ex sifted leaf litter",2080,"point","14.950909","-85.91642"
"http://antweb.org/api/v2/?occurrenceId=CAS:ANTWEB:jtl298998","jtl298998","formicidae","myrmicinae","Adelomyrmex","anxiocalor","Adelomyrmex anxiocalor","","Olancho","Honduras","2011-01-28","cloud forest ex sifted leaf litter",2080,"point","14.950948","-85.91644"
"http://antweb.org/api/v2/?occurrenceId=CAS:ANTWEB:jtl298999","jtl298999","formicidae","myrmicinae","Adelomyrmex","anxiocalor","Adelomyrmex anxiocalor","","Olancho","Honduras","2011-01-28","cloud forest ex sifted leaf litter",2080,"point","14.951026","-85.91649"
"http://antweb.org/api/v2/?occurrenceId=CAS:ANTWEB:jtl299000","jtl299000","formicidae","myrmicinae","Adelomyrmex","anxiocalor","Adelomyrmex anxiocalor","","Olancho","Honduras","2011-01-28","cloud forest ex sifted leaf litter",2080,"point","14.951065","-85.91651"
"http://antweb.org/api/v2/?occurrenceId=CAS:ANTWEB:jtl730892","jtl730892","formicidae","myrmicinae","Adelomyrmex","anxiocalor","Adelomyrmex anxiocalor","","Olancho","Honduras","2010-09-23","cloud forest ex sifted leaf litter",2080,"point","14.9494915","-85.91559"
