"url","catalogNumber","family","subfamily","genus","specificEpithet","scientific_name","typeStatus","stateProvince","country","dateIdentified","habitat","minimumElevationInMeters","geojson.type","decimal_latitude","decimal_longitude"
"http://antweb.org/api/v2/?occurrenceId=CAS:ANTWEB:casent0624894","casent0624894","formicidae","myrmicinae","Adelomyrmex","microps","Adelomyrmex microps","","Atl ntida","Honduras","2012-01-11","tropical rainforest ex sifted leaf litter",280,"point","15.691604","-86.86121"
"http://antweb.org/api/v2/?occurrenceId=CAS:ANTWEB:casent0628714","casent0628714","formicidae","myrmicinae","Adelomyrmex","microps","Adelomyrmex microps","","Regi n Aut noma del Atl ntico Norte","Nicaragua","2012-04-22","mature wet forest ex sifted leaf litter",310,"point","13.7707815","-84.98013"
"http://antweb.org/api/v2/?occurrenceId=CAS:ANTWEB:casent0628717","casent0628717","formicidae","myrmicinae","Adelomyrmex","microps","Adelomyrmex microps","","Regi n Aut noma del Atl ntico Norte","Nicaragua","2012-04-22","mature wet forest ex sifted leaf litter",310,"point","13.770866","-84.9801"
"http://antweb.org/api/v2/?occurrenceId=CAS:ANTWEB:casent0628947","casent0628947","formicidae","myrmicinae","Adelomyrmex","microps","Adelomyrmex microps","","Regi n Aut noma del Atl ntico Norte","Nicaragua","2013-10-07","tropical wet forest Malaise trap",300,"point","13.77035","-84.97996"
"http://antweb.org/api/v2/?occurrenceId=CAS:ANTWEB:inb0003655269","inb0003655269","formicidae","myrmicinae","Adelomyrmex","microps","Adelomyrmex microps","","Heredia","Costa Rica","2005-04-22","mature wet forest ex sifted leaf litter",160,"point","10.407159","-84.04072"
"http://antweb.org/api/v2/?occurrenceId=CAS:ANTWEB:inb0003687263","inb0003687263","formicidae","myrmicinae","Adelomyrmex","microps","Adelomyrmex microps","","Heredia","Costa Rica","2006-06-20","mature wet forest ex sifted leaf litter",160,"point","10.407209","-84.03807"
"http://antweb.org/api/v2/?occurrenceId=CAS:ANTWEB:inb0003687478","inb0003687478","formicidae","myrmicinae","Adelomyrmex","microps","Adelomyrmex microps","","Heredia","Costa Rica","2006-06-20","mature wet forest ex sifted leaf litter",50,"point","10.413384","-84.01694"
"http://antweb.org/api/v2/?occurrenceId=CAS:ANTWEB:inb0003695519","inb0003695519","formicidae","myrmicinae","Adelomyrmex","microps","Adelomyrmex microps","","Heredia","Costa Rica","2006-11-02","mature wet forest ex sifted leaf litter",50,"point","10.415599","-84.01534"
"http://antweb.org/api/v2/?occurrenceId=CAS:ANTWEB:inb0003695647","inb0003695647","formicidae","myrmicinae","Adelomyrmex","microps","Adelomyrmex microps","","Heredia","Costa Rica","2006-11-02","mature wet forest ex sifted leaf litter",50,"point","10.419089","-84.02073"
"http://antweb.org/api/v2/?occurrenceId=CAS:ANTWEB:inb0003699490","inb0003699490","formicidae","myrmicinae","Adelomyrmex","microps","Adelomyrmex microps","","Heredia","Costa Rica","2007-10-15","mature wet forest ex sifted leaf litter",160,"point","10.404591","-84.03946"
"http://antweb.org/api/v2/?occurrenceId=CAS:ANTWEB:inb0003699491","inb0003699491","formicidae","myrmicinae","Adelomyrmex","microps","Adelomyrmex microps","","Heredia","Costa Rica","2007-10-15","mature wet forest ex sifted leaf litter",160,"point","10.404591","-84.03946"
"http://antweb.org/api/v2/?occurrenceId=CAS:ANTWEB:inbiocri001266263","inbiocri001266263","formicidae","myrmicinae","Adelomyrmex","microps","Adelomyrmex microps","holotype Adelomyrmex microps","Heredia","Costa Rica","2002-11-01","Puesto 4,43G,10m. Bosque Primario, Suelo",50,"point","10.42545","-84.00344"
"http://antweb.org/api/v2/?occurrenceId=CAS:ANTWEB:inbiocri002720020","inbiocri002720020","formicidae","myrmicinae","Adelomyrmex","microps","Adelomyrmex microps","paratype longinoi","Heredia","Costa Rica","2015-08-24","SHO 650 m. Hojarasca",50,"point","10.418496","-84.003845"
"http://antweb.org/api/v2/?occurrenceId=CAS:ANTWEB:jtl702471","jtl702471","formicidae","myrmicinae","Adelomyrmex","microps","Adelomyrmex microps","","Heredia","Costa Rica","2013-08-28","Sura bajo de M/22",50,"point","10.432271","-84.01333"
"http://antweb.org/api/v2/?occurrenceId=CAS:ANTWEB:jtlc000007820","jtlc000007820","formicidae","myrmicinae","Adelomyrmex","microps","Adelomyrmex microps","","Heredia","Costa Rica","2006-01-15","Puesto 13,339G,10m.",50,"point","10.432042","-84.01581"
"http://antweb.org/api/v2/?occurrenceId=CAS:ANTWEB:jtlc000007821","jtlc000007821","formicidae","myrmicinae","Adelomyrmex","microps","Adelomyrmex microps","","Heredia","Costa Rica","2006-01-15","Puesto 13,339G,10m.",50,"point","10.432042","-84.01581"
