"url","catalogNumber","family","subfamily","genus","specificEpithet","scientific_name","typeStatus","stateProvince","country","dateIdentified","habitat","minimumElevationInMeters","geojson.type","decimal_latitude","decimal_longitude"
"http://antweb.org/api/v2/?occurrenceId=CAS:ANTWEB:casent0634311","casent0634311","formicidae","myrmicinae","Adelomyrmex","foveolatus","Adelomyrmex foveolatus","","Heredia","Costa Rica","2014-10-02","mature wet forest ex sifted leaf litter",50,"point","10.419163","-84.020676"
"http://antweb.org/api/v2/?occurrenceId=CAS:ANTWEB:inb0003690051","inb0003690051","formicidae","myrmicinae","Adelomyrmex","foveolatus","Adelomyrmex foveolatus","","Heredia","Costa Rica","2006-09-05","mature wet forest ex sifted leaf litter",500,"point","10.306124","-84.05485"
"http://antweb.org/api/v2/?occurrenceId=CAS:ANTWEB:inb0003695626","inb0003695626","formicidae","myrmicinae","Adelomyrmex","foveolatus","Adelomyrmex foveolatus","","Heredia","Costa Rica","2006-11-02","mature wet forest ex sifted leaf litter",50,"point","10.419163","-84.020676"
"http://antweb.org/api/v2/?occurrenceId=CAS:ANTWEB:inb0003695646","inb0003695646","formicidae","myrmicinae","Adelomyrmex","foveolatus","Adelomyrmex foveolatus","","Heredia","Costa Rica","2006-11-02","mature wet forest ex sifted leaf litter",50,"point","10.419089","-84.02073"
"http://antweb.org/api/v2/?occurrenceId=CAS:ANTWEB:inb0004099740","inb0004099740","formicidae","myrmicinae","Adelomyrmex","foveolatus","Adelomyrmex foveolatus","","Heredia","Costa Rica","2007-10-15","mature wet forest ex sifted leaf litter",50,"point","10.41923","-84.01837"
"http://antweb.org/api/v2/?occurrenceId=CAS:ANTWEB:inbiocri001218093","inbiocri001218093","formicidae","myrmicinae","Adelomyrmex","foveolatus","Adelomyrmex foveolatus","paratype foveolatus","Heredia","Costa Rica","2002-11-01","",50,"point","10.421162","-84.01252"
"http://antweb.org/api/v2/?occurrenceId=CAS:ANTWEB:inbiocri001218096","inbiocri001218096","formicidae","myrmicinae","Adelomyrmex","foveolatus","Adelomyrmex foveolatus","paratype foveolatus","Heredia","Costa Rica","2002-11-01","",50,"point","10.421162","-84.01252"
"http://antweb.org/api/v2/?occurrenceId=CAS:ANTWEB:inbiocri001237378","inbiocri001237378","formicidae","myrmicinae","Adelomyrmex","foveolatus","Adelomyrmex foveolatus","holotype Adelomyrmex foveolatus","Heredia","Costa Rica","2002-11-01","primary rainforest ex sifted leaf litter",50,"point","10.421162","-84.01252"
"http://antweb.org/api/v2/?occurrenceId=CAS:ANTWEB:jtl688055","jtl688055","formicidae","myrmicinae","Adelomyrmex","foveolatus","Adelomyrmex foveolatus","","Heredia","Costa Rica","2006-11-02","mature wet forest ex sifted leaf litter",50,"point","10.419163","-84.020676"
