"url","catalogNumber","family","subfamily","genus","specificEpithet","scientific_name","typeStatus","stateProvince","country","dateIdentified","habitat","minimumElevationInMeters","geojson.type","decimal_latitude","decimal_longitude"
"http://antweb.org/api/v2/?occurrenceId=CAS:ANTWEB:casent0106201","casent0106201","formicidae","myrmicinae","Adelomyrmex","tristani","Adelomyrmex tristani","","Sacatepequez","Guatemala","2015-04-27","oak/ostrya forest ex sifted leaf litter",2160,"point","14.53452","-90.69446"
"http://antweb.org/api/v2/?occurrenceId=CAS:ANTWEB:casent0106201-d01","casent0106201-d01","formicidae","myrmicinae","Adelomyrmex","tristani","Adelomyrmex tristani","","Sacatepequez","Guatemala","2015-04-27","oak/ostrya forest ex sifted leaf litter",2160,"point","14.53452","-90.69446"
"http://antweb.org/api/v2/?occurrenceId=CAS:ANTWEB:casent0106201-d11","casent0106201-d11","formicidae","myrmicinae","Adelomyrmex","tristani","Adelomyrmex tristani","","Sacatepequez","Guatemala","2015-04-27","oak/ostrya forest ex sifted leaf litter",2160,"point","14.53452","-90.69446"
"http://antweb.org/api/v2/?occurrenceId=CAS:ANTWEB:casent0428612","casent0428612","formicidae","myrmicinae","Adelomyrmex","tristani","Adelomyrmex tristani","","Napo","Ecuador","2008-09-18","montane evergreen forest litter",2250,"point","-0.62778","-77.84389"
"http://antweb.org/api/v2/?occurrenceId=CAS:ANTWEB:casent0613658","casent0613658","formicidae","myrmicinae","Adelomyrmex","tristani","Adelomyrmex tristani","","Chontales","Nicaragua","2015-10-28","cloud forest ex sifted leaf litter",850,"point","12.28882","-85.35346"
"http://antweb.org/api/v2/?occurrenceId=CAS:ANTWEB:casent0635217","casent0635217","formicidae","myrmicinae","Adelomyrmex","tristani","Adelomyrmex tristani","","Puntarenas","Costa Rica","2015-10-28","cloud forest ex sifted leaf litter",1690,"point","10.30451","-84.78964"
"http://antweb.org/api/v2/?occurrenceId=CAS:ANTWEB:casent0635273","casent0635273","formicidae","myrmicinae","Adelomyrmex","tristani","Adelomyrmex tristani","","Heredia","Costa Rica","2015-10-28","montane wet forest Hojarasca",2000,"point","10.18333","-84.11667"
"http://antweb.org/api/v2/?occurrenceId=CAS:ANTWEB:casent0635275","casent0635275","formicidae","myrmicinae","Adelomyrmex","tristani","Adelomyrmex tristani","","Chontales","Nicaragua","2015-10-28","cloud forest ex sifted leaf litter",850,"point","12.28882","-85.35346"
"http://antweb.org/api/v2/?occurrenceId=CAS:ANTWEB:casent0635810","casent0635810","formicidae","myrmicinae","Adelomyrmex","tristani","Adelomyrmex tristani","","Puntarenas","Costa Rica","2015-10-28","cloud forest ex sifted leaf litter",1617,"point","10.30892","-84.78498"
"http://antweb.org/api/v2/?occurrenceId=CAS:ANTWEB:casent0636555","casent0636555","formicidae","myrmicinae","Adelomyrmex","tristani","Adelomyrmex tristani","","Puntarenas","Costa Rica","2015-10-28","cloud forest ex sifted leaf litter",1825,"point","10.3","-84.8"
"http://antweb.org/api/v2/?occurrenceId=CAS:ANTWEB:casent0636556","casent0636556","formicidae","myrmicinae","Adelomyrmex","tristani","Adelomyrmex tristani","","Puntarenas","Costa Rica","2015-10-28","cloud forest ex sifted leaf litter",1825,"point","10.3","-84.8"
"http://antweb.org/api/v2/?occurrenceId=CAS:ANTWEB:casent0637786","casent0637786","formicidae","myrmicinae","Adelomyrmex","tristani","Adelomyrmex tristani","","Heredia","Costa Rica","2015-10-27","",1750,"point","10.21667","-84.1"
"http://antweb.org/api/v2/?occurrenceId=CAS:ANTWEB:casent0901018","casent0901018","formicidae","myrmicinae","Adelomyrmex","tristani","Adelomyrmex tristani","paratype of Adelomyrmex brevispinosus","Heredia","Costa Rica","2014-02-27","",1750,"point","10.21667","-84.1"
"http://antweb.org/api/v2/?occurrenceId=CAS:ANTWEB:casent0913951","casent0913951","formicidae","myrmicinae","Adelomyrmex","tristani","Adelomyrmex tristani","syntype of Apsychomyrmex tristani","","Costa Rica","","",NA,NA,NA,NA
"http://antweb.org/api/v2/?occurrenceId=CAS:ANTWEB:fmnhins0000046877","fmnhins0000046877","formicidae","myrmicinae","Adelomyrmex","tristani","Adelomyrmex tristani","","","","","",1450,NA,NA,NA
"http://antweb.org/api/v2/?occurrenceId=CAS:ANTWEB:fmnhins0000046878","fmnhins0000046878","formicidae","myrmicinae","Adelomyrmex","tristani","Adelomyrmex tristani","","","","","",1000,NA,NA,NA
"http://antweb.org/api/v2/?occurrenceId=CAS:ANTWEB:fmnhins0000062994","fmnhins0000062994","formicidae","myrmicinae","Adelomyrmex","tristani","Adelomyrmex tristani","","","","","wet cloud forest",1400,NA,NA,NA
"http://antweb.org/api/v2/?occurrenceId=CAS:ANTWEB:fmnhins0000062995","fmnhins0000062995","formicidae","myrmicinae","Adelomyrmex","tristani","Adelomyrmex tristani","","","","","wet cloud forest",1400,NA,NA,NA
"http://antweb.org/api/v2/?occurrenceId=CAS:ANTWEB:inb0003223038","inb0003223038","formicidae","myrmicinae","Adelomyrmex","tristani","Adelomyrmex tristani","","Heredia","Costa Rica","2015-10-28","montane wet forest Hojarasca",2000,"point","10.18333","-84.11667"
"http://antweb.org/api/v2/?occurrenceId=CAS:ANTWEB:inb0003223041","inb0003223041","formicidae","myrmicinae","Adelomyrmex","tristani","Adelomyrmex tristani","","Heredia","Costa Rica","2015-10-28","",2000,"point","10.18333","-84.11667"
"http://antweb.org/api/v2/?occurrenceId=CAS:ANTWEB:inb0003223050","inb0003223050","formicidae","myrmicinae","Adelomyrmex","tristani","Adelomyrmex tristani","","Heredia","Costa Rica","2015-10-28","montane wet forest Hojarasca",2000,"point","10.18333","-84.11667"
"http://antweb.org/api/v2/?occurrenceId=CAS:ANTWEB:inb0003224657","inb0003224657","formicidae","myrmicinae","Adelomyrmex","tristani","Adelomyrmex tristani","","Heredia","Costa Rica","2015-10-28","montane wet forest Hojarasca",1800,"point","10.2","-84.1"
"http://antweb.org/api/v2/?occurrenceId=CAS:ANTWEB:inb0003662591","inb0003662591","formicidae","myrmicinae","Adelomyrmex","tristani","Adelomyrmex tristani","","Heredia","Costa Rica","2015-10-28","montane wet forest Cerca M/01",1500,"point","10.23617","-84.11767"
"http://antweb.org/api/v2/?occurrenceId=CAS:ANTWEB:inb0003665436","inb0003665436","formicidae","myrmicinae","Adelomyrmex","tristani","Adelomyrmex tristani","","Heredia","Costa Rica","2015-10-28","montane wet forest Hojarasca",1500,"point","10.23617","-84.11767"
"http://antweb.org/api/v2/?occurrenceId=CAS:ANTWEB:inb0003668307","inb0003668307","formicidae","myrmicinae","Adelomyrmex","tristani","Adelomyrmex tristani","","Heredia","Costa Rica","2015-10-28","montane wet forest Hojarasca",1500,"point","10.23617","-84.11767"
"http://antweb.org/api/v2/?occurrenceId=CAS:ANTWEB:inbiocri001279849","inbiocri001279849","formicidae","myrmicinae","Adelomyrmex","tristani","Adelomyrmex tristani","","Heredia","Costa Rica","2015-10-28","",1120,"point","10.26667","-84.08333"
"http://antweb.org/api/v2/?occurrenceId=CAS:ANTWEB:inbiocri001279851","inbiocri001279851","formicidae","myrmicinae","Adelomyrmex","tristani","Adelomyrmex tristani","","Heredia","Costa Rica","2015-10-28","",1600,"point","10.23333","-84.1"
"http://antweb.org/api/v2/?occurrenceId=CAS:ANTWEB:inbiocri001279874","inbiocri001279874","formicidae","myrmicinae","Adelomyrmex","tristani","Adelomyrmex tristani","","Heredia","Costa Rica","2015-10-28","",800,"point","10.28333","-84.08333"
"http://antweb.org/api/v2/?occurrenceId=CAS:ANTWEB:inbiocri001279887","inbiocri001279887","formicidae","myrmicinae","Adelomyrmex","tristani","Adelomyrmex tristani","paratype brevispinosus","Puntarenas","Costa Rica","2015-10-28","",1400,"point","10.3","-84.8"
"http://antweb.org/api/v2/?occurrenceId=CAS:ANTWEB:inbiocri001281344","inbiocri001281344","formicidae","myrmicinae","Adelomyrmex","tristani","Adelomyrmex tristani","","Puntarenas","Costa Rica","2015-10-28","",1570,"point","10.29905","-84.78292"
"http://antweb.org/api/v2/?occurrenceId=CAS:ANTWEB:jtl008433","jtl008433","formicidae","myrmicinae","Adelomyrmex","tristani","Adelomyrmex tristani","","","","2015-10-28","",NA,NA,NA,NA
"http://antweb.org/api/v2/?occurrenceId=CAS:ANTWEB:jtl057022","jtl057022","formicidae","myrmicinae","Adelomyrmex","tristani","Adelomyrmex tristani","","Heredia","Costa Rica","2015-10-27","",1750,"point","10.21667","-84.1"
"http://antweb.org/api/v2/?occurrenceId=CAS:ANTWEB:jtl733791","jtl733791","formicidae","myrmicinae","Adelomyrmex","tristani","Adelomyrmex tristani","","Heredia","Costa Rica","2015-10-28","montane wet forest Hojarasca",2000,"point","10.18333","-84.11667"
"http://antweb.org/api/v2/?occurrenceId=CAS:ANTWEB:jtl733797","jtl733797","formicidae","myrmicinae","Adelomyrmex","tristani","Adelomyrmex tristani","","Chontales","Nicaragua","2015-10-28","cloud forest ex sifted leaf litter",850,"point","12.28882","-85.35346"
"http://antweb.org/api/v2/?occurrenceId=CAS:ANTWEB:jtlc-vial-000725.01","jtlc-vial-000725.01","formicidae","myrmicinae","Adelomyrmex","tristani","Adelomyrmex tristani","","Heredia","Costa Rica","2015-10-28","montane wet forest Hojarasca",2000,"point","10.18333","-84.11667"
"http://antweb.org/api/v2/?occurrenceId=CAS:ANTWEB:jtlc-vial-000725.16","jtlc-vial-000725.16","formicidae","myrmicinae","Adelomyrmex","tristani","Adelomyrmex tristani","","Heredia","Costa Rica","2015-10-28","",2000,"point","10.18333","-84.11667"
"http://antweb.org/api/v2/?occurrenceId=CAS:ANTWEB:jtlc-vial-000725.22","jtlc-vial-000725.22","formicidae","myrmicinae","Adelomyrmex","tristani","Adelomyrmex tristani","","Heredia","Costa Rica","2015-10-28","montane wet forest Hojarasca",2000,"point","10.18333","-84.11667"
"http://antweb.org/api/v2/?occurrenceId=CAS:ANTWEB:jtlc-vial-000725.27","jtlc-vial-000725.27","formicidae","myrmicinae","Adelomyrmex","tristani","Adelomyrmex tristani","","Heredia","Costa Rica","2015-10-28","montane wet forest Hojarasca",2000,"point","10.18333","-84.11667"
"http://antweb.org/api/v2/?occurrenceId=CAS:ANTWEB:jtlc-vial-000725.32","jtlc-vial-000725.32","formicidae","myrmicinae","Adelomyrmex","tristani","Adelomyrmex tristani","","Heredia","Costa Rica","2015-10-28","montane wet forest Hojarasca",2000,"point","10.18333","-84.11667"
"http://antweb.org/api/v2/?occurrenceId=CAS:ANTWEB:jtlc-vial-000725.34","jtlc-vial-000725.34","formicidae","myrmicinae","Adelomyrmex","tristani","Adelomyrmex tristani","","Heredia","Costa Rica","2015-10-28","montane wet forest Hojarasca",2000,"point","10.18333","-84.11667"
"http://antweb.org/api/v2/?occurrenceId=CAS:ANTWEB:jtlc-vial-000725.41","jtlc-vial-000725.41","formicidae","myrmicinae","Adelomyrmex","tristani","Adelomyrmex tristani","","Heredia","Costa Rica","2015-10-28","montane wet forest Hojarasca",2000,"point","10.18333","-84.11667"
"http://antweb.org/api/v2/?occurrenceId=CAS:ANTWEB:jtlc-vial-000725.47","jtlc-vial-000725.47","formicidae","myrmicinae","Adelomyrmex","tristani","Adelomyrmex tristani","","Heredia","Costa Rica","2015-10-28","montane wet forest Hojarasca",2000,"point","10.18333","-84.11667"
"http://antweb.org/api/v2/?occurrenceId=CAS:ANTWEB:jtlc-vial-000725.48","jtlc-vial-000725.48","formicidae","myrmicinae","Adelomyrmex","tristani","Adelomyrmex tristani","","Heredia","Costa Rica","2015-10-28","montane wet forest Hojarasca",2000,"point","10.18333","-84.11667"
"http://antweb.org/api/v2/?occurrenceId=CAS:ANTWEB:jtlc-vial-000725.55","jtlc-vial-000725.55","formicidae","myrmicinae","Adelomyrmex","tristani","Adelomyrmex tristani","","Heredia","Costa Rica","2015-10-28","montane wet forest Hojarasca",2000,"point","10.18333","-84.11667"
"http://antweb.org/api/v2/?occurrenceId=CAS:ANTWEB:jtlc-vial-000725.58","jtlc-vial-000725.58","formicidae","myrmicinae","Adelomyrmex","tristani","Adelomyrmex tristani","","Heredia","Costa Rica","2015-10-28","montane wet forest Hojarasca",2000,"point","10.18333","-84.11667"
"http://antweb.org/api/v2/?occurrenceId=CAS:ANTWEB:jtlc-vial-000725.61","jtlc-vial-000725.61","formicidae","myrmicinae","Adelomyrmex","tristani","Adelomyrmex tristani","","Heredia","Costa Rica","2015-10-27","cloud forest sifted leaf litter",2000,"point","10.18333","-84.11667"
"http://antweb.org/api/v2/?occurrenceId=CAS:ANTWEB:jtlc-vial-000728.18","jtlc-vial-000728.18","formicidae","myrmicinae","Adelomyrmex","tristani","Adelomyrmex tristani","","Heredia","Costa Rica","2015-10-28","montane wet forest Hojarasca",2000,"point","10.18333","-84.11667"
"http://antweb.org/api/v2/?occurrenceId=CAS:ANTWEB:jtlc-vial-000728.32","jtlc-vial-000728.32","formicidae","myrmicinae","Adelomyrmex","tristani","Adelomyrmex tristani","","Heredia","Costa Rica","2015-10-28","montane wet forest Hojarasca",2000,"point","10.18333","-84.11667"
"http://antweb.org/api/v2/?occurrenceId=CAS:ANTWEB:jtlc-vial-000728.47","jtlc-vial-000728.47","formicidae","myrmicinae","Adelomyrmex","tristani","Adelomyrmex tristani","","Heredia","Costa Rica","2015-10-28","montane wet forest Hojarasca",2000,"point","10.18333","-84.11667"
"http://antweb.org/api/v2/?occurrenceId=CAS:ANTWEB:jtlc-vial-000728.54","jtlc-vial-000728.54","formicidae","myrmicinae","Adelomyrmex","tristani","Adelomyrmex tristani","","Heredia","Costa Rica","2015-10-28","montane wet forest Hojarasca",2000,"point","10.18333","-84.11667"
"http://antweb.org/api/v2/?occurrenceId=CAS:ANTWEB:jtlc-vial-000728.59","jtlc-vial-000728.59","formicidae","myrmicinae","Adelomyrmex","tristani","Adelomyrmex tristani","","Heredia","Costa Rica","2015-10-27","cloud forest sifted leaf litter",2000,"point","10.18333","-84.11667"
"http://antweb.org/api/v2/?occurrenceId=CAS:ANTWEB:jtlc000003816","jtlc000003816","formicidae","myrmicinae","Adelomyrmex","tristani","Adelomyrmex tristani","","Puntarenas","Costa Rica","2015-10-28","cloud forest ex sifted litter from forest floor",1500,"point","10.3","-84.8"
"http://antweb.org/api/v2/?occurrenceId=CAS:ANTWEB:jtlc000003912","jtlc000003912","formicidae","myrmicinae","Adelomyrmex","tristani","Adelomyrmex tristani","","Puntarenas","Costa Rica","2015-10-28","cloud forest ex sifted litter from forest floor",1560,"point","10.29701","-84.79972"
"http://antweb.org/api/v2/?occurrenceId=CAS:ANTWEB:jtlc000003954","jtlc000003954","formicidae","myrmicinae","Adelomyrmex","tristani","Adelomyrmex tristani","","Puntarenas","Costa Rica","2015-10-28","cloud forest ex sifted litter from forest floor",1500,"point","10.3","-84.8"
"http://antweb.org/api/v2/?occurrenceId=CAS:ANTWEB:jtlc000003973","jtlc000003973","formicidae","myrmicinae","Adelomyrmex","tristani","Adelomyrmex tristani","","Puntarenas","Costa Rica","2015-10-28","cloud forest ex sifted litter from forest floor",1500,"point","10.3","-84.8"
"http://antweb.org/api/v2/?occurrenceId=CAS:ANTWEB:jtlc000003974","jtlc000003974","formicidae","myrmicinae","Adelomyrmex","tristani","Adelomyrmex tristani","","Puntarenas","Costa Rica","2015-10-28","cloud forest ex sifted litter from forest floor",1500,"point","10.3","-84.8"
"http://antweb.org/api/v2/?occurrenceId=CAS:ANTWEB:jtlc000003985","jtlc000003985","formicidae","myrmicinae","Adelomyrmex","tristani","Adelomyrmex tristani","","Puntarenas","Costa Rica","2015-10-28","cloud forest ex sifted litter from forest floor",1500,"point","10.3","-84.8"
"http://antweb.org/api/v2/?occurrenceId=CAS:ANTWEB:jtlc000003998","jtlc000003998","formicidae","myrmicinae","Adelomyrmex","tristani","Adelomyrmex tristani","","Puntarenas","Costa Rica","2015-10-28","cloud forest ex sifted litter from forest floor",1560,"point","10.29701","-84.79972"
"http://antweb.org/api/v2/?occurrenceId=CAS:ANTWEB:jtlc000004008","jtlc000004008","formicidae","myrmicinae","Adelomyrmex","tristani","Adelomyrmex tristani","","Puntarenas","Costa Rica","2015-10-28","cloud forest ex sifted litter from forest floor",1500,"point","10.3","-84.8"
"http://antweb.org/api/v2/?occurrenceId=CAS:ANTWEB:jtlc000004016","jtlc000004016","formicidae","myrmicinae","Adelomyrmex","tristani","Adelomyrmex tristani","","Puntarenas","Costa Rica","2015-10-28","cloud forest ex sifted litter from forest floor",1500,"point","10.3","-84.8"
"http://antweb.org/api/v2/?occurrenceId=CAS:ANTWEB:jtlc000004026","jtlc000004026","formicidae","myrmicinae","Adelomyrmex","tristani","Adelomyrmex tristani","","Puntarenas","Costa Rica","2015-10-28","cloud forest ex sifted litter from forest floor",1500,"point","10.3","-84.8"
"http://antweb.org/api/v2/?occurrenceId=CAS:ANTWEB:jtlc000004922","jtlc000004922","formicidae","myrmicinae","Adelomyrmex","tristani","Adelomyrmex tristani","","Puntarenas","Costa Rica","2015-10-28","cloud forest ex sifted litter from forest floor",1560,"point","10.29701","-84.79972"
"http://antweb.org/api/v2/?occurrenceId=CAS:ANTWEB:jtlc000005013","jtlc000005013","formicidae","myrmicinae","Adelomyrmex","tristani","Adelomyrmex tristani","","Puntarenas","Costa Rica","2015-10-28","cloud forest ex sifted litter from forest floor",1600,"point","10.3","-84.8"
"http://antweb.org/api/v2/?occurrenceId=CAS:ANTWEB:jtlc000005014","jtlc000005014","formicidae","myrmicinae","Adelomyrmex","tristani","Adelomyrmex tristani","","Puntarenas","Costa Rica","2015-10-28","cloud forest ex sifted litter from forest floor",1600,"point","10.3","-84.8"
"http://antweb.org/api/v2/?occurrenceId=CAS:ANTWEB:jtlc000005073","jtlc000005073","formicidae","myrmicinae","Adelomyrmex","tristani","Adelomyrmex tristani","","Puntarenas","Costa Rica","2015-10-28","cloud forest ex sifted litter from forest floor",1500,"point","10.3","-84.8"
"http://antweb.org/api/v2/?occurrenceId=CAS:ANTWEB:jtlc000005083","jtlc000005083","formicidae","myrmicinae","Adelomyrmex","tristani","Adelomyrmex tristani","","Puntarenas","Costa Rica","2015-10-28","cloud forest ex sifted litter from forest floor",1500,"point","10.3","-84.8"
"http://antweb.org/api/v2/?occurrenceId=CAS:ANTWEB:jtlc000005091","jtlc000005091","formicidae","myrmicinae","Adelomyrmex","tristani","Adelomyrmex tristani","","Puntarenas","Costa Rica","2015-10-28","cloud forest ex sifted litter from forest floor",1500,"point","10.3","-84.8"
"http://antweb.org/api/v2/?occurrenceId=CAS:ANTWEB:jtlc000005120","jtlc000005120","formicidae","myrmicinae","Adelomyrmex","tristani","Adelomyrmex tristani","","Puntarenas","Costa Rica","2015-10-28","cloud forest ex sifted litter from forest floor",1800,"point","10.3","-84.8"
"http://antweb.org/api/v2/?occurrenceId=CAS:ANTWEB:psw7832-16","psw7832-16","formicidae","myrmicinae","Adelomyrmex","tristani","Adelomyrmex tristani","","San J se","Costa Rica","2004-03-09","montane rainforest sifted litter leaf mold, rotten wood",1400,"point","9.45","-83.71667"
