"url","catalogNumber","family","subfamily","genus","specificEpithet","scientific_name","typeStatus","stateProvince","country","dateIdentified","habitat","minimumElevationInMeters","geojson.type","decimal_latitude","decimal_longitude"
"http://antweb.org/api/v2/?occurrenceId=CAS:ANTWEB:casent0600935","casent0600935","formicidae","myrmicinae","Adelomyrmex","micans","Adelomyrmex micans","","Chiapas","Mexico","2008-05-08","cloud forest ex leaf litter",2400,"point","16.72052","-92.70123"
"http://antweb.org/api/v2/?occurrenceId=CAS:ANTWEB:casent0600937","casent0600937","formicidae","myrmicinae","Adelomyrmex","micans","Adelomyrmex micans","","Chiapas","Mexico","2008-05-08","cloud forest ex leaf litter",2400,"point","16.72052","-92.70123"
"http://antweb.org/api/v2/?occurrenceId=CAS:ANTWEB:casent0601174","casent0601174","formicidae","myrmicinae","Adelomyrmex","micans","Adelomyrmex micans","","Chiapas","Mexico","2008-05-08","montaine wet forest ex sifted leaf litter",1800,"point","15.71048","-92.93467"
"http://antweb.org/api/v2/?occurrenceId=CAS:ANTWEB:casent0601175","casent0601175","formicidae","myrmicinae","Adelomyrmex","micans","Adelomyrmex micans","","Chiapas","Mexico","2008-05-08","montaine wet forest ex sifted leaf litter",1800,"point","15.71048","-92.93467"
"http://antweb.org/api/v2/?occurrenceId=CAS:ANTWEB:casent0601902","casent0601902","formicidae","myrmicinae","Adelomyrmex","micans","Adelomyrmex micans","","Chiapas","Mexico","2008-05-08","mixed oak-pine forest ex sifted leaf litter",2400,"point","16.720516","-92.70123"
"http://antweb.org/api/v2/?occurrenceId=CAS:ANTWEB:casent0605346","casent0605346","formicidae","myrmicinae","Adelomyrmex","micans","Adelomyrmex micans","","Jalapa","Guatemala","2010-03-13","cloud forest ex sifted leaf litter",2300,"point","14.53388","-90.15236"
"http://antweb.org/api/v2/?occurrenceId=CAS:ANTWEB:casent0605357","casent0605357","formicidae","myrmicinae","Adelomyrmex","micans","Adelomyrmex micans","","El Progreso","Guatemala","2010-03-13","oak/cloud forest ex sifted leaf litter",2500,"point","15.08385","-89.94258"
"http://antweb.org/api/v2/?occurrenceId=CAS:ANTWEB:casent0609705","casent0609705","formicidae","myrmicinae","Adelomyrmex","micans","Adelomyrmex micans","","Chiapas","Mexico","2009-01-28","2 mesophil forest ex sifted leaf litter",1700,"point","15.71604","-92.93835"
"http://antweb.org/api/v2/?occurrenceId=CAS:ANTWEB:casent0609723","casent0609723","formicidae","myrmicinae","Adelomyrmex","micans","Adelomyrmex micans","","Chiapas","Mexico","2009-01-28","",2170,"point","15.71119","-92.92843"
"http://antweb.org/api/v2/?occurrenceId=CAS:ANTWEB:casent0609787","casent0609787","formicidae","myrmicinae","Adelomyrmex","micans","Adelomyrmex micans","","Chiapas","Mexico","2009-01-28","mixed hardwood forest litter ex sifted leaf litter",1960,"point","15.71032","-92.93218"
"http://antweb.org/api/v2/?occurrenceId=CAS:ANTWEB:casent0611148","casent0611148","formicidae","myrmicinae","Adelomyrmex","micans","Adelomyrmex micans","","Huehuetenango","Guatemala","2009-09-17","oak/cloud forest ex sifted leaf litter",2100,"point","15.57988","-91.96905"
"http://antweb.org/api/v2/?occurrenceId=CAS:ANTWEB:casent0611149","casent0611149","formicidae","myrmicinae","Adelomyrmex","micans","Adelomyrmex micans","","Huehuetenango","Guatemala","2009-09-17","oak/cloud forest ex sifted leaf litter",2100,"point","15.57988","-91.96905"
"http://antweb.org/api/v2/?occurrenceId=CAS:ANTWEB:casent0611152","casent0611152","formicidae","myrmicinae","Adelomyrmex","micans","Adelomyrmex micans","","Huehuetenango","Guatemala","2009-09-17","oak/cloud forest ex sifted leaf litter",2100,"point","15.57988","-91.96905"
"http://antweb.org/api/v2/?occurrenceId=CAS:ANTWEB:casent0611154","casent0611154","formicidae","myrmicinae","Adelomyrmex","micans","Adelomyrmex micans","","Huehuetenango","Guatemala","2009-09-17","oak/alder/pine forest ex sifted leaf litter",2350,"point","15.53697","-91.98158"
"http://antweb.org/api/v2/?occurrenceId=CAS:ANTWEB:casent0611155","casent0611155","formicidae","myrmicinae","Adelomyrmex","micans","Adelomyrmex micans","","Huehuetenango","Guatemala","2009-09-17","oak/alder/pine forest ex sifted leaf litter",2350,"point","15.53697","-91.98158"
"http://antweb.org/api/v2/?occurrenceId=CAS:ANTWEB:casent0611156","casent0611156","formicidae","myrmicinae","Adelomyrmex","micans","Adelomyrmex micans","","Huehuetenango","Guatemala","2009-09-17","hardwood forest ex sifted leaf litter",2150,"point","15.53558","-91.97785"
"http://antweb.org/api/v2/?occurrenceId=CAS:ANTWEB:casent0611164","casent0611164","formicidae","myrmicinae","Adelomyrmex","micans","Adelomyrmex micans","","Chimaltenango","Guatemala","2009-09-17","oak/pine forest ex sifted leaf litter",2490,"point","14.79775","-90.9838"
"http://antweb.org/api/v2/?occurrenceId=CAS:ANTWEB:casent0611820","casent0611820","formicidae","myrmicinae","Adelomyrmex","micans","Adelomyrmex micans","","El Progreso","Guatemala","2010-03-23","cloud forest ex sifted leaf litter",2510,"point","15.08414","-89.94981"
"http://antweb.org/api/v2/?occurrenceId=CAS:ANTWEB:casent0612632","casent0612632","formicidae","myrmicinae","Adelomyrmex","micans","Adelomyrmex micans","","Suchitep quez","Guatemala","2009-11-20","cloud forest at bait",2365,"point","14.564","-91.18525"
"http://antweb.org/api/v2/?occurrenceId=CAS:ANTWEB:casent0613928","casent0613928","formicidae","myrmicinae","Adelomyrmex","micans","Adelomyrmex micans","","Comayagua","Honduras","2011-02-22","cloud forest at bait",2270,"point","14.48418","-87.52934"
"http://antweb.org/api/v2/?occurrenceId=CAS:ANTWEB:casent0614412","casent0614412","formicidae","myrmicinae","Adelomyrmex","micans","Adelomyrmex micans","","El Progreso","Guatemala","2009-11-10","cloud forest ex sifted leaf litter",2560,"point","15.0839615","-89.94497"
"http://antweb.org/api/v2/?occurrenceId=CAS:ANTWEB:casent0614413","casent0614413","formicidae","myrmicinae","Adelomyrmex","micans","Adelomyrmex micans","","El Progreso","Guatemala","2009-11-10","cloud forest ex sifted leaf litter",2560,"point","15.0839615","-89.94497"
"http://antweb.org/api/v2/?occurrenceId=CAS:ANTWEB:casent0614414","casent0614414","formicidae","myrmicinae","Adelomyrmex","micans","Adelomyrmex micans","","El Progreso","Guatemala","2009-11-10","cloud forest ex sifted leaf litter",2560,"point","15.0839615","-89.94497"
"http://antweb.org/api/v2/?occurrenceId=CAS:ANTWEB:casent0614415","casent0614415","formicidae","myrmicinae","Adelomyrmex","micans","Adelomyrmex micans","","El Progreso","Guatemala","2009-11-10","cloud forest ex sifted leaf litter",2560,"point","15.0839615","-89.94497"
"http://antweb.org/api/v2/?occurrenceId=CAS:ANTWEB:casent0614416","casent0614416","formicidae","myrmicinae","Adelomyrmex","micans","Adelomyrmex micans","","El Progreso","Guatemala","2009-11-10","cloud forest ex sifted leaf litter",2560,"point","15.0839615","-89.94497"
"http://antweb.org/api/v2/?occurrenceId=CAS:ANTWEB:casent0614417","casent0614417","formicidae","myrmicinae","Adelomyrmex","micans","Adelomyrmex micans","","El Progreso","Guatemala","2009-11-10","cloud forest ex sifted leaf litter",2560,"point","15.0839615","-89.94497"
"http://antweb.org/api/v2/?occurrenceId=CAS:ANTWEB:casent0615225","casent0615225","formicidae","myrmicinae","Adelomyrmex","micans","Adelomyrmex micans","","Comayagua","Honduras","2011-02-22","cloud forest ex sifted leaf litter",2270,"point","14.48418","-87.52934"
"http://antweb.org/api/v2/?occurrenceId=CAS:ANTWEB:casent0615226","casent0615226","formicidae","myrmicinae","Adelomyrmex","micans","Adelomyrmex micans","","Comayagua","Honduras","2011-02-22","cloud forest ex sifted leaf litter",2270,"point","14.48418","-87.52934"
"http://antweb.org/api/v2/?occurrenceId=CAS:ANTWEB:casent0615361","casent0615361","formicidae","myrmicinae","Adelomyrmex","micans","Adelomyrmex micans","","Comayagua","Honduras","2011-02-22","cloud forest ex sifted leaf litter",2270,"point","14.48418","-87.52934"
"http://antweb.org/api/v2/?occurrenceId=CAS:ANTWEB:casent0617371","casent0617371","formicidae","myrmicinae","Adelomyrmex","micans","Adelomyrmex micans","","Ocotepeque","Honduras","2011-03-05","cloud forest ex sifted leaf litter",2200,"point","14.455169","-89.06956"
"http://antweb.org/api/v2/?occurrenceId=CAS:ANTWEB:casent0617511","casent0617511","formicidae","myrmicinae","Adelomyrmex","micans","Adelomyrmex micans","","Ocotepeque","Honduras","2011-03-10","cloud forest ex sifted leaf litter",2200,"point","14.455051","-89.069626"
"http://antweb.org/api/v2/?occurrenceId=CAS:ANTWEB:casent0617580","casent0617580","formicidae","myrmicinae","Adelomyrmex","micans","Adelomyrmex micans","","Jalapa","Guatemala","2011-03-10","riparian cloud forest ex sifted leaf litter",2400,"point","14.533176","-90.15294"
"http://antweb.org/api/v2/?occurrenceId=CAS:ANTWEB:casent0633898","casent0633898","formicidae","myrmicinae","Adelomyrmex","micans","Adelomyrmex micans","","Chiapas","Mexico","2014-11-23","mixed hardwood forest litter ex sifted leaf litter",1990,"point","15.71108","-92.93205"
"http://antweb.org/api/v2/?occurrenceId=CAS:ANTWEB:casent0635291","casent0635291","formicidae","myrmicinae","Adelomyrmex","micans","Adelomyrmex micans","","El Progreso","Guatemala","2014-10-01","mixed oak forest ex sifted litter",2520,"point","15.08405","-89.94991"
"http://antweb.org/api/v2/?occurrenceId=CAS:ANTWEB:casent0635295","casent0635295","formicidae","myrmicinae","Adelomyrmex","micans","Adelomyrmex micans","","Suchitep quez","Guatemala","2014-10-01","mixed hardwood forest ex sifted leaf litter",2366,"point","14.564","-91.18525"
"http://antweb.org/api/v2/?occurrenceId=CAS:ANTWEB:casent0635300","casent0635300","formicidae","myrmicinae","Adelomyrmex","micans","Adelomyrmex micans","","El Progreso","Guatemala","2014-10-01","cloud forest ex sifted leaf litter",2560,"point","15.084054","-89.945435"
"http://antweb.org/api/v2/?occurrenceId=CAS:ANTWEB:casent0637747","casent0637747","formicidae","myrmicinae","Adelomyrmex","micans","Adelomyrmex micans","","San Marcos","Guatemala","2015-09-30","cloud forest litter ex sifted leaf litter",2310,"point","15.16311","-92.11932"
"http://antweb.org/api/v2/?occurrenceId=CAS:ANTWEB:jtl-sv00106.4","jtl-sv00106.4","formicidae","myrmicinae","Adelomyrmex","micans","Adelomyrmex micans","","Chiapas","Mexico","2009-01-28","mixed hardwood forest litter ex sifted leaf litter",1960,"point","15.71032","-92.93218"
"http://antweb.org/api/v2/?occurrenceId=CAS:ANTWEB:jtl-sv00116.2","jtl-sv00116.2","formicidae","myrmicinae","Adelomyrmex","micans","Adelomyrmex micans","","Chiapas","Mexico","2009-01-28","broadleaf oak forest litter ex sifted leaf litter",1910,"point","15.71205","-92.93504"
"http://antweb.org/api/v2/?occurrenceId=CAS:ANTWEB:jtl-sv00381.3","jtl-sv00381.3","formicidae","myrmicinae","Adelomyrmex","micans","Adelomyrmex micans","","Quiche","Guatemala","2014-10-07","oak/ostrya/pine forest ex sifted leaf litter",2000,"point","14.91852","-91.10458"
"http://antweb.org/api/v2/?occurrenceId=CAS:ANTWEB:jtl-sv00418","jtl-sv00418","formicidae","myrmicinae","Adelomyrmex","micans","Adelomyrmex micans","","El Progreso","Guatemala","2010-03-23","mixed oak forest ex sifted litter",2520,"point","15.08351","-89.95319"
"http://antweb.org/api/v2/?occurrenceId=CAS:ANTWEB:jtl-sv00419","jtl-sv00419","formicidae","myrmicinae","Adelomyrmex","micans","Adelomyrmex micans","","El Progreso","Guatemala","2010-03-23","mixed oak forest ex sifted litter",2500,"point","15.08351","-89.95319"
"http://antweb.org/api/v2/?occurrenceId=CAS:ANTWEB:jtl-sv00441.01","jtl-sv00441.01","formicidae","myrmicinae","Adelomyrmex","micans","Adelomyrmex micans","","Suchitep quez","Guatemala","2010-03-23","mixed hardwood forest ex sifted leaf litter",2356,"point","14.56339","-91.18554"
"http://antweb.org/api/v2/?occurrenceId=CAS:ANTWEB:jtl272539","jtl272539","formicidae","myrmicinae","Adelomyrmex","micans","Adelomyrmex micans","","El Progreso","Guatemala","2009-11-10","cloud forest ex sifted leaf litter",2550,"point","15.08758","-89.94446"
"http://antweb.org/api/v2/?occurrenceId=CAS:ANTWEB:jtl272540","jtl272540","formicidae","myrmicinae","Adelomyrmex","micans","Adelomyrmex micans","","El Progreso","Guatemala","2009-11-10","cloud forest ex sifted leaf litter",2550,"point","15.08767","-89.94445"
"http://antweb.org/api/v2/?occurrenceId=CAS:ANTWEB:jtl276192","jtl276192","formicidae","myrmicinae","Adelomyrmex","micans","Adelomyrmex micans","","Suchitep quez","Guatemala","2009-11-20","cloud forest at bait",2365,"point","14.564","-91.18525"
"http://antweb.org/api/v2/?occurrenceId=CAS:ANTWEB:jtl280260","jtl280260","formicidae","myrmicinae","Adelomyrmex","micans","Adelomyrmex micans","","El Progreso","Guatemala","2010-03-23","cloud forest ex sifted leaf litter",2465,"point","15.08528","-89.95095"
"http://antweb.org/api/v2/?occurrenceId=CAS:ANTWEB:jtl280261","jtl280261","formicidae","myrmicinae","Adelomyrmex","micans","Adelomyrmex micans","","El Progreso","Guatemala","2010-03-23","cloud forest ex sifted leaf litter",2500,"point","15.0835","-89.95319"
"http://antweb.org/api/v2/?occurrenceId=CAS:ANTWEB:jtl280476","jtl280476","formicidae","myrmicinae","Adelomyrmex","micans","Adelomyrmex micans","","Suchitep quez","Guatemala","2010-03-23","cloud forest ex sifted leaf litter",2365,"point","14.564","-91.18525"
"http://antweb.org/api/v2/?occurrenceId=CAS:ANTWEB:jtl299546","jtl299546","formicidae","myrmicinae","Adelomyrmex","micans","Adelomyrmex micans","","Comayagua","Honduras","2011-02-22","cloud forest ex sifted leaf litter",2270,"point","14.48418","-87.52934"
"http://antweb.org/api/v2/?occurrenceId=CAS:ANTWEB:jtl299547","jtl299547","formicidae","myrmicinae","Adelomyrmex","micans","Adelomyrmex micans","","Comayagua","Honduras","2011-02-22","cloud forest ex sifted leaf litter",2270,"point","14.48418","-87.52934"
"http://antweb.org/api/v2/?occurrenceId=CAS:ANTWEB:jtl317791","jtl317791","formicidae","myrmicinae","Adelomyrmex","micans","Adelomyrmex micans","","Comayagua","Honduras","2011-02-22","cloud forest ex sifted leaf litter",2270,"point","14.48418","-87.52934"
"http://antweb.org/api/v2/?occurrenceId=CAS:ANTWEB:jtl733807","jtl733807","formicidae","myrmicinae","Adelomyrmex","micans","Adelomyrmex micans","","Chiapas","Mexico","2015-04-23","mixed oak-pine forest ex sifted leaf litter",2400,"point","16.720516","-92.70123"
"http://antweb.org/api/v2/?occurrenceId=CAS:ANTWEB:jtl733810","jtl733810","formicidae","myrmicinae","Adelomyrmex","micans","Adelomyrmex micans","","Huehuetenango","Guatemala","2015-04-23","oak/cloud forest ex sifted leaf litter",2100,"point","15.57988","-91.96905"
"http://antweb.org/api/v2/?occurrenceId=CAS:ANTWEB:jtl733811","jtl733811","formicidae","myrmicinae","Adelomyrmex","micans","Adelomyrmex micans","","Huehuetenango","Guatemala","2015-04-23","oak/alder/pine forest ex sifted leaf litter",2350,"point","15.53697","-91.98158"
"http://antweb.org/api/v2/?occurrenceId=CAS:ANTWEB:jtl733816","jtl733816","formicidae","myrmicinae","Adelomyrmex","micans","Adelomyrmex micans","","El Progreso","Guatemala","2015-04-23","mixed oak forest ex sifted litter",2520,"point","15.08405","-89.94991"
"http://antweb.org/api/v2/?occurrenceId=CAS:ANTWEB:jtl733821","jtl733821","formicidae","myrmicinae","Adelomyrmex","micans","Adelomyrmex micans","","Suchitep quez","Guatemala","2015-04-23","mixed hardwood forest ex sifted leaf litter",2366,"point","14.564","-91.18525"
"http://antweb.org/api/v2/?occurrenceId=CAS:ANTWEB:jtl733830","jtl733830","formicidae","myrmicinae","Adelomyrmex","micans","Adelomyrmex micans","","El Progreso","Guatemala","2015-04-23","cloud forest ex sifted leaf litter",2560,"point","15.084054","-89.945435"
"http://antweb.org/api/v2/?occurrenceId=CAS:ANTWEB:jtl733857","jtl733857","formicidae","myrmicinae","Adelomyrmex","micans","Adelomyrmex micans","","Comayagua","Honduras","2015-04-23","cloud forest ex sifted leaf litter",2270,"point","14.48418","-87.52934"
"http://antweb.org/api/v2/?occurrenceId=CAS:ANTWEB:jtl733869","jtl733869","formicidae","myrmicinae","Adelomyrmex","micans","Adelomyrmex micans","","Quetzaltenango","Guatemala","2015-04-18","Quercus forest ex sifted leaf litter",2290,"point","14.80086","-91.66803"
"http://antweb.org/api/v2/?occurrenceId=CAS:ANTWEB:jtl733870","jtl733870","formicidae","myrmicinae","Adelomyrmex","micans","Adelomyrmex micans","","Huehuetenango","Guatemala","2015-04-18","distrubed cloud forest ex sifted leaf litter",2100,"point","15.57958","-91.96916"
"http://antweb.org/api/v2/?occurrenceId=CAS:ANTWEB:jtl736145","jtl736145","formicidae","myrmicinae","Adelomyrmex","micans","Adelomyrmex micans","","Zacapa","Guatemala","2015-09-30","cloud forest litter ex sifted leaf litter",2215,"point","15.13818","-89.62661"
"http://antweb.org/api/v2/?occurrenceId=CAS:ANTWEB:jtlc-vial-002070","jtlc-vial-002070","formicidae","myrmicinae","Adelomyrmex","micans","Adelomyrmex micans","","Chiapas","Mexico","2014-10-07","mixed oak-pine forest ex sifted leaf litter",2400,"point","16.720516","-92.70123"
"http://antweb.org/api/v2/?occurrenceId=CAS:ANTWEB:lacm ent 144572","lacm ent 144572","formicidae","myrmicinae","Adelomyrmex","micans","Adelomyrmex micans","","Chiapas","Mexico","2001-01-28","cloud forest leaf litter",2000,"point","15.133333","-92.1"
"http://antweb.org/api/v2/?occurrenceId=CAS:ANTWEB:lacm ent 144573","lacm ent 144573","formicidae","myrmicinae","Adelomyrmex","micans","Adelomyrmex micans","paratype micans","Chiapas","Mexico","2002-11-01","cloud forest leaf litter",2000,"point","15.133333","-92.1"
"http://antweb.org/api/v2/?occurrenceId=CAS:ANTWEB:lacm ent 144574","lacm ent 144574","formicidae","myrmicinae","Adelomyrmex","micans","Adelomyrmex micans","paratype micans","Chiapas","Mexico","2002-11-01","cloud forest leaf litter",2000,"point","15.133333","-92.1"
"http://antweb.org/api/v2/?occurrenceId=CAS:ANTWEB:lacm ent 144575","lacm ent 144575","formicidae","myrmicinae","Adelomyrmex","micans","Adelomyrmex micans","paratype micans","Chiapas","Mexico","2002-11-01","cloud forest leaf litter",2000,"point","15.133333","-92.1"
"http://antweb.org/api/v2/?occurrenceId=CAS:ANTWEB:lacm ent 144576","lacm ent 144576","formicidae","myrmicinae","Adelomyrmex","micans","Adelomyrmex micans","paratype micans","Chiapas","Mexico","2002-11-01","cloud forest leaf litter",2000,"point","15.133333","-92.1"
"http://antweb.org/api/v2/?occurrenceId=CAS:ANTWEB:lacm ent 144577","lacm ent 144577","formicidae","myrmicinae","Adelomyrmex","micans","Adelomyrmex micans","paratype micans","Chiapas","Mexico","2002-11-01","cloud forest leaf litter",2000,"point","15.133333","-92.1"
"http://antweb.org/api/v2/?occurrenceId=CAS:ANTWEB:lacm ent 144578","lacm ent 144578","formicidae","myrmicinae","Adelomyrmex","micans","Adelomyrmex micans","paratype micans","Chiapas","Mexico","2002-11-01","cloud forest leaf litter",2000,"point","15.133333","-92.1"
"http://antweb.org/api/v2/?occurrenceId=CAS:ANTWEB:lacm ent 144579","lacm ent 144579","formicidae","myrmicinae","Adelomyrmex","micans","Adelomyrmex micans","paratype micans","Chiapas","Mexico","2002-11-01","cloud forest leaf litter",2000,"point","15.133333","-92.1"
"http://antweb.org/api/v2/?occurrenceId=CAS:ANTWEB:lacm ent 144580","lacm ent 144580","formicidae","myrmicinae","Adelomyrmex","micans","Adelomyrmex micans","paratype micans","Chiapas","Mexico","2002-11-01","cloud forest leaf litter",2000,"point","15.133333","-92.1"
"http://antweb.org/api/v2/?occurrenceId=CAS:ANTWEB:lacm ent 144581","lacm ent 144581","formicidae","myrmicinae","Adelomyrmex","micans","Adelomyrmex micans","paratype micans","Chiapas","Mexico","2002-11-01","cloud forest leaf litter",2000,"point","15.133333","-92.1"
"http://antweb.org/api/v2/?occurrenceId=CAS:ANTWEB:lacm ent 144582","lacm ent 144582","formicidae","myrmicinae","Adelomyrmex","micans","Adelomyrmex micans","paratype Adelomyrmex micans","Chiapas","Mexico","2002-11-01","cloud forest leaf litter",2000,"point","15.133333","-92.1"
"http://antweb.org/api/v2/?occurrenceId=CAS:ANTWEB:lacm ent 144583","lacm ent 144583","formicidae","myrmicinae","Adelomyrmex","micans","Adelomyrmex micans","paratype micans","Chiapas","Mexico","2002-11-01","cloud forest leaf litter",2000,"point","15.133333","-92.1"
"http://antweb.org/api/v2/?occurrenceId=CAS:ANTWEB:lacm ent 144584","lacm ent 144584","formicidae","myrmicinae","Adelomyrmex","micans","Adelomyrmex micans","paratype micans","Chiapas","Mexico","2002-11-01","cloud forest leaf litter",2000,"point","15.133333","-92.1"
"http://antweb.org/api/v2/?occurrenceId=CAS:ANTWEB:lacm ent 144585","lacm ent 144585","formicidae","myrmicinae","Adelomyrmex","micans","Adelomyrmex micans","paratype micans","Chiapas","Mexico","2002-11-01","cloud forest leaf litter",2000,"point","15.133333","-92.1"
"http://antweb.org/api/v2/?occurrenceId=CAS:ANTWEB:lacm ent 144586","lacm ent 144586","formicidae","myrmicinae","Adelomyrmex","micans","Adelomyrmex micans","paratype micans","Chiapas","Mexico","2002-11-01","cloud forest leaf litter",2000,"point","15.133333","-92.1"
"http://antweb.org/api/v2/?occurrenceId=CAS:ANTWEB:lacm ent 144587","lacm ent 144587","formicidae","myrmicinae","Adelomyrmex","micans","Adelomyrmex micans","paratype micans","Chiapas","Mexico","2002-11-01","cloud forest leaf litter",2000,"point","15.133333","-92.1"
"http://antweb.org/api/v2/?occurrenceId=CAS:ANTWEB:lacm ent 144588","lacm ent 144588","formicidae","myrmicinae","Adelomyrmex","micans","Adelomyrmex micans","paratype micans","Chiapas","Mexico","2002-11-01","cloud forest leaf litter",2000,"point","15.133333","-92.1"
"http://antweb.org/api/v2/?occurrenceId=CAS:ANTWEB:lacm ent 144589","lacm ent 144589","formicidae","myrmicinae","Adelomyrmex","micans","Adelomyrmex micans","paratype micans","Chiapas","Mexico","2002-11-01","cloud forest leaf litter",2000,"point","15.133333","-92.1"
"http://antweb.org/api/v2/?occurrenceId=CAS:ANTWEB:lacm ent 144590","lacm ent 144590","formicidae","myrmicinae","Adelomyrmex","micans","Adelomyrmex micans","paratype micans","Chiapas","Mexico","2002-11-01","cloud forest leaf litter",2000,"point","15.133333","-92.1"
"http://antweb.org/api/v2/?occurrenceId=CAS:ANTWEB:lacm ent 144591","lacm ent 144591","formicidae","myrmicinae","Adelomyrmex","micans","Adelomyrmex micans","paratype micans","Chiapas","Mexico","2002-11-01","cloud forest leaf litter",2000,"point","15.133333","-92.1"
"http://antweb.org/api/v2/?occurrenceId=CAS:ANTWEB:lacm ent 144592","lacm ent 144592","formicidae","myrmicinae","Adelomyrmex","micans","Adelomyrmex micans","paratype micans","Chiapas","Mexico","2002-11-01","cloud forest leaf litter",2000,"point","15.133333","-92.1"
"http://antweb.org/api/v2/?occurrenceId=CAS:ANTWEB:lacm ent 144593","lacm ent 144593","formicidae","myrmicinae","Adelomyrmex","micans","Adelomyrmex micans","paratype micans","Chiapas","Mexico","2002-11-01","cloud forest leaf litter",2000,"point","15.133333","-92.1"
"http://antweb.org/api/v2/?occurrenceId=CAS:ANTWEB:lacm ent 144594","lacm ent 144594","formicidae","myrmicinae","Adelomyrmex","micans","Adelomyrmex micans","","Chiapas","Mexico","2001-01-28","cloud forest leaf litter",2000,"point","15.133333","-92.1"
"http://antweb.org/api/v2/?occurrenceId=CAS:ANTWEB:lacm ent 144596","lacm ent 144596","formicidae","myrmicinae","Adelomyrmex","micans","Adelomyrmex micans","paratype micans","Chiapas","Mexico","2002-11-01","cloud forest leaf litter",2000,"point","15.133333","-92.1"
"http://antweb.org/api/v2/?occurrenceId=CAS:ANTWEB:lacm ent 144597","lacm ent 144597","formicidae","myrmicinae","Adelomyrmex","micans","Adelomyrmex micans","paratype micans","Chiapas","Mexico","2002-11-01","cloud forest leaf litter",2000,"point","15.133333","-92.1"
"http://antweb.org/api/v2/?occurrenceId=CAS:ANTWEB:lacm ent 144598","lacm ent 144598","formicidae","myrmicinae","Adelomyrmex","micans","Adelomyrmex micans","paratype micans","Chiapas","Mexico","2002-11-01","cloud forest leaf litter",2000,"point","15.133333","-92.1"
"http://antweb.org/api/v2/?occurrenceId=CAS:ANTWEB:lacm ent 144599","lacm ent 144599","formicidae","myrmicinae","Adelomyrmex","micans","Adelomyrmex micans","paratype micans","Chiapas","Mexico","2002-11-01","wet oak forest litter",2700,"point","16.764","-92.68266"
"http://antweb.org/api/v2/?occurrenceId=CAS:ANTWEB:lacm ent 144600","lacm ent 144600","formicidae","myrmicinae","Adelomyrmex","micans","Adelomyrmex micans","paratype micans","Chiapas","Mexico","2002-11-01","wet oak forest litter",2700,"point","16.764","-92.68266"
"http://antweb.org/api/v2/?occurrenceId=CAS:ANTWEB:lacm ent 144601","lacm ent 144601","formicidae","myrmicinae","Adelomyrmex","micans","Adelomyrmex micans","Holotype micans?","Chiapas","Mexico","2001-01-28","wet oak forest litter",2700,"point","16.764","-92.68266"
"http://antweb.org/api/v2/?occurrenceId=CAS:ANTWEB:lacm ent 144602","lacm ent 144602","formicidae","myrmicinae","Adelomyrmex","micans","Adelomyrmex micans","paratype micans","Chiapas","Mexico","2002-11-01","wet oak forest litter",2700,"point","16.764","-92.68266"
"http://antweb.org/api/v2/?occurrenceId=CAS:ANTWEB:lacm ent 144603","lacm ent 144603","formicidae","myrmicinae","Adelomyrmex","micans","Adelomyrmex micans","paratype micans","Chiapas","Mexico","2002-11-01","wet oak forest litter",2700,"point","16.764","-92.68266"
"http://antweb.org/api/v2/?occurrenceId=CAS:ANTWEB:lacm ent 144604","lacm ent 144604","formicidae","myrmicinae","Adelomyrmex","micans","Adelomyrmex micans","paratype micans","Chiapas","Mexico","2002-11-01","wet oak forest litter",2700,"point","16.764","-92.68266"
"http://antweb.org/api/v2/?occurrenceId=CAS:ANTWEB:lacment144595","lacment144595","formicidae","myrmicinae","Adelomyrmex","micans","Adelomyrmex micans","paratype of Adelomyrmex micans","Chiapas","Mexico","2002-11-01","cloud forest leaf litter",2000,"point","15.133333","-92.1"
