"url","catalogNumber","family","subfamily","genus","specificEpithet","scientific_name","typeStatus","stateProvince","country","dateIdentified","habitat","minimumElevationInMeters","geojson.type","decimal_latitude","decimal_longitude"
"http://antweb.org/api/v2/?occurrenceId=CAS:ANTWEB:casent0600030","casent0600030","formicidae","myrmicinae","Adelomyrmex","dentivagans","Adelomyrmex dentivagans","Paratype Adelomyrmex dentivagans","Chiapas","Mexico","2008-05-08","mixed rainforest ex sifted leaf litter",540,"point","17.190517","-91.73748"
"http://antweb.org/api/v2/?occurrenceId=CAS:ANTWEB:casent0608769","casent0608769","formicidae","myrmicinae","Adelomyrmex","dentivagans","Adelomyrmex dentivagans","","Chiapas","Mexico","2009-02-17","mesophil forest ex sifted leaf litter",950,"point","16.96291","-91.59335"
"http://antweb.org/api/v2/?occurrenceId=CAS:ANTWEB:casent0608771","casent0608771","formicidae","myrmicinae","Adelomyrmex","dentivagans","Adelomyrmex dentivagans","","Chiapas","Mexico","2009-02-17","mesophil forest ex sifted leaf litter",950,"point","16.96291","-91.59335"
"http://antweb.org/api/v2/?occurrenceId=CAS:ANTWEB:casent0609799","casent0609799","formicidae","myrmicinae","Adelomyrmex","dentivagans","Adelomyrmex dentivagans","","Chiapas","Mexico","2009-01-28","2 mesophil forest ex sifted leaf litter",860,"point","16.98023","-91.5861"
"http://antweb.org/api/v2/?occurrenceId=CAS:ANTWEB:casent0611469","casent0611469","formicidae","myrmicinae","Adelomyrmex","dentivagans","Adelomyrmex dentivagans","","Izabal","Guatemala","2009-09-16","2 lowland rainforest ex sifted leaf litter",440,"point","15.41109","-88.71184"
"http://antweb.org/api/v2/?occurrenceId=CAS:ANTWEB:casent0611470","casent0611470","formicidae","myrmicinae","Adelomyrmex","dentivagans","Adelomyrmex dentivagans","","Izabal","Guatemala","2009-09-16","2 lowland rainforest ex sifted leaf litter",440,"point","15.41109","-88.71184"
"http://antweb.org/api/v2/?occurrenceId=CAS:ANTWEB:casent0611471","casent0611471","formicidae","myrmicinae","Adelomyrmex","dentivagans","Adelomyrmex dentivagans","","Izabal","Guatemala","2009-09-16","2 lowland rainforest ex sifted leaf litter",440,"point","15.41109","-88.71184"
"http://antweb.org/api/v2/?occurrenceId=CAS:ANTWEB:casent0611472","casent0611472","formicidae","myrmicinae","Adelomyrmex","dentivagans","Adelomyrmex dentivagans","","Izabal","Guatemala","2009-09-16","2 lowland rainforest ex sifted leaf litter",440,"point","15.41109","-88.71184"
"http://antweb.org/api/v2/?occurrenceId=CAS:ANTWEB:casent0611508","casent0611508","formicidae","myrmicinae","Adelomyrmex","dentivagans","Adelomyrmex dentivagans","","Izabal","Guatemala","2009-09-16","2 lowland rainforest ex sifted leaf litter",410,"point","15.41307","-88.70953"
"http://antweb.org/api/v2/?occurrenceId=CAS:ANTWEB:casent0611509","casent0611509","formicidae","myrmicinae","Adelomyrmex","dentivagans","Adelomyrmex dentivagans","","Izabal","Guatemala","2009-09-16","2 lowland rainforest ex sifted leaf litter",410,"point","15.41307","-88.70953"
"http://antweb.org/api/v2/?occurrenceId=CAS:ANTWEB:casent0611510","casent0611510","formicidae","myrmicinae","Adelomyrmex","dentivagans","Adelomyrmex dentivagans","","Izabal","Guatemala","2009-09-16","2 lowland rainforest ex sifted leaf litter",410,"point","15.41307","-88.70953"
"http://antweb.org/api/v2/?occurrenceId=CAS:ANTWEB:casent0611558","casent0611558","formicidae","myrmicinae","Adelomyrmex","dentivagans","Adelomyrmex dentivagans","","Izabal","Guatemala","2009-09-16","2 lowland rainforest ex sifted leaf litter",410,"point","15.41764","-88.69683"
"http://antweb.org/api/v2/?occurrenceId=CAS:ANTWEB:casent0611559","casent0611559","formicidae","myrmicinae","Adelomyrmex","dentivagans","Adelomyrmex dentivagans","","Izabal","Guatemala","2009-09-16","2 lowland rainforest ex sifted leaf litter",410,"point","15.41764","-88.69683"
"http://antweb.org/api/v2/?occurrenceId=CAS:ANTWEB:casent0614309","casent0614309","formicidae","myrmicinae","Adelomyrmex","dentivagans","Adelomyrmex dentivagans","","Pet n","Guatemala","2009-10-14","tropical moist forest ex sifted leaf litter",390,"point","16.441694","-89.53447"
"http://antweb.org/api/v2/?occurrenceId=CAS:ANTWEB:casent0614322","casent0614322","formicidae","myrmicinae","Adelomyrmex","dentivagans","Adelomyrmex dentivagans","","Pet n","Guatemala","2009-10-14","tropical moist forest ex sifted leaf litter",390,"point","16.44215","-89.53499"
"http://antweb.org/api/v2/?occurrenceId=CAS:ANTWEB:casent0614331","casent0614331","formicidae","myrmicinae","Adelomyrmex","dentivagans","Adelomyrmex dentivagans","","Pet n","Guatemala","2009-10-14","tropical moist forest ex sifted leaf litter",390,"point","16.44167","-89.53496"
"http://antweb.org/api/v2/?occurrenceId=CAS:ANTWEB:casent0615231","casent0615231","formicidae","myrmicinae","Adelomyrmex","dentivagans","Adelomyrmex dentivagans","","Comayagua","Honduras","2011-02-22","ridgetop cloud forest ex sifted leaf litter",1120,"point","14.871371","-87.90032"
"http://antweb.org/api/v2/?occurrenceId=CAS:ANTWEB:casent0615242","casent0615242","formicidae","myrmicinae","Adelomyrmex","dentivagans","Adelomyrmex dentivagans","","Comayagua","Honduras","2011-02-22","ridgetop cloud forest ex sifted leaf litter",1120,"point","14.871255","-87.900185"
"http://antweb.org/api/v2/?occurrenceId=CAS:ANTWEB:casent0615243","casent0615243","formicidae","myrmicinae","Adelomyrmex","dentivagans","Adelomyrmex dentivagans","","Comayagua","Honduras","2011-02-22","ridgetop cloud forest ex sifted leaf litter",1120,"point","14.871255","-87.900185"
"http://antweb.org/api/v2/?occurrenceId=CAS:ANTWEB:casent0615244","casent0615244","formicidae","myrmicinae","Adelomyrmex","dentivagans","Adelomyrmex dentivagans","","Comayagua","Honduras","2011-02-22","ridgetop cloud forest ex sifted leaf litter",1120,"point","14.871255","-87.900185"
"http://antweb.org/api/v2/?occurrenceId=CAS:ANTWEB:casent0615363","casent0615363","formicidae","myrmicinae","Adelomyrmex","dentivagans","Adelomyrmex dentivagans","","Comayagua","Honduras","2011-02-22","ridgetop cloud forest ex sifted leaf litter",1120,"point","14.8714","-87.90036"
"http://antweb.org/api/v2/?occurrenceId=CAS:ANTWEB:casent0615376","casent0615376","formicidae","myrmicinae","Adelomyrmex","dentivagans","Adelomyrmex dentivagans","","Comayagua","Honduras","2011-02-22","ridgetop cloud forest ex sifted leaf litter",1120,"point","14.871342","-87.90029"
"http://antweb.org/api/v2/?occurrenceId=CAS:ANTWEB:casent0617207","casent0617207","formicidae","myrmicinae","Adelomyrmex","dentivagans","Adelomyrmex dentivagans","","Comayagua","Honduras","2011-03-05","montane rainforest at bait",770,"point","14.86993","-87.90479"
"http://antweb.org/api/v2/?occurrenceId=CAS:ANTWEB:casent0617330","casent0617330","formicidae","myrmicinae","Adelomyrmex","dentivagans","Adelomyrmex dentivagans","","Comayagua","Honduras","2012-09-19","ridgetop cloud forest Malaise trap",1140,"point","14.86956","-87.89676"
"http://antweb.org/api/v2/?occurrenceId=CAS:ANTWEB:casent0635299","casent0635299","formicidae","myrmicinae","Adelomyrmex","dentivagans","Adelomyrmex dentivagans","","Chiapas","Mexico","2014-10-01","mesophil forest ex sifted leaf litter",930,"point","16.94866","-91.59392"
"http://antweb.org/api/v2/?occurrenceId=CAS:ANTWEB:casent0635311","casent0635311","formicidae","myrmicinae","Adelomyrmex","dentivagans","Adelomyrmex dentivagans","","Izabal","Guatemala","2014-10-01","2 lowland rainforest ex sifted leaf litter",410,"point","15.41186","-88.71071"
"http://antweb.org/api/v2/?occurrenceId=CAS:ANTWEB:casent0635313","casent0635313","formicidae","myrmicinae","Adelomyrmex","dentivagans","Adelomyrmex dentivagans","","Comayagua","Honduras","2014-10-01","ridgetop cloud forest ex sifted leaf litter",1150,"point","14.86951","-87.89701"
"http://antweb.org/api/v2/?occurrenceId=CAS:ANTWEB:ecosur26688","ecosur26688","formicidae","myrmicinae","Adelomyrmex","dentivagans","Adelomyrmex dentivagans","","Chiapas","Mexico","2015-09-07","Selva mediana perennifolia",2200,"point","16.981667","-93.7675"
"http://antweb.org/api/v2/?occurrenceId=CAS:ANTWEB:fmnhins0000095802","fmnhins0000095802","formicidae","myrmicinae","Adelomyrmex","dentivagans","Adelomyrmex dentivagans","","Chiapas","Mexico","2013-08-28","oak pine forest ex sifted leaf litter",1070,"point","16.85196","-92.11227"
"http://antweb.org/api/v2/?occurrenceId=CAS:ANTWEB:jtl205371","jtl205371","formicidae","myrmicinae","Adelomyrmex","dentivagans","Adelomyrmex dentivagans","","Chiapas","Mexico","2008-10-27","lowland wet forest ex sifted leaf litter",570,"point","17.12707","-91.62997"
"http://antweb.org/api/v2/?occurrenceId=CAS:ANTWEB:jtl205454","jtl205454","formicidae","myrmicinae","Adelomyrmex","dentivagans","Adelomyrmex dentivagans","","Chiapas","Mexico","2008-10-27","lowland wet forest ex sifted leaf litter",570,"point","17.12743","-91.62995"
"http://antweb.org/api/v2/?occurrenceId=CAS:ANTWEB:jtl205760","jtl205760","formicidae","myrmicinae","Adelomyrmex","dentivagans","Adelomyrmex dentivagans","","Chiapas","Mexico","2008-10-27","lowland wet forest ex sifted leaf litter",575,"point","17.12369","-91.63734"
"http://antweb.org/api/v2/?occurrenceId=CAS:ANTWEB:jtl205811","jtl205811","formicidae","myrmicinae","Adelomyrmex","dentivagans","Adelomyrmex dentivagans","","Chiapas","Mexico","2008-10-27","lowland wet forest ex sifted leaf litter",575,"point","17.12363","-91.63757"
"http://antweb.org/api/v2/?occurrenceId=CAS:ANTWEB:jtl205863","jtl205863","formicidae","myrmicinae","Adelomyrmex","dentivagans","Adelomyrmex dentivagans","","Chiapas","Mexico","2008-10-27","lowland wet forest ex sifted leaf litter",575,"point","17.12358","-91.63775"
"http://antweb.org/api/v2/?occurrenceId=CAS:ANTWEB:jtl208884","jtl208884","formicidae","myrmicinae","Adelomyrmex","dentivagans","Adelomyrmex dentivagans","","Chiapas","Mexico","2008-12-16","mesophil forest ex sifted leaf litter",930,"point","16.94867","-91.59397"
"http://antweb.org/api/v2/?occurrenceId=CAS:ANTWEB:jtl266037","jtl266037","formicidae","myrmicinae","Adelomyrmex","dentivagans","Adelomyrmex dentivagans","","Izabal","Guatemala","2009-09-16","2 lowland rainforest ex sifted leaf litter",410,"point","15.41307","-88.70953"
"http://antweb.org/api/v2/?occurrenceId=CAS:ANTWEB:jtl266115","jtl266115","formicidae","myrmicinae","Adelomyrmex","dentivagans","Adelomyrmex dentivagans","","Izabal","Guatemala","2009-09-16","2 lowland rainforest ex sifted leaf litter",430,"point","15.41152","-88.69514"
"http://antweb.org/api/v2/?occurrenceId=CAS:ANTWEB:jtl266156","jtl266156","formicidae","myrmicinae","Adelomyrmex","dentivagans","Adelomyrmex dentivagans","","Izabal","Guatemala","2009-09-16","2 lowland rainforest ex sifted leaf litter",410,"point","15.41764","-88.69683"
"http://antweb.org/api/v2/?occurrenceId=CAS:ANTWEB:jtl272158","jtl272158","formicidae","myrmicinae","Adelomyrmex","dentivagans","Adelomyrmex dentivagans","","Pet n","Guatemala","2009-10-14","tropical moist forest ex sifted leaf litter",390,"point","16.44167","-89.53496"
"http://antweb.org/api/v2/?occurrenceId=CAS:ANTWEB:jtl272187","jtl272187","formicidae","myrmicinae","Adelomyrmex","dentivagans","Adelomyrmex dentivagans","","Pet n","Guatemala","2009-10-14","tropical moist forest ex sifted leaf litter",390,"point","16.44173","-89.53527"
"http://antweb.org/api/v2/?occurrenceId=CAS:ANTWEB:jtl300397","jtl300397","formicidae","myrmicinae","Adelomyrmex","dentivagans","Adelomyrmex dentivagans","","Comayagua","Honduras","2011-02-22","ridgetop cloud forest ex sifted leaf litter",1120,"point","14.871109","-87.90001"
"http://antweb.org/api/v2/?occurrenceId=CAS:ANTWEB:jtl300398","jtl300398","formicidae","myrmicinae","Adelomyrmex","dentivagans","Adelomyrmex dentivagans","","Comayagua","Honduras","2011-02-22","ridgetop cloud forest ex sifted leaf litter",1140,"point","14.86951","-87.896965"
"http://antweb.org/api/v2/?occurrenceId=CAS:ANTWEB:jtl300399","jtl300399","formicidae","myrmicinae","Adelomyrmex","dentivagans","Adelomyrmex dentivagans","","Comayagua","Honduras","2011-02-22","ridgetop cloud forest ex sifted leaf litter",1140,"point","14.86951","-87.89692"
"http://antweb.org/api/v2/?occurrenceId=CAS:ANTWEB:jtl300400","jtl300400","formicidae","myrmicinae","Adelomyrmex","dentivagans","Adelomyrmex dentivagans","","Comayagua","Honduras","2011-02-22","ridgetop cloud forest ex sifted leaf litter",1140,"point","14.86951","-87.89687"
"http://antweb.org/api/v2/?occurrenceId=CAS:ANTWEB:jtl300401","jtl300401","formicidae","myrmicinae","Adelomyrmex","dentivagans","Adelomyrmex dentivagans","","Comayagua","Honduras","2011-02-22","ridgetop cloud forest ex sifted leaf litter",1140,"point","14.86951","-87.89683"
"http://antweb.org/api/v2/?occurrenceId=CAS:ANTWEB:jtl300402","jtl300402","formicidae","myrmicinae","Adelomyrmex","dentivagans","Adelomyrmex dentivagans","","Comayagua","Honduras","2011-02-22","ridgetop cloud forest ex sifted leaf litter",1140,"point","14.86951","-87.89678"
"http://antweb.org/api/v2/?occurrenceId=CAS:ANTWEB:jtl300403","jtl300403","formicidae","myrmicinae","Adelomyrmex","dentivagans","Adelomyrmex dentivagans","","Comayagua","Honduras","2011-02-22","ridgetop cloud forest ex sifted leaf litter",1140,"point","14.86951","-87.896736"
"http://antweb.org/api/v2/?occurrenceId=CAS:ANTWEB:jtl300404","jtl300404","formicidae","myrmicinae","Adelomyrmex","dentivagans","Adelomyrmex dentivagans","","Comayagua","Honduras","2011-02-22","ridgetop cloud forest ex sifted leaf litter",1140,"point","14.86951","-87.89668"
"http://antweb.org/api/v2/?occurrenceId=CAS:ANTWEB:jtl300405","jtl300405","formicidae","myrmicinae","Adelomyrmex","dentivagans","Adelomyrmex dentivagans","","Comayagua","Honduras","2011-02-22","ridgetop cloud forest ex sifted leaf litter",1140,"point","14.86951","-87.89664"
"http://antweb.org/api/v2/?occurrenceId=CAS:ANTWEB:jtl300406","jtl300406","formicidae","myrmicinae","Adelomyrmex","dentivagans","Adelomyrmex dentivagans","","Comayagua","Honduras","2011-02-22","ridgetop cloud forest ex sifted leaf litter",1140,"point","14.86951","-87.89659"
"http://antweb.org/api/v2/?occurrenceId=CAS:ANTWEB:jtl300407","jtl300407","formicidae","myrmicinae","Adelomyrmex","dentivagans","Adelomyrmex dentivagans","","Comayagua","Honduras","2011-02-22","ridgetop cloud forest ex sifted leaf litter",1140,"point","14.86951","-87.8965"
"http://antweb.org/api/v2/?occurrenceId=CAS:ANTWEB:jtl300408","jtl300408","formicidae","myrmicinae","Adelomyrmex","dentivagans","Adelomyrmex dentivagans","","Comayagua","Honduras","2011-02-22","ridgetop cloud forest ex sifted leaf litter",1140,"point","14.86946","-87.89633"
"http://antweb.org/api/v2/?occurrenceId=CAS:ANTWEB:jtl300409","jtl300409","formicidae","myrmicinae","Adelomyrmex","dentivagans","Adelomyrmex dentivagans","","Comayagua","Honduras","2011-02-22","ridgetop cloud forest ex sifted leaf litter",1140,"point","14.869452","-87.896286"
"http://antweb.org/api/v2/?occurrenceId=CAS:ANTWEB:jtl300410","jtl300410","formicidae","myrmicinae","Adelomyrmex","dentivagans","Adelomyrmex dentivagans","","Comayagua","Honduras","2011-02-22","ridgetop cloud forest ex sifted leaf litter",1140,"point","14.869421","-87.8961"
"http://antweb.org/api/v2/?occurrenceId=CAS:ANTWEB:jtl300411","jtl300411","formicidae","myrmicinae","Adelomyrmex","dentivagans","Adelomyrmex dentivagans","","Comayagua","Honduras","2011-02-22","ridgetop cloud forest ex sifted leaf litter",1140,"point","14.869412","-87.89606"
"http://antweb.org/api/v2/?occurrenceId=CAS:ANTWEB:jtl300412","jtl300412","formicidae","myrmicinae","Adelomyrmex","dentivagans","Adelomyrmex dentivagans","","Comayagua","Honduras","2011-02-22","ridgetop cloud forest ex sifted leaf litter",1140,"point","14.86939","-87.89592"
"http://antweb.org/api/v2/?occurrenceId=CAS:ANTWEB:jtl300413","jtl300413","formicidae","myrmicinae","Adelomyrmex","dentivagans","Adelomyrmex dentivagans","","Comayagua","Honduras","2011-02-22","ridgetop cloud forest ex sifted leaf litter",1140,"point","14.869373","-87.89583"
"http://antweb.org/api/v2/?occurrenceId=CAS:ANTWEB:jtl300414","jtl300414","formicidae","myrmicinae","Adelomyrmex","dentivagans","Adelomyrmex dentivagans","","Comayagua","Honduras","2011-02-22","ridgetop cloud forest ex sifted leaf litter",1140,"point","14.869345","-87.89579"
"http://antweb.org/api/v2/?occurrenceId=CAS:ANTWEB:jtl306144","jtl306144","formicidae","myrmicinae","Adelomyrmex","dentivagans","Adelomyrmex dentivagans","","Comayagua","Honduras","2011-03-05","montane rainforest ex sifted leaf litter",940,"point","14.86613","-87.89735"
"http://antweb.org/api/v2/?occurrenceId=CAS:ANTWEB:jtl306150","jtl306150","formicidae","myrmicinae","Adelomyrmex","dentivagans","Adelomyrmex dentivagans","","Comayagua","Honduras","2011-03-05","montane rainforest ex sifted leaf litter",910,"point","14.86613","-87.8982"
"http://antweb.org/api/v2/?occurrenceId=CAS:ANTWEB:jtl306188","jtl306188","formicidae","myrmicinae","Adelomyrmex","dentivagans","Adelomyrmex dentivagans","","Comayagua","Honduras","2011-03-05","cloud forest ex sifted leaf litter",1040,"point","14.87236","-87.90098"
"http://antweb.org/api/v2/?occurrenceId=CAS:ANTWEB:jtl306257","jtl306257","formicidae","myrmicinae","Adelomyrmex","dentivagans","Adelomyrmex dentivagans","","Comayagua","Honduras","2011-03-05","montane rainforest ex sifted leaf litter",890,"point","14.87314","-87.90297"
"http://antweb.org/api/v2/?occurrenceId=CAS:ANTWEB:jtl306341","jtl306341","formicidae","myrmicinae","Adelomyrmex","dentivagans","Adelomyrmex dentivagans","","Comayagua","Honduras","2011-03-05","montane rainforest ex sifted leaf litter",870,"point","14.87238","-87.90332"
"http://antweb.org/api/v2/?occurrenceId=CAS:ANTWEB:jtl306371","jtl306371","formicidae","myrmicinae","Adelomyrmex","dentivagans","Adelomyrmex dentivagans","","Comayagua","Honduras","2011-03-05","montane rainforest ex sifted leaf litter",770,"point","14.86993","-87.90479"
"http://antweb.org/api/v2/?occurrenceId=CAS:ANTWEB:jtl306430","jtl306430","formicidae","myrmicinae","Adelomyrmex","dentivagans","Adelomyrmex dentivagans","","Comayagua","Honduras","2011-03-05","montane rainforest ex sifted leaf litter",750,"point","14.87045","-87.90567"
"http://antweb.org/api/v2/?occurrenceId=CAS:ANTWEB:jtl306970","jtl306970","formicidae","myrmicinae","Adelomyrmex","dentivagans","Adelomyrmex dentivagans","","Comayagua","Honduras","2011-03-05","montane rainforest at bait",770,"point","14.86993","-87.90479"
"http://antweb.org/api/v2/?occurrenceId=CAS:ANTWEB:jtl306976","jtl306976","formicidae","myrmicinae","Adelomyrmex","dentivagans","Adelomyrmex dentivagans","","Comayagua","Honduras","2011-03-05","montane rainforest at bait",770,"point","14.86993","-87.90479"
"http://antweb.org/api/v2/?occurrenceId=CAS:ANTWEB:jtl307143","jtl307143","formicidae","myrmicinae","Adelomyrmex","dentivagans","Adelomyrmex dentivagans","","Comayagua","Honduras","2011-03-05","montane rainforest at bait",770,"point","14.86993","-87.90479"
"http://antweb.org/api/v2/?occurrenceId=CAS:ANTWEB:jtl730885","jtl730885","formicidae","myrmicinae","Adelomyrmex","dentivagans","Adelomyrmex dentivagans","","Chiapas","Mexico","2008-10-27","lowland wet forest ex sifted leaf litter",570,"point","17.12626","-91.63054"
"http://antweb.org/api/v2/?occurrenceId=CAS:ANTWEB:jtl733828","jtl733828","formicidae","myrmicinae","Adelomyrmex","dentivagans","Adelomyrmex dentivagans","","Chiapas","Mexico","2015-04-23","mesophil forest ex sifted leaf litter",930,"point","16.94866","-91.59392"
"http://antweb.org/api/v2/?occurrenceId=CAS:ANTWEB:jtl733852","jtl733852","formicidae","myrmicinae","Adelomyrmex","dentivagans","Adelomyrmex dentivagans","","Izabal","Guatemala","2015-04-23","2 lowland rainforest ex sifted leaf litter",410,"point","15.41186","-88.71071"
"http://antweb.org/api/v2/?occurrenceId=CAS:ANTWEB:jtl733853","jtl733853","formicidae","myrmicinae","Adelomyrmex","dentivagans","Adelomyrmex dentivagans","","Pet n","Guatemala","2015-04-23","tropical moist forest ex sifted leaf litter",390,"point","16.44167","-89.53496"
"http://antweb.org/api/v2/?occurrenceId=CAS:ANTWEB:jtl733858","jtl733858","formicidae","myrmicinae","Adelomyrmex","dentivagans","Adelomyrmex dentivagans","","Comayagua","Honduras","2015-04-23","ridgetop cloud forest ex sifted leaf litter",1150,"point","14.86951","-87.89701"
"http://antweb.org/api/v2/?occurrenceId=CAS:ANTWEB:jtlc-vial-002222.17","jtlc-vial-002222.17","formicidae","myrmicinae","Adelomyrmex","dentivagans","Adelomyrmex dentivagans","","Chiapas","Mexico","2009-02-10","lowland wet forest ex sifted leaf litter",570,"point","17.12562","-91.63086"
"http://antweb.org/api/v2/?occurrenceId=CAS:ANTWEB:jtlc000009698","jtlc000009698","formicidae","myrmicinae","Adelomyrmex","dentivagans","Adelomyrmex dentivagans","","Chiapas","Mexico","2007-10-15","wet forest fragment ex sifted leaf litter",540,"point","17.190517","-91.73748"
"http://antweb.org/api/v2/?occurrenceId=CAS:ANTWEB:jtlc000009719","jtlc000009719","formicidae","myrmicinae","Adelomyrmex","dentivagans","Adelomyrmex dentivagans","Paratype Adelomyrmex dentivagans","Chiapas","Mexico","2007-10-15","wet forest fragment ex sifted leaf litter",540,"point","17.190517","-91.73748"
"http://antweb.org/api/v2/?occurrenceId=CAS:ANTWEB:jtlc000010022","jtlc000010022","formicidae","myrmicinae","Adelomyrmex","dentivagans","Adelomyrmex dentivagans","Paratype Adelomyrmex dentivagans","Chiapas","Mexico","2007-10-15","wet forest fragment ex sifted leaf litter",540,"point","17.190517","-91.73748"
"http://antweb.org/api/v2/?occurrenceId=CAS:ANTWEB:jtlc000010023","jtlc000010023","formicidae","myrmicinae","Adelomyrmex","dentivagans","Adelomyrmex dentivagans","Paratype Adelomyrmex dentivagans","Chiapas","Mexico","2007-10-15","wet forest fragment ex sifted leaf litter",540,"point","17.190517","-91.73748"
"http://antweb.org/api/v2/?occurrenceId=CAS:ANTWEB:jtlc000014356","jtlc000014356","formicidae","myrmicinae","Adelomyrmex","dentivagans","Adelomyrmex dentivagans","Paratype Adelomyrmex dentivagans","Chiapas","Mexico","2008-10-27","lowland wet forest ex sifted leaf litter",570,"point","17.12602","-91.63068"
"http://antweb.org/api/v2/?occurrenceId=CAS:ANTWEB:jtlc000014360","jtlc000014360","formicidae","myrmicinae","Adelomyrmex","dentivagans","Adelomyrmex dentivagans","Paratype Adelomyrmex dentivagans","Chiapas","Mexico","2008-10-27","lowland wet forest ex sifted leaf litter",570,"point","17.12626","-91.63054"
"http://antweb.org/api/v2/?occurrenceId=CAS:ANTWEB:jtlc000014361","jtlc000014361","formicidae","myrmicinae","Adelomyrmex","dentivagans","Adelomyrmex dentivagans","Paratype Adelomyrmex dentivagans","Chiapas","Mexico","2008-10-27","lowland wet forest ex sifted leaf litter",570,"point","17.12626","-91.63054"
"http://antweb.org/api/v2/?occurrenceId=CAS:ANTWEB:jtlc000014362","jtlc000014362","formicidae","myrmicinae","Adelomyrmex","dentivagans","Adelomyrmex dentivagans","Holotype Adelomyrmex dentivagans","Chiapas","Mexico","2008-10-27","lowland wet forest ex sifted leaf litter",570,"point","17.1263","-91.63052"
"http://antweb.org/api/v2/?occurrenceId=CAS:ANTWEB:jtlc000014363","jtlc000014363","formicidae","myrmicinae","Adelomyrmex","dentivagans","Adelomyrmex dentivagans","Paratype Adelomyrmex dentivagans","Chiapas","Mexico","2008-10-27","lowland wet forest ex sifted leaf litter",570,"point","17.1263","-91.63052"
"http://antweb.org/api/v2/?occurrenceId=CAS:ANTWEB:jtlc000014380","jtlc000014380","formicidae","myrmicinae","Adelomyrmex","dentivagans","Adelomyrmex dentivagans","Paratype Adelomyrmex dentivagans","Chiapas","Mexico","2008-10-27","lowland wet forest ex sifted leaf litter",570,"point","17.12701","-91.63003"
