"url","catalogNumber","family","subfamily","genus","specificEpithet","scientific_name","typeStatus","stateProvince","country","dateIdentified","habitat","minimumElevationInMeters","geojson.type","decimal_latitude","decimal_longitude"
"http://antweb.org/api/v2/?occurrenceId=CAS:ANTWEB:casent0628121","casent0628121","formicidae","myrmicinae","Adelomyrmex","coco","Adelomyrmex coco","Holotype Adelomyrmex coco","Puntarenas","Costa Rica","2012-05-04","Thick undergrowth and some trees. Many boulders. Heavy leaflitter. ex leaf litter",70,"point","5.53773","-87.05295"
"http://antweb.org/api/v2/?occurrenceId=CAS:ANTWEB:casent0628122","casent0628122","formicidae","myrmicinae","Adelomyrmex","coco","Adelomyrmex coco","Paratype Adelomyrmex coco","Puntarenas","Costa Rica","2012-05-04","Cloud forest, understory dominated by tree ferns and occasional subcanopy palms, canopy formed by large trees covered in epiphytes ex leaf litter",470,"point","5.52918","-87.07052"
"http://antweb.org/api/v2/?occurrenceId=CAS:ANTWEB:casent0634318","casent0634318","formicidae","myrmicinae","Adelomyrmex","coco","Adelomyrmex coco","","Puntarenas","Costa Rica","2014-11-10","",424,"point","5.52889","-87.0684"
"http://antweb.org/api/v2/?occurrenceId=CAS:ANTWEB:jtlc000004336","jtlc000004336","formicidae","myrmicinae","Adelomyrmex","coco","Adelomyrmex coco","Paratype Adelomyrmex coco","","Costa Rica","2003-09-05","",490,"point","5.52833","-87.07017"
