"url","catalogNumber","family","subfamily","genus","specificEpithet","scientific_name","typeStatus","stateProvince","country","dateIdentified","habitat","minimumElevationInMeters","geojson.type","decimal_latitude","decimal_longitude"
"http://antweb.org/api/v2/?occurrenceId=CAS:ANTWEB:casent0633897","casent0633897","formicidae","myrmicinae","Adelomyrmex","brenesi","Adelomyrmex brenesi","","Heredia","Costa Rica","2014-11-23","cloud forest sifted leaf litter",2000,"point","10.18333","-84.11667"
"http://antweb.org/api/v2/?occurrenceId=CAS:ANTWEB:inb0003223935","inb0003223935","formicidae","myrmicinae","Adelomyrmex","brenesi","Adelomyrmex brenesi","Paratype Adelomyrmex brenesi","Heredia","Costa Rica","2002-12-10","",2000,"point","10.18333","-84.11667"
"http://antweb.org/api/v2/?occurrenceId=CAS:ANTWEB:inb0003223953","inb0003223953","formicidae","myrmicinae","Adelomyrmex","brenesi","Adelomyrmex brenesi","Paratype Adelomyrmex brenesi","Heredia","Costa Rica","2002-12-10","",2000,"point","10.18333","-84.11667"
"http://antweb.org/api/v2/?occurrenceId=CAS:ANTWEB:inb0003223966","inb0003223966","formicidae","myrmicinae","Adelomyrmex","brenesi","Adelomyrmex brenesi","Paratype Adelomyrmex brenesi","Heredia","Costa Rica","2002-12-10","",2000,"point","10.18333","-84.11667"
"http://antweb.org/api/v2/?occurrenceId=CAS:ANTWEB:inb0003223968","inb0003223968","formicidae","myrmicinae","Adelomyrmex","brenesi","Adelomyrmex brenesi","Paratype Adelomyrmex brenesi","Heredia","Costa Rica","2002-12-10","cloud forest sifted leaf litter",2000,"point","10.18333","-84.11667"
"http://antweb.org/api/v2/?occurrenceId=CAS:ANTWEB:jtl733863","jtl733863","formicidae","myrmicinae","Adelomyrmex","brenesi","Adelomyrmex brenesi","","Heredia","Costa Rica","2002-12-07","cloud forest sifted leaf litter",2000,"point","10.18333","-84.11667"
"http://antweb.org/api/v2/?occurrenceId=CAS:ANTWEB:jtlc-vial-000725.52","jtlc-vial-000725.52","formicidae","myrmicinae","Adelomyrmex","brenesi","Adelomyrmex brenesi","","Heredia","Costa Rica","2002-12-15","montane wet forest Hojarasca",2000,"point","10.18333","-84.11667"
"http://antweb.org/api/v2/?occurrenceId=CAS:ANTWEB:jtlc-vial-000726.39","jtlc-vial-000726.39","formicidae","myrmicinae","Adelomyrmex","brenesi","Adelomyrmex brenesi","","Heredia","Costa Rica","2002-12-15","montane wet forest Hojarasca",2000,"point","10.18333","-84.11667"
"http://antweb.org/api/v2/?occurrenceId=CAS:ANTWEB:jtlc-vial-000727.23","jtlc-vial-000727.23","formicidae","myrmicinae","Adelomyrmex","brenesi","Adelomyrmex brenesi","","Heredia","Costa Rica","2002-12-15","cloud forest sifted leaf litter",2000,"point","10.18333","-84.11667"
"http://antweb.org/api/v2/?occurrenceId=CAS:ANTWEB:jtlc-vial-000727.31","jtlc-vial-000727.31","formicidae","myrmicinae","Adelomyrmex","brenesi","Adelomyrmex brenesi","","Heredia","Costa Rica","2002-12-15","cloud forest sifted leaf litter",2000,"point","10.18333","-84.11667"
"http://antweb.org/api/v2/?occurrenceId=CAS:ANTWEB:jtlc-vial-000727.36","jtlc-vial-000727.36","formicidae","myrmicinae","Adelomyrmex","brenesi","Adelomyrmex brenesi","","Heredia","Costa Rica","2002-12-15","",2000,"point","10.18333","-84.11667"
"http://antweb.org/api/v2/?occurrenceId=CAS:ANTWEB:jtlc-vial-000727.75","jtlc-vial-000727.75","formicidae","myrmicinae","Adelomyrmex","brenesi","Adelomyrmex brenesi","","Heredia","Costa Rica","2002-12-15","",2000,"point","10.18333","-84.11667"
"http://antweb.org/api/v2/?occurrenceId=CAS:ANTWEB:jtlc-vial-000727.79","jtlc-vial-000727.79","formicidae","myrmicinae","Adelomyrmex","brenesi","Adelomyrmex brenesi","","Heredia","Costa Rica","2002-12-15","montane wet forest Hojarasca",2000,"point","10.18333","-84.11667"
"http://antweb.org/api/v2/?occurrenceId=CAS:ANTWEB:jtlc000003382","jtlc000003382","formicidae","myrmicinae","Adelomyrmex","brenesi","Adelomyrmex brenesi","Holotype Adelomyrmex brenesi","Heredia","Costa Rica","2002-12-10","cloud forest sifted leaf litter",2000,"point","10.18333","-84.11667"
