"url","catalogNumber","family","subfamily","genus","specificEpithet","scientific_name","typeStatus","stateProvince","country","dateIdentified","habitat","minimumElevationInMeters","geojson.type","decimal_latitude","decimal_longitude"
"http://antweb.org/api/v2/?occurrenceId=CAS:ANTWEB:casent0611134","casent0611134","formicidae","myrmicinae","Adelomyrmex","mackayi","Adelomyrmex mackayi","","Quiche","Guatemala","2009-09-17","oak/cloud forest ex sifted leaf litter",2025,"point","15.41997","-90.8363"
"http://antweb.org/api/v2/?occurrenceId=CAS:ANTWEB:casent0611136","casent0611136","formicidae","myrmicinae","Adelomyrmex","mackayi","Adelomyrmex mackayi","","Quiche","Guatemala","2009-09-17","oak/cloud forest ex sifted leaf litter",2025,"point","15.41997","-90.8363"
"http://antweb.org/api/v2/?occurrenceId=CAS:ANTWEB:casent0611137","casent0611137","formicidae","myrmicinae","Adelomyrmex","mackayi","Adelomyrmex mackayi","","Quiche","Guatemala","2009-09-17","oak/cloud forest ex sifted leaf litter",2025,"point","15.41997","-90.8363"
"http://antweb.org/api/v2/?occurrenceId=CAS:ANTWEB:casent0614402","casent0614402","formicidae","myrmicinae","Adelomyrmex","mackayi","Adelomyrmex mackayi","","Baja Verapaz","Guatemala","2009-11-10","cloud forest at bait",1925,"point","15.20885","-90.21592"
"http://antweb.org/api/v2/?occurrenceId=CAS:ANTWEB:casent0627838","casent0627838","formicidae","myrmicinae","Adelomyrmex","mackayi","Adelomyrmex mackayi","","Baja Verapaz","Guatemala","2012-03-15","cloud forest ex sifted leaf litter",1940,"point","15.20905","-90.22125"
"http://antweb.org/api/v2/?occurrenceId=CAS:ANTWEB:casent0633899","casent0633899","formicidae","myrmicinae","Adelomyrmex","mackayi","Adelomyrmex mackayi","","Baja Verapaz","Guatemala","2014-11-23","ridge cloud forest ex sifted litter",2120,"point","15.20673","-90.22705"
"http://antweb.org/api/v2/?occurrenceId=CAS:ANTWEB:jtl-sv00426.01","jtl-sv00426.01","formicidae","myrmicinae","Adelomyrmex","mackayi","Adelomyrmex mackayi","","Baja Verapaz","Guatemala","2010-03-23","cloud forest ex sifted litter",2020,"point","15.20865","-90.22295"
"http://antweb.org/api/v2/?occurrenceId=CAS:ANTWEB:jtl280264","jtl280264","formicidae","myrmicinae","Adelomyrmex","mackayi","Adelomyrmex mackayi","","Baja Verapaz","Guatemala","2010-03-23","cloud forest ex sifted leaf litter",1940,"point","15.20905","-90.22125"
"http://antweb.org/api/v2/?occurrenceId=CAS:ANTWEB:jtl317788","jtl317788","formicidae","myrmicinae","Adelomyrmex","mackayi","Adelomyrmex mackayi","","Baja Verapaz","Guatemala","2010-03-23","ridge cloud forest ex sifted litter",2120,"point","15.20673","-90.22705"
"http://antweb.org/api/v2/?occurrenceId=CAS:ANTWEB:jtl733876","jtl733876","formicidae","myrmicinae","Adelomyrmex","mackayi","Adelomyrmex mackayi","","Baja Verapaz","Guatemala","2015-04-18","cloud forest ex sifted leaf litter",1950,"point","15.21038","-90.22453"
"http://antweb.org/api/v2/?occurrenceId=CAS:ANTWEB:jtlc000014317","jtlc000014317","formicidae","myrmicinae","Adelomyrmex","mackayi","Adelomyrmex mackayi","","Chiapas","Mexico","2008-09-20","2 mesophil forest ex sifted leaf litter",1990,"point","17.17567","-93.13282"
"http://antweb.org/api/v2/?occurrenceId=CAS:ANTWEB:jtlc000014324","jtlc000014324","formicidae","myrmicinae","Adelomyrmex","mackayi","Adelomyrmex mackayi","","Chiapas","Mexico","2008-09-20","2 mesophil forest ex sifted leaf litter",1990,"point","17.17584","-93.13193"
"http://antweb.org/api/v2/?occurrenceId=CAS:ANTWEB:jtlc000014328","jtlc000014328","formicidae","myrmicinae","Adelomyrmex","mackayi","Adelomyrmex mackayi","","Chiapas","Mexico","2008-09-20","2 mesophil forest ex sifted leaf litter",1915,"point","17.18334","-93.15211"
"http://antweb.org/api/v2/?occurrenceId=CAS:ANTWEB:lacm ent 144568","lacm ent 144568","formicidae","myrmicinae","Adelomyrmex","mackayi","Adelomyrmex mackayi","holotype mackayi","Chiapas","Mexico","2002-11-01","cloud forest leaf litter",2070,"point","17.18333","-92.9"
