"url","catalogNumber","family","subfamily","genus","specificEpithet","scientific_name","typeStatus","stateProvince","country","dateIdentified","habitat","minimumElevationInMeters","geojson.type","decimal_latitude","decimal_longitude"
"http://antweb.org/api/v2/?occurrenceId=CAS:ANTWEB:anic32-024579","anic32-024579","formicidae","myrmicinae","Adelomyrmex","biroi","Adelomyrmex biroi","","Morobe","Papua New Guinea","","Rainforest",50,"point","-6.73333","147"
"http://antweb.org/api/v2/?occurrenceId=CAS:ANTWEB:anic32-024580","anic32-024580","formicidae","myrmicinae","Adelomyrmex","biroi","Adelomyrmex biroi","","Morobe","Papua New Guinea","","Rainforest",50,"point","-6.73333","147"
"http://antweb.org/api/v2/?occurrenceId=CAS:ANTWEB:anic32-024581","anic32-024581","formicidae","myrmicinae","Adelomyrmex","biroi","Adelomyrmex biroi","","Morobe","Papua New Guinea","","Rainforest",220,"point","-6.63333","146.9"
"http://antweb.org/api/v2/?occurrenceId=CAS:ANTWEB:anic32-024582","anic32-024582","formicidae","myrmicinae","Adelomyrmex","biroi","Adelomyrmex biroi","","East Sepik","Papua New Guinea","","Rainforest",50,"point","-3.55","143.633"
"http://antweb.org/api/v2/?occurrenceId=CAS:ANTWEB:anic32-024583","anic32-024583","formicidae","myrmicinae","Adelomyrmex","biroi","Adelomyrmex biroi","","East Sepik","Papua New Guinea","","Rainforest",50,"point","-3.55","143.633"
"http://antweb.org/api/v2/?occurrenceId=CAS:ANTWEB:anic32-024584","anic32-024584","formicidae","myrmicinae","Adelomyrmex","biroi","Adelomyrmex biroi","","Sandaun","Papua New Guinea","","Rainforest",50,"point","-2.68333","141.3"
"http://antweb.org/api/v2/?occurrenceId=CAS:ANTWEB:anic32-024585","anic32-024585","formicidae","myrmicinae","Adelomyrmex","biroi","Adelomyrmex biroi","","Sandaun","Papua New Guinea","","Rainforest",50,"point","-2.68333","141.3"
"http://antweb.org/api/v2/?occurrenceId=CAS:ANTWEB:anic32-024586","anic32-024586","formicidae","myrmicinae","Adelomyrmex","biroi","Adelomyrmex biroi","","Madang","Papua New Guinea","","",NA,"point","-5.43333","145.733"
"http://antweb.org/api/v2/?occurrenceId=CAS:ANTWEB:anic32-024587","anic32-024587","formicidae","myrmicinae","Adelomyrmex","biroi","Adelomyrmex biroi","","unknown District PNG","Papua New Guinea","","",NA,NA,NA,NA
"http://antweb.org/api/v2/?occurrenceId=CAS:ANTWEB:anic32-024588","anic32-024588","formicidae","myrmicinae","Adelomyrmex","biroi","Adelomyrmex biroi","","Morobe","Papua New Guinea","","Lowland rainforest",NA,"point","-6.73333","147.05"
"http://antweb.org/api/v2/?occurrenceId=CAS:ANTWEB:anic32-024589","anic32-024589","formicidae","myrmicinae","Adelomyrmex","biroi","Adelomyrmex biroi","","Western","Papua New Guinea","","",NA,"point","-6.11667","141.3"
"http://antweb.org/api/v2/?occurrenceId=CAS:ANTWEB:anic32-024592","anic32-024592","formicidae","myrmicinae","Adelomyrmex","biroi","Adelomyrmex biroi","","Morobe","Papua New Guinea","","Rainforest in rotten log",NA,"point","-6.73333","147"
"http://antweb.org/api/v2/?occurrenceId=CAS:ANTWEB:casent0178445","casent0178445","formicidae","myrmicinae","Adelomyrmex","biroi","Adelomyrmex biroi","","Ngeremlengui","Palau","2008-01-14","upland forest litter, SE edge of swamp forest sifted from 1m leaf litter",NA,"point","7.52017","134.5471"
"http://antweb.org/api/v2/?occurrenceId=CAS:ANTWEB:casent0215076","casent0215076","formicidae","myrmicinae","Adelomyrmex","biroi","Adelomyrmex biroi","","Western","Papua New Guinea","","rainforest ex sifted leaf litter",485,"point","-5.72952","142.26299"
"http://antweb.org/api/v2/?occurrenceId=CAS:ANTWEB:casent0215691","casent0215691","formicidae","myrmicinae","Adelomyrmex","biroi","Adelomyrmex biroi","","Western","Papua New Guinea","","rainforest ex sifted leaf litter",1310,"point","-5.66187","142.29663"
"http://antweb.org/api/v2/?occurrenceId=CAS:ANTWEB:casent0904783","casent0904783","formicidae","myrmicinae","Adelomyrmex","biroi","Adelomyrmex biroi","syntype of Adelomyrmex biroi","Madang","New Guinea","","",NA,NA,NA,NA
"http://antweb.org/api/v2/?occurrenceId=CAS:ANTWEB:fmnhins0000052236","fmnhins0000052236","formicidae","myrmicinae","Adelomyrmex","biroi","Adelomyrmex biroi","","","","","",NA,NA,NA,NA
"http://antweb.org/api/v2/?occurrenceId=CAS:ANTWEB:fmnhins0000052262","fmnhins0000052262","formicidae","myrmicinae","Adelomyrmex","biroi","Adelomyrmex biroi","","","","","riparian forest litter N. bank Ngarmeskang R.",NA,NA,NA,NA
"http://antweb.org/api/v2/?occurrenceId=CAS:ANTWEB:fmnhins0000052318","fmnhins0000052318","formicidae","myrmicinae","Adelomyrmex","biroi","Adelomyrmex biroi","","","","","",NA,NA,NA,NA
"http://antweb.org/api/v2/?occurrenceId=CAS:ANTWEB:fmnhins0000052423","fmnhins0000052423","formicidae","myrmicinae","Adelomyrmex","biroi","Adelomyrmex biroi","","","","","1 incidental collections along ridge going north from beach",NA,NA,NA,NA
"http://antweb.org/api/v2/?occurrenceId=CAS:ANTWEB:fmnhins0000052553","fmnhins0000052553","formicidae","myrmicinae","Adelomyrmex","biroi","Adelomyrmex biroi","","","","","Davis sifted in secondary forest, except Camponotus pooted from emergent vegetation",NA,NA,NA,NA
"http://antweb.org/api/v2/?occurrenceId=CAS:ANTWEB:fmnhins0000052949","fmnhins0000052949","formicidae","myrmicinae","Adelomyrmex","biroi","Adelomyrmex biroi","","","","","",NA,NA,NA,NA
"http://antweb.org/api/v2/?occurrenceId=CAS:ANTWEB:fmnhins0000064015","fmnhins0000064015","formicidae","myrmicinae","Adelomyrmex","biroi","Adelomyrmex biroi","","","","","same as 3 last time Davis-sifting",NA,NA,NA,NA
"http://antweb.org/api/v2/?occurrenceId=CAS:ANTWEB:fmnhins0000064039","fmnhins0000064039","formicidae","myrmicinae","Adelomyrmex","biroi","Adelomyrmex biroi","","","","","",NA,NA,NA,NA
"http://antweb.org/api/v2/?occurrenceId=CAS:ANTWEB:fmnhins0000064151","fmnhins0000064151","formicidae","myrmicinae","Adelomyrmex","biroi","Adelomyrmex biroi","","","","","",NA,NA,NA,NA
"http://antweb.org/api/v2/?occurrenceId=CAS:ANTWEB:fmnhins0000064298","fmnhins0000064298","formicidae","myrmicinae","Adelomyrmex","biroi","Adelomyrmex biroi","","","","","Forest off road, some great big Phicus trees, a few birds nest ferns Davis-sifting, incidental collections, and PB bait. lots of Anoplolepis found Pyramica twice, once in Davis-sifted leaves/rottin",NA,NA,NA,NA
"http://antweb.org/api/v2/?occurrenceId=CAS:ANTWEB:fmnhins0000064383","fmnhins0000064383","formicidae","myrmicinae","Adelomyrmex","biroi","Adelomyrmex biroi","","","","","2-3 cm leaf litter, part of a dead stump",NA,NA,NA,NA
"http://antweb.org/api/v2/?occurrenceId=CAS:ANTWEB:fmnhins0000064400","fmnhins0000064400","formicidae","myrmicinae","Adelomyrmex","biroi","Adelomyrmex biroi","","","","","very deep leaf litter, 10cm some places",NA,NA,NA,NA
"http://antweb.org/api/v2/?occurrenceId=CAS:ANTWEB:fmnhins0000064560","fmnhins0000064560","formicidae","myrmicinae","Adelomyrmex","biroi","Adelomyrmex biroi","","","","","Davis-sifting, PB baits, incidental collections, 2hrs",NA,NA,NA,NA
"http://antweb.org/api/v2/?occurrenceId=CAS:ANTWEB:fmnhins0000064927","fmnhins0000064927","formicidae","myrmicinae","Adelomyrmex","biroi","Adelomyrmex biroi","","","","","some big Phicus trees around, good leaf litter some birds nest ferns not very strongly agroforest, but a few breadfruit trees around",NA,NA,NA,NA
"http://antweb.org/api/v2/?occurrenceId=CAS:ANTWEB:fmnhins0000064995","fmnhins0000064995","formicidae","myrmicinae","Adelomyrmex","biroi","Adelomyrmex biroi","","","","","just inside forest from last site davis-sifting incidentals, 1hr.",NA,NA,NA,NA
"http://antweb.org/api/v2/?occurrenceId=CAS:ANTWEB:fmnhins0000065352","fmnhins0000065352","formicidae","myrmicinae","Adelomyrmex","biroi","Adelomyrmex biroi","","","","","",NA,NA,NA,NA
"http://antweb.org/api/v2/?occurrenceId=CAS:ANTWEB:fmnhins0000065559","fmnhins0000065559","formicidae","myrmicinae","Adelomyrmex","biroi","Adelomyrmex biroi","","","","","Winkle 1m2 - 3 uphill more canopy a little shorter, no tree ferns in immediate vicinity 1-2cm leaf litter",NA,NA,NA,NA
"http://antweb.org/api/v2/?occurrenceId=CAS:ANTWEB:fmnhins0000065816","fmnhins0000065816","formicidae","myrmicinae","Adelomyrmex","biroi","Adelomyrmex biroi","","","","","very deep leaf litter, 10cm some places",NA,NA,NA,NA
"http://antweb.org/api/v2/?occurrenceId=CAS:ANTWEB:fmnhins0000065817","fmnhins0000065817","formicidae","myrmicinae","Adelomyrmex","biroi","Adelomyrmex biroi","","","","","very deep leaf litter, 10cm some places",NA,NA,NA,NA
"http://antweb.org/api/v2/?occurrenceId=CAS:ANTWEB:fmnhins0000065818","fmnhins0000065818","formicidae","myrmicinae","Adelomyrmex","biroi","Adelomyrmex biroi","","","","","very deep leaf litter, 10cm some places",NA,NA,NA,NA
"http://antweb.org/api/v2/?occurrenceId=CAS:ANTWEB:fmnhins0002970467","fmnhins0002970467","formicidae","myrmicinae","Adelomyrmex","biroi","Adelomyrmex biroi","","","","","very deep leaf litter, 10cm some places",NA,NA,NA,NA
"http://antweb.org/api/v2/?occurrenceId=CAS:ANTWEB:fmnhins2970467","fmnhins2970467","formicidae","myrmicinae","Adelomyrmex","biroi","Adelomyrmex biroi","","Airai","Palau","2014-11-23","",100,"point","7.3878","134.54283"
"http://antweb.org/api/v2/?occurrenceId=CAS:ANTWEB:fmnhins64400","fmnhins64400","formicidae","myrmicinae","Adelomyrmex","biroi","Adelomyrmex biroi","","Airai","Palau","2014-11-23","",100,"point","7.3878","134.54283"
