"url","catalogNumber","family","subfamily","genus","specificEpithet","scientific_name","typeStatus","stateProvince","country","dateIdentified","habitat","minimumElevationInMeters","geojson.type","decimal_latitude","decimal_longitude"
"http://antweb.org/api/v2/?occurrenceId=CAS:ANTWEB:casent0618433","casent0618433","formicidae","myrmicinae","Adelomyrmex","bispeculum","Adelomyrmex bispeculum","","Alajuela","Costa Rica","2012-02-18","cloud forest nest in clay bank",1675,"point","10.31716","-84.7761"
"http://antweb.org/api/v2/?occurrenceId=CAS:ANTWEB:casent0618434","casent0618434","formicidae","myrmicinae","Adelomyrmex","bispeculum","Adelomyrmex bispeculum","","Alajuela","Costa Rica","2012-02-18","cloud forest nest in clay bank",1675,"point","10.31716","-84.7761"
"http://antweb.org/api/v2/?occurrenceId=CAS:ANTWEB:casent0618435","casent0618435","formicidae","myrmicinae","Adelomyrmex","bispeculum","Adelomyrmex bispeculum","","Alajuela","Costa Rica","2012-02-18","cloud forest nest in clay bank",1675,"point","10.31716","-84.7761"
"http://antweb.org/api/v2/?occurrenceId=CAS:ANTWEB:casent0618512","casent0618512","formicidae","myrmicinae","Adelomyrmex","bispeculum","Adelomyrmex bispeculum","Holotype Adelomyrmex bispeculum","Alajuela","Costa Rica","2012-02-18","cloud forest nest in clay bank",1675,"point","10.31716","-84.7761"
"http://antweb.org/api/v2/?occurrenceId=CAS:ANTWEB:casent0627883","casent0627883","formicidae","myrmicinae","Adelomyrmex","bispeculum","Adelomyrmex bispeculum","Paratype Adelomyrmex bispeculum","Alajuela","Costa Rica","2012-03-19","cloud forest nest in clay bank",1675,"point","10.31716","-84.7761"
"http://antweb.org/api/v2/?occurrenceId=CAS:ANTWEB:casent0627884","casent0627884","formicidae","myrmicinae","Adelomyrmex","bispeculum","Adelomyrmex bispeculum","Paratype Adelomyrmex bispeculum","Alajuela","Costa Rica","2012-03-19","cloud forest nest in clay bank",1675,"point","10.31716","-84.7761"
"http://antweb.org/api/v2/?occurrenceId=CAS:ANTWEB:casent0627885","casent0627885","formicidae","myrmicinae","Adelomyrmex","bispeculum","Adelomyrmex bispeculum","Paratype Adelomyrmex bispeculum","Alajuela","Costa Rica","2012-03-19","cloud forest nest in clay bank",1675,"point","10.31716","-84.7761"
"http://antweb.org/api/v2/?occurrenceId=CAS:ANTWEB:casent0627886","casent0627886","formicidae","myrmicinae","Adelomyrmex","bispeculum","Adelomyrmex bispeculum","Paratype Adelomyrmex bispeculum","Alajuela","Costa Rica","2012-03-19","cloud forest nest in clay bank",1675,"point","10.31716","-84.7761"
"http://antweb.org/api/v2/?occurrenceId=CAS:ANTWEB:casent0627887","casent0627887","formicidae","myrmicinae","Adelomyrmex","bispeculum","Adelomyrmex bispeculum","Paratype Adelomyrmex bispeculum","Alajuela","Costa Rica","2012-03-19","cloud forest nest in clay bank",1675,"point","10.31716","-84.7761"
"http://antweb.org/api/v2/?occurrenceId=CAS:ANTWEB:casent0627888","casent0627888","formicidae","myrmicinae","Adelomyrmex","bispeculum","Adelomyrmex bispeculum","Paratype Adelomyrmex bispeculum","Alajuela","Costa Rica","2012-03-19","cloud forest nest in clay bank",1675,"point","10.31716","-84.7761"
"http://antweb.org/api/v2/?occurrenceId=CAS:ANTWEB:casent0627889","casent0627889","formicidae","myrmicinae","Adelomyrmex","bispeculum","Adelomyrmex bispeculum","Paratype Adelomyrmex bispeculum","Alajuela","Costa Rica","2012-03-19","cloud forest nest in clay bank",1675,"point","10.31716","-84.7761"
"http://antweb.org/api/v2/?occurrenceId=CAS:ANTWEB:casent0627890","casent0627890","formicidae","myrmicinae","Adelomyrmex","bispeculum","Adelomyrmex bispeculum","Paratype Adelomyrmex bispeculum","Alajuela","Costa Rica","2012-03-19","cloud forest nest in clay bank",1675,"point","10.31716","-84.7761"
"http://antweb.org/api/v2/?occurrenceId=CAS:ANTWEB:casent0627891","casent0627891","formicidae","myrmicinae","Adelomyrmex","bispeculum","Adelomyrmex bispeculum","Paratype Adelomyrmex bispeculum","Alajuela","Costa Rica","2012-03-19","cloud forest nest in clay bank",1675,"point","10.31716","-84.7761"
"http://antweb.org/api/v2/?occurrenceId=CAS:ANTWEB:casent0627892","casent0627892","formicidae","myrmicinae","Adelomyrmex","bispeculum","Adelomyrmex bispeculum","Paratype Adelomyrmex bispeculum","Alajuela","Costa Rica","2012-03-19","cloud forest nest in clay bank",1675,"point","10.31716","-84.7761"
"http://antweb.org/api/v2/?occurrenceId=CAS:ANTWEB:casent0627893","casent0627893","formicidae","myrmicinae","Adelomyrmex","bispeculum","Adelomyrmex bispeculum","Paratype Adelomyrmex bispeculum","Alajuela","Costa Rica","2012-03-19","cloud forest nest in clay bank",1675,"point","10.31716","-84.7761"
"http://antweb.org/api/v2/?occurrenceId=CAS:ANTWEB:casent0627894","casent0627894","formicidae","myrmicinae","Adelomyrmex","bispeculum","Adelomyrmex bispeculum","Paratype Adelomyrmex bispeculum","Alajuela","Costa Rica","2012-03-19","cloud forest nest in clay bank",1675,"point","10.31716","-84.7761"
"http://antweb.org/api/v2/?occurrenceId=CAS:ANTWEB:casent0627895","casent0627895","formicidae","myrmicinae","Adelomyrmex","bispeculum","Adelomyrmex bispeculum","","Alajuela","Costa Rica","2012-03-19","cloud forest nest in clay bank",1675,"point","10.31716","-84.7761"
"http://antweb.org/api/v2/?occurrenceId=CAS:ANTWEB:casent0627896","casent0627896","formicidae","myrmicinae","Adelomyrmex","bispeculum","Adelomyrmex bispeculum","","Alajuela","Costa Rica","2012-03-19","cloud forest nest in clay bank",1675,"point","10.31716","-84.7761"
"http://antweb.org/api/v2/?occurrenceId=CAS:ANTWEB:casent0627897","casent0627897","formicidae","myrmicinae","Adelomyrmex","bispeculum","Adelomyrmex bispeculum","","Alajuela","Costa Rica","2012-03-19","cloud forest nest in clay bank",1675,"point","10.31716","-84.7761"
"http://antweb.org/api/v2/?occurrenceId=CAS:ANTWEB:casent0627898","casent0627898","formicidae","myrmicinae","Adelomyrmex","bispeculum","Adelomyrmex bispeculum","","Alajuela","Costa Rica","2012-03-19","cloud forest nest in clay bank",1675,"point","10.31716","-84.7761"
"http://antweb.org/api/v2/?occurrenceId=CAS:ANTWEB:casent0627899","casent0627899","formicidae","myrmicinae","Adelomyrmex","bispeculum","Adelomyrmex bispeculum","","Alajuela","Costa Rica","2012-03-19","cloud forest nest in clay bank",1675,"point","10.31716","-84.7761"
"http://antweb.org/api/v2/?occurrenceId=CAS:ANTWEB:casent0627900","casent0627900","formicidae","myrmicinae","Adelomyrmex","bispeculum","Adelomyrmex bispeculum","","Alajuela","Costa Rica","2012-03-19","cloud forest nest in clay bank",1675,"point","10.31716","-84.7761"
"http://antweb.org/api/v2/?occurrenceId=CAS:ANTWEB:casent0627901","casent0627901","formicidae","myrmicinae","Adelomyrmex","bispeculum","Adelomyrmex bispeculum","","Alajuela","Costa Rica","2012-03-19","cloud forest nest in clay bank",1675,"point","10.31716","-84.7761"
"http://antweb.org/api/v2/?occurrenceId=CAS:ANTWEB:casent0627902","casent0627902","formicidae","myrmicinae","Adelomyrmex","bispeculum","Adelomyrmex bispeculum","","Alajuela","Costa Rica","2012-03-19","cloud forest nest in clay bank",1675,"point","10.31716","-84.7761"
"http://antweb.org/api/v2/?occurrenceId=CAS:ANTWEB:casent0635805","casent0635805","formicidae","myrmicinae","Adelomyrmex","bispeculum","Adelomyrmex bispeculum","","Puntarenas","Costa Rica","2014-07-17","cloud forest ex sifted leaf litter",1690,"point","10.30451","-84.78964"
"http://antweb.org/api/v2/?occurrenceId=CAS:ANTWEB:casent0637813","casent0637813","formicidae","myrmicinae","Adelomyrmex","bispeculum","Adelomyrmex bispeculum","","Cartago","Costa Rica","2015-12-15","2nd growth cloud forest nest in clay bank",1280,"point","9.74928","-83.78219"
"http://antweb.org/api/v2/?occurrenceId=CAS:ANTWEB:casent0637814","casent0637814","formicidae","myrmicinae","Adelomyrmex","bispeculum","Adelomyrmex bispeculum","","Cartago","Costa Rica","2015-12-15","2nd growth cloud forest nest in clay bank",1280,"point","9.74928","-83.78219"
"http://antweb.org/api/v2/?occurrenceId=CAS:ANTWEB:casent0637815","casent0637815","formicidae","myrmicinae","Adelomyrmex","bispeculum","Adelomyrmex bispeculum","","Cartago","Costa Rica","2015-12-15","2nd growth cloud forest nest in clay bank",1280,"point","9.74928","-83.78219"
"http://antweb.org/api/v2/?occurrenceId=CAS:ANTWEB:jtl322469","jtl322469","formicidae","myrmicinae","Adelomyrmex","bispeculum","Adelomyrmex bispeculum","","Alajuela","Costa Rica","2012-02-18","cloud forest nest in clay bank",1675,"point","10.31716","-84.7761"
"http://antweb.org/api/v2/?occurrenceId=CAS:ANTWEB:jtl730881","jtl730881","formicidae","myrmicinae","Adelomyrmex","bispeculum","Adelomyrmex bispeculum","","Alajuela","Costa Rica","2012-03-19","cloud forest nest in clay bank",1675,"point","10.31716","-84.7761"
"http://antweb.org/api/v2/?occurrenceId=CAS:ANTWEB:jtl741683","jtl741683","formicidae","myrmicinae","Adelomyrmex","bispeculum","Adelomyrmex bispeculum","","Cartago","Costa Rica","2015-12-15","2nd growth cloud forest nest in clay bank",1280,"point","9.74928","-83.78219"
"http://antweb.org/api/v2/?occurrenceId=CAS:ANTWEB:jtlc000006457","jtlc000006457","formicidae","myrmicinae","Adelomyrmex","bispeculum","Adelomyrmex bispeculum","","Puntarenas","Costa Rica","2012-02-18","cloud forest under stone",1400,"point","10.3","-84.8"
