"url","catalogNumber","family","subfamily","genus","specificEpithet","scientific_name","typeStatus","stateProvince","country","dateIdentified","habitat","minimumElevationInMeters","geojson.type","decimal_latitude","decimal_longitude"
"http://antweb.org/api/v2/?occurrenceId=CAS:ANTWEB:casent0601495","casent0601495","formicidae","myrmicinae","Adelomyrmex","quetzal","Adelomyrmex quetzal","Paratype Adelomyrmex quetzal","Baja Verapaz","Guatemala","2008-05-08","cloud forest forest litter",1630,"point","15.19889","-90.2"
"http://antweb.org/api/v2/?occurrenceId=CAS:ANTWEB:casent0601496","casent0601496","formicidae","myrmicinae","Adelomyrmex","quetzal","Adelomyrmex quetzal","Paratype Adelomyrmex quetzal","Baja Verapaz","Guatemala","2008-05-08","cloud forest forest litter",1630,"point","15.19889","-90.2"
"http://antweb.org/api/v2/?occurrenceId=CAS:ANTWEB:casent0601501","casent0601501","formicidae","myrmicinae","Adelomyrmex","quetzal","Adelomyrmex quetzal","Paratype Adelomyrmex quetzal","Baja Verapaz","Guatemala","2008-05-08","cloud forest forest litter",1630,"point","15.19889","-90.2"
"http://antweb.org/api/v2/?occurrenceId=CAS:ANTWEB:casent0603652","casent0603652","formicidae","myrmicinae","Adelomyrmex","quetzal","Adelomyrmex quetzal","Paratype Adelomyrmex quetzal","Baja Verapaz","Guatemala","2008-05-08","cloud forest forest litter",1630,"point","15.226","-90.2"
"http://antweb.org/api/v2/?occurrenceId=CAS:ANTWEB:casent0603653","casent0603653","formicidae","myrmicinae","Adelomyrmex","quetzal","Adelomyrmex quetzal","Paratype Adelomyrmex quetzal","Baja Verapaz","Guatemala","2008-05-08","cloud forest forest litter",1630,"point","15.226","-90.2"
"http://antweb.org/api/v2/?occurrenceId=CAS:ANTWEB:casent0604443","casent0604443","formicidae","myrmicinae","Adelomyrmex","quetzal","Adelomyrmex quetzal","Paratype Adelomyrmex quetzal","Baja Verapaz","Guatemala","2008-05-08","cloud forest forest litter",1630,"point","15.226","-90.2"
"http://antweb.org/api/v2/?occurrenceId=CAS:ANTWEB:casent0604444","casent0604444","formicidae","myrmicinae","Adelomyrmex","quetzal","Adelomyrmex quetzal","Paratype Adelomyrmex quetzal","Baja Verapaz","Guatemala","2008-05-08","cloud forest forest litter",1630,"point","15.226","-90.2"
"http://antweb.org/api/v2/?occurrenceId=CAS:ANTWEB:casent0604450","casent0604450","formicidae","myrmicinae","Adelomyrmex","quetzal","Adelomyrmex quetzal","Paratype Adelomyrmex quetzal","Baja Verapaz","Guatemala","2008-05-08","cloud forest forest litter",1630,"point","15.226","-90.2"
"http://antweb.org/api/v2/?occurrenceId=CAS:ANTWEB:casent0604453","casent0604453","formicidae","myrmicinae","Adelomyrmex","quetzal","Adelomyrmex quetzal","Paratype Adelomyrmex quetzal","Baja Verapaz","Guatemala","2008-05-08","cloud forest forest litter",1630,"point","15.226","-90.2"
"http://antweb.org/api/v2/?occurrenceId=CAS:ANTWEB:casent0611818","casent0611818","formicidae","myrmicinae","Adelomyrmex","quetzal","Adelomyrmex quetzal","","Huehuetenango","Guatemala","2010-03-23","",1555,"point","16.02704","-91.54158"
"http://antweb.org/api/v2/?occurrenceId=CAS:ANTWEB:casent0614514","casent0614514","formicidae","myrmicinae","Adelomyrmex","quetzal","Adelomyrmex quetzal","","Baja Verapaz","Guatemala","2009-11-10","cloud forest ex sifted leaf litter",1750,"point","15.212411","-90.21476"
"http://antweb.org/api/v2/?occurrenceId=CAS:ANTWEB:casent0614515","casent0614515","formicidae","myrmicinae","Adelomyrmex","quetzal","Adelomyrmex quetzal","","Baja Verapaz","Guatemala","2009-11-10","cloud forest ex sifted leaf litter",1750,"point","15.212373","-90.21455"
"http://antweb.org/api/v2/?occurrenceId=CAS:ANTWEB:casent0614517","casent0614517","formicidae","myrmicinae","Adelomyrmex","quetzal","Adelomyrmex quetzal","","Baja Verapaz","Guatemala","2009-11-10","cloud forest ex sifted leaf litter",1750,"point","15.21232","-90.21448"
"http://antweb.org/api/v2/?occurrenceId=CAS:ANTWEB:casent0614518","casent0614518","formicidae","myrmicinae","Adelomyrmex","quetzal","Adelomyrmex quetzal","","Baja Verapaz","Guatemala","2009-11-10","cloud forest ex sifted leaf litter",1750,"point","15.21232","-90.21448"
"http://antweb.org/api/v2/?occurrenceId=CAS:ANTWEB:casent0614520","casent0614520","formicidae","myrmicinae","Adelomyrmex","quetzal","Adelomyrmex quetzal","Holotype Adelomyrmex quetzal","Baja Verapaz","Guatemala","2009-11-10","cloud forest ex sifted leaf litter",1750,"point","15.212237","-90.21421"
"http://antweb.org/api/v2/?occurrenceId=CAS:ANTWEB:casent0614529","casent0614529","formicidae","myrmicinae","Adelomyrmex","quetzal","Adelomyrmex quetzal","","Baja Verapaz","Guatemala","2009-11-10","cloud forest ex sifted leaf litter",1725,"point","15.213539","-90.21924"
"http://antweb.org/api/v2/?occurrenceId=CAS:ANTWEB:casent0614530","casent0614530","formicidae","myrmicinae","Adelomyrmex","quetzal","Adelomyrmex quetzal","","Baja Verapaz","Guatemala","2009-11-10","cloud forest ex sifted leaf litter",1725,"point","15.213586","-90.219376"
"http://antweb.org/api/v2/?occurrenceId=CAS:ANTWEB:casent0627815","casent0627815","formicidae","myrmicinae","Adelomyrmex","quetzal","Adelomyrmex quetzal","Paratype Adelomyrmex quetzal","Baja Verapaz","Guatemala","2012-03-15","cloud forest forest litter",1630,"point","15.19889","-90.2"
"http://antweb.org/api/v2/?occurrenceId=CAS:ANTWEB:casent0627816","casent0627816","formicidae","myrmicinae","Adelomyrmex","quetzal","Adelomyrmex quetzal","Paratype Adelomyrmex quetzal","Baja Verapaz","Guatemala","2012-03-15","cloud forest forest litter",1630,"point","15.19889","-90.2"
"http://antweb.org/api/v2/?occurrenceId=CAS:ANTWEB:casent0627819","casent0627819","formicidae","myrmicinae","Adelomyrmex","quetzal","Adelomyrmex quetzal","Paratype Adelomyrmex quetzal","Baja Verapaz","Guatemala","2012-03-15","cloud forest forest litter",1630,"point","15.19889","-90.2"
"http://antweb.org/api/v2/?occurrenceId=CAS:ANTWEB:casent0637751","casent0637751","formicidae","myrmicinae","Adelomyrmex","quetzal","Adelomyrmex quetzal","","Quiche","Guatemala","2015-09-30","cloud forest litter ex sifted leaf litter",1689,"point","15.45793","-90.73669"
"http://antweb.org/api/v2/?occurrenceId=CAS:ANTWEB:casent0637752","casent0637752","formicidae","myrmicinae","Adelomyrmex","quetzal","Adelomyrmex quetzal","","Quiche","Guatemala","2015-09-30","cloud forest litter ex sifted leaf litter",1689,"point","15.45793","-90.73669"
"http://antweb.org/api/v2/?occurrenceId=CAS:ANTWEB:ecosur26147","ecosur26147","formicidae","myrmicinae","Adelomyrmex","quetzal","Adelomyrmex quetzal","","Chiapas","Mexico","2015-09-07","",2586,"point","16.747862","-92.6845"
"http://antweb.org/api/v2/?occurrenceId=CAS:ANTWEB:ecosur26151","ecosur26151","formicidae","myrmicinae","Adelomyrmex","quetzal","Adelomyrmex quetzal","","Chiapas","Mexico","2015-09-07","",1500,"point","16.102","-91.67895"
"http://antweb.org/api/v2/?occurrenceId=CAS:ANTWEB:ecosur26153","ecosur26153","formicidae","myrmicinae","Adelomyrmex","quetzal","Adelomyrmex quetzal","","Chiapas","Mexico","2015-09-07","",1500,"point","16.102","-91.67895"
"http://antweb.org/api/v2/?occurrenceId=CAS:ANTWEB:ecosur26155","ecosur26155","formicidae","myrmicinae","Adelomyrmex","quetzal","Adelomyrmex quetzal","","Chiapas","Mexico","2015-09-07","",1500,"point","16.102","-91.67895"
"http://antweb.org/api/v2/?occurrenceId=CAS:ANTWEB:ecosur26156","ecosur26156","formicidae","myrmicinae","Adelomyrmex","quetzal","Adelomyrmex quetzal","","Chiapas","Mexico","2015-09-07","",1500,"point","16.102","-91.67895"
"http://antweb.org/api/v2/?occurrenceId=CAS:ANTWEB:ecosur26158","ecosur26158","formicidae","myrmicinae","Adelomyrmex","quetzal","Adelomyrmex quetzal","","Chiapas","Mexico","2015-09-07","",1500,"point","16.102","-91.67895"
"http://antweb.org/api/v2/?occurrenceId=CAS:ANTWEB:ecosur26163","ecosur26163","formicidae","myrmicinae","Adelomyrmex","quetzal","Adelomyrmex quetzal","","Chiapas","Mexico","2015-09-07","",1500,"point","16.102","-91.67895"
"http://antweb.org/api/v2/?occurrenceId=CAS:ANTWEB:jtl-sv00618","jtl-sv00618","formicidae","myrmicinae","Adelomyrmex","quetzal","Adelomyrmex quetzal","","Huehuetenango","Guatemala","2014-11-22","",1555,"point","16.02704","-91.54158"
"http://antweb.org/api/v2/?occurrenceId=CAS:ANTWEB:jtl736129","jtl736129","formicidae","myrmicinae","Adelomyrmex","quetzal","Adelomyrmex quetzal","","Quiche","Guatemala","2015-09-30","cloud forest litter ex sifted leaf litter",1689,"point","15.45793","-90.73669"
