"url","catalogNumber","family","subfamily","genus","specificEpithet","scientific_name","typeStatus","stateProvince","country","dateIdentified","habitat","minimumElevationInMeters","geojson.type","decimal_latitude","decimal_longitude"
"http://antweb.org/api/v2/?occurrenceId=CAS:ANTWEB:casent0173239","casent0173239","formicidae","myrmicinae","Adelomyrmex","longinoi","Adelomyrmex longinoi","","Galapagos Islands","Ecuador","2015-08-24","",NA,"point","-0.83722","-91.04111"
"http://antweb.org/api/v2/?occurrenceId=CAS:ANTWEB:casent0173240","casent0173240","formicidae","myrmicinae","Adelomyrmex","longinoi","Adelomyrmex longinoi","","Galapagos Islands","Ecuador","2015-08-24","",NA,"point","-0.83722","-91.04111"
"http://antweb.org/api/v2/?occurrenceId=CAS:ANTWEB:casent0601659","casent0601659","formicidae","myrmicinae","Adelomyrmex","longinoi","Adelomyrmex longinoi","","Puntarenas","Costa Rica","2008-04-09","wet forest ex sifted leaf litter",240,"point","8.465533","-83.369286"
"http://antweb.org/api/v2/?occurrenceId=CAS:ANTWEB:casent0601672","casent0601672","formicidae","myrmicinae","Adelomyrmex","longinoi","Adelomyrmex longinoi","","Puntarenas","Costa Rica","2008-04-09","wet forest ex sifted leaf litter",240,"point","8.465533","-83.369286"
"http://antweb.org/api/v2/?occurrenceId=CAS:ANTWEB:casent0610109","casent0610109","formicidae","myrmicinae","Adelomyrmex","longinoi","Adelomyrmex longinoi","","Izabal","Guatemala","2009-09-16","2 lowland tropical rainforest ex sifted leaf litter",195,"point","15.510334","-88.860405"
"http://antweb.org/api/v2/?occurrenceId=CAS:ANTWEB:casent0611196","casent0611196","formicidae","myrmicinae","Adelomyrmex","longinoi","Adelomyrmex longinoi","","Izabal","Guatemala","2009-09-16","2 lowland tropical rainforest ex sifted leaf litter",195,"point","15.511225","-88.861694"
"http://antweb.org/api/v2/?occurrenceId=CAS:ANTWEB:casent0611354","casent0611354","formicidae","myrmicinae","Adelomyrmex","longinoi","Adelomyrmex longinoi","","Izabal","Guatemala","2009-09-16","2 lowland rainforest ex sifted leaf litter",245,"point","15.51341","-88.86616"
"http://antweb.org/api/v2/?occurrenceId=CAS:ANTWEB:casent0611479","casent0611479","formicidae","myrmicinae","Adelomyrmex","longinoi","Adelomyrmex longinoi","","Izabal","Guatemala","2009-09-16","2 lowland rainforest ex sifted leaf litter",410,"point","15.41186","-88.71071"
"http://antweb.org/api/v2/?occurrenceId=CAS:ANTWEB:casent0612425","casent0612425","formicidae","myrmicinae","Adelomyrmex","longinoi","Adelomyrmex longinoi","","Gracias a Dios","Honduras","2010-11-10","tropical rainforest ex sifted leaf litter",270,"point","15.71611","-84.87551"
"http://antweb.org/api/v2/?occurrenceId=CAS:ANTWEB:casent0612426","casent0612426","formicidae","myrmicinae","Adelomyrmex","longinoi","Adelomyrmex longinoi","","Gracias a Dios","Honduras","2010-11-10","tropical rainforest ex sifted leaf litter",270,"point","15.71611","-84.87551"
"http://antweb.org/api/v2/?occurrenceId=CAS:ANTWEB:casent0614225","casent0614225","formicidae","myrmicinae","Adelomyrmex","longinoi","Adelomyrmex longinoi","","Pet n","Guatemala","2009-10-14","tropical moist forest ex sifted leaf litter",400,"point","16.445866","-89.549675"
"http://antweb.org/api/v2/?occurrenceId=CAS:ANTWEB:casent0615246","casent0615246","formicidae","myrmicinae","Adelomyrmex","longinoi","Adelomyrmex longinoi","","Comayagua","Honduras","2011-02-22","ridgetop cloud forest ex sifted leaf litter",1120,"point","14.871255","-87.900185"
"http://antweb.org/api/v2/?occurrenceId=CAS:ANTWEB:casent0615247","casent0615247","formicidae","myrmicinae","Adelomyrmex","longinoi","Adelomyrmex longinoi","","Comayagua","Honduras","2011-02-22","ridgetop cloud forest ex sifted leaf litter",1120,"point","14.871255","-87.900185"
"http://antweb.org/api/v2/?occurrenceId=CAS:ANTWEB:casent0615248","casent0615248","formicidae","myrmicinae","Adelomyrmex","longinoi","Adelomyrmex longinoi","","Comayagua","Honduras","2011-02-22","ridgetop cloud forest ex sifted leaf litter",1120,"point","14.871255","-87.900185"
"http://antweb.org/api/v2/?occurrenceId=CAS:ANTWEB:casent0615249","casent0615249","formicidae","myrmicinae","Adelomyrmex","longinoi","Adelomyrmex longinoi","","Comayagua","Honduras","2011-02-22","ridgetop cloud forest ex sifted leaf litter",1120,"point","14.871255","-87.900185"
"http://antweb.org/api/v2/?occurrenceId=CAS:ANTWEB:casent0615387","casent0615387","formicidae","myrmicinae","Adelomyrmex","longinoi","Adelomyrmex longinoi","","Comayagua","Honduras","2011-02-22","ridgetop cloud forest ex sifted leaf litter",1120,"point","14.871255","-87.900185"
"http://antweb.org/api/v2/?occurrenceId=CAS:ANTWEB:casent0617095","casent0617095","formicidae","myrmicinae","Adelomyrmex","longinoi","Adelomyrmex longinoi","","Comayagua","Honduras","2011-02-22","ridgetop cloud forest ex sifted leaf litter",1120,"point","14.86987","-87.89877"
"http://antweb.org/api/v2/?occurrenceId=CAS:ANTWEB:casent0617408","casent0617408","formicidae","myrmicinae","Adelomyrmex","longinoi","Adelomyrmex longinoi","","Comayagua","Honduras","2011-03-05","montane rainforest ex sifted leaf litter",890,"point","14.87314","-87.90297"
"http://antweb.org/api/v2/?occurrenceId=CAS:ANTWEB:casent0617919","casent0617919","formicidae","myrmicinae","Adelomyrmex","longinoi","Adelomyrmex longinoi","","Atl ntida","Honduras","2011-04-15","2 tropical rainforest ex sifted leaf litter",30,"point","15.764705","-87.456795"
"http://antweb.org/api/v2/?occurrenceId=CAS:ANTWEB:casent0617990","casent0617990","formicidae","myrmicinae","Adelomyrmex","longinoi","Adelomyrmex longinoi","","Atl ntida","Honduras","2011-04-15","2 tropical rainforest ex sifted leaf litter",30,"point","15.764789","-87.456825"
"http://antweb.org/api/v2/?occurrenceId=CAS:ANTWEB:casent0617992","casent0617992","formicidae","myrmicinae","Adelomyrmex","longinoi","Adelomyrmex longinoi","","Atl ntida","Honduras","2011-04-15","2 tropical rainforest ex sifted leaf litter",30,"point","15.764663","-87.45677"
"http://antweb.org/api/v2/?occurrenceId=CAS:ANTWEB:casent0618016","casent0618016","formicidae","myrmicinae","Adelomyrmex","longinoi","Adelomyrmex longinoi","","Atl ntida","Honduras","2011-04-15","2 tropical rainforest ex sifted leaf litter",30,"point","15.763824","-87.45643"
"http://antweb.org/api/v2/?occurrenceId=CAS:ANTWEB:casent0618711","casent0618711","formicidae","myrmicinae","Adelomyrmex","longinoi","Adelomyrmex longinoi","","Atl ntida","Honduras","2011-04-15","tropical rainforest ex sifted leaf litter",210,"point","15.71083","-87.4612"
"http://antweb.org/api/v2/?occurrenceId=CAS:ANTWEB:casent0618712","casent0618712","formicidae","myrmicinae","Adelomyrmex","longinoi","Adelomyrmex longinoi","","Atl ntida","Honduras","2011-04-15","tropical rainforest ex sifted leaf litter",210,"point","15.71083","-87.4612"
"http://antweb.org/api/v2/?occurrenceId=CAS:ANTWEB:casent0619933","casent0619933","formicidae","myrmicinae","Adelomyrmex","longinoi","Adelomyrmex longinoi","","Chontales","Nicaragua","2011-08-20","wet forest ex sifted leaf litter",730,"point","12.27641","-85.0635"
"http://antweb.org/api/v2/?occurrenceId=CAS:ANTWEB:casent0619934","casent0619934","formicidae","myrmicinae","Adelomyrmex","longinoi","Adelomyrmex longinoi","","Chontales","Nicaragua","2011-08-20","wet forest ex sifted leaf litter",730,"point","12.27641","-85.0635"
"http://antweb.org/api/v2/?occurrenceId=CAS:ANTWEB:casent0623989","casent0623989","formicidae","myrmicinae","Adelomyrmex","longinoi","Adelomyrmex longinoi","","Matagalpa","Nicaragua","2012-01-18","tropical wet forest ex sifted leaf litter",750,"point","12.96022","-85.23274"
"http://antweb.org/api/v2/?occurrenceId=CAS:ANTWEB:casent0624029","casent0624029","formicidae","myrmicinae","Adelomyrmex","longinoi","Adelomyrmex longinoi","","Matagalpa","Nicaragua","2012-01-18","tropical wet forest ex sifted leaf litter",700,"point","12.95952","-85.22486"
"http://antweb.org/api/v2/?occurrenceId=CAS:ANTWEB:casent0625256","casent0625256","formicidae","myrmicinae","Adelomyrmex","longinoi","Adelomyrmex longinoi","","Atl ntida","Honduras","2012-01-11","tropical rainforest ex sifted leaf litter",200,"point","15.69449","-86.86348"
"http://antweb.org/api/v2/?occurrenceId=CAS:ANTWEB:casent0625313","casent0625313","formicidae","myrmicinae","Adelomyrmex","longinoi","Adelomyrmex longinoi","","Atl ntida","Honduras","2012-01-11","tropical rainforest ex sifted leaf litter",200,"point","15.69449","-86.86348"
"http://antweb.org/api/v2/?occurrenceId=CAS:ANTWEB:casent0628632","casent0628632","formicidae","myrmicinae","Adelomyrmex","longinoi","Adelomyrmex longinoi","","Regi n Aut noma del Atl ntico Norte","Nicaragua","2012-04-22","mature wet forest ex sifted leaf litter",360,"point","13.769207","-84.983864"
"http://antweb.org/api/v2/?occurrenceId=CAS:ANTWEB:casent0628693","casent0628693","formicidae","myrmicinae","Adelomyrmex","longinoi","Adelomyrmex longinoi","","Regi n Aut noma del Atl ntico Norte","Nicaragua","2012-04-22","mature wet forest ex sifted leaf litter",310,"point","13.770318","-84.98071"
"http://antweb.org/api/v2/?occurrenceId=CAS:ANTWEB:casent0634310","casent0634310","formicidae","myrmicinae","Adelomyrmex","longinoi","Adelomyrmex longinoi","","Regi n Aut noma del Atl ntico Norte","Nicaragua","2014-10-02","mature wet forest ex sifted leaf litter",360,"point","13.7690735","-84.98389"
"http://antweb.org/api/v2/?occurrenceId=CAS:ANTWEB:casent0634312","casent0634312","formicidae","myrmicinae","Adelomyrmex","longinoi","Adelomyrmex longinoi","","Regi n Aut noma del Atl ntico Sur","Nicaragua","2012-01-18","2 lowland rainforest ex sifted leaf litter",30,"point","12.672415","-83.71584"
"http://antweb.org/api/v2/?occurrenceId=CAS:ANTWEB:casent0635305","casent0635305","formicidae","myrmicinae","Adelomyrmex","longinoi","Adelomyrmex longinoi","","Gracias a Dios","Honduras","2014-10-01","tropical rainforest ex sifted leaf litter",80,"point","15.708485","-84.86284"
"http://antweb.org/api/v2/?occurrenceId=CAS:ANTWEB:casent0635306","casent0635306","formicidae","myrmicinae","Adelomyrmex","longinoi","Adelomyrmex longinoi","","Atl ntida","Honduras","2014-10-01","tropical rainforest ex sifted leaf litter",190,"point","15.725116","-87.451996"
"http://antweb.org/api/v2/?occurrenceId=CAS:ANTWEB:casent0636065","casent0636065","formicidae","myrmicinae","Adelomyrmex","longinoi","Adelomyrmex longinoi","","Puntarenas","Costa Rica","2014-02-09","tropical rainforest ex sifted leaf litter",130,"point","8.406667","-83.32833"
"http://antweb.org/api/v2/?occurrenceId=CAS:ANTWEB:inb0003622244","inb0003622244","formicidae","myrmicinae","Adelomyrmex","longinoi","Adelomyrmex longinoi","","Heredia","Costa Rica","2005-03-01","mature wet forest ex sifted leaf litter",50,"point","10.413901","-84.01656"
"http://antweb.org/api/v2/?occurrenceId=CAS:ANTWEB:inb0003623672","inb0003623672","formicidae","myrmicinae","Adelomyrmex","longinoi","Adelomyrmex longinoi","","Heredia","Costa Rica","2005-04-15","montane wet forest Hojarasca",300,"point","10.35","-84.05"
"http://antweb.org/api/v2/?occurrenceId=CAS:ANTWEB:inb0003624177","inb0003624177","formicidae","myrmicinae","Adelomyrmex","longinoi","Adelomyrmex longinoi","","Heredia","Costa Rica","2013-06-27","montane wet forest Del refugio hacia M/14",300,"point","10.35","-84.05"
"http://antweb.org/api/v2/?occurrenceId=CAS:ANTWEB:inb0003667886","inb0003667886","formicidae","myrmicinae","Adelomyrmex","longinoi","Adelomyrmex longinoi","","Heredia","Costa Rica","2005-12-01","mature wet forest ex sifted leaf litter",160,"point","10.409395","-84.03972"
"http://antweb.org/api/v2/?occurrenceId=CAS:ANTWEB:inb0003679826","inb0003679826","formicidae","myrmicinae","Adelomyrmex","longinoi","Adelomyrmex longinoi","","Heredia","Costa Rica","2006-04-19","mature wet forest ex sifted leaf litter",500,"point","10.312456","-84.05485"
"http://antweb.org/api/v2/?occurrenceId=CAS:ANTWEB:inb0003679918","inb0003679918","formicidae","myrmicinae","Adelomyrmex","longinoi","Adelomyrmex longinoi","","Heredia","Costa Rica","2006-04-19","mature wet forest ex sifted leaf litter",500,"point","10.3052","-84.05821"
"http://antweb.org/api/v2/?occurrenceId=CAS:ANTWEB:inb0003690192","inb0003690192","formicidae","myrmicinae","Adelomyrmex","longinoi","Adelomyrmex longinoi","","Heredia","Costa Rica","2006-09-05","mature wet forest ex sifted leaf litter",500,"point","10.308838","-84.05485"
"http://antweb.org/api/v2/?occurrenceId=CAS:ANTWEB:inb0003698378","inb0003698378","formicidae","myrmicinae","Adelomyrmex","longinoi","Adelomyrmex longinoi","","Heredia","Costa Rica","2007-04-03","mature wet forest ex sifted leaf litter",160,"point","10.398633","-84.03908"
"http://antweb.org/api/v2/?occurrenceId=CAS:ANTWEB:inb0003699892","inb0003699892","formicidae","myrmicinae","Adelomyrmex","longinoi","Adelomyrmex longinoi","","Heredia","Costa Rica","2007-10-15","mature wet forest ex sifted leaf litter",500,"point","10.30431","-84.055756"
"http://antweb.org/api/v2/?occurrenceId=CAS:ANTWEB:inbiocri001279878","inbiocri001279878","formicidae","myrmicinae","Adelomyrmex","longinoi","Adelomyrmex longinoi","paratype longinoi","Heredia","Costa Rica","2002-11-01","",300,"point","10.35","-84.05"
"http://antweb.org/api/v2/?occurrenceId=CAS:ANTWEB:inbiocri001279879","inbiocri001279879","formicidae","myrmicinae","Adelomyrmex","longinoi","Adelomyrmex longinoi","","Heredia","Costa Rica","2002-11-01","Primary rainforest Ex sifted leaf litter",150,"point","10.4","-84.05"
"http://antweb.org/api/v2/?occurrenceId=CAS:ANTWEB:inbiocri001279880","inbiocri001279880","formicidae","myrmicinae","Adelomyrmex","longinoi","Adelomyrmex longinoi","paratype longinoi","Puntarenas","Costa Rica","2002-11-01","",30,"point","9.78333","-84.6"
"http://antweb.org/api/v2/?occurrenceId=CAS:ANTWEB:inbiocri001281611","inbiocri001281611","formicidae","myrmicinae","Adelomyrmex","longinoi","Adelomyrmex longinoi","","Puntarenas","Costa Rica","1998-05-21","lowland rainforest ex sifted leaf litter",20,"point","8.483334","-82.96667"
"http://antweb.org/api/v2/?occurrenceId=CAS:ANTWEB:inbiocri001281612","inbiocri001281612","formicidae","myrmicinae","Adelomyrmex","longinoi","Adelomyrmex longinoi","paratype of Adelomyrmex longinoi","Puntarenas","Costa Rica","2002-11-01","lowland rainforest ex sifted leaf litter",20,"point","8.483334","-82.96667"
"http://antweb.org/api/v2/?occurrenceId=CAS:ANTWEB:inbiocri001281613","inbiocri001281613","formicidae","myrmicinae","Adelomyrmex","longinoi","Adelomyrmex longinoi","paratype longinoi","Puntarenas","Costa Rica","2002-11-01","lowland rainforest ex sifted leaf litter",20,"point","8.483334","-82.96667"
"http://antweb.org/api/v2/?occurrenceId=CAS:ANTWEB:inbiocri001283423","inbiocri001283423","formicidae","myrmicinae","Adelomyrmex","longinoi","Adelomyrmex longinoi","","Puntarenas","Costa Rica","2002-11-01","",10,"point","8.48333","-83.6"
"http://antweb.org/api/v2/?occurrenceId=CAS:ANTWEB:inbiocri002719863","inbiocri002719863","formicidae","myrmicinae","Adelomyrmex","longinoi","Adelomyrmex longinoi","paratype longinoi","Heredia","Costa Rica","2002-11-01","SS0 Hojarasca",50,"point","10.425762","-84.013824"
"http://antweb.org/api/v2/?occurrenceId=CAS:ANTWEB:inbiocri002720659","inbiocri002720659","formicidae","myrmicinae","Adelomyrmex","longinoi","Adelomyrmex longinoi","paratype longinoi","Heredia","Costa Rica","2002-11-01","CES Hojarasca",50,"point","10.4336","-84.01249"
"http://antweb.org/api/v2/?occurrenceId=CAS:ANTWEB:inbiocri002720660","inbiocri002720660","formicidae","myrmicinae","Adelomyrmex","longinoi","Adelomyrmex longinoi","paratype longinoi","Heredia","Costa Rica","2002-11-01","CES Hojarasca",50,"point","10.4336","-84.01249"
"http://antweb.org/api/v2/?occurrenceId=CAS:ANTWEB:inbiocri002720661","inbiocri002720661","formicidae","myrmicinae","Adelomyrmex","longinoi","Adelomyrmex longinoi","holotype Adelomyrmex longinoi","Heredia","Costa Rica","2002-11-01","CES Hojarasca",50,"point","10.4336","-84.01249"
"http://antweb.org/api/v2/?occurrenceId=CAS:ANTWEB:inbiocri002720662","inbiocri002720662","formicidae","myrmicinae","Adelomyrmex","longinoi","Adelomyrmex longinoi","paratype Adelomyrmex longinoi","Heredia","Costa Rica","2002-11-01","CES Hojarasca",50,"point","10.4336","-84.01249"
"http://antweb.org/api/v2/?occurrenceId=CAS:ANTWEB:inbiocri002720663","inbiocri002720663","formicidae","myrmicinae","Adelomyrmex","longinoi","Adelomyrmex longinoi","paratype longinoi","Heredia","Costa Rica","2002-11-01","CES Hojarasca",50,"point","10.4336","-84.01249"
"http://antweb.org/api/v2/?occurrenceId=CAS:ANTWEB:jtl282937","jtl282937","formicidae","myrmicinae","Adelomyrmex","longinoi","Adelomyrmex longinoi","","Puntarenas","Costa Rica","2010-07-14","mature wet forest ex sifted leaf litter",170,"point","8.408277","-83.32782"
"http://antweb.org/api/v2/?occurrenceId=CAS:ANTWEB:jtl291235","jtl291235","formicidae","myrmicinae","Adelomyrmex","longinoi","Adelomyrmex longinoi","","Gracias a Dios","Honduras","2012-02-29","tropical rainforest ex sifted leaf litter",80,"point","15.708563","-84.86238"
"http://antweb.org/api/v2/?occurrenceId=CAS:ANTWEB:jtl293250","jtl293250","formicidae","myrmicinae","Adelomyrmex","longinoi","Adelomyrmex longinoi","","Gracias a Dios","Honduras","2014-10-07","tropical rainforest ex sifted leaf litter",110,"point","15.71314","-84.86517"
"http://antweb.org/api/v2/?occurrenceId=CAS:ANTWEB:jtl293291","jtl293291","formicidae","myrmicinae","Adelomyrmex","longinoi","Adelomyrmex longinoi","","Gracias a Dios","Honduras","2014-10-07","tropical rainforest ex sifted leaf litter",60,"point","15.67303","-84.82487"
"http://antweb.org/api/v2/?occurrenceId=CAS:ANTWEB:jtl319231","jtl319231","formicidae","myrmicinae","Adelomyrmex","longinoi","Adelomyrmex longinoi","","Atl ntida","Honduras","2012-02-29","tropical rainforest ex sifted leaf litter",190,"point","15.724308","-87.45189"
"http://antweb.org/api/v2/?occurrenceId=CAS:ANTWEB:jtl319632","jtl319632","formicidae","myrmicinae","Adelomyrmex","longinoi","Adelomyrmex longinoi","","Atl ntida","Honduras","2012-02-29","tropical rainforest ex sifted leaf litter",190,"point","15.723275","-87.45176"
"http://antweb.org/api/v2/?occurrenceId=CAS:ANTWEB:jtl319671","jtl319671","formicidae","myrmicinae","Adelomyrmex","longinoi","Adelomyrmex longinoi","","Atl ntida","Honduras","2012-02-29","tropical rainforest ex sifted leaf litter",190,"point","15.723186","-87.45175"
"http://antweb.org/api/v2/?occurrenceId=CAS:ANTWEB:jtl319695","jtl319695","formicidae","myrmicinae","Adelomyrmex","longinoi","Adelomyrmex longinoi","","Atl ntida","Honduras","2012-02-29","tropical rainforest ex sifted leaf litter",190,"point","15.723141","-87.451744"
"http://antweb.org/api/v2/?occurrenceId=CAS:ANTWEB:jtl665282","jtl665282","formicidae","myrmicinae","Adelomyrmex","longinoi","Adelomyrmex longinoi","","Matagalpa","Nicaragua","2012-01-18","tropical wet forest ex sifted leaf litter",700,"point","12.95848","-85.22486"
"http://antweb.org/api/v2/?occurrenceId=CAS:ANTWEB:jtl665594","jtl665594","formicidae","myrmicinae","Adelomyrmex","longinoi","Adelomyrmex longinoi","","Matagalpa","Nicaragua","2012-01-18","tropical wet forest ex sifted leaf litter",700,"point","12.95915","-85.22486"
"http://antweb.org/api/v2/?occurrenceId=CAS:ANTWEB:jtl665618","jtl665618","formicidae","myrmicinae","Adelomyrmex","longinoi","Adelomyrmex longinoi","","Matagalpa","Nicaragua","2012-01-18","tropical wet forest ex sifted leaf litter",700,"point","12.9592","-85.22486"
"http://antweb.org/api/v2/?occurrenceId=CAS:ANTWEB:jtl665791","jtl665791","formicidae","myrmicinae","Adelomyrmex","longinoi","Adelomyrmex longinoi","","Matagalpa","Nicaragua","2012-01-18","tropical wet forest ex sifted leaf litter",700,"point","12.95952","-85.22486"
"http://antweb.org/api/v2/?occurrenceId=CAS:ANTWEB:jtl665796","jtl665796","formicidae","myrmicinae","Adelomyrmex","longinoi","Adelomyrmex longinoi","","Matagalpa","Nicaragua","2012-01-18","tropical wet forest ex sifted leaf litter",700,"point","12.95956","-85.22486"
"http://antweb.org/api/v2/?occurrenceId=CAS:ANTWEB:jtl666089","jtl666089","formicidae","myrmicinae","Adelomyrmex","longinoi","Adelomyrmex longinoi","","Matagalpa","Nicaragua","2012-01-18","tropical wet forest ex sifted leaf litter",700,"point","12.96019","-85.22486"
"http://antweb.org/api/v2/?occurrenceId=CAS:ANTWEB:jtl666152","jtl666152","formicidae","myrmicinae","Adelomyrmex","longinoi","Adelomyrmex longinoi","","Matagalpa","Nicaragua","2012-01-18","tropical wet forest ex sifted leaf litter",700,"point","12.96028","-85.22486"
"http://antweb.org/api/v2/?occurrenceId=CAS:ANTWEB:jtl666696","jtl666696","formicidae","myrmicinae","Adelomyrmex","longinoi","Adelomyrmex longinoi","","Matagalpa","Nicaragua","2012-01-18","tropical wet forest ex sifted leaf litter",700,"point","12.95927","-85.22496"
"http://antweb.org/api/v2/?occurrenceId=CAS:ANTWEB:jtl670355","jtl670355","formicidae","myrmicinae","Adelomyrmex","longinoi","Adelomyrmex longinoi","","Regi n Aut noma del Atl ntico Norte","Nicaragua","2012-04-21","mature wet forest ex sifted leaf litter",360,"point","13.7690735","-84.98389"
"http://antweb.org/api/v2/?occurrenceId=CAS:ANTWEB:jtl670696","jtl670696","formicidae","myrmicinae","Adelomyrmex","longinoi","Adelomyrmex longinoi","","Regi n Aut noma del Atl ntico Norte","Nicaragua","2012-04-21","mature wet forest ex sifted leaf litter",360,"point","13.768668","-84.98446"
"http://antweb.org/api/v2/?occurrenceId=CAS:ANTWEB:jtl670728","jtl670728","formicidae","myrmicinae","Adelomyrmex","longinoi","Adelomyrmex longinoi","","Regi n Aut noma del Atl ntico Norte","Nicaragua","2012-04-21","mature wet forest ex sifted leaf litter",360,"point","13.768623","-84.98454"
"http://antweb.org/api/v2/?occurrenceId=CAS:ANTWEB:jtl670961","jtl670961","formicidae","myrmicinae","Adelomyrmex","longinoi","Adelomyrmex longinoi","","Regi n Aut noma del Atl ntico Norte","Nicaragua","2012-04-21","mature wet forest ex sifted leaf litter",360,"point","13.768352","-84.98502"
"http://antweb.org/api/v2/?occurrenceId=CAS:ANTWEB:jtl671305","jtl671305","formicidae","myrmicinae","Adelomyrmex","longinoi","Adelomyrmex longinoi","","Regi n Aut noma del Atl ntico Norte","Nicaragua","2012-04-21","mature wet forest ex sifted leaf litter",310,"point","13.770742","-84.98056"
"http://antweb.org/api/v2/?occurrenceId=CAS:ANTWEB:jtl671479","jtl671479","formicidae","myrmicinae","Adelomyrmex","longinoi","Adelomyrmex longinoi","","Regi n Aut noma del Atl ntico Norte","Nicaragua","2012-04-21","mature wet forest ex sifted leaf litter",310,"point","13.770445","-84.98067"
"http://antweb.org/api/v2/?occurrenceId=CAS:ANTWEB:jtl671632","jtl671632","formicidae","myrmicinae","Adelomyrmex","longinoi","Adelomyrmex longinoi","","Regi n Aut noma del Atl ntico Norte","Nicaragua","2012-04-21","mature wet forest ex sifted leaf litter",310,"point","13.770147","-84.98078"
"http://antweb.org/api/v2/?occurrenceId=CAS:ANTWEB:jtl671729","jtl671729","formicidae","myrmicinae","Adelomyrmex","longinoi","Adelomyrmex longinoi","","Regi n Aut noma del Atl ntico Norte","Nicaragua","2012-04-21","mature wet forest ex sifted leaf litter",310,"point","13.769978","-84.98084"
"http://antweb.org/api/v2/?occurrenceId=CAS:ANTWEB:jtl672020","jtl672020","formicidae","myrmicinae","Adelomyrmex","longinoi","Adelomyrmex longinoi","","Regi n Aut noma del Atl ntico Norte","Nicaragua","2012-04-21","mature wet forest ex sifted leaf litter",310,"point","13.770271","-84.98032"
"http://antweb.org/api/v2/?occurrenceId=CAS:ANTWEB:jtl672361","jtl672361","formicidae","myrmicinae","Adelomyrmex","longinoi","Adelomyrmex longinoi","","Regi n Aut noma del Atl ntico Norte","Nicaragua","2012-05-04","mature wet forest ex sifted leaf litter",310,"point","13.77009","-84.98065"
"http://antweb.org/api/v2/?occurrenceId=CAS:ANTWEB:jtl672419","jtl672419","formicidae","myrmicinae","Adelomyrmex","longinoi","Adelomyrmex longinoi","","Regi n Aut noma del Atl ntico Norte","Nicaragua","2012-05-04","mature wet forest ex sifted leaf litter",360,"point","13.76866","-84.98446"
"http://antweb.org/api/v2/?occurrenceId=CAS:ANTWEB:jtl672594","jtl672594","formicidae","myrmicinae","Adelomyrmex","longinoi","Adelomyrmex longinoi","","Regi n Aut noma del Atl ntico Norte","Nicaragua","2012-05-04","tropical wet forest ex sifted leaf litter",510,"point","13.77361","-84.9865"
"http://antweb.org/api/v2/?occurrenceId=CAS:ANTWEB:jtl672653","jtl672653","formicidae","myrmicinae","Adelomyrmex","longinoi","Adelomyrmex longinoi","","Regi n Aut noma del Atl ntico Norte","Nicaragua","2012-05-04","tropical wet forest ex sifted leaf litter",560,"point","13.77339","-84.98983"
"http://antweb.org/api/v2/?occurrenceId=CAS:ANTWEB:jtl702470","jtl702470","formicidae","myrmicinae","Adelomyrmex","longinoi","Adelomyrmex longinoi","","Heredia","Costa Rica","2013-08-28","STR bajo de M/29",50,"point","10.432065","-84.006874"
"http://antweb.org/api/v2/?occurrenceId=CAS:ANTWEB:jtl722392","jtl722392","formicidae","myrmicinae","Adelomyrmex","longinoi","Adelomyrmex longinoi","","Puntarenas","Costa Rica","2014-07-17","beach margin forest ex sifted leaf litter",5,"point","8.39633","-83.33853"
"http://antweb.org/api/v2/?occurrenceId=CAS:ANTWEB:jtl722435","jtl722435","formicidae","myrmicinae","Adelomyrmex","longinoi","Adelomyrmex longinoi","","Puntarenas","Costa Rica","2014-07-17","mature wet forest ex sifted leaf litter",35,"point","8.40558","-83.3366"
"http://antweb.org/api/v2/?occurrenceId=CAS:ANTWEB:jtl723143","jtl723143","formicidae","myrmicinae","Adelomyrmex","longinoi","Adelomyrmex longinoi","","Puntarenas","Costa Rica","2014-07-17","rainforest ex sifted leaf litter",175,"point","8.4066","-83.3279"
"http://antweb.org/api/v2/?occurrenceId=CAS:ANTWEB:jtl731116","jtl731116","formicidae","myrmicinae","Adelomyrmex","longinoi","Adelomyrmex longinoi","","Heredia","Costa Rica","2014-12-01","montane wet forest Hojarasca",300,"point","10.35","-84.05"
"http://antweb.org/api/v2/?occurrenceId=CAS:ANTWEB:jtl731123","jtl731123","formicidae","myrmicinae","Adelomyrmex","longinoi","Adelomyrmex longinoi","","Heredia","Costa Rica","2014-12-01","montane wet forest Hojarasca",300,"point","10.35","-84.05"
"http://antweb.org/api/v2/?occurrenceId=CAS:ANTWEB:jtl733794","jtl733794","formicidae","myrmicinae","Adelomyrmex","longinoi","Adelomyrmex longinoi","","Puntarenas","Costa Rica","2015-04-23","tropical rainforest ex sifted leaf litter",130,"point","8.406667","-83.32833"
"http://antweb.org/api/v2/?occurrenceId=CAS:ANTWEB:jtl733838","jtl733838","formicidae","myrmicinae","Adelomyrmex","longinoi","Adelomyrmex longinoi","","Gracias a Dios","Honduras","2015-04-23","tropical rainforest ex sifted leaf litter",80,"point","15.708485","-84.86284"
"http://antweb.org/api/v2/?occurrenceId=CAS:ANTWEB:jtl733839","jtl733839","formicidae","myrmicinae","Adelomyrmex","longinoi","Adelomyrmex longinoi","","Atl ntida","Honduras","2015-04-23","tropical rainforest ex sifted leaf litter",190,"point","15.725116","-87.451996"
"http://antweb.org/api/v2/?occurrenceId=CAS:ANTWEB:jtl733842","jtl733842","formicidae","myrmicinae","Adelomyrmex","longinoi","Adelomyrmex longinoi","","Matagalpa","Nicaragua","2015-04-23","tropical wet forest ex sifted leaf litter",750,"point","12.96009","-85.2327"
"http://antweb.org/api/v2/?occurrenceId=CAS:ANTWEB:jtlc-vial-002065-089","jtlc-vial-002065-089","formicidae","myrmicinae","Adelomyrmex","longinoi","Adelomyrmex longinoi","","Puntarenas","Costa Rica","2008-04-09","tropical rainforest ex sifted leaf litter",130,"point","8.406667","-83.32833"
"http://antweb.org/api/v2/?occurrenceId=CAS:ANTWEB:jtlc-vial-002065-130","jtlc-vial-002065-130","formicidae","myrmicinae","Adelomyrmex","longinoi","Adelomyrmex longinoi","","Puntarenas","Costa Rica","2008-04-09","tropical rainforest ex sifted leaf litter",130,"point","8.406667","-83.32833"
"http://antweb.org/api/v2/?occurrenceId=CAS:ANTWEB:jtlc-vial-002065-663","jtlc-vial-002065-663","formicidae","myrmicinae","Adelomyrmex","longinoi","Adelomyrmex longinoi","","Puntarenas","Costa Rica","2008-04-09","tropical rainforest ex sifted leaf litter",130,"point","8.406667","-83.32833"
