"url","catalogNumber","family","subfamily","genus","specificEpithet","scientific_name","typeStatus","stateProvince","country","dateIdentified","habitat","minimumElevationInMeters","geojson.type","decimal_latitude","decimal_longitude"
"http://antweb.org/api/v2/?occurrenceId=CAS:ANTWEB:casent0627775","casent0627775","formicidae","myrmicinae","Adelomyrmex","laevigatus","Adelomyrmex laevigatus","","Heredia","Costa Rica","2012-03-15","montane wet forest Hojarasca",1100,"point","10.26667","-84.08333"
"http://antweb.org/api/v2/?occurrenceId=CAS:ANTWEB:casent0627776","casent0627776","formicidae","myrmicinae","Adelomyrmex","laevigatus","Adelomyrmex laevigatus","","Heredia","Costa Rica","2012-03-15","montane wet forest Hojarasca",1100,"point","10.26667","-84.08333"
"http://antweb.org/api/v2/?occurrenceId=CAS:ANTWEB:casent0627777","casent0627777","formicidae","myrmicinae","Adelomyrmex","laevigatus","Adelomyrmex laevigatus","","Heredia","Costa Rica","2012-03-15","montane wet forest Hojarasca",1100,"point","10.26667","-84.08333"
"http://antweb.org/api/v2/?occurrenceId=CAS:ANTWEB:casent0627778","casent0627778","formicidae","myrmicinae","Adelomyrmex","laevigatus","Adelomyrmex laevigatus","","Heredia","Costa Rica","2012-03-15","montane wet forest Hojarasca",1100,"point","10.26667","-84.08333"
"http://antweb.org/api/v2/?occurrenceId=CAS:ANTWEB:casent0635001","casent0635001","formicidae","myrmicinae","Adelomyrmex","laevigatus","Adelomyrmex laevigatus","","Puntarenas","Costa Rica","2014-07-17","moist forest ex sifted leaf litter",1380,"point","10.29089","-84.79262"
"http://antweb.org/api/v2/?occurrenceId=CAS:ANTWEB:casent0635004","casent0635004","formicidae","myrmicinae","Adelomyrmex","laevigatus","Adelomyrmex laevigatus","","Puntarenas","Costa Rica","2014-07-17","moist forest ex sifted leaf litter",1380,"point","10.29089","-84.79262"
"http://antweb.org/api/v2/?occurrenceId=CAS:ANTWEB:casent0635166","casent0635166","formicidae","myrmicinae","Adelomyrmex","laevigatus","Adelomyrmex laevigatus","","Alajuela","Costa Rica","2014-07-17","wet forest ex sifted leaf litter",1310,"point","10.29914","-84.77394"
"http://antweb.org/api/v2/?occurrenceId=CAS:ANTWEB:casent0635811","casent0635811","formicidae","myrmicinae","Adelomyrmex","laevigatus","Adelomyrmex laevigatus","","Puntarenas","Costa Rica","2014-07-17","cloud forest ex sifted leaf litter",1617,"point","10.30892","-84.78498"
"http://antweb.org/api/v2/?occurrenceId=CAS:ANTWEB:casent0637284","casent0637284","formicidae","myrmicinae","Adelomyrmex","laevigatus","Adelomyrmex laevigatus","","Cartago","Costa Rica","2015-12-15","cloud forest, old second growth, matrix of forest and open bamboo areas ex sifted leaf litter",1450,"point","9.74917","-83.77649"
"http://antweb.org/api/v2/?occurrenceId=CAS:ANTWEB:inb0003211806","inb0003211806","formicidae","myrmicinae","Adelomyrmex","laevigatus","Adelomyrmex laevigatus","","Heredia","Costa Rica","2002-04-20","montane wet forest Hojarasca",1100,"point","10.26667","-84.08333"
"http://antweb.org/api/v2/?occurrenceId=CAS:ANTWEB:inb0003211928","inb0003211928","formicidae","myrmicinae","Adelomyrmex","laevigatus","Adelomyrmex laevigatus","","Heredia","Costa Rica","2002-04-20","montane wet forest Hojarasca",1100,"point","10.26667","-84.08333"
"http://antweb.org/api/v2/?occurrenceId=CAS:ANTWEB:inb0003212119","inb0003212119","formicidae","myrmicinae","Adelomyrmex","laevigatus","Adelomyrmex laevigatus","","Heredia","Costa Rica","2002-04-20","montane wet forest Hojarasca",1100,"point","10.26667","-84.08333"
"http://antweb.org/api/v2/?occurrenceId=CAS:ANTWEB:inb0003212126","inb0003212126","formicidae","myrmicinae","Adelomyrmex","laevigatus","Adelomyrmex laevigatus","","Heredia","Costa Rica","2002-04-20","montane wet forest Hojarasca",1100,"point","10.26667","-84.08333"
"http://antweb.org/api/v2/?occurrenceId=CAS:ANTWEB:inb0003212142","inb0003212142","formicidae","myrmicinae","Adelomyrmex","laevigatus","Adelomyrmex laevigatus","","Heredia","Costa Rica","2002-04-20","montane wet forest Hojarasca",1100,"point","10.26667","-84.08333"
"http://antweb.org/api/v2/?occurrenceId=CAS:ANTWEB:inb0003212342","inb0003212342","formicidae","myrmicinae","Adelomyrmex","laevigatus","Adelomyrmex laevigatus","","Heredia","Costa Rica","2002-04-20","montane wet forest Hojarasca",1100,"point","10.26667","-84.08333"
"http://antweb.org/api/v2/?occurrenceId=CAS:ANTWEB:inb0003212449","inb0003212449","formicidae","myrmicinae","Adelomyrmex","laevigatus","Adelomyrmex laevigatus","","Heredia","Costa Rica","2002-04-20","montane wet forest Hojarasca",1100,"point","10.26667","-84.08333"
"http://antweb.org/api/v2/?occurrenceId=CAS:ANTWEB:inb0003212507","inb0003212507","formicidae","myrmicinae","Adelomyrmex","laevigatus","Adelomyrmex laevigatus","","Heredia","Costa Rica","2002-04-20","montane wet forest Hojarasca",1100,"point","10.26667","-84.08333"
"http://antweb.org/api/v2/?occurrenceId=CAS:ANTWEB:inb0003212771","inb0003212771","formicidae","myrmicinae","Adelomyrmex","laevigatus","Adelomyrmex laevigatus","","Heredia","Costa Rica","2002-04-20","montane wet forest Hojarasca",1100,"point","10.26667","-84.08333"
"http://antweb.org/api/v2/?occurrenceId=CAS:ANTWEB:inb0003212807","inb0003212807","formicidae","myrmicinae","Adelomyrmex","laevigatus","Adelomyrmex laevigatus","","Heredia","Costa Rica","2002-04-20","montane wet forest Hojarasca",1100,"point","10.26667","-84.08333"
"http://antweb.org/api/v2/?occurrenceId=CAS:ANTWEB:inb0003212920","inb0003212920","formicidae","myrmicinae","Adelomyrmex","laevigatus","Adelomyrmex laevigatus","","Heredia","Costa Rica","2002-04-20","montane wet forest Hojarasca",1100,"point","10.26667","-84.08333"
"http://antweb.org/api/v2/?occurrenceId=CAS:ANTWEB:inb0003213034","inb0003213034","formicidae","myrmicinae","Adelomyrmex","laevigatus","Adelomyrmex laevigatus","","Heredia","Costa Rica","2002-04-20","montane wet forest Hojarasca",1100,"point","10.26667","-84.08333"
"http://antweb.org/api/v2/?occurrenceId=CAS:ANTWEB:inb0003213086","inb0003213086","formicidae","myrmicinae","Adelomyrmex","laevigatus","Adelomyrmex laevigatus","","Heredia","Costa Rica","2002-04-20","montane wet forest Hojarasca",1100,"point","10.26667","-84.08333"
"http://antweb.org/api/v2/?occurrenceId=CAS:ANTWEB:inb0003213192","inb0003213192","formicidae","myrmicinae","Adelomyrmex","laevigatus","Adelomyrmex laevigatus","","Heredia","Costa Rica","2002-04-20","montane wet forest Hojarasca",1100,"point","10.26667","-84.08333"
"http://antweb.org/api/v2/?occurrenceId=CAS:ANTWEB:inb0003213463","inb0003213463","formicidae","myrmicinae","Adelomyrmex","laevigatus","Adelomyrmex laevigatus","","Heredia","Costa Rica","2002-04-20","montane wet forest Hojarasca",1100,"point","10.26667","-84.08333"
"http://antweb.org/api/v2/?occurrenceId=CAS:ANTWEB:inb0003213836","inb0003213836","formicidae","myrmicinae","Adelomyrmex","laevigatus","Adelomyrmex laevigatus","","Heredia","Costa Rica","2002-04-20","montane wet forest Hojarasca",1100,"point","10.26667","-84.08333"
"http://antweb.org/api/v2/?occurrenceId=CAS:ANTWEB:inb0003214078","inb0003214078","formicidae","myrmicinae","Adelomyrmex","laevigatus","Adelomyrmex laevigatus","","Heredia","Costa Rica","2002-04-20","montane wet forest Hojarasca",1100,"point","10.26667","-84.08333"
"http://antweb.org/api/v2/?occurrenceId=CAS:ANTWEB:inb0003214203","inb0003214203","formicidae","myrmicinae","Adelomyrmex","laevigatus","Adelomyrmex laevigatus","","Heredia","Costa Rica","2002-04-20","montane wet forest Hojarasca",1100,"point","10.26667","-84.08333"
"http://antweb.org/api/v2/?occurrenceId=CAS:ANTWEB:inbiocri001279862","inbiocri001279862","formicidae","myrmicinae","Adelomyrmex","laevigatus","Adelomyrmex laevigatus","paratype laevigatus","Alajuela","Costa Rica","2002-11-01","Primary wet forest sifted leaf litter",830,"point","10.30877","-84.7165"
"http://antweb.org/api/v2/?occurrenceId=CAS:ANTWEB:inbiocri001279863","inbiocri001279863","formicidae","myrmicinae","Adelomyrmex","laevigatus","Adelomyrmex laevigatus","paratype laevigatus","Alajuela","Costa Rica","2002-11-01","wet forest ex sifted leaf litter",830,"point","10.30877","-84.7165"
"http://antweb.org/api/v2/?occurrenceId=CAS:ANTWEB:inbiocri001279864","inbiocri001279864","formicidae","myrmicinae","Adelomyrmex","laevigatus","Adelomyrmex laevigatus","paratype laevigatus","Puntarenas","Costa Rica","2002-11-01","Moist forest Ex sifted leaf litter",1400,"point","10.2975","-84.81148"
"http://antweb.org/api/v2/?occurrenceId=CAS:ANTWEB:inbiocri001279865","inbiocri001279865","formicidae","myrmicinae","Adelomyrmex","laevigatus","Adelomyrmex laevigatus","paratype laevigatus","Puntarenas","Costa Rica","2002-11-01","Moist forest Ex sifted leaf litter",1400,"point","10.2975","-84.81148"
"http://antweb.org/api/v2/?occurrenceId=CAS:ANTWEB:inbiocri001279866","inbiocri001279866","formicidae","myrmicinae","Adelomyrmex","laevigatus","Adelomyrmex laevigatus","paratype laevigatus","Puntarenas","Costa Rica","2002-11-01","",1400,"point","10.3","-84.8"
"http://antweb.org/api/v2/?occurrenceId=CAS:ANTWEB:inbiocri001279867","inbiocri001279867","formicidae","myrmicinae","Adelomyrmex","laevigatus","Adelomyrmex laevigatus","paratype laevigatus","Puntarenas","Costa Rica","2002-11-01","Moist forest ex sifted leaf litter on ground",1400,"point","10.2975","-84.81148"
"http://antweb.org/api/v2/?occurrenceId=CAS:ANTWEB:inbiocri001279868","inbiocri001279868","formicidae","myrmicinae","Adelomyrmex","laevigatus","Adelomyrmex laevigatus","paratype laevigatus","Puntarenas","Costa Rica","2002-11-01","Moist forest ex sifted leaf litter on ground",1400,"point","10.2975","-84.81148"
"http://antweb.org/api/v2/?occurrenceId=CAS:ANTWEB:inbiocri001279869","inbiocri001279869","formicidae","myrmicinae","Adelomyrmex","laevigatus","Adelomyrmex laevigatus","paratype laevigatus","Puntarenas","Costa Rica","2002-11-01","moist forest ex sifted leaf litter",1400,"point","10.2975","-84.81148"
"http://antweb.org/api/v2/?occurrenceId=CAS:ANTWEB:inbiocri001279870","inbiocri001279870","formicidae","myrmicinae","Adelomyrmex","laevigatus","Adelomyrmex laevigatus","paratype laevigatus","Puntarenas","Costa Rica","2002-11-01","moist forest ex sifted leaf litter",1400,"point","10.2975","-84.81148"
"http://antweb.org/api/v2/?occurrenceId=CAS:ANTWEB:inbiocri001279871","inbiocri001279871","formicidae","myrmicinae","Adelomyrmex","laevigatus","Adelomyrmex laevigatus","","Puntarenas","Costa Rica","1995-03-10","moist forest ex sifted leaf litter",1400,"point","10.2975","-84.81148"
"http://antweb.org/api/v2/?occurrenceId=CAS:ANTWEB:inbiocri001279890","inbiocri001279890","formicidae","myrmicinae","Adelomyrmex","laevigatus","Adelomyrmex laevigatus","paratype of Adelomyrmex laevigatus","Alajuela","Costa Rica","2002-11-01","wet forest ex sifted leaf litter",1000,"point","10.33422","-84.70779"
"http://antweb.org/api/v2/?occurrenceId=CAS:ANTWEB:inbiocri001280524","inbiocri001280524","formicidae","myrmicinae","Adelomyrmex","laevigatus","Adelomyrmex laevigatus","paratype Adelomyrmex laevigatus","Guanacaste","Costa Rica","2002-11-01","Tall evergreen forest Ex sifted leaf litter",1100,"point","10.92682","-85.46823"
"http://antweb.org/api/v2/?occurrenceId=CAS:ANTWEB:inbiocri001280527","inbiocri001280527","formicidae","myrmicinae","Adelomyrmex","laevigatus","Adelomyrmex laevigatus","paratype laevigatus","Guanacaste","Costa Rica","2002-11-01","Tall evergreen forest Ex sifted leaf litter",1100,"point","10.92682","-85.46823"
"http://antweb.org/api/v2/?occurrenceId=CAS:ANTWEB:inbiocri001280647","inbiocri001280647","formicidae","myrmicinae","Adelomyrmex","laevigatus","Adelomyrmex laevigatus","paratype laevigatus","Puntarenas","Costa Rica","2002-11-01","",1200,"point","8.783334","-83.05"
"http://antweb.org/api/v2/?occurrenceId=CAS:ANTWEB:inbiocri001281306","inbiocri001281306","formicidae","myrmicinae","Adelomyrmex","laevigatus","Adelomyrmex laevigatus","paratype laevigatus","Puntarenas","Costa Rica","2002-11-01","Cloud forest Ex sifted leaf litter",1560,"point","10.29701","-84.79972"
"http://antweb.org/api/v2/?occurrenceId=CAS:ANTWEB:inbiocri001281307","inbiocri001281307","formicidae","myrmicinae","Adelomyrmex","laevigatus","Adelomyrmex laevigatus","paratype laevigatus","Puntarenas","Costa Rica","2002-11-01","Cloud forest Ex sifted leaf litter",1560,"point","10.29701","-84.79972"
"http://antweb.org/api/v2/?occurrenceId=CAS:ANTWEB:inbiocri001281402","inbiocri001281402","formicidae","myrmicinae","Adelomyrmex","laevigatus","Adelomyrmex laevigatus","paratype laevigatus","Alajuela","Costa Rica","2002-11-01","wet forest ex sifted leaf litter on ground",830,"point","10.30877","-84.7165"
"http://antweb.org/api/v2/?occurrenceId=CAS:ANTWEB:jtl723600","jtl723600","formicidae","myrmicinae","Adelomyrmex","laevigatus","Adelomyrmex laevigatus","","Puntarenas","Costa Rica","2014-07-17","moist forest ex sifted leaf litter",1380,"point","10.29089","-84.79262"
"http://antweb.org/api/v2/?occurrenceId=CAS:ANTWEB:jtl723637","jtl723637","formicidae","myrmicinae","Adelomyrmex","laevigatus","Adelomyrmex laevigatus","","Puntarenas","Costa Rica","2014-07-17","moist forest ex sifted leaf litter",1310,"point","10.28987","-84.79322"
"http://antweb.org/api/v2/?occurrenceId=CAS:ANTWEB:jtl723957","jtl723957","formicidae","myrmicinae","Adelomyrmex","laevigatus","Adelomyrmex laevigatus","","Alajuela","Costa Rica","2014-07-17","wet forest ex sifted leaf litter",1310,"point","10.29914","-84.77394"
"http://antweb.org/api/v2/?occurrenceId=CAS:ANTWEB:jtl733799","jtl733799","formicidae","myrmicinae","Adelomyrmex","laevigatus","Adelomyrmex laevigatus","","Puntarenas","Costa Rica","2015-04-23","moist forest ex sifted leaf litter",1380,"point","10.29089","-84.79262"
"http://antweb.org/api/v2/?occurrenceId=CAS:ANTWEB:jtl742110","jtl742110","formicidae","myrmicinae","Adelomyrmex","laevigatus","Adelomyrmex laevigatus","","Cartago","Costa Rica","2015-12-15","cloud forest, old second growth, riparian ex sifted leaf litter",1270,"point","9.74987","-83.78334"
"http://antweb.org/api/v2/?occurrenceId=CAS:ANTWEB:jtlc000005015","jtlc000005015","formicidae","myrmicinae","Adelomyrmex","laevigatus","Adelomyrmex laevigatus","","Puntarenas","Costa Rica","2003-12-12","cloud forest ex sifted litter from forest floor",1400,"point","10.3","-84.8"
"http://antweb.org/api/v2/?occurrenceId=CAS:ANTWEB:usnment00754761","usnment00754761","formicidae","myrmicinae","Adelomyrmex","laevigatus","Adelomyrmex laevigatus","Paratype Adelomyrmex laevigatus","Chiriqu","Panama","2011-12-29","wet montane forest ex sifted leaf litter",1450,"point","8.833","-82.75"
"http://antweb.org/api/v2/?occurrenceId=CAS:ANTWEB:usnment00756900","usnment00756900","formicidae","myrmicinae","Adelomyrmex","laevigatus","Adelomyrmex laevigatus","","Guanacaste","Costa Rica","2012-04-18","montane wet forest ex sifted leaf litter",950,"point","10.947","-85.473"
"http://antweb.org/api/v2/?occurrenceId=CAS:ANTWEB:usnment00756901","usnment00756901","formicidae","myrmicinae","Adelomyrmex","laevigatus","Adelomyrmex laevigatus","","","Costa Rica","2012-04-18","",NA,NA,NA,NA
