"url","catalogNumber","family","subfamily","genus","specificEpithet","scientific_name","typeStatus","stateProvince","country","dateIdentified","habitat","minimumElevationInMeters","geojson.type","decimal_latitude","decimal_longitude"
"http://antweb.org/api/v2/?occurrenceId=CAS:ANTWEB:casent0601933","casent0601933","formicidae","myrmicinae","Adelomyrmex","metzabok","Adelomyrmex metzabok","Paratype Adelomyrmex metzabok","Chiapas","Mexico","2008-05-08","mixed rainforest ex sifted leaf litter",540,"point","17.190517","-91.73748"
"http://antweb.org/api/v2/?occurrenceId=CAS:ANTWEB:casent0603002","casent0603002","formicidae","myrmicinae","Adelomyrmex","metzabok","Adelomyrmex metzabok","","Chiapas","Mexico","2008-05-08","rain forest ex sifted leaf litter",170,"point","16.138533","-90.90147"
"http://antweb.org/api/v2/?occurrenceId=CAS:ANTWEB:casent0608764","casent0608764","formicidae","myrmicinae","Adelomyrmex","metzabok","Adelomyrmex metzabok","","Chiapas","Mexico","2009-02-17","mesophil forest ex sifted leaf litter",950,"point","16.96291","-91.59335"
"http://antweb.org/api/v2/?occurrenceId=CAS:ANTWEB:casent0609631","casent0609631","formicidae","myrmicinae","Adelomyrmex","metzabok","Adelomyrmex metzabok","","Chiapas","Mexico","2009-01-06","mature wet forest ex sifted leaf litter",160,"point","16.15938","-90.9016"
"http://antweb.org/api/v2/?occurrenceId=CAS:ANTWEB:casent0610488","casent0610488","formicidae","myrmicinae","Adelomyrmex","metzabok","Adelomyrmex metzabok","","Chiapas","Mexico","2009-09-01","2 wet forest ex sifted leaf litter",100,"point","17.51615","-92.30164"
"http://antweb.org/api/v2/?occurrenceId=CAS:ANTWEB:casent0610489","casent0610489","formicidae","myrmicinae","Adelomyrmex","metzabok","Adelomyrmex metzabok","","Chiapas","Mexico","2009-09-01","2 wet forest ex sifted leaf litter",100,"point","17.51615","-92.30164"
"http://antweb.org/api/v2/?occurrenceId=CAS:ANTWEB:casent0610490","casent0610490","formicidae","myrmicinae","Adelomyrmex","metzabok","Adelomyrmex metzabok","","Chiapas","Mexico","2009-09-01","2 wet forest ex sifted leaf litter",100,"point","17.51615","-92.30164"
"http://antweb.org/api/v2/?occurrenceId=CAS:ANTWEB:casent0614305","casent0614305","formicidae","myrmicinae","Adelomyrmex","metzabok","Adelomyrmex metzabok","","Pet n","Guatemala","2009-10-14","tropical moist forest ex sifted leaf litter",390,"point","16.441338","-89.53447"
"http://antweb.org/api/v2/?occurrenceId=CAS:ANTWEB:casent0614346","casent0614346","formicidae","myrmicinae","Adelomyrmex","metzabok","Adelomyrmex metzabok","","Pet n","Guatemala","2009-10-14","tropical moist forest ex sifted leaf litter",400,"point","16.44227","-89.53534"
"http://antweb.org/api/v2/?occurrenceId=CAS:ANTWEB:casent0624255","casent0624255","formicidae","myrmicinae","Adelomyrmex","metzabok","Adelomyrmex metzabok","","Chiapas","Mexico","2009-01-28","mesophil forest ex sifted leaf litter",860,"point","16.98023","-91.5861"
"http://antweb.org/api/v2/?occurrenceId=CAS:ANTWEB:casent0624256","casent0624256","formicidae","myrmicinae","Adelomyrmex","metzabok","Adelomyrmex metzabok","","Chiapas","Mexico","2009-01-06","2 wet forest ex sifted leaf litter",70,"point","17.51488","-92.29531"
"http://antweb.org/api/v2/?occurrenceId=CAS:ANTWEB:casent0627820","casent0627820","formicidae","myrmicinae","Adelomyrmex","metzabok","Adelomyrmex metzabok","Holotype Adelomyrmex metzabok","Chiapas","Mexico","2012-03-15","lowland wet forest ex sifted leaf litter",570,"point","17.12614","-91.63061"
"http://antweb.org/api/v2/?occurrenceId=CAS:ANTWEB:casent0627821","casent0627821","formicidae","myrmicinae","Adelomyrmex","metzabok","Adelomyrmex metzabok","Paratype Adelomyrmex metzabok","Chiapas","Mexico","2012-03-15","lowland wet forest ex sifted leaf litter",570,"point","17.12614","-91.63061"
"http://antweb.org/api/v2/?occurrenceId=CAS:ANTWEB:casent0627822","casent0627822","formicidae","myrmicinae","Adelomyrmex","metzabok","Adelomyrmex metzabok","Paratype Adelomyrmex metzabok","Chiapas","Mexico","2012-03-15","lowland wet forest ex sifted leaf litter",570,"point","17.12614","-91.63061"
"http://antweb.org/api/v2/?occurrenceId=CAS:ANTWEB:casent0635285","casent0635285","formicidae","myrmicinae","Adelomyrmex","metzabok","Adelomyrmex metzabok","","Chiapas","Mexico","2014-10-01","2 wet forest ex sifted leaf litter",180,"point","17.38542","-92.42802"
"http://antweb.org/api/v2/?occurrenceId=CAS:ANTWEB:jtl-sv00130.29","jtl-sv00130.29","formicidae","myrmicinae","Adelomyrmex","metzabok","Adelomyrmex metzabok","","Chiapas","Mexico","2009-01-28","2 mesophil forest ex sifted leaf litter",860,"point","16.98023","-91.5861"
"http://antweb.org/api/v2/?occurrenceId=CAS:ANTWEB:jtl-sv00132.10","jtl-sv00132.10","formicidae","myrmicinae","Adelomyrmex","metzabok","Adelomyrmex metzabok","","Chiapas","Mexico","2009-01-28","mesophil forest ex sifted leaf litter",860,"point","16.98023","-91.5861"
"http://antweb.org/api/v2/?occurrenceId=CAS:ANTWEB:jtl-sv00135.07","jtl-sv00135.07","formicidae","myrmicinae","Adelomyrmex","metzabok","Adelomyrmex metzabok","","Chiapas","Mexico","2009-01-28","2 wet forest ex sifted leaf litter",180,"point","17.38542","-92.42802"
"http://antweb.org/api/v2/?occurrenceId=CAS:ANTWEB:jtl-sv00136.02","jtl-sv00136.02","formicidae","myrmicinae","Adelomyrmex","metzabok","Adelomyrmex metzabok","","Chiapas","Mexico","2009-01-28","2 wet forest ex sifted leaf litter",100,"point","17.51466","-92.29878"
"http://antweb.org/api/v2/?occurrenceId=CAS:ANTWEB:jtl-sv00137.15","jtl-sv00137.15","formicidae","myrmicinae","Adelomyrmex","metzabok","Adelomyrmex metzabok","","Chiapas","Mexico","2009-01-28","2 wet forest ex sifted leaf litter",70,"point","17.51427","-92.29486"
"http://antweb.org/api/v2/?occurrenceId=CAS:ANTWEB:jtl-sv00138.07","jtl-sv00138.07","formicidae","myrmicinae","Adelomyrmex","metzabok","Adelomyrmex metzabok","","Chiapas","Mexico","2009-01-28","lowland wet forest ex sifted leaf litter",160,"point","16.15284","-90.90118"
"http://antweb.org/api/v2/?occurrenceId=CAS:ANTWEB:jtl-sv00789.1","jtl-sv00789.1","formicidae","myrmicinae","Adelomyrmex","metzabok","Adelomyrmex metzabok","","Chiapas","Mexico","2009-03-02","mature wet forest ex sifted leaf litter",160,"point","16.15929","-90.90155"
"http://antweb.org/api/v2/?occurrenceId=CAS:ANTWEB:jtl205006","jtl205006","formicidae","myrmicinae","Adelomyrmex","metzabok","Adelomyrmex metzabok","","Chiapas","Mexico","2008-10-27","lowland wet forest ex sifted leaf litter",570,"point","17.12566","-91.63088"
"http://antweb.org/api/v2/?occurrenceId=CAS:ANTWEB:jtl205075","jtl205075","formicidae","myrmicinae","Adelomyrmex","metzabok","Adelomyrmex metzabok","","Chiapas","Mexico","2008-10-27","lowland wet forest ex sifted leaf litter",570,"point","17.12598","-91.6307"
"http://antweb.org/api/v2/?occurrenceId=CAS:ANTWEB:jtl205182","jtl205182","formicidae","myrmicinae","Adelomyrmex","metzabok","Adelomyrmex metzabok","","Chiapas","Mexico","2008-10-27","lowland wet forest ex sifted leaf litter",570,"point","17.12641","-91.63045"
"http://antweb.org/api/v2/?occurrenceId=CAS:ANTWEB:jtl205352","jtl205352","formicidae","myrmicinae","Adelomyrmex","metzabok","Adelomyrmex metzabok","","Chiapas","Mexico","2008-10-27","lowland wet forest ex sifted leaf litter",570,"point","17.12701","-91.63003"
"http://antweb.org/api/v2/?occurrenceId=CAS:ANTWEB:jtl205360","jtl205360","formicidae","myrmicinae","Adelomyrmex","metzabok","Adelomyrmex metzabok","","Chiapas","Mexico","2008-10-27","lowland wet forest ex sifted leaf litter",570,"point","17.12704","-91.63"
"http://antweb.org/api/v2/?occurrenceId=CAS:ANTWEB:jtl205390","jtl205390","formicidae","myrmicinae","Adelomyrmex","metzabok","Adelomyrmex metzabok","","Chiapas","Mexico","2008-10-27","lowland wet forest ex sifted leaf litter",570,"point","17.12711","-91.62993"
"http://antweb.org/api/v2/?occurrenceId=CAS:ANTWEB:jtl205453","jtl205453","formicidae","myrmicinae","Adelomyrmex","metzabok","Adelomyrmex metzabok","","Chiapas","Mexico","2008-10-27","lowland wet forest ex sifted leaf litter",570,"point","17.12743","-91.62995"
"http://antweb.org/api/v2/?occurrenceId=CAS:ANTWEB:jtl205519","jtl205519","formicidae","myrmicinae","Adelomyrmex","metzabok","Adelomyrmex metzabok","","Chiapas","Mexico","2008-10-27","lowland wet forest ex sifted leaf litter",575,"point","17.1238","-91.63654"
"http://antweb.org/api/v2/?occurrenceId=CAS:ANTWEB:jtl205537","jtl205537","formicidae","myrmicinae","Adelomyrmex","metzabok","Adelomyrmex metzabok","","Chiapas","Mexico","2008-10-27","lowland wet forest ex sifted leaf litter",575,"point","17.1238","-91.63659"
"http://antweb.org/api/v2/?occurrenceId=CAS:ANTWEB:jtl205547","jtl205547","formicidae","myrmicinae","Adelomyrmex","metzabok","Adelomyrmex metzabok","","Chiapas","Mexico","2008-10-27","lowland wet forest ex sifted leaf litter",575,"point","17.1238","-91.63664"
"http://antweb.org/api/v2/?occurrenceId=CAS:ANTWEB:jtl205571","jtl205571","formicidae","myrmicinae","Adelomyrmex","metzabok","Adelomyrmex metzabok","","Chiapas","Mexico","2008-10-27","lowland wet forest ex sifted leaf litter",575,"point","17.1238","-91.63673"
"http://antweb.org/api/v2/?occurrenceId=CAS:ANTWEB:jtl205601","jtl205601","formicidae","myrmicinae","Adelomyrmex","metzabok","Adelomyrmex metzabok","","Chiapas","Mexico","2008-10-27","lowland wet forest ex sifted leaf litter",575,"point","17.1238","-91.63682"
"http://antweb.org/api/v2/?occurrenceId=CAS:ANTWEB:jtl205622","jtl205622","formicidae","myrmicinae","Adelomyrmex","metzabok","Adelomyrmex metzabok","","Chiapas","Mexico","2008-10-27","lowland wet forest ex sifted leaf litter",575,"point","17.12377","-91.63691"
"http://antweb.org/api/v2/?occurrenceId=CAS:ANTWEB:jtl205693","jtl205693","formicidae","myrmicinae","Adelomyrmex","metzabok","Adelomyrmex metzabok","","Chiapas","Mexico","2008-10-27","lowland wet forest ex sifted leaf litter",575,"point","17.12366","-91.63711"
"http://antweb.org/api/v2/?occurrenceId=CAS:ANTWEB:jtl205722","jtl205722","formicidae","myrmicinae","Adelomyrmex","metzabok","Adelomyrmex metzabok","","Chiapas","Mexico","2008-10-27","lowland wet forest ex sifted leaf litter",575,"point","17.12367","-91.6372"
"http://antweb.org/api/v2/?occurrenceId=CAS:ANTWEB:jtl205751","jtl205751","formicidae","myrmicinae","Adelomyrmex","metzabok","Adelomyrmex metzabok","","Chiapas","Mexico","2008-10-27","lowland wet forest ex sifted leaf litter",575,"point","17.12368","-91.6373"
"http://antweb.org/api/v2/?occurrenceId=CAS:ANTWEB:jtl205829","jtl205829","formicidae","myrmicinae","Adelomyrmex","metzabok","Adelomyrmex metzabok","","Chiapas","Mexico","2008-10-27","lowland wet forest ex sifted leaf litter",575,"point","17.1236","-91.63766"
"http://antweb.org/api/v2/?occurrenceId=CAS:ANTWEB:jtl205909","jtl205909","formicidae","myrmicinae","Adelomyrmex","metzabok","Adelomyrmex metzabok","","Chiapas","Mexico","2008-10-27","lowland wet forest ex sifted leaf litter",575,"point","17.12352","-91.63798"
"http://antweb.org/api/v2/?occurrenceId=CAS:ANTWEB:jtl205977","jtl205977","formicidae","myrmicinae","Adelomyrmex","metzabok","Adelomyrmex metzabok","","Chiapas","Mexico","2008-10-27","lowland wet forest ex sifted leaf litter",575,"point","17.12347","-91.63816"
"http://antweb.org/api/v2/?occurrenceId=CAS:ANTWEB:jtl205997","jtl205997","formicidae","myrmicinae","Adelomyrmex","metzabok","Adelomyrmex metzabok","","Chiapas","Mexico","2008-10-27","lowland wet forest ex sifted leaf litter",575,"point","17.12346","-91.6382"
"http://antweb.org/api/v2/?occurrenceId=CAS:ANTWEB:jtl206068","jtl206068","formicidae","myrmicinae","Adelomyrmex","metzabok","Adelomyrmex metzabok","","Chiapas","Mexico","2008-10-27","lowland wet forest ex sifted leaf litter",575,"point","17.1234","-91.63843"
"http://antweb.org/api/v2/?occurrenceId=CAS:ANTWEB:jtl206097","jtl206097","formicidae","myrmicinae","Adelomyrmex","metzabok","Adelomyrmex metzabok","","Chiapas","Mexico","2008-10-27","lowland wet forest ex sifted leaf litter",575,"point","17.12337","-91.63852"
"http://antweb.org/api/v2/?occurrenceId=CAS:ANTWEB:jtl208152","jtl208152","formicidae","myrmicinae","Adelomyrmex","metzabok","Adelomyrmex metzabok","","Chiapas","Mexico","2008-12-16","mesophil forest ex sifted leaf litter",985,"point","16.96295","-91.59339"
"http://antweb.org/api/v2/?occurrenceId=CAS:ANTWEB:jtl208195","jtl208195","formicidae","myrmicinae","Adelomyrmex","metzabok","Adelomyrmex metzabok","","Chiapas","Mexico","2008-12-16","mesophil forest ex sifted leaf litter",985,"point","16.96304","-91.59338"
"http://antweb.org/api/v2/?occurrenceId=CAS:ANTWEB:jtl208777","jtl208777","formicidae","myrmicinae","Adelomyrmex","metzabok","Adelomyrmex metzabok","","Chiapas","Mexico","2008-12-16","mesophil forest ex sifted leaf litter",985,"point","16.96408","-91.59236"
"http://antweb.org/api/v2/?occurrenceId=CAS:ANTWEB:jtl208841","jtl208841","formicidae","myrmicinae","Adelomyrmex","metzabok","Adelomyrmex metzabok","","Chiapas","Mexico","2008-12-16","mesophil forest ex sifted leaf litter",930,"point","16.94864","-91.59378"
"http://antweb.org/api/v2/?occurrenceId=CAS:ANTWEB:jtl208858","jtl208858","formicidae","myrmicinae","Adelomyrmex","metzabok","Adelomyrmex metzabok","","Chiapas","Mexico","2008-12-16","mesophil forest ex sifted leaf litter",930,"point","16.94864","-91.59383"
"http://antweb.org/api/v2/?occurrenceId=CAS:ANTWEB:jtl208895","jtl208895","formicidae","myrmicinae","Adelomyrmex","metzabok","Adelomyrmex metzabok","","Chiapas","Mexico","2008-12-16","mesophil forest ex sifted leaf litter",930,"point","16.94868","-91.59401"
"http://antweb.org/api/v2/?occurrenceId=CAS:ANTWEB:jtl208920","jtl208920","formicidae","myrmicinae","Adelomyrmex","metzabok","Adelomyrmex metzabok","","Chiapas","Mexico","2008-12-16","mesophil forest ex sifted leaf litter",930,"point","16.9487","-91.59411"
"http://antweb.org/api/v2/?occurrenceId=CAS:ANTWEB:jtl208935","jtl208935","formicidae","myrmicinae","Adelomyrmex","metzabok","Adelomyrmex metzabok","","Chiapas","Mexico","2008-12-16","mesophil forest ex sifted leaf litter",930,"point","16.94872","-91.5942"
"http://antweb.org/api/v2/?occurrenceId=CAS:ANTWEB:jtl208945","jtl208945","formicidae","myrmicinae","Adelomyrmex","metzabok","Adelomyrmex metzabok","","Chiapas","Mexico","2008-12-16","mesophil forest ex sifted leaf litter",930,"point","16.94873","-91.59424"
"http://antweb.org/api/v2/?occurrenceId=CAS:ANTWEB:jtl208957","jtl208957","formicidae","myrmicinae","Adelomyrmex","metzabok","Adelomyrmex metzabok","","Chiapas","Mexico","2008-12-16","mesophil forest ex sifted leaf litter",930,"point","16.94873","-91.59429"
"http://antweb.org/api/v2/?occurrenceId=CAS:ANTWEB:jtl208971","jtl208971","formicidae","myrmicinae","Adelomyrmex","metzabok","Adelomyrmex metzabok","","Chiapas","Mexico","2008-12-16","mesophil forest ex sifted leaf litter",930,"point","16.94874","-91.59434"
"http://antweb.org/api/v2/?occurrenceId=CAS:ANTWEB:jtl208979","jtl208979","formicidae","myrmicinae","Adelomyrmex","metzabok","Adelomyrmex metzabok","","Chiapas","Mexico","2008-12-16","mesophil forest ex sifted leaf litter",930,"point","16.94875","-91.59438"
"http://antweb.org/api/v2/?occurrenceId=CAS:ANTWEB:jtl208994","jtl208994","formicidae","myrmicinae","Adelomyrmex","metzabok","Adelomyrmex metzabok","","Chiapas","Mexico","2008-12-16","mesophil forest ex sifted leaf litter",930,"point","16.94876","-91.59443"
"http://antweb.org/api/v2/?occurrenceId=CAS:ANTWEB:jtl209010","jtl209010","formicidae","myrmicinae","Adelomyrmex","metzabok","Adelomyrmex metzabok","","Chiapas","Mexico","2008-12-16","mesophil forest ex sifted leaf litter",930,"point","16.94877","-91.59447"
"http://antweb.org/api/v2/?occurrenceId=CAS:ANTWEB:jtl209020","jtl209020","formicidae","myrmicinae","Adelomyrmex","metzabok","Adelomyrmex metzabok","","Chiapas","Mexico","2008-12-16","mesophil forest ex sifted leaf litter",930,"point","16.94878","-91.59452"
"http://antweb.org/api/v2/?occurrenceId=CAS:ANTWEB:jtl209028","jtl209028","formicidae","myrmicinae","Adelomyrmex","metzabok","Adelomyrmex metzabok","","Chiapas","Mexico","2008-12-16","mesophil forest ex sifted leaf litter",930,"point","16.94879","-91.59457"
"http://antweb.org/api/v2/?occurrenceId=CAS:ANTWEB:jtl209121","jtl209121","formicidae","myrmicinae","Adelomyrmex","metzabok","Adelomyrmex metzabok","","Chiapas","Mexico","2008-12-16","mesophil forest ex sifted leaf litter",930,"point","16.94888","-91.59503"
"http://antweb.org/api/v2/?occurrenceId=CAS:ANTWEB:jtl209129","jtl209129","formicidae","myrmicinae","Adelomyrmex","metzabok","Adelomyrmex metzabok","","Chiapas","Mexico","2008-12-16","mesophil forest ex sifted leaf litter",930,"point","16.94889","-91.59507"
"http://antweb.org/api/v2/?occurrenceId=CAS:ANTWEB:jtl209141","jtl209141","formicidae","myrmicinae","Adelomyrmex","metzabok","Adelomyrmex metzabok","","Chiapas","Mexico","2008-12-16","mesophil forest ex sifted leaf litter",930,"point","16.94889","-91.59512"
"http://antweb.org/api/v2/?occurrenceId=CAS:ANTWEB:jtl209187","jtl209187","formicidae","myrmicinae","Adelomyrmex","metzabok","Adelomyrmex metzabok","","Chiapas","Mexico","2008-12-16","mesophil forest ex sifted leaf litter",930,"point","16.94896","-91.59544"
"http://antweb.org/api/v2/?occurrenceId=CAS:ANTWEB:jtl209194","jtl209194","formicidae","myrmicinae","Adelomyrmex","metzabok","Adelomyrmex metzabok","","Chiapas","Mexico","2008-12-16","mesophil forest ex sifted leaf litter",930,"point","16.94897","-91.59549"
"http://antweb.org/api/v2/?occurrenceId=CAS:ANTWEB:jtl209212","jtl209212","formicidae","myrmicinae","Adelomyrmex","metzabok","Adelomyrmex metzabok","","Chiapas","Mexico","2008-12-16","mesophil forest ex sifted leaf litter",930,"point","16.94899","-91.59562"
"http://antweb.org/api/v2/?occurrenceId=CAS:ANTWEB:jtl209232","jtl209232","formicidae","myrmicinae","Adelomyrmex","metzabok","Adelomyrmex metzabok","","Chiapas","Mexico","2008-12-16","mesophil forest ex sifted leaf litter",930,"point","16.94904","-91.59585"
"http://antweb.org/api/v2/?occurrenceId=CAS:ANTWEB:jtl209736","jtl209736","formicidae","myrmicinae","Adelomyrmex","metzabok","Adelomyrmex metzabok","","Chiapas","Mexico","2009-01-06","2 wet forest ex sifted leaf litter",70,"point","17.51442","-92.295"
"http://antweb.org/api/v2/?occurrenceId=CAS:ANTWEB:jtl209750","jtl209750","formicidae","myrmicinae","Adelomyrmex","metzabok","Adelomyrmex metzabok","","Chiapas","Mexico","2009-01-06","2 wet forest ex sifted leaf litter",70,"point","17.51446","-92.29503"
"http://antweb.org/api/v2/?occurrenceId=CAS:ANTWEB:jtl209766","jtl209766","formicidae","myrmicinae","Adelomyrmex","metzabok","Adelomyrmex metzabok","","Chiapas","Mexico","2009-01-06","2 wet forest ex sifted leaf litter",70,"point","17.5145","-92.29505"
"http://antweb.org/api/v2/?occurrenceId=CAS:ANTWEB:jtl209796","jtl209796","formicidae","myrmicinae","Adelomyrmex","metzabok","Adelomyrmex metzabok","","Chiapas","Mexico","2009-01-06","2 wet forest ex sifted leaf litter",70,"point","17.51457","-92.2951"
"http://antweb.org/api/v2/?occurrenceId=CAS:ANTWEB:jtl209897","jtl209897","formicidae","myrmicinae","Adelomyrmex","metzabok","Adelomyrmex metzabok","","Chiapas","Mexico","2009-01-06","2 wet forest ex sifted leaf litter",70,"point","17.51495","-92.29536"
"http://antweb.org/api/v2/?occurrenceId=CAS:ANTWEB:jtl210005","jtl210005","formicidae","myrmicinae","Adelomyrmex","metzabok","Adelomyrmex metzabok","","Chiapas","Mexico","2009-01-06","2 wet forest ex sifted leaf litter",70,"point","17.51537","-92.29564"
"http://antweb.org/api/v2/?occurrenceId=CAS:ANTWEB:jtl210154","jtl210154","formicidae","myrmicinae","Adelomyrmex","metzabok","Adelomyrmex metzabok","","Chiapas","Mexico","2009-01-06","2 wet forest ex sifted leaf litter",70,"point","17.51598","-92.29605"
"http://antweb.org/api/v2/?occurrenceId=CAS:ANTWEB:jtl210561","jtl210561","formicidae","myrmicinae","Adelomyrmex","metzabok","Adelomyrmex metzabok","","Chiapas","Mexico","2009-01-06","2 wet forest ex sifted leaf litter",100,"point","17.51593","-92.3024"
"http://antweb.org/api/v2/?occurrenceId=CAS:ANTWEB:jtl210637","jtl210637","formicidae","myrmicinae","Adelomyrmex","metzabok","Adelomyrmex metzabok","","Chiapas","Mexico","2009-01-06","2 wet forest ex sifted leaf litter",100,"point","17.51573","-92.30254"
"http://antweb.org/api/v2/?occurrenceId=CAS:ANTWEB:jtl210653","jtl210653","formicidae","myrmicinae","Adelomyrmex","metzabok","Adelomyrmex metzabok","","Chiapas","Mexico","2009-01-06","2 wet forest ex sifted leaf litter",100,"point","17.51568","-92.30254"
"http://antweb.org/api/v2/?occurrenceId=CAS:ANTWEB:jtl211150","jtl211150","formicidae","myrmicinae","Adelomyrmex","metzabok","Adelomyrmex metzabok","","Chiapas","Mexico","2009-01-06","mature wet forest ex sifted leaf litter",160,"point","16.16043","-90.90146"
"http://antweb.org/api/v2/?occurrenceId=CAS:ANTWEB:jtl211197","jtl211197","formicidae","myrmicinae","Adelomyrmex","metzabok","Adelomyrmex metzabok","","Chiapas","Mexico","2009-01-06","mature wet forest ex sifted leaf litter",160,"point","16.1606","-90.90149"
"http://antweb.org/api/v2/?occurrenceId=CAS:ANTWEB:jtl211215","jtl211215","formicidae","myrmicinae","Adelomyrmex","metzabok","Adelomyrmex metzabok","","Chiapas","Mexico","2009-01-06","mature wet forest ex sifted leaf litter",160,"point","16.16065","-90.90148"
"http://antweb.org/api/v2/?occurrenceId=CAS:ANTWEB:jtl211394","jtl211394","formicidae","myrmicinae","Adelomyrmex","metzabok","Adelomyrmex metzabok","","Chiapas","Mexico","2009-01-06","mature wet forest ex sifted leaf litter",160,"point","16.16125","-90.90121"
"http://antweb.org/api/v2/?occurrenceId=CAS:ANTWEB:jtl220140","jtl220140","formicidae","myrmicinae","Adelomyrmex","metzabok","Adelomyrmex metzabok","","Chiapas","Mexico","2009-02-17","mesophil forest at bait",985,"point","16.96291","-91.59335"
"http://antweb.org/api/v2/?occurrenceId=CAS:ANTWEB:jtl223817","jtl223817","formicidae","myrmicinae","Adelomyrmex","metzabok","Adelomyrmex metzabok","","Chiapas","Mexico","2009-03-02","2 wet forest ex sifted leaf litter",180,"point","16.14125","-90.91838"
"http://antweb.org/api/v2/?occurrenceId=CAS:ANTWEB:jtl223853","jtl223853","formicidae","myrmicinae","Adelomyrmex","metzabok","Adelomyrmex metzabok","","Chiapas","Mexico","2009-03-02","2 wet forest ex sifted leaf litter",180,"point","16.14125","-90.91838"
"http://antweb.org/api/v2/?occurrenceId=CAS:ANTWEB:jtl730886","jtl730886","formicidae","myrmicinae","Adelomyrmex","metzabok","Adelomyrmex metzabok","","Chiapas","Mexico","2008-10-27","lowland wet forest ex sifted leaf litter",570,"point","17.12626","-91.63054"
"http://antweb.org/api/v2/?occurrenceId=CAS:ANTWEB:jtl733805","jtl733805","formicidae","myrmicinae","Adelomyrmex","metzabok","Adelomyrmex metzabok","","Chiapas","Mexico","2015-04-23","2 wet forest ex sifted leaf litter",180,"point","17.38542","-92.42802"
"http://antweb.org/api/v2/?occurrenceId=CAS:ANTWEB:jtl733829","jtl733829","formicidae","myrmicinae","Adelomyrmex","metzabok","Adelomyrmex metzabok","","Chiapas","Mexico","2015-04-23","mature wet forest ex sifted leaf litter",160,"point","16.15961","-90.90159"
"http://antweb.org/api/v2/?occurrenceId=CAS:ANTWEB:jtl733835","jtl733835","formicidae","myrmicinae","Adelomyrmex","metzabok","Adelomyrmex metzabok","","Pet n","Guatemala","2015-04-24","tropical moist forest ex sifted leaf litter",400,"point","16.44569","-89.54982"
"http://antweb.org/api/v2/?occurrenceId=CAS:ANTWEB:jtl733854","jtl733854","formicidae","myrmicinae","Adelomyrmex","metzabok","Adelomyrmex metzabok","","Pet n","Guatemala","2015-04-23","tropical moist forest ex sifted leaf litter",400,"point","16.44227","-89.53534"
"http://antweb.org/api/v2/?occurrenceId=CAS:ANTWEB:jtlc-vial-002222.37","jtlc-vial-002222.37","formicidae","myrmicinae","Adelomyrmex","metzabok","Adelomyrmex metzabok","","Chiapas","Mexico","2009-02-10","lowland wet forest ex sifted leaf litter",570,"point","17.12562","-91.63086"
"http://antweb.org/api/v2/?occurrenceId=CAS:ANTWEB:jtlc-vial-002223.21","jtlc-vial-002223.21","formicidae","myrmicinae","Adelomyrmex","metzabok","Adelomyrmex metzabok","","Chiapas","Mexico","2009-02-10","lowland wet forest ex sifted leaf litter",575,"point","17.1238","-91.63635"
"http://antweb.org/api/v2/?occurrenceId=CAS:ANTWEB:jtlc-vial-002224.03","jtlc-vial-002224.03","formicidae","myrmicinae","Adelomyrmex","metzabok","Adelomyrmex metzabok","","Chiapas","Mexico","2009-02-10","lowland wet forest ex sifted leaf litter",590,"point","17.12549","-91.63751"
"http://antweb.org/api/v2/?occurrenceId=CAS:ANTWEB:jtlc-vial-002225.02","jtlc-vial-002225.02","formicidae","myrmicinae","Adelomyrmex","metzabok","Adelomyrmex metzabok","","Chiapas","Mexico","2009-02-17","mesophil forest ex sifted leaf litter",950,"point","16.96291","-91.59335"
"http://antweb.org/api/v2/?occurrenceId=CAS:ANTWEB:jtlc-vial-002248.26","jtlc-vial-002248.26","formicidae","myrmicinae","Adelomyrmex","metzabok","Adelomyrmex metzabok","","Chiapas","Mexico","2009-03-02","2 wet forest ex sifted leaf litter",180,"point","16.14833","-90.89713"
"http://antweb.org/api/v2/?occurrenceId=CAS:ANTWEB:jtlc000009740","jtlc000009740","formicidae","myrmicinae","Adelomyrmex","metzabok","Adelomyrmex metzabok","","Chiapas","Mexico","2007-10-15","montane wet forest ex sifted leaf litter",950,"point","16.97417","-91.58592"
"http://antweb.org/api/v2/?occurrenceId=CAS:ANTWEB:jtlc000010100","jtlc000010100","formicidae","myrmicinae","Adelomyrmex","metzabok","Adelomyrmex metzabok","Paratype Adelomyrmex metzabok","Chiapas","Mexico","2007-10-15","wet forest ex sifted leaf litter",600,"point","17.1255","-91.63081"
"http://antweb.org/api/v2/?occurrenceId=CAS:ANTWEB:jtlc000010146","jtlc000010146","formicidae","myrmicinae","Adelomyrmex","metzabok","Adelomyrmex metzabok","","Chiapas","Mexico","2007-10-15","lowland wet forest ex sifted leaf litter",170,"point","16.138533","-90.90147"
"http://antweb.org/api/v2/?occurrenceId=CAS:ANTWEB:jtlc000010147","jtlc000010147","formicidae","myrmicinae","Adelomyrmex","metzabok","Adelomyrmex metzabok","","Chiapas","Mexico","2007-10-15","lowland wet forest ex sifted leaf litter",170,"point","16.138533","-90.90147"
"http://antweb.org/api/v2/?occurrenceId=CAS:ANTWEB:jtlc000014343","jtlc000014343","formicidae","myrmicinae","Adelomyrmex","metzabok","Adelomyrmex metzabok","Paratype Adelomyrmex metzabok","Chiapas","Mexico","2008-10-27","lowland wet forest ex sifted leaf litter",570,"point","17.12562","-91.6309"
"http://antweb.org/api/v2/?occurrenceId=CAS:ANTWEB:jtlc000014346","jtlc000014346","formicidae","myrmicinae","Adelomyrmex","metzabok","Adelomyrmex metzabok","Paratype Adelomyrmex metzabok","Chiapas","Mexico","2008-10-27","lowland wet forest ex sifted leaf litter",570,"point","17.12566","-91.63088"
"http://antweb.org/api/v2/?occurrenceId=CAS:ANTWEB:jtlc000014355","jtlc000014355","formicidae","myrmicinae","Adelomyrmex","metzabok","Adelomyrmex metzabok","Paratype Adelomyrmex metzabok","Chiapas","Mexico","2008-10-27","lowland wet forest ex sifted leaf litter",570,"point","17.12602","-91.63068"
"http://antweb.org/api/v2/?occurrenceId=CAS:ANTWEB:jtlc000014516","jtlc000014516","formicidae","myrmicinae","Adelomyrmex","metzabok","Adelomyrmex metzabok","","Chiapas","Mexico","2009-01-06","2 wet forest ex sifted leaf litter",70,"point","17.51442","-92.295"
