"url","catalogNumber","family","subfamily","genus","specificEpithet","scientific_name","typeStatus","stateProvince","country","dateIdentified","habitat","minimumElevationInMeters","geojson.type","decimal_latitude","decimal_longitude"
"http://antweb.org/api/v2/?occurrenceId=CAS:ANTWEB:anic32-066577","anic32-066577","formicidae","myrmicinae","Adelomyrmex","hirsutus","Adelomyrmex hirsutus","","","Fiji","","rainforest litter sample",1100,"point","-17.5667","177.967"
"http://antweb.org/api/v2/?occurrenceId=CAS:ANTWEB:casent0181554","casent0181554","formicidae","myrmicinae","Adelomyrmex","hirsutus","Adelomyrmex hirsutus","","Ba","Fiji","","primary rainforest",1125,"point","-17.68658","177.54391"
"http://antweb.org/api/v2/?occurrenceId=CAS:ANTWEB:casent0181559","casent0181559","formicidae","myrmicinae","Adelomyrmex","hirsutus","Adelomyrmex hirsutus","","Rewa","Fiji","","primary rainforest",300,"point","-18.01667","178.35"
"http://antweb.org/api/v2/?occurrenceId=CAS:ANTWEB:casent0181565","casent0181565","formicidae","myrmicinae","Adelomyrmex","hirsutus","Adelomyrmex hirsutus","","Lau","Fiji","","coastal forest",75,"point","-18.566","179.89954"
"http://antweb.org/api/v2/?occurrenceId=CAS:ANTWEB:casent0181573","casent0181573","formicidae","myrmicinae","Adelomyrmex","hirsutus","Adelomyrmex hirsutus","","Lau","Fiji","","coastal forest",75,"point","-18.566","179.89954"
"http://antweb.org/api/v2/?occurrenceId=CAS:ANTWEB:casent0181575","casent0181575","formicidae","myrmicinae","Adelomyrmex","hirsutus","Adelomyrmex hirsutus","","Lomaiviti","Fiji","","disturbed rainforest litter sifting, ex. soil, leaf litter, decaying wood",220,"point","-17.27533","179.37418"
"http://antweb.org/api/v2/?occurrenceId=CAS:ANTWEB:casent0181577","casent0181577","formicidae","myrmicinae","Adelomyrmex","hirsutus","Adelomyrmex hirsutus","","Rewa","Fiji","","primary rainforest",300,"point","-18.07605","178.36278"
"http://antweb.org/api/v2/?occurrenceId=CAS:ANTWEB:casent0181581","casent0181581","formicidae","myrmicinae","Adelomyrmex","hirsutus","Adelomyrmex hirsutus","","Ba","Fiji","","disturbed forest",700,"point","-17.66667","177.5525"
"http://antweb.org/api/v2/?occurrenceId=CAS:ANTWEB:casent0181585","casent0181585","formicidae","myrmicinae","Adelomyrmex","hirsutus","Adelomyrmex hirsutus","","Cakaudrove","Fiji","","disturbed forest",300,"point","-16.71639","179.66333"
"http://antweb.org/api/v2/?occurrenceId=CAS:ANTWEB:casent0181588","casent0181588","formicidae","myrmicinae","Adelomyrmex","hirsutus","Adelomyrmex hirsutus","","Ba","Fiji","","disturbed forest",700,"point","-17.66667","177.5525"
"http://antweb.org/api/v2/?occurrenceId=CAS:ANTWEB:casent0181589","casent0181589","formicidae","myrmicinae","Adelomyrmex","hirsutus","Adelomyrmex hirsutus","","Rewa","Fiji","","primary rainforest",300,"point","-18.01667","178.35"
"http://antweb.org/api/v2/?occurrenceId=CAS:ANTWEB:casent0181615","casent0181615","formicidae","myrmicinae","Adelomyrmex","hirsutus","Adelomyrmex hirsutus","","Lomaiviti","Fiji","","rainforest",300,"point","-17.27222","179.38861"
"http://antweb.org/api/v2/?occurrenceId=CAS:ANTWEB:casent0182488","casent0182488","formicidae","myrmicinae","Adelomyrmex","hirsutus","Adelomyrmex hirsutus","","Lau","Fiji","","coastal forest",75,"point","-18.566","179.89954"
"http://antweb.org/api/v2/?occurrenceId=CAS:ANTWEB:casent0634316","casent0634316","formicidae","myrmicinae","Adelomyrmex","hirsutus","Adelomyrmex hirsutus","","","Fiji","2014-10-07","coastal forest",50,"point","-18.566","178.8995"
