"url","catalogNumber","family","subfamily","genus","specificEpithet","scientific_name","typeStatus","stateProvince","country","dateIdentified","habitat","minimumElevationInMeters","geojson.type","decimal_latitude","decimal_longitude"
"http://antweb.org/api/v2/?occurrenceId=CAS:ANTWEB:casent0603622","casent0603622","formicidae","myrmicinae","Adelomyrmex","nortenyo","Adelomyrmex nortenyo","Paratype Adelomyrmex nortenyo","Tamaulipas","Mexico","2012-03-01","mixed oak ex forest litter",1200,"point","23.10105","-99.19234"
"http://antweb.org/api/v2/?occurrenceId=CAS:ANTWEB:casent0603623","casent0603623","formicidae","myrmicinae","Adelomyrmex","nortenyo","Adelomyrmex nortenyo","Paratype Adelomyrmex nortenyo","Tamaulipas","Mexico","2012-03-01","mixed oak ex forest litter",1200,"point","23.10105","-99.19234"
"http://antweb.org/api/v2/?occurrenceId=CAS:ANTWEB:casent0603630","casent0603630","formicidae","myrmicinae","Adelomyrmex","nortenyo","Adelomyrmex nortenyo","","Tamaulipas","Mexico","2012-03-01","liquidambar/oak ex forest litter",1450,"point","23.141216","-99.21315"
"http://antweb.org/api/v2/?occurrenceId=CAS:ANTWEB:casent0603634","casent0603634","formicidae","myrmicinae","Adelomyrmex","nortenyo","Adelomyrmex nortenyo","","Tamaulipas","Mexico","2012-03-01","mixed oak ex forest litter",1300,"point","23.141216","-99.21315"
"http://antweb.org/api/v2/?occurrenceId=CAS:ANTWEB:casent0627809","casent0627809","formicidae","myrmicinae","Adelomyrmex","nortenyo","Adelomyrmex nortenyo","Paratype Adelomyrmex nortenyo","Tamaulipas","Mexico","2012-03-15","mixed oak ex forest litter",1200,"point","23.10105","-99.19234"
"http://antweb.org/api/v2/?occurrenceId=CAS:ANTWEB:casent0627810","casent0627810","formicidae","myrmicinae","Adelomyrmex","nortenyo","Adelomyrmex nortenyo","Paratype Adelomyrmex nortenyo","Tamaulipas","Mexico","2012-03-15","mixed oak ex forest litter",1200,"point","23.10105","-99.19234"
"http://antweb.org/api/v2/?occurrenceId=CAS:ANTWEB:casent0627811","casent0627811","formicidae","myrmicinae","Adelomyrmex","nortenyo","Adelomyrmex nortenyo","Paratype Adelomyrmex nortenyo","Tamaulipas","Mexico","2012-03-15","mixed oak ex forest litter",1200,"point","23.10105","-99.19234"
"http://antweb.org/api/v2/?occurrenceId=CAS:ANTWEB:casent0627812","casent0627812","formicidae","myrmicinae","Adelomyrmex","nortenyo","Adelomyrmex nortenyo","Holotype Adelomyrmex nortenyo","Tamaulipas","Mexico","2012-03-15","mixed oak ex forest litter",1200,"point","23.10105","-99.19234"
"http://antweb.org/api/v2/?occurrenceId=CAS:ANTWEB:casent0627813","casent0627813","formicidae","myrmicinae","Adelomyrmex","nortenyo","Adelomyrmex nortenyo","Paratype Adelomyrmex nortenyo","Tamaulipas","Mexico","2012-03-15","mixed oak ex forest litter",1200,"point","23.10105","-99.19234"
"http://antweb.org/api/v2/?occurrenceId=CAS:ANTWEB:casent0634308","casent0634308","formicidae","myrmicinae","Adelomyrmex","nortenyo","Adelomyrmex nortenyo","","Tamaulipas","Mexico","2014-10-02","riparian wet forest ex sifted leaf litter",980,"point","23.06518","-99.20433"
"http://antweb.org/api/v2/?occurrenceId=CAS:ANTWEB:fmnhins0000095797","fmnhins0000095797","formicidae","myrmicinae","Adelomyrmex","nortenyo","Adelomyrmex nortenyo","","Tamaulipas","Mexico","2013-08-28","cloud forest ex sifted leaf litter",1000,"point","23","-99.1795"
"http://antweb.org/api/v2/?occurrenceId=CAS:ANTWEB:fmnhins0000095798","fmnhins0000095798","formicidae","myrmicinae","Adelomyrmex","nortenyo","Adelomyrmex nortenyo","","Tamaulipas","Mexico","2013-08-28","cloud forest ex sifted leaf litter",1000,"point","23","-99.1795"
"http://antweb.org/api/v2/?occurrenceId=CAS:ANTWEB:fmnhins0000101704","fmnhins0000101704","formicidae","myrmicinae","Adelomyrmex","nortenyo","Adelomyrmex nortenyo","","Hidalgo","Mexico","2013-09-12","cloud forest ex litter fungi",1500,"point","20.98776","-98.65927"
"http://antweb.org/api/v2/?occurrenceId=CAS:ANTWEB:fmnhins0000101715","fmnhins0000101715","formicidae","myrmicinae","Adelomyrmex","nortenyo","Adelomyrmex nortenyo","","Puebla","Mexico","2013-08-28","cloud forest ex sifted leaf litter",1220,"point","19.84668","-97.32619"
"http://antweb.org/api/v2/?occurrenceId=CAS:ANTWEB:jtl726058","jtl726058","formicidae","myrmicinae","Adelomyrmex","nortenyo","Adelomyrmex nortenyo","","Tamaulipas","Mexico","2014-10-01","mesophyll forest ex sifted leaf litter",1780,"point","23.05717","-99.25206"
