"url","catalogNumber","family","subfamily","genus","specificEpithet","scientific_name","typeStatus","stateProvince","country","dateIdentified","habitat","minimumElevationInMeters","geojson.type","decimal_latitude","decimal_longitude"
"http://antweb.org/api/v2/?occurrenceId=CAS:ANTWEB:casent0428613","casent0428613","formicidae","myrmicinae","Adelomyrmex","cristiani","Adelomyrmex cristiani","","Napo","Ecuador","2015-12-04","montane evergreen forest litter",2250,"point","-0.62778","-77.84389"
"http://antweb.org/api/v2/?occurrenceId=CAS:ANTWEB:casent0428618","casent0428618","formicidae","myrmicinae","Adelomyrmex","cristiani","Adelomyrmex cristiani","","Pichincha","Ecuador","2015-12-04","ridgetop montane forest litter",1620,"point","0.09278","-78.62694"
"http://antweb.org/api/v2/?occurrenceId=CAS:ANTWEB:casent0428619","casent0428619","formicidae","myrmicinae","Adelomyrmex","cristiani","Adelomyrmex cristiani","","Pichincha","Ecuador","2015-12-04","montane evergreen forest litter",1480,"point","-0.10694","-78.62167"
"http://antweb.org/api/v2/?occurrenceId=CAS:ANTWEB:casent0428620","casent0428620","formicidae","myrmicinae","Adelomyrmex","cristiani","Adelomyrmex cristiani","","Pichincha","Ecuador","2015-12-04","ridgetop montane forest litter",1620,"point","0.09278","-78.62694"
"http://antweb.org/api/v2/?occurrenceId=CAS:ANTWEB:casent0428621","casent0428621","formicidae","myrmicinae","Adelomyrmex","cristiani","Adelomyrmex cristiani","","Pichincha","Ecuador","2015-12-04","montane evergreen forest litter",1480,"point","-0.10694","-78.62167"
"http://antweb.org/api/v2/?occurrenceId=CAS:ANTWEB:casent0428626","casent0428626","formicidae","myrmicinae","Adelomyrmex","cristiani","Adelomyrmex cristiani","","Pichincha","Ecuador","2015-12-04","cloud forest litter",2250,"point","-0.015","-78.68222"
"http://antweb.org/api/v2/?occurrenceId=CAS:ANTWEB:casent0629014","casent0629014","formicidae","myrmicinae","Adelomyrmex","cristiani","Adelomyrmex cristiani","","Pichincha","Ecuador","2012-07-01","second-growth rainforest sifted litter leaf mold, rotten wood",1500,"point","0.11667","-78.63333"
"http://antweb.org/api/v2/?occurrenceId=CAS:ANTWEB:casent0629015","casent0629015","formicidae","myrmicinae","Adelomyrmex","cristiani","Adelomyrmex cristiani","","Valle","Colombia","2012-07-01","comunidad subandina",1950,NA,NA,NA
"http://antweb.org/api/v2/?occurrenceId=CAS:ANTWEB:casent0629016","casent0629016","formicidae","myrmicinae","Adelomyrmex","cristiani","Adelomyrmex cristiani","","Choc","Colombia","2012-07-01","selva subandina",1540,NA,NA,NA
"http://antweb.org/api/v2/?occurrenceId=CAS:ANTWEB:casent0633335","casent0633335","formicidae","myrmicinae","Adelomyrmex","cristiani","Adelomyrmex cristiani","","Cotopaxi","Ecuador","2014-12-19","",2000,"point","-0.41941","-78.99607"
"http://antweb.org/api/v2/?occurrenceId=CAS:ANTWEB:casent0633356","casent0633356","formicidae","myrmicinae","Adelomyrmex","cristiani","Adelomyrmex cristiani","","Santo Domingo","Ecuador","2014-12-19","",1209,"point","-0.39506","-78.981"
"http://antweb.org/api/v2/?occurrenceId=CAS:ANTWEB:jtl-sv00631.06","jtl-sv00631.06","formicidae","myrmicinae","Adelomyrmex","cristiani","Adelomyrmex cristiani","","Cotopaxi","Ecuador","2014-12-19","",2000,"point","-0.41941","-78.99607"
"http://antweb.org/api/v2/?occurrenceId=CAS:ANTWEB:jtl-sv00632.07","jtl-sv00632.07","formicidae","myrmicinae","Adelomyrmex","cristiani","Adelomyrmex cristiani","","Santo Domingo","Ecuador","2014-12-19","",1209,"point","-0.39506","-78.981"
