"url","catalogNumber","family","subfamily","genus","specificEpithet","scientific_name","typeStatus","stateProvince","country","dateIdentified","habitat","minimumElevationInMeters","geojson.type","decimal_latitude","decimal_longitude"
"http://antweb.org/api/v2/?occurrenceId=CAS:ANTWEB:casent0006907","casent0006907","formicidae","amblyoponinae","Adetomyrma","goblin","Adetomyrma goblin","","Diego-Suarez","Madagascar","2004-03-09","rainforest",960,"point","-12.51444","49.18139"
"http://antweb.org/api/v2/?occurrenceId=CAS:ANTWEB:casent0006907-d01","casent0006907-d01","formicidae","amblyoponinae","Adetomyrma","goblin","Adetomyrma goblin","","Diego-Suarez","Madagascar","","rainforest",960,"point","-12.51444","49.18139"
"http://antweb.org/api/v2/?occurrenceId=CAS:ANTWEB:casent0007328","casent0007328","formicidae","amblyoponinae","Adetomyrma","goblin","Adetomyrma goblin","","Diego-Suarez","Madagascar","2007-02-28","rainforest",1125,"point","-12.52028","49.17917"
"http://antweb.org/api/v2/?occurrenceId=CAS:ANTWEB:casent0007328-d01","casent0007328-d01","formicidae","amblyoponinae","Adetomyrma","goblin","Adetomyrma goblin","","Diego-Suarez","Madagascar","","rainforest",1125,"point","-12.52028","49.17917"
"http://antweb.org/api/v2/?occurrenceId=CAS:ANTWEB:casent0007332","casent0007332","formicidae","amblyoponinae","Adetomyrma","goblin","Adetomyrma goblin","","Diego-Suarez","Madagascar","2004-03-09","rainforest",1125,"point","-12.52028","49.17917"
"http://antweb.org/api/v2/?occurrenceId=CAS:ANTWEB:casent0007332-d01","casent0007332-d01","formicidae","amblyoponinae","Adetomyrma","goblin","Adetomyrma goblin","","Diego-Suarez","Madagascar","","rainforest",1125,"point","-12.52028","49.17917"
"http://antweb.org/api/v2/?occurrenceId=CAS:ANTWEB:casent0007390","casent0007390","formicidae","amblyoponinae","Adetomyrma","goblin","Adetomyrma goblin","","Diego-Suarez","Madagascar","2007-02-28","rainforest",975,"point","-12.51667","49.18333"
"http://antweb.org/api/v2/?occurrenceId=CAS:ANTWEB:casent0007401","casent0007401","formicidae","amblyoponinae","Adetomyrma","goblin","Adetomyrma goblin","","Diego-Suarez","Madagascar","2004-03-09","across sandy trail in dwarf litoral forest",10,"point","-12.26278","49.3975"
"http://antweb.org/api/v2/?occurrenceId=CAS:ANTWEB:casent0007401-d01","casent0007401-d01","formicidae","amblyoponinae","Adetomyrma","goblin","Adetomyrma goblin","","Diego-Suarez","Madagascar","","across sandy trail in dwarf litoral forest",10,"point","-12.26278","49.3975"
"http://antweb.org/api/v2/?occurrenceId=CAS:ANTWEB:casent0007402","casent0007402","formicidae","amblyoponinae","Adetomyrma","goblin","Adetomyrma goblin","","Diego-Suarez","Madagascar","2010-03-18","in dry forest",360,"point","-12.33333","49.25"
"http://antweb.org/api/v2/?occurrenceId=CAS:ANTWEB:casent0007407","casent0007407","formicidae","amblyoponinae","Adetomyrma","goblin","Adetomyrma goblin","","Diego-Suarez","Madagascar","2008-12-31","in dry forest",360,"point","-12.33333","49.25"
"http://antweb.org/api/v2/?occurrenceId=CAS:ANTWEB:casent0007419","casent0007419","formicidae","amblyoponinae","Adetomyrma","goblin","Adetomyrma goblin","","Diego-Suarez","Madagascar","2010-03-18","rainforest",1125,"point","-12.52028","49.17917"
"http://antweb.org/api/v2/?occurrenceId=CAS:ANTWEB:casent0007875","casent0007875","formicidae","amblyoponinae","Adetomyrma","goblin","Adetomyrma goblin","","Mahajanga","Madagascar","2011-12-31","tropical dry forest",210,"point","-16.26722","47.04861"
"http://antweb.org/api/v2/?occurrenceId=CAS:ANTWEB:casent0008668","casent0008668","formicidae","amblyoponinae","Adetomyrma","goblin","Adetomyrma goblin","","Toliara","Madagascar","2004-03-09","tropical dry forest sifted litter leaf mold, rotten wood",730,"point","-22.46667","44.85"
"http://antweb.org/api/v2/?occurrenceId=CAS:ANTWEB:casent0008669","casent0008669","formicidae","amblyoponinae","Adetomyrma","goblin","Adetomyrma goblin","","Toliara","Madagascar","2004-03-09","tropical dry forest sifted litter leaf mold, rotten wood",730,"point","-22.46667","44.85"
"http://antweb.org/api/v2/?occurrenceId=CAS:ANTWEB:casent0008670","casent0008670","formicidae","amblyoponinae","Adetomyrma","goblin","Adetomyrma goblin","","Toliara","Madagascar","2004-03-09","tropical dry forest sifted litter leaf mold, rotten wood",730,"point","-22.46667","44.85"
"http://antweb.org/api/v2/?occurrenceId=CAS:ANTWEB:casent0008671","casent0008671","formicidae","amblyoponinae","Adetomyrma","goblin","Adetomyrma goblin","","Toliara","Madagascar","2004-03-09","tropical dry forest sifted litter leaf mold, rotten wood",730,"point","-22.46667","44.85"
"http://antweb.org/api/v2/?occurrenceId=CAS:ANTWEB:casent0008672","casent0008672","formicidae","amblyoponinae","Adetomyrma","goblin","Adetomyrma goblin","","Toamasina","Madagascar","2004-03-09","littoral rainforest sifted litter leaf mold, rotten wood",10,"point","-17.2825","49.43"
"http://antweb.org/api/v2/?occurrenceId=CAS:ANTWEB:casent0008674","casent0008674","formicidae","amblyoponinae","Adetomyrma","goblin","Adetomyrma goblin","","Antsiranana","Madagascar","2004-03-09","montane rainforest sifted litter leaf mold, rotten wood",925,"point","-12.53444","49.1795"
"http://antweb.org/api/v2/?occurrenceId=CAS:ANTWEB:casent0008674-d01","casent0008674-d01","formicidae","amblyoponinae","Adetomyrma","goblin","Adetomyrma goblin","","Antsiranana","Madagascar","","montane rainforest sifted litter leaf mold, rotten wood",925,"point","-12.53444","49.1795"
"http://antweb.org/api/v2/?occurrenceId=CAS:ANTWEB:casent0008675","casent0008675","formicidae","amblyoponinae","Adetomyrma","goblin","Adetomyrma goblin","","Antsiranana","Madagascar","2004-03-09","montane rainforest sifted litter leaf mold, rotten wood",925,"point","-12.53444","49.1795"
"http://antweb.org/api/v2/?occurrenceId=CAS:ANTWEB:casent0008675-d01","casent0008675-d01","formicidae","amblyoponinae","Adetomyrma","goblin","Adetomyrma goblin","","Antsiranana","Madagascar","","montane rainforest sifted litter leaf mold, rotten wood",925,"point","-12.53444","49.1795"
"http://antweb.org/api/v2/?occurrenceId=CAS:ANTWEB:casent0009454","casent0009454","formicidae","amblyoponinae","Adetomyrma","goblin","Adetomyrma goblin","","Antsiranana","Madagascar","2010-03-18","tropical dry forest",375,"point","-13.255","49.61667"
"http://antweb.org/api/v2/?occurrenceId=CAS:ANTWEB:casent0009454-d01","casent0009454-d01","formicidae","amblyoponinae","Adetomyrma","goblin","Adetomyrma goblin","","Antsiranana","Madagascar","2012-12-31","tropical dry forest",375,"point","-13.255","49.61667"
"http://antweb.org/api/v2/?occurrenceId=CAS:ANTWEB:casent0032627","casent0032627","formicidae","amblyoponinae","Adetomyrma","goblin","Adetomyrma goblin","","Toliara","Madagascar","2004-03-09","tropical dry forest sifted litter leaf mold, rotten wood",770,"point","-22.84333","44.71"
"http://antweb.org/api/v2/?occurrenceId=CAS:ANTWEB:casent0032628","casent0032628","formicidae","amblyoponinae","Adetomyrma","goblin","Adetomyrma goblin","","Toliara","Madagascar","2004-03-09","tropical dry forest sifted litter leaf mold, rotten wood",770,"point","-22.84333","44.71"
"http://antweb.org/api/v2/?occurrenceId=CAS:ANTWEB:casent0032629","casent0032629","formicidae","amblyoponinae","Adetomyrma","goblin","Adetomyrma goblin","","Toliara","Madagascar","2004-03-09","tropical dry forest sifted litter leaf mold, rotten wood",770,"point","-22.84333","44.71"
"http://antweb.org/api/v2/?occurrenceId=CAS:ANTWEB:casent0032629-d01","casent0032629-d01","formicidae","amblyoponinae","Adetomyrma","goblin","Adetomyrma goblin","","Toliara","Madagascar","","tropical dry forest sifted litter leaf mold, rotten wood",770,"point","-22.84333","44.71"
"http://antweb.org/api/v2/?occurrenceId=CAS:ANTWEB:casent0032629-d02","casent0032629-d02","formicidae","amblyoponinae","Adetomyrma","goblin","Adetomyrma goblin","","Toliara","Madagascar","","tropical dry forest sifted litter leaf mold, rotten wood",770,"point","-22.84333","44.71"
"http://antweb.org/api/v2/?occurrenceId=CAS:ANTWEB:casent0032629-d03","casent0032629-d03","formicidae","amblyoponinae","Adetomyrma","goblin","Adetomyrma goblin","","Toliara","Madagascar","","tropical dry forest sifted litter leaf mold, rotten wood",770,"point","-22.84333","44.71"
"http://antweb.org/api/v2/?occurrenceId=CAS:ANTWEB:casent0032629-d04","casent0032629-d04","formicidae","amblyoponinae","Adetomyrma","goblin","Adetomyrma goblin","","Toliara","Madagascar","","tropical dry forest sifted litter leaf mold, rotten wood",770,"point","-22.84333","44.71"
"http://antweb.org/api/v2/?occurrenceId=CAS:ANTWEB:casent0032631","casent0032631","formicidae","amblyoponinae","Adetomyrma","goblin","Adetomyrma goblin","","Toliara","Madagascar","2004-03-09","tropical dry forest sifted litter leaf mold, rotten wood",770,"point","-22.84333","44.71"
"http://antweb.org/api/v2/?occurrenceId=CAS:ANTWEB:casent0049244","casent0049244","formicidae","amblyoponinae","Adetomyrma","goblin","Adetomyrma goblin","","Antsiranana","Madagascar","2010-03-18","rainforest",450,"point","-14.43667","49.775"
"http://antweb.org/api/v2/?occurrenceId=CAS:ANTWEB:casent0049244-d01","casent0049244-d01","formicidae","amblyoponinae","Adetomyrma","goblin","Adetomyrma goblin","","Antsiranana","Madagascar","","rainforest",450,"point","-14.43667","49.775"
"http://antweb.org/api/v2/?occurrenceId=CAS:ANTWEB:casent0049365","casent0049365","formicidae","amblyoponinae","Adetomyrma","goblin","Adetomyrma goblin","","Toamasina","Madagascar","2010-03-18","littoral forest",10,"point","-17.28104","49.43012"
"http://antweb.org/api/v2/?occurrenceId=CAS:ANTWEB:casent0049365-d01","casent0049365-d01","formicidae","amblyoponinae","Adetomyrma","goblin","Adetomyrma goblin","","Toamasina","Madagascar","2012-12-31","littoral forest",10,"point","-17.28104","49.43012"
"http://antweb.org/api/v2/?occurrenceId=CAS:ANTWEB:casent0049847","casent0049847","formicidae","amblyoponinae","Adetomyrma","goblin","Adetomyrma goblin","","Toliara","Madagascar","2012-12-31","montane rainforest",1050,"point","-18.26667","45.40667"
"http://antweb.org/api/v2/?occurrenceId=CAS:ANTWEB:casent0049847-d01","casent0049847-d01","formicidae","amblyoponinae","Adetomyrma","goblin","Adetomyrma goblin","","Toliara","Madagascar","2010-03-18","montane rainforest",1050,"point","-18.26667","45.40667"
"http://antweb.org/api/v2/?occurrenceId=CAS:ANTWEB:casent0056912","casent0056912","formicidae","amblyoponinae","Adetomyrma","goblin","Adetomyrma goblin","","Toamasina","Madagascar","2004-03-09","montane rainforest ex rotten log",1075,"point","-18.85083","48.32"
"http://antweb.org/api/v2/?occurrenceId=CAS:ANTWEB:casent0056913","casent0056913","formicidae","amblyoponinae","Adetomyrma","goblin","Adetomyrma goblin","","Toamasina","Madagascar","2004-03-09","montane rainforest ex rotten log",1075,"point","-18.85083","48.32"
"http://antweb.org/api/v2/?occurrenceId=CAS:ANTWEB:casent0056913-d01","casent0056913-d01","formicidae","amblyoponinae","Adetomyrma","goblin","Adetomyrma goblin","","Toamasina","Madagascar","","montane rainforest ex rotten log",1075,"point","-18.85083","48.32"
"http://antweb.org/api/v2/?occurrenceId=CAS:ANTWEB:casent0056913-d02","casent0056913-d02","formicidae","amblyoponinae","Adetomyrma","goblin","Adetomyrma goblin","","Toamasina","Madagascar","","montane rainforest ex rotten log",1075,"point","-18.85083","48.32"
"http://antweb.org/api/v2/?occurrenceId=CAS:ANTWEB:casent0056913-d03","casent0056913-d03","formicidae","amblyoponinae","Adetomyrma","goblin","Adetomyrma goblin","","Toamasina","Madagascar","","montane rainforest ex rotten log",1075,"point","-18.85083","48.32"
"http://antweb.org/api/v2/?occurrenceId=CAS:ANTWEB:casent0058811","casent0058811","formicidae","amblyoponinae","Adetomyrma","goblin","Adetomyrma goblin","","Antsiranana","Madagascar","2004-03-09","rainforest ex rot pocket above ground",240,"point","-14.67933","50.18367"
"http://antweb.org/api/v2/?occurrenceId=CAS:ANTWEB:casent0062845","casent0062845","formicidae","amblyoponinae","Adetomyrma","goblin","Adetomyrma goblin","","Tulear","Madagascar","2012-12-31","spiny deciduous forest",825,"point","-22.8405","44.73117"
"http://antweb.org/api/v2/?occurrenceId=CAS:ANTWEB:casent0063017","casent0063017","formicidae","amblyoponinae","Adetomyrma","goblin","Adetomyrma goblin","","Tulear","Madagascar","2008-12-31","spiny deciduous forest",825,"point","-22.8405","44.73117"
"http://antweb.org/api/v2/?occurrenceId=CAS:ANTWEB:casent0063106","casent0063106","formicidae","amblyoponinae","Adetomyrma","goblin","Adetomyrma goblin","","Tulear","Madagascar","2010-03-18","spiny deciduous forest",825,"point","-22.8405","44.73117"
"http://antweb.org/api/v2/?occurrenceId=CAS:ANTWEB:casent0063278","casent0063278","formicidae","amblyoponinae","Adetomyrma","goblin","Adetomyrma goblin","","Tulear","Madagascar","2012-12-31","spiny deciduous forest",825,"point","-22.8405","44.73117"
"http://antweb.org/api/v2/?occurrenceId=CAS:ANTWEB:casent0063321","casent0063321","formicidae","amblyoponinae","Adetomyrma","goblin","Adetomyrma goblin","","Tulear","Madagascar","2010-03-18","spiny deciduous forest",825,"point","-22.8405","44.73117"
"http://antweb.org/api/v2/?occurrenceId=CAS:ANTWEB:casent0063347","casent0063347","formicidae","amblyoponinae","Adetomyrma","goblin","Adetomyrma goblin","","Tulear","Madagascar","2012-01-01","deciduous spiny forest",840,"point","-22.8865","44.69217"
"http://antweb.org/api/v2/?occurrenceId=CAS:ANTWEB:casent0063385","casent0063385","formicidae","amblyoponinae","Adetomyrma","goblin","Adetomyrma goblin","","Antsiranana","Madagascar","2010-03-18","Low altitude rainforest",487,"point","-14.43817","49.774"
"http://antweb.org/api/v2/?occurrenceId=CAS:ANTWEB:casent0063385-d01","casent0063385-d01","formicidae","amblyoponinae","Adetomyrma","goblin","Adetomyrma goblin","","Antsiranana","Madagascar","","Low altitude rainforest",487,"point","-14.43817","49.774"
"http://antweb.org/api/v2/?occurrenceId=CAS:ANTWEB:casent0063468","casent0063468","formicidae","amblyoponinae","Adetomyrma","goblin","Adetomyrma goblin","","Tulear","Madagascar","2010-03-18","deciduous spiny forest",840,"point","-22.8865","44.69217"
"http://antweb.org/api/v2/?occurrenceId=CAS:ANTWEB:casent0063489","casent0063489","formicidae","amblyoponinae","Adetomyrma","goblin","Adetomyrma goblin","","Antsiranana","Madagascar","2010-03-18","Low altitude rainforest",487,"point","-14.43817","49.774"
"http://antweb.org/api/v2/?occurrenceId=CAS:ANTWEB:casent0063517","casent0063517","formicidae","amblyoponinae","Adetomyrma","goblin","Adetomyrma goblin","","Tulear","Madagascar","2010-03-18","deciduous spiny forest",840,"point","-22.8865","44.69217"
"http://antweb.org/api/v2/?occurrenceId=CAS:ANTWEB:casent0063838","casent0063838","formicidae","amblyoponinae","Adetomyrma","goblin","Adetomyrma goblin","","Antsiranana","Madagascar","2010-03-18","Low altitude rainforest",487,"point","-14.43817","49.774"
"http://antweb.org/api/v2/?occurrenceId=CAS:ANTWEB:casent0063838-d01","casent0063838-d01","formicidae","amblyoponinae","Adetomyrma","goblin","Adetomyrma goblin","","Antsiranana","Madagascar","","Low altitude rainforest",487,"point","-14.43817","49.774"
"http://antweb.org/api/v2/?occurrenceId=CAS:ANTWEB:casent0063980","casent0063980","formicidae","amblyoponinae","Adetomyrma","goblin","Adetomyrma goblin","","Antsiranana","Madagascar","2010-03-18","Low altitude rainforest",487,"point","-14.43817","49.774"
"http://antweb.org/api/v2/?occurrenceId=CAS:ANTWEB:casent0065510","casent0065510","formicidae","amblyoponinae","Adetomyrma","goblin","Adetomyrma goblin","","Diego-Suarez","Madagascar","2008-12-31","along forested limestone ridge",150,"point","-12.325","49.33333"
"http://antweb.org/api/v2/?occurrenceId=CAS:ANTWEB:casent0065511","casent0065511","formicidae","amblyoponinae","Adetomyrma","goblin","Adetomyrma goblin","","Diego-Suarez","Madagascar","2010-03-22","along forested limestone ridge",150,"point","-12.325","49.33333"
"http://antweb.org/api/v2/?occurrenceId=CAS:ANTWEB:casent0065511-d01","casent0065511-d01","formicidae","amblyoponinae","Adetomyrma","goblin","Adetomyrma goblin","","Diego-Suarez","Madagascar","2010-03-22","along forested limestone ridge",150,"point","-12.325","49.33333"
"http://antweb.org/api/v2/?occurrenceId=CAS:ANTWEB:casent0065512","casent0065512","formicidae","amblyoponinae","Adetomyrma","goblin","Adetomyrma goblin","","Diego-Suarez","Madagascar","2008-12-31","along forested limestone ridge",150,"point","-12.325","49.33333"
"http://antweb.org/api/v2/?occurrenceId=CAS:ANTWEB:casent0071148","casent0071148","formicidae","amblyoponinae","Adetomyrma","goblin","Adetomyrma goblin","paratype","Fianarantsoa","Madagascar","2011-12-31","rainforest, transition to montane forest ex rotten log, soil",600,"point","-22.791","47.18183"
"http://antweb.org/api/v2/?occurrenceId=CAS:ANTWEB:casent0071148-d01","casent0071148-d01","formicidae","amblyoponinae","Adetomyrma","goblin","Adetomyrma goblin","","Fianarantsoa","Madagascar","2007-02-28","rainforest, transition to montane forest ex rotten log, soil",600,"point","-22.791","47.18183"
"http://antweb.org/api/v2/?occurrenceId=CAS:ANTWEB:casent0072300","casent0072300","formicidae","amblyoponinae","Adetomyrma","goblin","Adetomyrma goblin","","Toamasina","Madagascar","2008-12-31","rainforest",125,"point","-16.67233","49.70117"
"http://antweb.org/api/v2/?occurrenceId=CAS:ANTWEB:casent0072300-d01","casent0072300-d01","formicidae","amblyoponinae","Adetomyrma","goblin","Adetomyrma goblin","","Toamasina","Madagascar","","rainforest",125,"point","-16.67233","49.70117"
"http://antweb.org/api/v2/?occurrenceId=CAS:ANTWEB:casent0072301","casent0072301","formicidae","amblyoponinae","Adetomyrma","goblin","Adetomyrma goblin","","Toamasina","Madagascar","2010-03-18","rainforest",125,"point","-16.67233","49.70117"
"http://antweb.org/api/v2/?occurrenceId=CAS:ANTWEB:casent0072472","casent0072472","formicidae","amblyoponinae","Adetomyrma","goblin","Adetomyrma goblin","","Fianarantsoa","Madagascar","2006-12-31","littoral rainforest",20,"point","-23.19383","47.723"
"http://antweb.org/api/v2/?occurrenceId=CAS:ANTWEB:casent0080831","casent0080831","formicidae","amblyoponinae","Adetomyrma","goblin","Adetomyrma goblin","","Antsiranana","Madagascar","2010-03-18","tropical dry forest",210,"point","-12.86361","49.22583"
"http://antweb.org/api/v2/?occurrenceId=CAS:ANTWEB:casent0081389","casent0081389","formicidae","amblyoponinae","Adetomyrma","goblin","Adetomyrma goblin","","Diego-Suarez","Madagascar","2007-02-28","rainforest",975,"point","-12.51667","49.18333"
"http://antweb.org/api/v2/?occurrenceId=CAS:ANTWEB:casent0081449","casent0081449","formicidae","amblyoponinae","Adetomyrma","goblin","Adetomyrma goblin","","Diego-Suarez","Madagascar","2010-03-18","rainforest",1125,"point","-12.52028","49.17917"
"http://antweb.org/api/v2/?occurrenceId=CAS:ANTWEB:casent0083489","casent0083489","formicidae","amblyoponinae","Adetomyrma","goblin","Adetomyrma goblin","","Diego-Suarez","Madagascar","2010-03-18","along forested limestone ridge",150,"point","-12.325","49.33333"
"http://antweb.org/api/v2/?occurrenceId=CAS:ANTWEB:casent0084070","casent0084070","formicidae","amblyoponinae","Adetomyrma","goblin","Adetomyrma goblin","","Toamasina","Madagascar","2010-03-18","tropical forest",1025,"point","-18.92639","48.40783"
"http://antweb.org/api/v2/?occurrenceId=CAS:ANTWEB:casent0110927","casent0110927","formicidae","amblyoponinae","Adetomyrma","goblin","Adetomyrma goblin","","Tulear","Madagascar","2010-03-18","deciduous spiny forest",840,"point","-22.8865","44.69217"
"http://antweb.org/api/v2/?occurrenceId=CAS:ANTWEB:casent0110927-d01","casent0110927-d01","formicidae","amblyoponinae","Adetomyrma","goblin","Adetomyrma goblin","","Tulear","Madagascar","2012-01-01","deciduous spiny forest",840,"point","-22.8865","44.69217"
"http://antweb.org/api/v2/?occurrenceId=CAS:ANTWEB:casent0113492","casent0113492","formicidae","amblyoponinae","Adetomyrma","goblin","Adetomyrma goblin","","Fianarantsoa","Madagascar","2006-12-31","mixed tropical forest",1020,"point","-21.2665","47.42017"
"http://antweb.org/api/v2/?occurrenceId=CAS:ANTWEB:casent0113558","casent0113558","formicidae","amblyoponinae","Adetomyrma","goblin","Adetomyrma goblin","","Fianarantsoa","Madagascar","2006-12-31","mixed tropical forest",1020,"point","-21.2665","47.42017"
"http://antweb.org/api/v2/?occurrenceId=CAS:ANTWEB:casent0113558-d01","casent0113558-d01","formicidae","amblyoponinae","Adetomyrma","goblin","Adetomyrma goblin","","Fianarantsoa","Madagascar","","mixed tropical forest",1020,"point","-21.2665","47.42017"
"http://antweb.org/api/v2/?occurrenceId=CAS:ANTWEB:casent0137557","casent0137557","formicidae","amblyoponinae","Adetomyrma","goblin","Adetomyrma goblin","","Mahajanga","Madagascar","2009-05-18","roadside under stone",145,"point","-13.97045","48.15838"
"http://antweb.org/api/v2/?occurrenceId=CAS:ANTWEB:casent0137558","casent0137558","formicidae","amblyoponinae","Adetomyrma","goblin","Adetomyrma goblin","","Mahajanga","Madagascar","2009-05-18","roadside under stone",145,"point","-13.97045","48.15838"
"http://antweb.org/api/v2/?occurrenceId=CAS:ANTWEB:casent0137559","casent0137559","formicidae","amblyoponinae","Adetomyrma","goblin","Adetomyrma goblin","","Mahajanga","Madagascar","2009-05-18","roadside under stone",145,"point","-13.97045","48.15838"
"http://antweb.org/api/v2/?occurrenceId=CAS:ANTWEB:casent0137560","casent0137560","formicidae","amblyoponinae","Adetomyrma","goblin","Adetomyrma goblin","","Mahajanga","Madagascar","2009-05-18","roadside under stone",145,"point","-13.97045","48.15838"
"http://antweb.org/api/v2/?occurrenceId=CAS:ANTWEB:casent0137561","casent0137561","formicidae","amblyoponinae","Adetomyrma","goblin","Adetomyrma goblin","","Mahajanga","Madagascar","2009-05-18","roadside under stone",145,"point","-13.97045","48.15838"
"http://antweb.org/api/v2/?occurrenceId=CAS:ANTWEB:casent0138427","casent0138427","formicidae","amblyoponinae","Adetomyrma","goblin","Adetomyrma goblin","","Toamasina","Madagascar","2012-06-11","rainforest",550,"point","-17.916136","49.20185"
"http://antweb.org/api/v2/?occurrenceId=CAS:ANTWEB:casent0138427-d01","casent0138427-d01","formicidae","amblyoponinae","Adetomyrma","goblin","Adetomyrma goblin","","Toamasina","Madagascar","2012-06-11","rainforest",550,"point","-17.916136","49.20185"
"http://antweb.org/api/v2/?occurrenceId=CAS:ANTWEB:casent0138430","casent0138430","formicidae","amblyoponinae","Adetomyrma","goblin","Adetomyrma goblin","","Toamasina","Madagascar","2014-08-27","rainforest",550,"point","-17.916136","49.20185"
"http://antweb.org/api/v2/?occurrenceId=CAS:ANTWEB:casent0191378","casent0191378","formicidae","amblyoponinae","Adetomyrma","goblin","Adetomyrma goblin","paratype","Fianarantsoa","Madagascar","2011-12-31","rainforest, transition to montane forest ex rotten log, soil",600,"point","-22.791","47.18183"
"http://antweb.org/api/v2/?occurrenceId=CAS:ANTWEB:casent0191378-d01","casent0191378-d01","formicidae","amblyoponinae","Adetomyrma","goblin","Adetomyrma goblin","","Fianarantsoa","Madagascar","","rainforest, transition to montane forest ex rotten log, soil",600,"point","-22.791","47.18183"
"http://antweb.org/api/v2/?occurrenceId=CAS:ANTWEB:casent0207431","casent0207431","formicidae","amblyoponinae","Adetomyrma","goblin","Adetomyrma goblin","","Fianarantsoa","Madagascar","","Uapaca woodland sifted litter leaf mold, rotten wood",1550,"point","-20.55056","46.58562"
"http://antweb.org/api/v2/?occurrenceId=CAS:ANTWEB:casent0207431-d01","casent0207431-d01","formicidae","amblyoponinae","Adetomyrma","goblin","Adetomyrma goblin","","Fianarantsoa","Madagascar","2012-12-31","Uapaca woodland sifted litter leaf mold, rotten wood",1550,"point","-20.55056","46.58562"
"http://antweb.org/api/v2/?occurrenceId=CAS:ANTWEB:casent0208479","casent0208479","formicidae","amblyoponinae","Adetomyrma","goblin","Adetomyrma goblin","","Fianarantsoa","Madagascar","2011-12-31","forest edge, open area",1127,"point","-21.25083","47.40717"
"http://antweb.org/api/v2/?occurrenceId=CAS:ANTWEB:casent0209312","casent0209312","formicidae","amblyoponinae","Adetomyrma","goblin","Adetomyrma goblin","","Toliara","Madagascar","2011-12-31","Gallery forest on sandy soil",500,"point","-21.21985","45.32396"
"http://antweb.org/api/v2/?occurrenceId=CAS:ANTWEB:casent0218010","casent0218010","formicidae","amblyoponinae","Adetomyrma","goblin","Adetomyrma goblin","","Fianarantsoa","Madagascar","2013-12-31","rainforest, transition to montane forest ex rotten log, soil",600,"point","-22.791","47.18183"
"http://antweb.org/api/v2/?occurrenceId=CAS:ANTWEB:casent0227977","casent0227977","formicidae","amblyoponinae","Adetomyrma","goblin","Adetomyrma goblin","","Toamasina","Madagascar","2013-12-31","montane rainforest ex rotten log",1075,"point","-18.85083","48.32"
"http://antweb.org/api/v2/?occurrenceId=CAS:ANTWEB:casent0227981","casent0227981","formicidae","amblyoponinae","Adetomyrma","goblin","Adetomyrma goblin","Holotype","Fianarantsoa","Madagascar","2011-01-01","rainforest, transition to montane forest ex rotten log, soil",600,"point","-22.791","47.18183"
"http://antweb.org/api/v2/?occurrenceId=CAS:ANTWEB:casent0227982","casent0227982","formicidae","amblyoponinae","Adetomyrma","goblin","Adetomyrma goblin","paratype","Fianarantsoa","Madagascar","2011-01-01","rainforest, transition to montane forest ex rotten log, soil",600,"point","-22.791","47.18183"
"http://antweb.org/api/v2/?occurrenceId=CAS:ANTWEB:casent0227983","casent0227983","formicidae","amblyoponinae","Adetomyrma","goblin","Adetomyrma goblin","paratype","Fianarantsoa","Madagascar","2011-01-01","rainforest, transition to montane forest ex rotten log, soil",600,"point","-22.791","47.18183"
"http://antweb.org/api/v2/?occurrenceId=CAS:ANTWEB:casent0227984","casent0227984","formicidae","amblyoponinae","Adetomyrma","goblin","Adetomyrma goblin","paratype","Fianarantsoa","Madagascar","2011-01-01","rainforest, transition to montane forest ex rotten log, soil",600,"point","-22.791","47.18183"
"http://antweb.org/api/v2/?occurrenceId=CAS:ANTWEB:casent0227985","casent0227985","formicidae","amblyoponinae","Adetomyrma","goblin","Adetomyrma goblin","paratype","Fianarantsoa","Madagascar","2011-01-01","rainforest, transition to montane forest ex rotten log, soil",600,"point","-22.791","47.18183"
"http://antweb.org/api/v2/?occurrenceId=CAS:ANTWEB:casent0227986","casent0227986","formicidae","amblyoponinae","Adetomyrma","goblin","Adetomyrma goblin","paratype","Fianarantsoa","Madagascar","2011-01-01","rainforest, transition to montane forest ex rotten log, soil",600,"point","-22.791","47.18183"
"http://antweb.org/api/v2/?occurrenceId=CAS:ANTWEB:casent0227988","casent0227988","formicidae","amblyoponinae","Adetomyrma","goblin","Adetomyrma goblin","paratype","Fianarantsoa","Madagascar","2011-01-01","rainforest, transition to montane forest ex rotten log, soil",600,"point","-22.791","47.18183"
"http://antweb.org/api/v2/?occurrenceId=CAS:ANTWEB:casent0227989","casent0227989","formicidae","amblyoponinae","Adetomyrma","goblin","Adetomyrma goblin","paratype","Fianarantsoa","Madagascar","2011-12-31","rainforest, transition to montane forest ex rotten log, soil",600,"point","-22.791","47.18183"
"http://antweb.org/api/v2/?occurrenceId=CAS:ANTWEB:casent0245623","casent0245623","formicidae","amblyoponinae","Adetomyrma","goblin","Adetomyrma goblin","","Mahajanga","Madagascar","2012-01-01","low degraded dry forest",97,"point","-15.157","47.73417"
"http://antweb.org/api/v2/?occurrenceId=CAS:ANTWEB:casent0245623-d01","casent0245623-d01","formicidae","amblyoponinae","Adetomyrma","goblin","Adetomyrma goblin","","Mahajanga","Madagascar","2012-01-01","low degraded dry forest",97,"point","-15.157","47.73417"
"http://antweb.org/api/v2/?occurrenceId=CAS:ANTWEB:casent0245624","casent0245624","formicidae","amblyoponinae","Adetomyrma","goblin","Adetomyrma goblin","","Mahajanga","Madagascar","2012-01-01","low degraded dry forest",97,"point","-15.157","47.73417"
"http://antweb.org/api/v2/?occurrenceId=CAS:ANTWEB:casent0245624-d01","casent0245624-d01","formicidae","amblyoponinae","Adetomyrma","goblin","Adetomyrma goblin","","Mahajanga","Madagascar","2012-01-01","low degraded dry forest",97,"point","-15.157","47.73417"
"http://antweb.org/api/v2/?occurrenceId=CAS:ANTWEB:casent0245637","casent0245637","formicidae","amblyoponinae","Adetomyrma","goblin","Adetomyrma goblin","","Mahajanga","Madagascar","2012-01-01","low degraded dry forest",97,"point","-15.157","47.73417"
"http://antweb.org/api/v2/?occurrenceId=CAS:ANTWEB:casent0245637-d01","casent0245637-d01","formicidae","amblyoponinae","Adetomyrma","goblin","Adetomyrma goblin","","Mahajanga","Madagascar","2012-01-01","low degraded dry forest",97,"point","-15.157","47.73417"
"http://antweb.org/api/v2/?occurrenceId=CAS:ANTWEB:casent0303141","casent0303141","formicidae","amblyoponinae","Adetomyrma","goblin","Adetomyrma goblin","","Antsiranana","Madagascar","2013-12-31","open secondary vegetation ex soil",15,"point","-13.3624","48.49101"
"http://antweb.org/api/v2/?occurrenceId=CAS:ANTWEB:casent0303168","casent0303168","formicidae","amblyoponinae","Adetomyrma","goblin","Adetomyrma goblin","","Antsiranana","Madagascar","2013-12-31","open secondary vegetation ex soil",15,"point","-13.3624","48.49101"
"http://antweb.org/api/v2/?occurrenceId=CAS:ANTWEB:casent0303168-d40","casent0303168-d40","formicidae","amblyoponinae","Adetomyrma","goblin","Adetomyrma goblin","","Antsiranana","Madagascar","2013-12-31","open secondary vegetation ex soil",15,"point","-13.3624","48.49101"
"http://antweb.org/api/v2/?occurrenceId=CAS:ANTWEB:casent0303185","casent0303185","formicidae","amblyoponinae","Adetomyrma","goblin","Adetomyrma goblin","","Antsiranana","Madagascar","2013-12-31","open secondary vegetation ex soil",15,"point","-13.3624","48.49101"
"http://antweb.org/api/v2/?occurrenceId=CAS:ANTWEB:casent0303201","casent0303201","formicidae","amblyoponinae","Adetomyrma","goblin","Adetomyrma goblin","","Antsiranana","Madagascar","2013-12-31","open secondary vegetation ex soil",15,"point","-13.3624","48.49101"
"http://antweb.org/api/v2/?occurrenceId=CAS:ANTWEB:casent0303202","casent0303202","formicidae","amblyoponinae","Adetomyrma","goblin","Adetomyrma goblin","","Antsiranana","Madagascar","2013-12-31","open secondary vegetation ex soil",15,"point","-13.3624","48.49101"
"http://antweb.org/api/v2/?occurrenceId=CAS:ANTWEB:casent0303205","casent0303205","formicidae","amblyoponinae","Adetomyrma","goblin","Adetomyrma goblin","","Antsiranana","Madagascar","2013-12-31","rainforest sifted litter",520,"point","-13.58487","48.71818"
"http://antweb.org/api/v2/?occurrenceId=CAS:ANTWEB:casent0303386","casent0303386","formicidae","amblyoponinae","Adetomyrma","goblin","Adetomyrma goblin","","Antsiranana","Madagascar","2013-12-31","open secondary vegetation ex soil",15,"point","-13.3624","48.49101"
"http://antweb.org/api/v2/?occurrenceId=CAS:ANTWEB:casent0303443","casent0303443","formicidae","amblyoponinae","Adetomyrma","goblin","Adetomyrma goblin","","Antananarivo","Madagascar","2013-12-31","Uapaca woodland ex soil",1370,"point","-19.00716","47.1124"
"http://antweb.org/api/v2/?occurrenceId=CAS:ANTWEB:casent0304504","casent0304504","formicidae","amblyoponinae","Adetomyrma","goblin","Adetomyrma goblin","","Antsiranana","Madagascar","2013-12-31","open secondary vegetation ex soil",40,"point","-13.36435","48.49137"
"http://antweb.org/api/v2/?occurrenceId=CAS:ANTWEB:casent0304506","casent0304506","formicidae","amblyoponinae","Adetomyrma","goblin","Adetomyrma goblin","","Antsiranana","Madagascar","2013-12-31","open secondary vegetation ex soil",40,"point","-13.36435","48.49137"
"http://antweb.org/api/v2/?occurrenceId=CAS:ANTWEB:casent0304508","casent0304508","formicidae","amblyoponinae","Adetomyrma","goblin","Adetomyrma goblin","","Antsiranana","Madagascar","2013-12-31","open secondary vegetation ex soil",40,"point","-13.36435","48.49137"
"http://antweb.org/api/v2/?occurrenceId=CAS:ANTWEB:casent0304514","casent0304514","formicidae","amblyoponinae","Adetomyrma","goblin","Adetomyrma goblin","","Antsiranana","Madagascar","2013-12-31","open secondary vegetation ex soil",40,"point","-13.36435","48.49137"
"http://antweb.org/api/v2/?occurrenceId=CAS:ANTWEB:casent0304520","casent0304520","formicidae","amblyoponinae","Adetomyrma","goblin","Adetomyrma goblin","","Antsiranana","Madagascar","2013-12-31","open secondary vegetation ex soil",40,"point","-13.36435","48.49137"
"http://antweb.org/api/v2/?occurrenceId=CAS:ANTWEB:casent0353603","casent0353603","formicidae","amblyoponinae","Adetomyrma","goblin","Adetomyrma goblin","","Antsiranana","Madagascar","","rainforest ex rotten log",280,"point","-15.3014","50.22776"
"http://antweb.org/api/v2/?occurrenceId=CAS:ANTWEB:casent0353624","casent0353624","formicidae","amblyoponinae","Adetomyrma","goblin","Adetomyrma goblin","","Antsiranana","Madagascar","","rainforest ex soil",280,"point","-15.3014","50.22776"
"http://antweb.org/api/v2/?occurrenceId=CAS:ANTWEB:casent0374504","casent0374504","formicidae","amblyoponinae","Adetomyrma","goblin","Adetomyrma goblin","","Antsiranana","Madagascar","","rainforest ex soil",250,"point","-15.33058","50.30279"
"http://antweb.org/api/v2/?occurrenceId=CAS:ANTWEB:casent0376850","casent0376850","formicidae","amblyoponinae","Adetomyrma","goblin","Adetomyrma goblin","","Antsiranana","Madagascar","","rainforest sifted litter",60,"point","-15.32331","50.30751"
"http://antweb.org/api/v2/?occurrenceId=CAS:ANTWEB:casent0438260","casent0438260","formicidae","amblyoponinae","Adetomyrma","goblin","Adetomyrma goblin","","Antsiranana","Madagascar","2004-03-09","tropical dry forest sifted litter leaf mold, rotten wood",80,"point","-12.90889","49.10983"
"http://antweb.org/api/v2/?occurrenceId=CAS:ANTWEB:casent0438261","casent0438261","formicidae","amblyoponinae","Adetomyrma","goblin","Adetomyrma goblin","","Antsiranana","Madagascar","2004-03-09","tropical dry forest sifted litter leaf mold, rotten wood",80,"point","-12.90889","49.10983"
"http://antweb.org/api/v2/?occurrenceId=CAS:ANTWEB:casent0438261-d01","casent0438261-d01","formicidae","amblyoponinae","Adetomyrma","goblin","Adetomyrma goblin","","Antsiranana","Madagascar","","tropical dry forest sifted litter leaf mold, rotten wood",80,"point","-12.90889","49.10983"
"http://antweb.org/api/v2/?occurrenceId=CAS:ANTWEB:casent0467121","casent0467121","formicidae","amblyoponinae","Adetomyrma","goblin","Adetomyrma goblin","","Antananarivo","Madagascar","2004-03-09","montane rainforest sifted litter leaf mold, rotten wood",1410,"point","-18.22528","47.28683"
"http://antweb.org/api/v2/?occurrenceId=CAS:ANTWEB:casent0467121-d01","casent0467121-d01","formicidae","amblyoponinae","Adetomyrma","goblin","Adetomyrma goblin","","Antananarivo","Madagascar","","montane rainforest sifted litter leaf mold, rotten wood",1410,"point","-18.22528","47.28683"
"http://antweb.org/api/v2/?occurrenceId=CAS:ANTWEB:casent0467121-d02","casent0467121-d02","formicidae","amblyoponinae","Adetomyrma","goblin","Adetomyrma goblin","","Antananarivo","Madagascar","","montane rainforest sifted litter leaf mold, rotten wood",1410,"point","-18.22528","47.28683"
"http://antweb.org/api/v2/?occurrenceId=CAS:ANTWEB:casent0467121-d04","casent0467121-d04","formicidae","amblyoponinae","Adetomyrma","goblin","Adetomyrma goblin","","Antananarivo","Madagascar","","montane rainforest sifted litter leaf mold, rotten wood",1410,"point","-18.22528","47.28683"
"http://antweb.org/api/v2/?occurrenceId=CAS:ANTWEB:casent0495785","casent0495785","formicidae","amblyoponinae","Adetomyrma","goblin","Adetomyrma goblin","","Diego-Suarez","Madagascar","2004-03-09","across sandy trail in dwarf litoral forest",10,"point","-12.26278","49.3975"
"http://antweb.org/api/v2/?occurrenceId=CAS:ANTWEB:casent0495785-d01","casent0495785-d01","formicidae","amblyoponinae","Adetomyrma","goblin","Adetomyrma goblin","","Diego-Suarez","Madagascar","","across sandy trail in dwarf litoral forest",10,"point","-12.26278","49.3975"
"http://antweb.org/api/v2/?occurrenceId=CAS:ANTWEB:casent0770050","casent0770050","formicidae","amblyoponinae","Adetomyrma","goblin","Adetomyrma goblin","","Antsiranana","Madagascar","","open secondary vegetation ex soil",27,"point","-13.36213","48.49122"
"http://antweb.org/api/v2/?occurrenceId=CAS:ANTWEB:casent0770052","casent0770052","formicidae","amblyoponinae","Adetomyrma","goblin","Adetomyrma goblin","","Antsiranana","Madagascar","","open secondary vegetation ex soil",27,"point","-13.36213","48.49122"
