"url","catalogNumber","family","subfamily","genus","specificEpithet","scientific_name","typeStatus","stateProvince","country","dateIdentified","habitat","minimumElevationInMeters","geojson.type","decimal_latitude","decimal_longitude"
"http://antweb.org/api/v2/?occurrenceId=CAS:ANTWEB:antweb1008494","antweb1008494","formicidae","amblyoponinae","Adetomyrma","caputleae","Adetomyrma caputleae","","Antananarivo","Madagascar","2014-12-10","montane rainforest ex rotten log",1300,"point","-18.47333","47.96"
"http://antweb.org/api/v2/?occurrenceId=CAS:ANTWEB:blf1631","blf1631","formicidae","amblyoponinae","Adetomyrma","caputleae","Adetomyrma caputleae","","Fianarantsoa","Madagascar","2012-06-11","disturbed montane rainforest ex rotten log",1600,"point","-20.77","47.18667"
"http://antweb.org/api/v2/?occurrenceId=CAS:ANTWEB:casent0004346","casent0004346","formicidae","amblyoponinae","Adetomyrma","caputleae","Adetomyrma caputleae","","Antananarivo","Madagascar","2004-03-09","montane rainforest ex rotten log",1300,"point","-18.47333","47.96"
"http://antweb.org/api/v2/?occurrenceId=CAS:ANTWEB:casent0004350","casent0004350","formicidae","amblyoponinae","Adetomyrma","caputleae","Adetomyrma caputleae","","Antananarivo","Madagascar","2004-03-09","montane rainforest ex rotten log",1300,"point","-18.47333","47.96"
"http://antweb.org/api/v2/?occurrenceId=CAS:ANTWEB:casent0004351","casent0004351","formicidae","amblyoponinae","Adetomyrma","caputleae","Adetomyrma caputleae","","Antananarivo","Madagascar","2008-12-31","montane rainforest ex rotten log",1300,"point","-18.47333","47.96"
"http://antweb.org/api/v2/?occurrenceId=CAS:ANTWEB:casent0004351-d01","casent0004351-d01","formicidae","amblyoponinae","Adetomyrma","caputleae","Adetomyrma caputleae","","Antananarivo","Madagascar","","montane rainforest ex rotten log",1300,"point","-18.47333","47.96"
"http://antweb.org/api/v2/?occurrenceId=CAS:ANTWEB:casent0004352","casent0004352","formicidae","amblyoponinae","Adetomyrma","caputleae","Adetomyrma caputleae","paratype","Antananarivo","Madagascar","2011-12-31","montane rainforest ex rotten log",1300,"point","-18.47333","47.96"
"http://antweb.org/api/v2/?occurrenceId=CAS:ANTWEB:casent0004352-d01","casent0004352-d01","formicidae","amblyoponinae","Adetomyrma","caputleae","Adetomyrma caputleae","","Antananarivo","Madagascar","","montane rainforest ex rotten log",1300,"point","-18.47333","47.96"
"http://antweb.org/api/v2/?occurrenceId=CAS:ANTWEB:casent0004352-d02","casent0004352-d02","formicidae","amblyoponinae","Adetomyrma","caputleae","Adetomyrma caputleae","","Antananarivo","Madagascar","","montane rainforest ex rotten log",1300,"point","-18.47333","47.96"
"http://antweb.org/api/v2/?occurrenceId=CAS:ANTWEB:casent0004353","casent0004353","formicidae","amblyoponinae","Adetomyrma","caputleae","Adetomyrma caputleae","paratype","Antananarivo","Madagascar","2011-12-31","montane rainforest ex rotten log",1300,"point","-18.47333","47.96"
"http://antweb.org/api/v2/?occurrenceId=CAS:ANTWEB:casent0004353-d01","casent0004353-d01","formicidae","amblyoponinae","Adetomyrma","caputleae","Adetomyrma caputleae","","Antananarivo","Madagascar","","montane rainforest ex rotten log",1300,"point","-18.47333","47.96"
"http://antweb.org/api/v2/?occurrenceId=CAS:ANTWEB:casent0004358","casent0004358","formicidae","amblyoponinae","Adetomyrma","caputleae","Adetomyrma caputleae","","Antananarivo","Madagascar","2004-03-09","montane rainforest ex rotten log",1300,"point","-18.47333","47.96"
"http://antweb.org/api/v2/?occurrenceId=CAS:ANTWEB:casent0004358-d01","casent0004358-d01","formicidae","amblyoponinae","Adetomyrma","caputleae","Adetomyrma caputleae","","Antananarivo","Madagascar","","montane rainforest ex rotten log",1300,"point","-18.47333","47.96"
"http://antweb.org/api/v2/?occurrenceId=CAS:ANTWEB:casent0004358-d02","casent0004358-d02","formicidae","amblyoponinae","Adetomyrma","caputleae","Adetomyrma caputleae","","Antananarivo","Madagascar","","montane rainforest ex rotten log",1300,"point","-18.47333","47.96"
"http://antweb.org/api/v2/?occurrenceId=CAS:ANTWEB:casent0004358-d03","casent0004358-d03","formicidae","amblyoponinae","Adetomyrma","caputleae","Adetomyrma caputleae","","Antananarivo","Madagascar","","montane rainforest ex rotten log",1300,"point","-18.47333","47.96"
"http://antweb.org/api/v2/?occurrenceId=CAS:ANTWEB:casent0004359","casent0004359","formicidae","amblyoponinae","Adetomyrma","caputleae","Adetomyrma caputleae","","Antananarivo","Madagascar","2004-03-09","montane rainforest ex rotten log",1300,"point","-18.47333","47.96"
"http://antweb.org/api/v2/?occurrenceId=CAS:ANTWEB:casent0004360","casent0004360","formicidae","amblyoponinae","Adetomyrma","caputleae","Adetomyrma caputleae","","Antananarivo","Madagascar","2004-03-09","montane rainforest ex rotten log",1300,"point","-18.47333","47.96"
"http://antweb.org/api/v2/?occurrenceId=CAS:ANTWEB:casent0004361","casent0004361","formicidae","amblyoponinae","Adetomyrma","caputleae","Adetomyrma caputleae","","Antananarivo","Madagascar","2004-03-09","montane rainforest ex rotten log",1300,"point","-18.47333","47.96"
"http://antweb.org/api/v2/?occurrenceId=CAS:ANTWEB:casent0004361-d01","casent0004361-d01","formicidae","amblyoponinae","Adetomyrma","caputleae","Adetomyrma caputleae","","Antananarivo","Madagascar","","montane rainforest ex rotten log",1300,"point","-18.47333","47.96"
"http://antweb.org/api/v2/?occurrenceId=CAS:ANTWEB:casent0004361-d02","casent0004361-d02","formicidae","amblyoponinae","Adetomyrma","caputleae","Adetomyrma caputleae","","Antananarivo","Madagascar","","montane rainforest ex rotten log",1300,"point","-18.47333","47.96"
"http://antweb.org/api/v2/?occurrenceId=CAS:ANTWEB:casent0004362","casent0004362","formicidae","amblyoponinae","Adetomyrma","caputleae","Adetomyrma caputleae","","Antananarivo","Madagascar","2004-03-09","montane rainforest ex rotten log",1300,"point","-18.47333","47.96"
"http://antweb.org/api/v2/?occurrenceId=CAS:ANTWEB:casent0004363","casent0004363","formicidae","amblyoponinae","Adetomyrma","caputleae","Adetomyrma caputleae","","Antananarivo","Madagascar","2004-03-09","montane rainforest ex rotten log",1300,"point","-18.47333","47.96"
"http://antweb.org/api/v2/?occurrenceId=CAS:ANTWEB:casent0004373","casent0004373","formicidae","amblyoponinae","Adetomyrma","caputleae","Adetomyrma caputleae","","Antananarivo","Madagascar","2004-03-09","montane rainforest ex rotten log",1300,"point","-18.47333","47.96"
"http://antweb.org/api/v2/?occurrenceId=CAS:ANTWEB:casent0004374","casent0004374","formicidae","amblyoponinae","Adetomyrma","caputleae","Adetomyrma caputleae","","Antananarivo","Madagascar","2004-03-09","montane rainforest ex rotten log",1300,"point","-18.47333","47.96"
"http://antweb.org/api/v2/?occurrenceId=CAS:ANTWEB:casent0004375","casent0004375","formicidae","amblyoponinae","Adetomyrma","caputleae","Adetomyrma caputleae","","Antananarivo","Madagascar","2004-03-09","montane rainforest ex rotten log",1300,"point","-18.47333","47.96"
"http://antweb.org/api/v2/?occurrenceId=CAS:ANTWEB:casent0006835","casent0006835","formicidae","amblyoponinae","Adetomyrma","caputleae","Adetomyrma caputleae","","Fianarantsoa","Madagascar","2008-12-31","montane rainforest ex root mat, ground layer",1550,"point","-20.59333","46.56333"
"http://antweb.org/api/v2/?occurrenceId=CAS:ANTWEB:casent0006835-d01","casent0006835-d01","formicidae","amblyoponinae","Adetomyrma","caputleae","Adetomyrma caputleae","","Fianarantsoa","Madagascar","","montane rainforest ex root mat, ground layer",1550,"point","-20.59333","46.56333"
"http://antweb.org/api/v2/?occurrenceId=CAS:ANTWEB:casent0006836","casent0006836","formicidae","amblyoponinae","Adetomyrma","caputleae","Adetomyrma caputleae","","Fianarantsoa","Madagascar","2008-12-31","montane rainforest ex root mat, ground layer",1550,"point","-20.59333","46.56333"
"http://antweb.org/api/v2/?occurrenceId=CAS:ANTWEB:casent0006836-d01","casent0006836-d01","formicidae","amblyoponinae","Adetomyrma","caputleae","Adetomyrma caputleae","","Fianarantsoa","Madagascar","","montane rainforest ex root mat, ground layer",1550,"point","-20.59333","46.56333"
"http://antweb.org/api/v2/?occurrenceId=CAS:ANTWEB:casent0008666","casent0008666","formicidae","amblyoponinae","Adetomyrma","caputleae","Adetomyrma caputleae","","Fianarantsoa","Madagascar","2004-03-09","disturbed montane rainforest ex rotten log",1600,"point","-20.77","47.18667"
"http://antweb.org/api/v2/?occurrenceId=CAS:ANTWEB:casent0008666-d01","casent0008666-d01","formicidae","amblyoponinae","Adetomyrma","caputleae","Adetomyrma caputleae","","Fianarantsoa","Madagascar","","disturbed montane rainforest ex rotten log",1600,"point","-20.77","47.18667"
"http://antweb.org/api/v2/?occurrenceId=CAS:ANTWEB:casent0008666-d02","casent0008666-d02","formicidae","amblyoponinae","Adetomyrma","caputleae","Adetomyrma caputleae","","Fianarantsoa","Madagascar","","disturbed montane rainforest ex rotten log",1600,"point","-20.77","47.18667"
"http://antweb.org/api/v2/?occurrenceId=CAS:ANTWEB:casent0008666-d03","casent0008666-d03","formicidae","amblyoponinae","Adetomyrma","caputleae","Adetomyrma caputleae","","Fianarantsoa","Madagascar","","disturbed montane rainforest ex rotten log",1600,"point","-20.77","47.18667"
"http://antweb.org/api/v2/?occurrenceId=CAS:ANTWEB:casent0008667","casent0008667","formicidae","amblyoponinae","Adetomyrma","caputleae","Adetomyrma caputleae","","Fianarantsoa","Madagascar","2004-03-09","montane rainforest sifted litter leaf mold, rotten wood",1600,"point","-20.77","47.18667"
"http://antweb.org/api/v2/?occurrenceId=CAS:ANTWEB:casent0008673","casent0008673","formicidae","amblyoponinae","Adetomyrma","caputleae","Adetomyrma caputleae","","Antananarivo","Madagascar","2004-03-09","montane rainforest ex rotten log",1300,"point","-18.47333","47.96"
"http://antweb.org/api/v2/?occurrenceId=CAS:ANTWEB:casent0008673-d01","casent0008673-d01","formicidae","amblyoponinae","Adetomyrma","caputleae","Adetomyrma caputleae","","Antananarivo","Madagascar","","montane rainforest ex rotten log",1300,"point","-18.47333","47.96"
"http://antweb.org/api/v2/?occurrenceId=CAS:ANTWEB:casent0008676","casent0008676","formicidae","amblyoponinae","Adetomyrma","caputleae","Adetomyrma caputleae","","Fianarantsoa","Madagascar","2012-06-11","montane rainforest",1550,"point","-20.59333","46.56333"
"http://antweb.org/api/v2/?occurrenceId=CAS:ANTWEB:casent0008676-d01","casent0008676-d01","formicidae","amblyoponinae","Adetomyrma","caputleae","Adetomyrma caputleae","","Fianarantsoa","Madagascar","2012-06-11","montane rainforest",1550,"point","-20.59333","46.56333"
"http://antweb.org/api/v2/?occurrenceId=CAS:ANTWEB:casent0008676-d02","casent0008676-d02","formicidae","amblyoponinae","Adetomyrma","caputleae","Adetomyrma caputleae","","Fianarantsoa","Madagascar","2010-03-18","montane rainforest",1550,"point","-20.59333","46.56333"
"http://antweb.org/api/v2/?occurrenceId=CAS:ANTWEB:casent0008676-d03","casent0008676-d03","formicidae","amblyoponinae","Adetomyrma","caputleae","Adetomyrma caputleae","","Fianarantsoa","Madagascar","2010-03-18","montane rainforest",1550,"point","-20.59333","46.56333"
"http://antweb.org/api/v2/?occurrenceId=CAS:ANTWEB:casent0008688","casent0008688","formicidae","amblyoponinae","Adetomyrma","caputleae","Adetomyrma caputleae","","Fianarantsoa","Madagascar","2004-03-09","mixed tropical forest",1020,"point","-21.2665","47.42017"
"http://antweb.org/api/v2/?occurrenceId=CAS:ANTWEB:casent0008688-d01","casent0008688-d01","formicidae","amblyoponinae","Adetomyrma","caputleae","Adetomyrma caputleae","","Fianarantsoa","Madagascar","","mixed tropical forest",1020,"point","-21.2665","47.42017"
"http://antweb.org/api/v2/?occurrenceId=CAS:ANTWEB:casent0008688-d02","casent0008688-d02","formicidae","amblyoponinae","Adetomyrma","caputleae","Adetomyrma caputleae","","Fianarantsoa","Madagascar","","mixed tropical forest",1020,"point","-21.2665","47.42017"
"http://antweb.org/api/v2/?occurrenceId=CAS:ANTWEB:casent0008688-d03","casent0008688-d03","formicidae","amblyoponinae","Adetomyrma","caputleae","Adetomyrma caputleae","","Fianarantsoa","Madagascar","","mixed tropical forest",1020,"point","-21.2665","47.42017"
"http://antweb.org/api/v2/?occurrenceId=CAS:ANTWEB:casent0008694","casent0008694","formicidae","amblyoponinae","Adetomyrma","caputleae","Adetomyrma caputleae","","Fianarantsoa","Madagascar","2004-03-09","forest edge, mixed tropical forest, open area",1130,"point","-21.25083","47.40717"
"http://antweb.org/api/v2/?occurrenceId=CAS:ANTWEB:casent0008694-d01","casent0008694-d01","formicidae","amblyoponinae","Adetomyrma","caputleae","Adetomyrma caputleae","","Fianarantsoa","Madagascar","","forest edge, mixed tropical forest, open area",1130,"point","-21.25083","47.40717"
"http://antweb.org/api/v2/?occurrenceId=CAS:ANTWEB:casent0011473","casent0011473","formicidae","amblyoponinae","Adetomyrma","caputleae","Adetomyrma caputleae","paratype","Antananarivo","Madagascar","2011-12-31","montane rainforest ex rotten log",1300,"point","-18.47333","47.96"
"http://antweb.org/api/v2/?occurrenceId=CAS:ANTWEB:casent0011473-d01","casent0011473-d01","formicidae","amblyoponinae","Adetomyrma","caputleae","Adetomyrma caputleae","","Antananarivo","Madagascar","","montane rainforest ex rotten log",1300,"point","-18.47333","47.96"
"http://antweb.org/api/v2/?occurrenceId=CAS:ANTWEB:casent0011473-d02","casent0011473-d02","formicidae","amblyoponinae","Adetomyrma","caputleae","Adetomyrma caputleae","","Antananarivo","Madagascar","","montane rainforest ex rotten log",1300,"point","-18.47333","47.96"
"http://antweb.org/api/v2/?occurrenceId=CAS:ANTWEB:casent0011473-d03","casent0011473-d03","formicidae","amblyoponinae","Adetomyrma","caputleae","Adetomyrma caputleae","","Antananarivo","Madagascar","","montane rainforest ex rotten log",1300,"point","-18.47333","47.96"
"http://antweb.org/api/v2/?occurrenceId=CAS:ANTWEB:casent0011473-d04","casent0011473-d04","formicidae","amblyoponinae","Adetomyrma","caputleae","Adetomyrma caputleae","","Antananarivo","Madagascar","","montane rainforest ex rotten log",1300,"point","-18.47333","47.96"
"http://antweb.org/api/v2/?occurrenceId=CAS:ANTWEB:casent0052676","casent0052676","formicidae","amblyoponinae","Adetomyrma","caputleae","Adetomyrma caputleae","","Fianarantsoa","Madagascar","2006-12-31","forest edge, mixed tropical forest, open area",1130,"point","-21.25083","47.40717"
"http://antweb.org/api/v2/?occurrenceId=CAS:ANTWEB:casent0053575","casent0053575","formicidae","amblyoponinae","Adetomyrma","caputleae","Adetomyrma caputleae","","Fianarantsoa","Madagascar","2008-12-31","forest edge, mixed tropical forest, open area",1130,"point","-21.25083","47.40717"
"http://antweb.org/api/v2/?occurrenceId=CAS:ANTWEB:casent0057164","casent0057164","formicidae","amblyoponinae","Adetomyrma","caputleae","Adetomyrma caputleae","","Fianarantsoa","Madagascar","2008-12-31","mixed tropical forest",1020,"point","-21.2665","47.42017"
"http://antweb.org/api/v2/?occurrenceId=CAS:ANTWEB:casent0062569","casent0062569","formicidae","amblyoponinae","Adetomyrma","caputleae","Adetomyrma caputleae","","Fianarantsoa","Madagascar","2006-12-31","forest edge, mixed tropical forest, open area",1130,"point","-21.25083","47.40717"
"http://antweb.org/api/v2/?occurrenceId=CAS:ANTWEB:casent0065369","casent0065369","formicidae","amblyoponinae","Adetomyrma","caputleae","Adetomyrma caputleae","","Fianarantsoa","Madagascar","2006-12-31","forest edge, mixed tropical forest, open area",1130,"point","-21.25083","47.40717"
"http://antweb.org/api/v2/?occurrenceId=CAS:ANTWEB:casent0072397","casent0072397","formicidae","amblyoponinae","Adetomyrma","caputleae","Adetomyrma caputleae","","Fianarantsoa","Madagascar","2009-05-14","ericoid thicket",2000,"point","-22.15233","46.89917"
"http://antweb.org/api/v2/?occurrenceId=CAS:ANTWEB:casent0079538","casent0079538","formicidae","amblyoponinae","Adetomyrma","caputleae","Adetomyrma caputleae","","Fianarantsoa","Madagascar","2006-12-31","mixed tropical forest",1020,"point","-21.2665","47.42017"
"http://antweb.org/api/v2/?occurrenceId=CAS:ANTWEB:casent0079552","casent0079552","formicidae","amblyoponinae","Adetomyrma","caputleae","Adetomyrma caputleae","","Fianarantsoa","Madagascar","2007-03-01","mixed tropical forest",1020,"point","-21.2665","47.42017"
"http://antweb.org/api/v2/?occurrenceId=CAS:ANTWEB:casent0079624","casent0079624","formicidae","amblyoponinae","Adetomyrma","caputleae","Adetomyrma caputleae","","Fianarantsoa","Madagascar","2004-03-09","mixed tropical forest",1020,"point","-21.2665","47.42017"
"http://antweb.org/api/v2/?occurrenceId=CAS:ANTWEB:casent0079833","casent0079833","formicidae","amblyoponinae","Adetomyrma","caputleae","Adetomyrma caputleae","","Fianarantsoa","Madagascar","2006-12-31","high altitude rainforest",1110,"point","-21.22617","47.36983"
"http://antweb.org/api/v2/?occurrenceId=CAS:ANTWEB:casent0080348","casent0080348","formicidae","amblyoponinae","Adetomyrma","caputleae","Adetomyrma caputleae","","Fianarantsoa","Madagascar","2004-03-09","high altitude rainforest",1110,"point","-21.22617","47.36983"
"http://antweb.org/api/v2/?occurrenceId=CAS:ANTWEB:casent0080348-d01","casent0080348-d01","formicidae","amblyoponinae","Adetomyrma","caputleae","Adetomyrma caputleae","","Fianarantsoa","Madagascar","","high altitude rainforest",1110,"point","-21.22617","47.36983"
"http://antweb.org/api/v2/?occurrenceId=CAS:ANTWEB:casent0080371","casent0080371","formicidae","amblyoponinae","Adetomyrma","caputleae","Adetomyrma caputleae","","Fianarantsoa","Madagascar","2006-12-31","forest edge, mixed tropical forest, open area",1130,"point","-21.25083","47.40717"
"http://antweb.org/api/v2/?occurrenceId=CAS:ANTWEB:casent0080432","casent0080432","formicidae","amblyoponinae","Adetomyrma","caputleae","Adetomyrma caputleae","","Fianarantsoa","Madagascar","2004-03-09","mixed tropical forest",1020,"point","-21.2665","47.42017"
"http://antweb.org/api/v2/?occurrenceId=CAS:ANTWEB:casent0080484","casent0080484","formicidae","amblyoponinae","Adetomyrma","caputleae","Adetomyrma caputleae","","Fianarantsoa","Madagascar","2006-12-31","forest edge, mixed tropical forest, open area",1130,"point","-21.25083","47.40717"
"http://antweb.org/api/v2/?occurrenceId=CAS:ANTWEB:casent0080519","casent0080519","formicidae","amblyoponinae","Adetomyrma","caputleae","Adetomyrma caputleae","","Fianarantsoa","Madagascar","2006-12-31","mixed tropical forest",1020,"point","-21.2665","47.42017"
"http://antweb.org/api/v2/?occurrenceId=CAS:ANTWEB:casent0080893","casent0080893","formicidae","amblyoponinae","Adetomyrma","caputleae","Adetomyrma caputleae","","Fianarantsoa","Madagascar","2006-12-31","forest edge, mixed tropical forest, open area",1130,"point","-21.25083","47.40717"
"http://antweb.org/api/v2/?occurrenceId=CAS:ANTWEB:casent0080917","casent0080917","formicidae","amblyoponinae","Adetomyrma","caputleae","Adetomyrma caputleae","","Fianarantsoa","Madagascar","2008-12-31","forest edge, mixed tropical forest, open area",1130,"point","-21.25083","47.40717"
"http://antweb.org/api/v2/?occurrenceId=CAS:ANTWEB:casent0080917-d01","casent0080917-d01","formicidae","amblyoponinae","Adetomyrma","caputleae","Adetomyrma caputleae","","Fianarantsoa","Madagascar","","forest edge, mixed tropical forest, open area",1130,"point","-21.25083","47.40717"
"http://antweb.org/api/v2/?occurrenceId=CAS:ANTWEB:casent0080922","casent0080922","formicidae","amblyoponinae","Adetomyrma","caputleae","Adetomyrma caputleae","","Fianarantsoa","Madagascar","2006-12-31","open area near stream",690,"point","-21.2485","47.45217"
"http://antweb.org/api/v2/?occurrenceId=CAS:ANTWEB:casent0080952","casent0080952","formicidae","amblyoponinae","Adetomyrma","caputleae","Adetomyrma caputleae","","Fianarantsoa","Madagascar","2006-12-31","high altitude rainforest",1110,"point","-21.22617","47.36983"
"http://antweb.org/api/v2/?occurrenceId=CAS:ANTWEB:casent0081351","casent0081351","formicidae","amblyoponinae","Adetomyrma","caputleae","Adetomyrma caputleae","","Fianarantsoa","Madagascar","2006-12-31","mixed tropical forest",1020,"point","-21.2665","47.42017"
"http://antweb.org/api/v2/?occurrenceId=CAS:ANTWEB:casent0095376","casent0095376","formicidae","amblyoponinae","Adetomyrma","caputleae","Adetomyrma caputleae","","Fianarantsoa","Madagascar","2006-12-31","",625,"point","-21.8275","47.33889"
"http://antweb.org/api/v2/?occurrenceId=CAS:ANTWEB:casent0109926","casent0109926","formicidae","amblyoponinae","Adetomyrma","caputleae","Adetomyrma caputleae","","Fianarantsoa","Madagascar","2006-12-31","forest edge, mixed tropical forest, open area",1130,"point","-21.25083","47.40717"
"http://antweb.org/api/v2/?occurrenceId=CAS:ANTWEB:casent0109926-d01","casent0109926-d01","formicidae","amblyoponinae","Adetomyrma","caputleae","Adetomyrma caputleae","","Fianarantsoa","Madagascar","","forest edge, mixed tropical forest, open area",1130,"point","-21.25083","47.40717"
"http://antweb.org/api/v2/?occurrenceId=CAS:ANTWEB:casent0111213","casent0111213","formicidae","amblyoponinae","Adetomyrma","caputleae","Adetomyrma caputleae","","Fianarantsoa","Madagascar","2006-12-31","high altitude rainforest",1110,"point","-21.22617","47.36983"
"http://antweb.org/api/v2/?occurrenceId=CAS:ANTWEB:casent0111362","casent0111362","formicidae","amblyoponinae","Adetomyrma","caputleae","Adetomyrma caputleae","","Fianarantsoa","Madagascar","2006-12-31","open area near stream",690,"point","-21.2485","47.45217"
"http://antweb.org/api/v2/?occurrenceId=CAS:ANTWEB:casent0111401","casent0111401","formicidae","amblyoponinae","Adetomyrma","caputleae","Adetomyrma caputleae","","Fianarantsoa","Madagascar","2006-12-31","forest edge, mixed tropical forest, open area",1130,"point","-21.25083","47.40717"
"http://antweb.org/api/v2/?occurrenceId=CAS:ANTWEB:casent0111405","casent0111405","formicidae","amblyoponinae","Adetomyrma","caputleae","Adetomyrma caputleae","","Fianarantsoa","Madagascar","2008-12-31","forest edge, mixed tropical forest, open area",1130,"point","-21.25083","47.40717"
"http://antweb.org/api/v2/?occurrenceId=CAS:ANTWEB:casent0111405-d01","casent0111405-d01","formicidae","amblyoponinae","Adetomyrma","caputleae","Adetomyrma caputleae","","Fianarantsoa","Madagascar","","forest edge, mixed tropical forest, open area",1130,"point","-21.25083","47.40717"
"http://antweb.org/api/v2/?occurrenceId=CAS:ANTWEB:casent0111565","casent0111565","formicidae","amblyoponinae","Adetomyrma","caputleae","Adetomyrma caputleae","","Fianarantsoa","Madagascar","2006-12-31","open area near stream",690,"point","-21.2485","47.45217"
"http://antweb.org/api/v2/?occurrenceId=CAS:ANTWEB:casent0111670","casent0111670","formicidae","amblyoponinae","Adetomyrma","caputleae","Adetomyrma caputleae","","Antananarivo","Madagascar","2008-12-31","Foret sclerophylle",701,"point","-18.198","47.2815"
"http://antweb.org/api/v2/?occurrenceId=CAS:ANTWEB:casent0111670-d01","casent0111670-d01","formicidae","amblyoponinae","Adetomyrma","caputleae","Adetomyrma caputleae","","Antananarivo","Madagascar","","Foret sclerophylle",701,"point","-18.198","47.2815"
"http://antweb.org/api/v2/?occurrenceId=CAS:ANTWEB:casent0111790","casent0111790","formicidae","amblyoponinae","Adetomyrma","caputleae","Adetomyrma caputleae","","Fianarantsoa","Madagascar","2006-12-31","Low altitude rainforest",822,"point","-20.79267","47.17567"
"http://antweb.org/api/v2/?occurrenceId=CAS:ANTWEB:casent0111790-d01","casent0111790-d01","formicidae","amblyoponinae","Adetomyrma","caputleae","Adetomyrma caputleae","","Fianarantsoa","Madagascar","","Low altitude rainforest",822,"point","-20.79267","47.17567"
"http://antweb.org/api/v2/?occurrenceId=CAS:ANTWEB:casent0111832","casent0111832","formicidae","amblyoponinae","Adetomyrma","caputleae","Adetomyrma caputleae","","Fianarantsoa","Madagascar","2006-12-31","high altitude rainforest",1110,"point","-21.22617","47.36983"
"http://antweb.org/api/v2/?occurrenceId=CAS:ANTWEB:casent0111871","casent0111871","formicidae","amblyoponinae","Adetomyrma","caputleae","Adetomyrma caputleae","","Fianarantsoa","Madagascar","2006-12-31","high altitude rainforest",1110,"point","-21.22617","47.36983"
"http://antweb.org/api/v2/?occurrenceId=CAS:ANTWEB:casent0111886","casent0111886","formicidae","amblyoponinae","Adetomyrma","caputleae","Adetomyrma caputleae","","Fianarantsoa","Madagascar","2006-12-31","high altitude rainforest",1110,"point","-21.22617","47.36983"
"http://antweb.org/api/v2/?occurrenceId=CAS:ANTWEB:casent0111918","casent0111918","formicidae","amblyoponinae","Adetomyrma","caputleae","Adetomyrma caputleae","","Fianarantsoa","Madagascar","2006-12-31","forest edge, mixed tropical forest, open area",1130,"point","-21.25083","47.40717"
"http://antweb.org/api/v2/?occurrenceId=CAS:ANTWEB:casent0112011","casent0112011","formicidae","amblyoponinae","Adetomyrma","caputleae","Adetomyrma caputleae","","Fianarantsoa","Madagascar","2006-12-31","high altitude rainforest",1110,"point","-21.22617","47.36983"
"http://antweb.org/api/v2/?occurrenceId=CAS:ANTWEB:casent0112047","casent0112047","formicidae","amblyoponinae","Adetomyrma","caputleae","Adetomyrma caputleae","","Fianarantsoa","Madagascar","2006-12-31","high altitude rainforest",1110,"point","-21.22617","47.36983"
"http://antweb.org/api/v2/?occurrenceId=CAS:ANTWEB:casent0112161","casent0112161","formicidae","amblyoponinae","Adetomyrma","caputleae","Adetomyrma caputleae","","Fianarantsoa","Madagascar","2006-12-31","high altitude rainforest",1110,"point","-21.22617","47.36983"
"http://antweb.org/api/v2/?occurrenceId=CAS:ANTWEB:casent0112234","casent0112234","formicidae","amblyoponinae","Adetomyrma","caputleae","Adetomyrma caputleae","","Fianarantsoa","Madagascar","2006-12-31","mixed tropical forest",1020,"point","-21.2665","47.42017"
"http://antweb.org/api/v2/?occurrenceId=CAS:ANTWEB:casent0112278","casent0112278","formicidae","amblyoponinae","Adetomyrma","caputleae","Adetomyrma caputleae","","Fianarantsoa","Madagascar","2006-12-31","mixed tropical forest",1020,"point","-21.2665","47.42017"
"http://antweb.org/api/v2/?occurrenceId=CAS:ANTWEB:casent0112319","casent0112319","formicidae","amblyoponinae","Adetomyrma","caputleae","Adetomyrma caputleae","","Fianarantsoa","Madagascar","2006-12-31","mixed tropical forest",1020,"point","-21.2665","47.42017"
"http://antweb.org/api/v2/?occurrenceId=CAS:ANTWEB:casent0112350","casent0112350","formicidae","amblyoponinae","Adetomyrma","caputleae","Adetomyrma caputleae","","Fianarantsoa","Madagascar","2006-12-31","mixed tropical forest",1020,"point","-21.2665","47.42017"
"http://antweb.org/api/v2/?occurrenceId=CAS:ANTWEB:casent0112581","casent0112581","formicidae","amblyoponinae","Adetomyrma","caputleae","Adetomyrma caputleae","","Fianarantsoa","Madagascar","2006-12-31","high altitude rainforest",1110,"point","-21.22617","47.36983"
"http://antweb.org/api/v2/?occurrenceId=CAS:ANTWEB:casent0112676","casent0112676","formicidae","amblyoponinae","Adetomyrma","caputleae","Adetomyrma caputleae","","Fianarantsoa","Madagascar","2006-12-31","forest edge, mixed tropical forest, open area",1130,"point","-21.25083","47.40717"
"http://antweb.org/api/v2/?occurrenceId=CAS:ANTWEB:casent0112691","casent0112691","formicidae","amblyoponinae","Adetomyrma","caputleae","Adetomyrma caputleae","","Fianarantsoa","Madagascar","2006-12-31","mixed tropical forest",1020,"point","-21.2665","47.42017"
"http://antweb.org/api/v2/?occurrenceId=CAS:ANTWEB:casent0112704","casent0112704","formicidae","amblyoponinae","Adetomyrma","caputleae","Adetomyrma caputleae","","Fianarantsoa","Madagascar","2006-12-31","mixed tropical forest",1020,"point","-21.2665","47.42017"
"http://antweb.org/api/v2/?occurrenceId=CAS:ANTWEB:casent0112717","casent0112717","formicidae","amblyoponinae","Adetomyrma","caputleae","Adetomyrma caputleae","","Fianarantsoa","Madagascar","2008-12-31","mixed tropical forest",1020,"point","-21.2665","47.42017"
"http://antweb.org/api/v2/?occurrenceId=CAS:ANTWEB:casent0112801","casent0112801","formicidae","amblyoponinae","Adetomyrma","caputleae","Adetomyrma caputleae","","Fianarantsoa","Madagascar","2006-12-31","forest edge, mixed tropical forest, open area",1130,"point","-21.25083","47.40717"
"http://antweb.org/api/v2/?occurrenceId=CAS:ANTWEB:casent0112825","casent0112825","formicidae","amblyoponinae","Adetomyrma","caputleae","Adetomyrma caputleae","","Fianarantsoa","Madagascar","2006-12-31","forest edge, mixed tropical forest, open area",1130,"point","-21.25083","47.40717"
"http://antweb.org/api/v2/?occurrenceId=CAS:ANTWEB:casent0112899","casent0112899","formicidae","amblyoponinae","Adetomyrma","caputleae","Adetomyrma caputleae","","Fianarantsoa","Madagascar","2006-12-31","forest edge, mixed tropical forest, open area",1130,"point","-21.25083","47.40717"
"http://antweb.org/api/v2/?occurrenceId=CAS:ANTWEB:casent0112949","casent0112949","formicidae","amblyoponinae","Adetomyrma","caputleae","Adetomyrma caputleae","","Fianarantsoa","Madagascar","2006-12-31","forest edge, mixed tropical forest, open area",1130,"point","-21.25083","47.40717"
"http://antweb.org/api/v2/?occurrenceId=CAS:ANTWEB:casent0112982","casent0112982","formicidae","amblyoponinae","Adetomyrma","caputleae","Adetomyrma caputleae","","Fianarantsoa","Madagascar","2006-12-31","forest edge, mixed tropical forest, open area",1130,"point","-21.25083","47.40717"
"http://antweb.org/api/v2/?occurrenceId=CAS:ANTWEB:casent0113011","casent0113011","formicidae","amblyoponinae","Adetomyrma","caputleae","Adetomyrma caputleae","","Fianarantsoa","Madagascar","2006-12-31","forest edge, mixed tropical forest, open area",1130,"point","-21.25083","47.40717"
"http://antweb.org/api/v2/?occurrenceId=CAS:ANTWEB:casent0113036","casent0113036","formicidae","amblyoponinae","Adetomyrma","caputleae","Adetomyrma caputleae","","Fianarantsoa","Madagascar","2006-12-31","mixed tropical forest",1020,"point","-21.2665","47.42017"
"http://antweb.org/api/v2/?occurrenceId=CAS:ANTWEB:casent0113087","casent0113087","formicidae","amblyoponinae","Adetomyrma","caputleae","Adetomyrma caputleae","","Fianarantsoa","Madagascar","2008-12-31","mixed tropical forest",1020,"point","-21.2665","47.42017"
"http://antweb.org/api/v2/?occurrenceId=CAS:ANTWEB:casent0113165","casent0113165","formicidae","amblyoponinae","Adetomyrma","caputleae","Adetomyrma caputleae","","Fianarantsoa","Madagascar","2006-12-31","mixed tropical forest",1020,"point","-21.2665","47.42017"
"http://antweb.org/api/v2/?occurrenceId=CAS:ANTWEB:casent0113165-d01","casent0113165-d01","formicidae","amblyoponinae","Adetomyrma","caputleae","Adetomyrma caputleae","","Fianarantsoa","Madagascar","","mixed tropical forest",1020,"point","-21.2665","47.42017"
"http://antweb.org/api/v2/?occurrenceId=CAS:ANTWEB:casent0113188","casent0113188","formicidae","amblyoponinae","Adetomyrma","caputleae","Adetomyrma caputleae","","Fianarantsoa","Madagascar","2006-12-31","mixed tropical forest",1020,"point","-21.2665","47.42017"
"http://antweb.org/api/v2/?occurrenceId=CAS:ANTWEB:casent0113214","casent0113214","formicidae","amblyoponinae","Adetomyrma","caputleae","Adetomyrma caputleae","","Fianarantsoa","Madagascar","2006-12-31","mixed tropical forest",1020,"point","-21.2665","47.42017"
"http://antweb.org/api/v2/?occurrenceId=CAS:ANTWEB:casent0113372","casent0113372","formicidae","amblyoponinae","Adetomyrma","caputleae","Adetomyrma caputleae","","Fianarantsoa","Madagascar","2006-12-31","mixed tropical forest",1020,"point","-21.2665","47.42017"
"http://antweb.org/api/v2/?occurrenceId=CAS:ANTWEB:casent0113439","casent0113439","formicidae","amblyoponinae","Adetomyrma","caputleae","Adetomyrma caputleae","","Fianarantsoa","Madagascar","2006-12-31","mixed tropical forest",1020,"point","-21.2665","47.42017"
"http://antweb.org/api/v2/?occurrenceId=CAS:ANTWEB:casent0113439-d01","casent0113439-d01","formicidae","amblyoponinae","Adetomyrma","caputleae","Adetomyrma caputleae","","Fianarantsoa","Madagascar","","mixed tropical forest",1020,"point","-21.2665","47.42017"
"http://antweb.org/api/v2/?occurrenceId=CAS:ANTWEB:casent0113474","casent0113474","formicidae","amblyoponinae","Adetomyrma","caputleae","Adetomyrma caputleae","","Fianarantsoa","Madagascar","2006-12-31","mixed tropical forest",1020,"point","-21.2665","47.42017"
"http://antweb.org/api/v2/?occurrenceId=CAS:ANTWEB:casent0113724","casent0113724","formicidae","amblyoponinae","Adetomyrma","caputleae","Adetomyrma caputleae","","Fianarantsoa","Madagascar","2006-12-31","forest edge, mixed tropical forest, open area",1130,"point","-21.25083","47.40717"
"http://antweb.org/api/v2/?occurrenceId=CAS:ANTWEB:casent0113795","casent0113795","formicidae","amblyoponinae","Adetomyrma","caputleae","Adetomyrma caputleae","","Fianarantsoa","Madagascar","2006-12-31","open area near stream",690,"point","-21.2485","47.45217"
"http://antweb.org/api/v2/?occurrenceId=CAS:ANTWEB:casent0113886","casent0113886","formicidae","amblyoponinae","Adetomyrma","caputleae","Adetomyrma caputleae","","Fianarantsoa","Madagascar","2006-12-31","mixed tropical forest",1020,"point","-21.2665","47.42017"
"http://antweb.org/api/v2/?occurrenceId=CAS:ANTWEB:casent0114115","casent0114115","formicidae","amblyoponinae","Adetomyrma","caputleae","Adetomyrma caputleae","","Fianarantsoa","Madagascar","2006-12-31","mixed tropical forest",1020,"point","-21.2665","47.42017"
"http://antweb.org/api/v2/?occurrenceId=CAS:ANTWEB:casent0114158","casent0114158","formicidae","amblyoponinae","Adetomyrma","caputleae","Adetomyrma caputleae","","Fianarantsoa","Madagascar","2006-12-31","open area near stream",690,"point","-21.2485","47.45217"
"http://antweb.org/api/v2/?occurrenceId=CAS:ANTWEB:casent0114189","casent0114189","formicidae","amblyoponinae","Adetomyrma","caputleae","Adetomyrma caputleae","","Fianarantsoa","Madagascar","2006-12-31","mixed tropical forest",1020,"point","-21.2665","47.42017"
"http://antweb.org/api/v2/?occurrenceId=CAS:ANTWEB:casent0114217","casent0114217","formicidae","amblyoponinae","Adetomyrma","caputleae","Adetomyrma caputleae","","Fianarantsoa","Madagascar","2006-12-31","open area near stream",690,"point","-21.2485","47.45217"
"http://antweb.org/api/v2/?occurrenceId=CAS:ANTWEB:casent0114258","casent0114258","formicidae","amblyoponinae","Adetomyrma","caputleae","Adetomyrma caputleae","","Fianarantsoa","Madagascar","2006-12-31","forest edge, mixed tropical forest, open area",1130,"point","-21.25083","47.40717"
"http://antweb.org/api/v2/?occurrenceId=CAS:ANTWEB:casent0114307","casent0114307","formicidae","amblyoponinae","Adetomyrma","caputleae","Adetomyrma caputleae","","Fianarantsoa","Madagascar","2006-12-31","open area near stream",690,"point","-21.2485","47.45217"
"http://antweb.org/api/v2/?occurrenceId=CAS:ANTWEB:casent0114363","casent0114363","formicidae","amblyoponinae","Adetomyrma","caputleae","Adetomyrma caputleae","","Fianarantsoa","Madagascar","2006-12-31","mixed tropical forest",1020,"point","-21.2665","47.42017"
"http://antweb.org/api/v2/?occurrenceId=CAS:ANTWEB:casent0114465","casent0114465","formicidae","amblyoponinae","Adetomyrma","caputleae","Adetomyrma caputleae","","Fianarantsoa","Madagascar","2006-12-31","forest edge, mixed tropical forest, open area",1130,"point","-21.25083","47.40717"
"http://antweb.org/api/v2/?occurrenceId=CAS:ANTWEB:casent0114545","casent0114545","formicidae","amblyoponinae","Adetomyrma","caputleae","Adetomyrma caputleae","","Fianarantsoa","Madagascar","2006-12-31","forest edge, mixed tropical forest, open area",1130,"point","-21.25083","47.40717"
"http://antweb.org/api/v2/?occurrenceId=CAS:ANTWEB:casent0114624","casent0114624","formicidae","amblyoponinae","Adetomyrma","caputleae","Adetomyrma caputleae","","Fianarantsoa","Madagascar","2006-12-31","forest edge, mixed tropical forest, open area",1130,"point","-21.25083","47.40717"
"http://antweb.org/api/v2/?occurrenceId=CAS:ANTWEB:casent0114714","casent0114714","formicidae","amblyoponinae","Adetomyrma","caputleae","Adetomyrma caputleae","","Fianarantsoa","Madagascar","2006-12-31","rainforest",1018,"point","-21.2665","47.42017"
"http://antweb.org/api/v2/?occurrenceId=CAS:ANTWEB:casent0114757","casent0114757","formicidae","amblyoponinae","Adetomyrma","caputleae","Adetomyrma caputleae","","Fianarantsoa","Madagascar","2008-12-31","mixed tropical forest",1020,"point","-21.2665","47.42017"
"http://antweb.org/api/v2/?occurrenceId=CAS:ANTWEB:casent0114760","casent0114760","formicidae","amblyoponinae","Adetomyrma","caputleae","Adetomyrma caputleae","","Fianarantsoa","Madagascar","2006-12-31","mixed tropical forest",1020,"point","-21.2665","47.42017"
"http://antweb.org/api/v2/?occurrenceId=CAS:ANTWEB:casent0115045","casent0115045","formicidae","amblyoponinae","Adetomyrma","caputleae","Adetomyrma caputleae","","Fianarantsoa","Madagascar","2006-12-31","rainforest",1018,"point","-21.2665","47.42017"
"http://antweb.org/api/v2/?occurrenceId=CAS:ANTWEB:casent0115438","casent0115438","formicidae","amblyoponinae","Adetomyrma","caputleae","Adetomyrma caputleae","","Fianarantsoa","Madagascar","2006-12-31","forest edge, mixed tropical forest, open area",1130,"point","-21.25083","47.40717"
"http://antweb.org/api/v2/?occurrenceId=CAS:ANTWEB:casent0116005","casent0116005","formicidae","amblyoponinae","Adetomyrma","caputleae","Adetomyrma caputleae","","Fianarantsoa","Madagascar","2006-12-31","mixed tropical forest",1020,"point","-21.2665","47.42017"
"http://antweb.org/api/v2/?occurrenceId=CAS:ANTWEB:casent0140828","casent0140828","formicidae","amblyoponinae","Adetomyrma","caputleae","Adetomyrma caputleae","","Antananarivo","Madagascar","2012-12-31","gallery montane forest ex rotten log",1464,"point","-18.10322","47.18692"
"http://antweb.org/api/v2/?occurrenceId=CAS:ANTWEB:casent0141279","casent0141279","formicidae","amblyoponinae","Adetomyrma","caputleae","Adetomyrma caputleae","","Fianarantsoa","Madagascar","2008-12-31","disturbed montane rainforest ex rotten log",1755,"point","-20.775","47.18362"
"http://antweb.org/api/v2/?occurrenceId=CAS:ANTWEB:casent0218011","casent0218011","formicidae","amblyoponinae","Adetomyrma","caputleae","Adetomyrma caputleae","","Fianarantsoa","Madagascar","2013-12-31","rainforest",1018,"point","-21.2665","47.42017"
"http://antweb.org/api/v2/?occurrenceId=CAS:ANTWEB:casent0218013","casent0218013","formicidae","amblyoponinae","Adetomyrma","caputleae","Adetomyrma caputleae","","Fianarantsoa","Madagascar","2013-12-31","montane rainforest ex root mat, ground layer",1550,"point","-20.59333","46.56333"
"http://antweb.org/api/v2/?occurrenceId=CAS:ANTWEB:casent0227975","casent0227975","formicidae","amblyoponinae","Adetomyrma","caputleae","Adetomyrma caputleae","","Antananarivo","Madagascar","2013-12-31","montane rainforest ex rotten log",1300,"point","-18.47333","47.96"
"http://antweb.org/api/v2/?occurrenceId=CAS:ANTWEB:casent0227978","casent0227978","formicidae","amblyoponinae","Adetomyrma","caputleae","Adetomyrma caputleae","paratype","Antananarivo","Madagascar","2011-01-01","montane rainforest ex rotten log",1300,"point","-18.47333","47.96"
"http://antweb.org/api/v2/?occurrenceId=CAS:ANTWEB:casent0227979","casent0227979","formicidae","amblyoponinae","Adetomyrma","caputleae","Adetomyrma caputleae","paratype","Antananarivo","Madagascar","2011-01-01","montane rainforest ex rotten log",1300,"point","-18.47333","47.96"
"http://antweb.org/api/v2/?occurrenceId=CAS:ANTWEB:casent0227980","casent0227980","formicidae","amblyoponinae","Adetomyrma","caputleae","Adetomyrma caputleae","paratype","Antananarivo","Madagascar","2011-01-01","montane rainforest ex rotten log",1300,"point","-18.47333","47.96"
"http://antweb.org/api/v2/?occurrenceId=CAS:ANTWEB:casent0227992","casent0227992","formicidae","amblyoponinae","Adetomyrma","caputleae","Adetomyrma caputleae","Holotype","Antananarivo","Madagascar","2011-01-01","montane rainforest ex rotten log",1300,"point","-18.47333","47.96"
"http://antweb.org/api/v2/?occurrenceId=CAS:ANTWEB:casent0227993","casent0227993","formicidae","amblyoponinae","Adetomyrma","caputleae","Adetomyrma caputleae","paratype","Antananarivo","Madagascar","2011-01-01","montane rainforest ex rotten log",1300,"point","-18.47333","47.96"
"http://antweb.org/api/v2/?occurrenceId=CAS:ANTWEB:casent0227994","casent0227994","formicidae","amblyoponinae","Adetomyrma","caputleae","Adetomyrma caputleae","paratype","Antananarivo","Madagascar","2011-01-01","montane rainforest ex rotten log",1300,"point","-18.47333","47.96"
"http://antweb.org/api/v2/?occurrenceId=CAS:ANTWEB:casent0227995","casent0227995","formicidae","amblyoponinae","Adetomyrma","caputleae","Adetomyrma caputleae","paratype","Antananarivo","Madagascar","2011-01-01","montane rainforest ex rotten log",1300,"point","-18.47333","47.96"
"http://antweb.org/api/v2/?occurrenceId=CAS:ANTWEB:casent0227996","casent0227996","formicidae","amblyoponinae","Adetomyrma","caputleae","Adetomyrma caputleae","paratype","Antananarivo","Madagascar","2011-01-01","montane rainforest ex rotten log",1300,"point","-18.47333","47.96"
"http://antweb.org/api/v2/?occurrenceId=CAS:ANTWEB:casent0227997","casent0227997","formicidae","amblyoponinae","Adetomyrma","caputleae","Adetomyrma caputleae","paratype","Antananarivo","Madagascar","2011-01-01","montane rainforest ex rotten log",1300,"point","-18.47333","47.96"
"http://antweb.org/api/v2/?occurrenceId=CAS:ANTWEB:casent0227998","casent0227998","formicidae","amblyoponinae","Adetomyrma","caputleae","Adetomyrma caputleae","paratype","Antananarivo","Madagascar","2011-12-31","montane rainforest ex rotten log",1300,"point","-18.47333","47.96"
"http://antweb.org/api/v2/?occurrenceId=CAS:ANTWEB:casent0227999","casent0227999","formicidae","amblyoponinae","Adetomyrma","caputleae","Adetomyrma caputleae","paratype","Antananarivo","Madagascar","2011-01-01","montane rainforest ex rotten log",1300,"point","-18.47333","47.96"
"http://antweb.org/api/v2/?occurrenceId=CAS:ANTWEB:casent0229348","casent0229348","formicidae","amblyoponinae","Adetomyrma","caputleae","Adetomyrma caputleae","","Fianarantsoa","Madagascar","2011-12-31","Uapaca forest",1359,"point","-20.17333","47.086"
"http://antweb.org/api/v2/?occurrenceId=CAS:ANTWEB:casent0229369","casent0229369","formicidae","amblyoponinae","Adetomyrma","caputleae","Adetomyrma caputleae","","Antananarivo","Madagascar","2011-12-31","Uapaca forest",1700,"point","-20.0675","46.9995"
"http://antweb.org/api/v2/?occurrenceId=CAS:ANTWEB:casent0242604","casent0242604","formicidae","amblyoponinae","Adetomyrma","caputleae","Adetomyrma caputleae","","Fianarantsoa","Madagascar","2012-01-01","forest edge, open area",1127,"point","-21.25083","47.40717"
"http://antweb.org/api/v2/?occurrenceId=CAS:ANTWEB:casent0242604-d01","casent0242604-d01","formicidae","amblyoponinae","Adetomyrma","caputleae","Adetomyrma caputleae","","Fianarantsoa","Madagascar","2012-01-01","forest edge, open area",1127,"point","-21.25083","47.40717"
"http://antweb.org/api/v2/?occurrenceId=CAS:ANTWEB:casent0244176","casent0244176","formicidae","amblyoponinae","Adetomyrma","caputleae","Adetomyrma caputleae","","Fianarantsoa","Madagascar","2012-01-01","forest edge, open area",1127,"point","-21.25083","47.40717"
"http://antweb.org/api/v2/?occurrenceId=CAS:ANTWEB:casent0244176-d01","casent0244176-d01","formicidae","amblyoponinae","Adetomyrma","caputleae","Adetomyrma caputleae","","Fianarantsoa","Madagascar","2012-01-01","forest edge, open area",1127,"point","-21.25083","47.40717"
"http://antweb.org/api/v2/?occurrenceId=CAS:ANTWEB:casent0244202","casent0244202","formicidae","amblyoponinae","Adetomyrma","caputleae","Adetomyrma caputleae","","Fianarantsoa","Madagascar","2012-01-01","forest edge, open area",1127,"point","-21.25083","47.40717"
"http://antweb.org/api/v2/?occurrenceId=CAS:ANTWEB:casent0244202-d01","casent0244202-d01","formicidae","amblyoponinae","Adetomyrma","caputleae","Adetomyrma caputleae","","Fianarantsoa","Madagascar","2012-01-01","forest edge, open area",1127,"point","-21.25083","47.40717"
"http://antweb.org/api/v2/?occurrenceId=CAS:ANTWEB:casent0244311","casent0244311","formicidae","amblyoponinae","Adetomyrma","caputleae","Adetomyrma caputleae","","Fianarantsoa","Madagascar","2012-01-01","forest edge, open area",1127,"point","-21.25083","47.40717"
"http://antweb.org/api/v2/?occurrenceId=CAS:ANTWEB:casent0244311-d01","casent0244311-d01","formicidae","amblyoponinae","Adetomyrma","caputleae","Adetomyrma caputleae","","Fianarantsoa","Madagascar","2012-01-01","forest edge, open area",1127,"point","-21.25083","47.40717"
"http://antweb.org/api/v2/?occurrenceId=CAS:ANTWEB:casent0244312","casent0244312","formicidae","amblyoponinae","Adetomyrma","caputleae","Adetomyrma caputleae","","Fianarantsoa","Madagascar","2011-12-31","forest edge, open area",1127,"point","-21.25083","47.40717"
"http://antweb.org/api/v2/?occurrenceId=CAS:ANTWEB:casent0244312-d01","casent0244312-d01","formicidae","amblyoponinae","Adetomyrma","caputleae","Adetomyrma caputleae","","Fianarantsoa","Madagascar","2011-12-16","forest edge, open area",1127,"point","-21.25083","47.40717"
"http://antweb.org/api/v2/?occurrenceId=CAS:ANTWEB:casent0244346","casent0244346","formicidae","amblyoponinae","Adetomyrma","caputleae","Adetomyrma caputleae","","Fianarantsoa","Madagascar","2012-01-01","Low altitude rainforest",822,"point","-20.79267","47.17567"
"http://antweb.org/api/v2/?occurrenceId=CAS:ANTWEB:casent0244346-d01","casent0244346-d01","formicidae","amblyoponinae","Adetomyrma","caputleae","Adetomyrma caputleae","","Fianarantsoa","Madagascar","2012-01-01","Low altitude rainforest",822,"point","-20.79267","47.17567"
"http://antweb.org/api/v2/?occurrenceId=CAS:ANTWEB:casent0244380","casent0244380","formicidae","amblyoponinae","Adetomyrma","caputleae","Adetomyrma caputleae","","Fianarantsoa","Madagascar","2012-01-01","Low altitude rainforest",822,"point","-20.79267","47.17567"
"http://antweb.org/api/v2/?occurrenceId=CAS:ANTWEB:casent0244380-d01","casent0244380-d01","formicidae","amblyoponinae","Adetomyrma","caputleae","Adetomyrma caputleae","","Fianarantsoa","Madagascar","2012-01-01","Low altitude rainforest",822,"point","-20.79267","47.17567"
"http://antweb.org/api/v2/?occurrenceId=CAS:ANTWEB:casent0244381","casent0244381","formicidae","amblyoponinae","Adetomyrma","caputleae","Adetomyrma caputleae","","Fianarantsoa","Madagascar","2012-01-01","Low altitude rainforest",822,"point","-20.79267","47.17567"
"http://antweb.org/api/v2/?occurrenceId=CAS:ANTWEB:casent0244381-d01","casent0244381-d01","formicidae","amblyoponinae","Adetomyrma","caputleae","Adetomyrma caputleae","","Fianarantsoa","Madagascar","2012-01-01","Low altitude rainforest",822,"point","-20.79267","47.17567"
"http://antweb.org/api/v2/?occurrenceId=CAS:ANTWEB:casent0244385","casent0244385","formicidae","amblyoponinae","Adetomyrma","caputleae","Adetomyrma caputleae","","Fianarantsoa","Madagascar","2011-12-31","Low altitude rainforest",822,"point","-20.79267","47.17567"
"http://antweb.org/api/v2/?occurrenceId=CAS:ANTWEB:casent0244385-d01","casent0244385-d01","formicidae","amblyoponinae","Adetomyrma","caputleae","Adetomyrma caputleae","","Fianarantsoa","Madagascar","2011-12-16","Low altitude rainforest",822,"point","-20.79267","47.17567"
"http://antweb.org/api/v2/?occurrenceId=CAS:ANTWEB:casent0244513","casent0244513","formicidae","amblyoponinae","Adetomyrma","caputleae","Adetomyrma caputleae","","Fianarantsoa","Madagascar","2012-01-01","Low altitude rainforest",822,"point","-20.79267","47.17567"
"http://antweb.org/api/v2/?occurrenceId=CAS:ANTWEB:casent0244513-d01","casent0244513-d01","formicidae","amblyoponinae","Adetomyrma","caputleae","Adetomyrma caputleae","","Fianarantsoa","Madagascar","2012-01-01","Low altitude rainforest",822,"point","-20.79267","47.17567"
"http://antweb.org/api/v2/?occurrenceId=CAS:ANTWEB:casent0245911","casent0245911","formicidae","amblyoponinae","Adetomyrma","caputleae","Adetomyrma caputleae","","Fianarantsoa","Madagascar","2011-12-31","Uapaca forest",1359,"point","-20.17333","47.086"
"http://antweb.org/api/v2/?occurrenceId=CAS:ANTWEB:casent0245911-d01","casent0245911-d01","formicidae","amblyoponinae","Adetomyrma","caputleae","Adetomyrma caputleae","","Fianarantsoa","Madagascar","2011-12-16","Uapaca forest",1359,"point","-20.17333","47.086"
"http://antweb.org/api/v2/?occurrenceId=CAS:ANTWEB:casent0247005","casent0247005","formicidae","amblyoponinae","Adetomyrma","caputleae","Adetomyrma caputleae","","Antananarivo","Madagascar","2013-12-31","montane rainforest ex rotten log",1300,"point","-18.47333","47.96"
"http://antweb.org/api/v2/?occurrenceId=CAS:ANTWEB:casent0247048","casent0247048","formicidae","amblyoponinae","Adetomyrma","caputleae","Adetomyrma caputleae","paratype","Antananarivo","Madagascar","2011-12-31","montane rainforest ex rotten log",1300,"point","-18.47333","47.96"
"http://antweb.org/api/v2/?occurrenceId=CAS:ANTWEB:casent0260946","casent0260946","formicidae","amblyoponinae","Adetomyrma","caputleae","Adetomyrma caputleae","","Fianarantsoa","Madagascar","2012-01-01","Uapaca forest",1359,"point","-20.17333","47.086"
"http://antweb.org/api/v2/?occurrenceId=CAS:ANTWEB:casent0260946-d01","casent0260946-d01","formicidae","amblyoponinae","Adetomyrma","caputleae","Adetomyrma caputleae","","Fianarantsoa","Madagascar","2012-01-01","Uapaca forest",1359,"point","-20.17333","47.086"
"http://antweb.org/api/v2/?occurrenceId=CAS:ANTWEB:casent0260947","casent0260947","formicidae","amblyoponinae","Adetomyrma","caputleae","Adetomyrma caputleae","","Fianarantsoa","Madagascar","2012-01-01","Uapaca forest",1359,"point","-20.17333","47.086"
"http://antweb.org/api/v2/?occurrenceId=CAS:ANTWEB:casent0260947-d01","casent0260947-d01","formicidae","amblyoponinae","Adetomyrma","caputleae","Adetomyrma caputleae","","Fianarantsoa","Madagascar","2012-01-01","Uapaca forest",1359,"point","-20.17333","47.086"
"http://antweb.org/api/v2/?occurrenceId=CAS:ANTWEB:casent0260948","casent0260948","formicidae","amblyoponinae","Adetomyrma","caputleae","Adetomyrma caputleae","","Fianarantsoa","Madagascar","2012-01-01","Uapaca forest",1359,"point","-20.17333","47.086"
"http://antweb.org/api/v2/?occurrenceId=CAS:ANTWEB:casent0260948-d01","casent0260948-d01","formicidae","amblyoponinae","Adetomyrma","caputleae","Adetomyrma caputleae","","Fianarantsoa","Madagascar","2012-01-01","Uapaca forest",1359,"point","-20.17333","47.086"
"http://antweb.org/api/v2/?occurrenceId=CAS:ANTWEB:casent0260952","casent0260952","formicidae","amblyoponinae","Adetomyrma","caputleae","Adetomyrma caputleae","","Fianarantsoa","Madagascar","2012-01-01","Uapaca forest",1359,"point","-20.17333","47.086"
"http://antweb.org/api/v2/?occurrenceId=CAS:ANTWEB:casent0260952-d01","casent0260952-d01","formicidae","amblyoponinae","Adetomyrma","caputleae","Adetomyrma caputleae","","Fianarantsoa","Madagascar","2012-01-01","Uapaca forest",1359,"point","-20.17333","47.086"
"http://antweb.org/api/v2/?occurrenceId=CAS:ANTWEB:casent0260980","casent0260980","formicidae","amblyoponinae","Adetomyrma","caputleae","Adetomyrma caputleae","","Fianarantsoa","Madagascar","2012-01-01","Uapaca forest",1359,"point","-20.17333","47.086"
"http://antweb.org/api/v2/?occurrenceId=CAS:ANTWEB:casent0260980-d01","casent0260980-d01","formicidae","amblyoponinae","Adetomyrma","caputleae","Adetomyrma caputleae","","Fianarantsoa","Madagascar","2012-01-01","Uapaca forest",1359,"point","-20.17333","47.086"
"http://antweb.org/api/v2/?occurrenceId=CAS:ANTWEB:casent0262203","casent0262203","formicidae","amblyoponinae","Adetomyrma","caputleae","Adetomyrma caputleae","","Fianarantsoa","Madagascar","2012-01-01","forest edge, open area",1127,"point","-21.25083","47.40717"
"http://antweb.org/api/v2/?occurrenceId=CAS:ANTWEB:casent0262203-d01","casent0262203-d01","formicidae","amblyoponinae","Adetomyrma","caputleae","Adetomyrma caputleae","","Fianarantsoa","Madagascar","2012-01-01","forest edge, open area",1127,"point","-21.25083","47.40717"
"http://antweb.org/api/v2/?occurrenceId=CAS:ANTWEB:casent0262540","casent0262540","formicidae","amblyoponinae","Adetomyrma","caputleae","Adetomyrma caputleae","","Antananarivo","Madagascar","2012-01-01","Foret sclerophylle",701,"point","-18.198","47.2815"
"http://antweb.org/api/v2/?occurrenceId=CAS:ANTWEB:casent0262540-d01","casent0262540-d01","formicidae","amblyoponinae","Adetomyrma","caputleae","Adetomyrma caputleae","","Antananarivo","Madagascar","2012-01-01","Foret sclerophylle",701,"point","-18.198","47.2815"
"http://antweb.org/api/v2/?occurrenceId=CAS:ANTWEB:casent0262546","casent0262546","formicidae","amblyoponinae","Adetomyrma","caputleae","Adetomyrma caputleae","","Antananarivo","Madagascar","2012-01-01","Foret sclerophylle",701,"point","-18.198","47.2815"
"http://antweb.org/api/v2/?occurrenceId=CAS:ANTWEB:casent0262546-d01","casent0262546-d01","formicidae","amblyoponinae","Adetomyrma","caputleae","Adetomyrma caputleae","","Antananarivo","Madagascar","2012-01-01","Foret sclerophylle",701,"point","-18.198","47.2815"
"http://antweb.org/api/v2/?occurrenceId=CAS:ANTWEB:casent0263611","casent0263611","formicidae","amblyoponinae","Adetomyrma","caputleae","Adetomyrma caputleae","","Antananarivo","Madagascar","2012-01-01","Foret sclerophylle",701,"point","-18.198","47.2815"
"http://antweb.org/api/v2/?occurrenceId=CAS:ANTWEB:casent0263611-d01","casent0263611-d01","formicidae","amblyoponinae","Adetomyrma","caputleae","Adetomyrma caputleae","","Antananarivo","Madagascar","2012-01-01","Foret sclerophylle",701,"point","-18.198","47.2815"
"http://antweb.org/api/v2/?occurrenceId=CAS:ANTWEB:casent0374107","casent0374107","formicidae","amblyoponinae","Adetomyrma","caputleae","Adetomyrma caputleae","","Antsiranana","Madagascar","","disturbed rainforest ex soil",201,"point","-14.67693","50.1819"
"http://antweb.org/api/v2/?occurrenceId=CAS:ANTWEB:casent0410493","casent0410493","formicidae","amblyoponinae","Adetomyrma","caputleae","Adetomyrma caputleae","","Antananarivo","Madagascar","2005-05-04","montane rainforest ex rotten log",1300,"point","-18.47333","47.96"
"http://antweb.org/api/v2/?occurrenceId=CAS:ANTWEB:casent0491479","casent0491479","formicidae","amblyoponinae","Adetomyrma","caputleae","Adetomyrma caputleae","","Fianarantsoa","Madagascar","2004-03-09","montane rainforest ex rotten log",1550,"point","-20.59333","46.56333"
"http://antweb.org/api/v2/?occurrenceId=CAS:ANTWEB:casent0491480","casent0491480","formicidae","amblyoponinae","Adetomyrma","caputleae","Adetomyrma caputleae","","Fianarantsoa","Madagascar","2004-03-09","montane rainforest ex rotten log",1550,"point","-20.59333","46.56333"
"http://antweb.org/api/v2/?occurrenceId=CAS:ANTWEB:casent0491481","casent0491481","formicidae","amblyoponinae","Adetomyrma","caputleae","Adetomyrma caputleae","","Fianarantsoa","Madagascar","2007-03-28","montane rainforest ex rotten log",1550,"point","-20.59333","46.56333"
"http://antweb.org/api/v2/?occurrenceId=CAS:ANTWEB:casent0491481-d01","casent0491481-d01","formicidae","amblyoponinae","Adetomyrma","caputleae","Adetomyrma caputleae","","Fianarantsoa","Madagascar","2007-03-28","montane rainforest ex rotten log",1550,"point","-20.59333","46.56333"
"http://antweb.org/api/v2/?occurrenceId=CAS:ANTWEB:casent0491481-d02","casent0491481-d02","formicidae","amblyoponinae","Adetomyrma","caputleae","Adetomyrma caputleae","","Fianarantsoa","Madagascar","","montane rainforest ex rotten log",1550,"point","-20.59333","46.56333"
"http://antweb.org/api/v2/?occurrenceId=CAS:ANTWEB:casent0491481-d11","casent0491481-d11","formicidae","amblyoponinae","Adetomyrma","caputleae","Adetomyrma caputleae","","Fianarantsoa","Madagascar","2007-03-28","montane rainforest ex rotten log",1550,"point","-20.59333","46.56333"
"http://antweb.org/api/v2/?occurrenceId=CAS:ANTWEB:casent0491481-d20","casent0491481-d20","formicidae","amblyoponinae","Adetomyrma","caputleae","Adetomyrma caputleae","","Fianarantsoa","Madagascar","","montane rainforest ex rotten log",1550,"point","-20.59333","46.56333"
"http://antweb.org/api/v2/?occurrenceId=CAS:ANTWEB:casent0491481-res","casent0491481-res","formicidae","amblyoponinae","Adetomyrma","caputleae","Adetomyrma caputleae","","Fianarantsoa","Madagascar","2007-03-29","montane rainforest ex rotten log",1550,"point","-20.59333","46.56333"
"http://antweb.org/api/v2/?occurrenceId=CAS:ANTWEB:casent0493793","casent0493793","formicidae","amblyoponinae","Adetomyrma","caputleae","Adetomyrma caputleae","","Fianarantsoa","Madagascar","2004-03-09","montane rainforest ex rotten log",1550,"point","-20.59333","46.56333"
"http://antweb.org/api/v2/?occurrenceId=CAS:ANTWEB:casent0493894","casent0493894","formicidae","amblyoponinae","Adetomyrma","caputleae","Adetomyrma caputleae","","Fianarantsoa","Madagascar","2010-03-18","montane rainforest ex root mat, ground layer",1550,"point","-20.59333","46.56333"
"http://antweb.org/api/v2/?occurrenceId=CAS:ANTWEB:casent0493894-d01","casent0493894-d01","formicidae","amblyoponinae","Adetomyrma","caputleae","Adetomyrma caputleae","","Fianarantsoa","Madagascar","","montane rainforest ex root mat, ground layer",1550,"point","-20.59333","46.56333"
"http://antweb.org/api/v2/?occurrenceId=CAS:ANTWEB:casent0493896","casent0493896","formicidae","amblyoponinae","Adetomyrma","caputleae","Adetomyrma caputleae","","Fianarantsoa","Madagascar","2010-03-18","montane rainforest ex root mat, ground layer",1550,"point","-20.59333","46.56333"
"http://antweb.org/api/v2/?occurrenceId=CAS:ANTWEB:casent0493896-d01","casent0493896-d01","formicidae","amblyoponinae","Adetomyrma","caputleae","Adetomyrma caputleae","","Fianarantsoa","Madagascar","2010-03-18","montane rainforest ex root mat, ground layer",1550,"point","-20.59333","46.56333"
"http://antweb.org/api/v2/?occurrenceId=CAS:ANTWEB:casent0493896-d02","casent0493896-d02","formicidae","amblyoponinae","Adetomyrma","caputleae","Adetomyrma caputleae","","Fianarantsoa","Madagascar","2010-03-18","montane rainforest ex root mat, ground layer",1550,"point","-20.59333","46.56333"
"http://antweb.org/api/v2/?occurrenceId=CAS:ANTWEB:casent0493896-d03","casent0493896-d03","formicidae","amblyoponinae","Adetomyrma","caputleae","Adetomyrma caputleae","","Fianarantsoa","Madagascar","2010-03-18","montane rainforest ex root mat, ground layer",1550,"point","-20.59333","46.56333"
"http://antweb.org/api/v2/?occurrenceId=CAS:ANTWEB:casent0493897","casent0493897","formicidae","amblyoponinae","Adetomyrma","caputleae","Adetomyrma caputleae","","Fianarantsoa","Madagascar","2010-03-18","montane rainforest ex root mat, ground layer",1550,"point","-20.59333","46.56333"
"http://antweb.org/api/v2/?occurrenceId=CAS:ANTWEB:casent0493898","casent0493898","formicidae","amblyoponinae","Adetomyrma","caputleae","Adetomyrma caputleae","","Fianarantsoa","Madagascar","2010-03-18","montane rainforest ex root mat, ground layer",1550,"point","-20.59333","46.56333"
"http://antweb.org/api/v2/?occurrenceId=CAS:ANTWEB:casent0493906","casent0493906","formicidae","amblyoponinae","Adetomyrma","caputleae","Adetomyrma caputleae","","Fianarantsoa","Madagascar","2004-03-09","montane rainforest ex rotten log",1550,"point","-20.59333","46.56333"
"http://antweb.org/api/v2/?occurrenceId=CAS:ANTWEB:casent0493907","casent0493907","formicidae","amblyoponinae","Adetomyrma","caputleae","Adetomyrma caputleae","","Fianarantsoa","Madagascar","2004-03-09","montane rainforest ex rotten log",1550,"point","-20.59333","46.56333"
"http://antweb.org/api/v2/?occurrenceId=CAS:ANTWEB:casent0493908","casent0493908","formicidae","amblyoponinae","Adetomyrma","caputleae","Adetomyrma caputleae","","Fianarantsoa","Madagascar","2004-03-09","montane rainforest ex rotten log",1550,"point","-20.59333","46.56333"
"http://antweb.org/api/v2/?occurrenceId=CAS:ANTWEB:casent0493908-d01","casent0493908-d01","formicidae","amblyoponinae","Adetomyrma","caputleae","Adetomyrma caputleae","","Fianarantsoa","Madagascar","","montane rainforest ex rotten log",1550,"point","-20.59333","46.56333"
"http://antweb.org/api/v2/?occurrenceId=CAS:ANTWEB:casent0493908-d02","casent0493908-d02","formicidae","amblyoponinae","Adetomyrma","caputleae","Adetomyrma caputleae","","Fianarantsoa","Madagascar","","montane rainforest ex rotten log",1550,"point","-20.59333","46.56333"
"http://antweb.org/api/v2/?occurrenceId=CAS:ANTWEB:casent0493920","casent0493920","formicidae","amblyoponinae","Adetomyrma","caputleae","Adetomyrma caputleae","","Fianarantsoa","Madagascar","2010-03-18","montane rainforest ex root mat, ground layer",1550,"point","-20.59333","46.56333"
"http://antweb.org/api/v2/?occurrenceId=CAS:ANTWEB:casent0493921","casent0493921","formicidae","amblyoponinae","Adetomyrma","caputleae","Adetomyrma caputleae","","Fianarantsoa","Madagascar","2010-03-18","montane rainforest ex root mat, ground layer",1550,"point","-20.59333","46.56333"
"http://antweb.org/api/v2/?occurrenceId=CAS:ANTWEB:casent0493921-d01","casent0493921-d01","formicidae","amblyoponinae","Adetomyrma","caputleae","Adetomyrma caputleae","","Fianarantsoa","Madagascar","2010-03-18","montane rainforest ex root mat, ground layer",1550,"point","-20.59333","46.56333"
"http://antweb.org/api/v2/?occurrenceId=CAS:ANTWEB:casent0493922","casent0493922","formicidae","amblyoponinae","Adetomyrma","caputleae","Adetomyrma caputleae","","Fianarantsoa","Madagascar","2010-03-18","montane rainforest ex root mat, ground layer",1550,"point","-20.59333","46.56333"
"http://antweb.org/api/v2/?occurrenceId=CAS:ANTWEB:casent0493922-d01","casent0493922-d01","formicidae","amblyoponinae","Adetomyrma","caputleae","Adetomyrma caputleae","","Fianarantsoa","Madagascar","","montane rainforest ex root mat, ground layer",1550,"point","-20.59333","46.56333"
"http://antweb.org/api/v2/?occurrenceId=CAS:ANTWEB:casent0493923","casent0493923","formicidae","amblyoponinae","Adetomyrma","caputleae","Adetomyrma caputleae","","Fianarantsoa","Madagascar","2010-03-18","montane rainforest ex root mat, ground layer",1550,"point","-20.59333","46.56333"
"http://antweb.org/api/v2/?occurrenceId=CAS:ANTWEB:casent0493924","casent0493924","formicidae","amblyoponinae","Adetomyrma","caputleae","Adetomyrma caputleae","","Fianarantsoa","Madagascar","2010-03-18","montane rainforest ex root mat, ground layer",1550,"point","-20.59333","46.56333"
"http://antweb.org/api/v2/?occurrenceId=CAS:ANTWEB:casent0493924-d01","casent0493924-d01","formicidae","amblyoponinae","Adetomyrma","caputleae","Adetomyrma caputleae","","Fianarantsoa","Madagascar","2010-03-18","montane rainforest ex root mat, ground layer",1550,"point","-20.59333","46.56333"
"http://antweb.org/api/v2/?occurrenceId=CAS:ANTWEB:casent0493924-d02","casent0493924-d02","formicidae","amblyoponinae","Adetomyrma","caputleae","Adetomyrma caputleae","","Fianarantsoa","Madagascar","2010-03-18","montane rainforest ex root mat, ground layer",1550,"point","-20.59333","46.56333"
"http://antweb.org/api/v2/?occurrenceId=CAS:ANTWEB:casent0493924-d03","casent0493924-d03","formicidae","amblyoponinae","Adetomyrma","caputleae","Adetomyrma caputleae","","Fianarantsoa","Madagascar","2010-03-18","montane rainforest ex root mat, ground layer",1550,"point","-20.59333","46.56333"
"http://antweb.org/api/v2/?occurrenceId=CAS:ANTWEB:casent0493924-d04","casent0493924-d04","formicidae","amblyoponinae","Adetomyrma","caputleae","Adetomyrma caputleae","","Fianarantsoa","Madagascar","","montane rainforest ex root mat, ground layer",1550,"point","-20.59333","46.56333"
"http://antweb.org/api/v2/?occurrenceId=CAS:ANTWEB:casent0493972","casent0493972","formicidae","amblyoponinae","Adetomyrma","caputleae","Adetomyrma caputleae","","Fianarantsoa","Madagascar","2004-03-09","montane rainforest ex rotten log",1550,"point","-20.59333","46.56333"
"http://antweb.org/api/v2/?occurrenceId=CAS:ANTWEB:casent0493973","casent0493973","formicidae","amblyoponinae","Adetomyrma","caputleae","Adetomyrma caputleae","","Fianarantsoa","Madagascar","2004-03-09","montane rainforest ex rotten log",1550,"point","-20.59333","46.56333"
"http://antweb.org/api/v2/?occurrenceId=CAS:ANTWEB:casent0493973-d01","casent0493973-d01","formicidae","amblyoponinae","Adetomyrma","caputleae","Adetomyrma caputleae","","Fianarantsoa","Madagascar","","montane rainforest ex rotten log",1550,"point","-20.59333","46.56333"
"http://antweb.org/api/v2/?occurrenceId=CAS:ANTWEB:casent0493973-d02","casent0493973-d02","formicidae","amblyoponinae","Adetomyrma","caputleae","Adetomyrma caputleae","","Fianarantsoa","Madagascar","","montane rainforest ex rotten log",1550,"point","-20.59333","46.56333"
"http://antweb.org/api/v2/?occurrenceId=CAS:ANTWEB:casent0493974","casent0493974","formicidae","amblyoponinae","Adetomyrma","caputleae","Adetomyrma caputleae","","Fianarantsoa","Madagascar","2004-03-09","montane rainforest ex rotten log",1550,"point","-20.59333","46.56333"
"http://antweb.org/api/v2/?occurrenceId=CAS:ANTWEB:casent0500384","casent0500384","formicidae","amblyoponinae","Adetomyrma","caputleae","Adetomyrma caputleae","","Antananarivo","Madagascar","2005-06-15","montane rainforest ex rotten log",1300,"point","-18.47333","47.96"
"http://antweb.org/api/v2/?occurrenceId=CAS:ANTWEB:casent0500505","casent0500505","formicidae","amblyoponinae","Adetomyrma","caputleae","Adetomyrma caputleae","","Antananarivo","Madagascar","2012-12-31","montane rainforest ex rotten log",1300,"point","-18.47333","47.96"
"http://antweb.org/api/v2/?occurrenceId=CAS:ANTWEB:casent0700976","casent0700976","formicidae","amblyoponinae","Adetomyrma","caputleae","Adetomyrma caputleae","","Toliara","Madagascar","","montane rainforest sifted litter",540,"point","-24.13993","47.07418"
"http://antweb.org/api/v2/?occurrenceId=CAS:ANTWEB:casent0703575","casent0703575","formicidae","amblyoponinae","Adetomyrma","caputleae","Adetomyrma caputleae","","Toliara","Madagascar","","rainforest ex soil",400,"point","-24.74969","46.84949"
"http://antweb.org/api/v2/?occurrenceId=CAS:ANTWEB:casent0703578","casent0703578","formicidae","amblyoponinae","Adetomyrma","caputleae","Adetomyrma caputleae","","Toliara","Madagascar","2015-12-22","rainforest ex soil",400,"point","-24.74969","46.84949"
"http://antweb.org/api/v2/?occurrenceId=CAS:ANTWEB:casent0703583","casent0703583","formicidae","amblyoponinae","Adetomyrma","caputleae","Adetomyrma caputleae","","Toliara","Madagascar","","montane rainforest ex soil",540,"point","-24.13993","47.07418"
"http://antweb.org/api/v2/?occurrenceId=CAS:ANTWEB:casent0723224","casent0723224","formicidae","amblyoponinae","Adetomyrma","caputleae","Adetomyrma caputleae","","Toliara","Madagascar","","montane rainforest under stone",540,"point","-24.13993","47.07418"
