"url","catalogNumber","family","subfamily","genus","specificEpithet","scientific_name","typeStatus","stateProvince","country","dateIdentified","habitat","minimumElevationInMeters","geojson.type","decimal_latitude","decimal_longitude"
"http://antweb.org/api/v2/?occurrenceId=CAS:ANTWEB:casent0007089","casent0007089","formicidae","amblyoponinae","Adetomyrma","cilium","Adetomyrma cilium","paratype","Toliara","Madagascar","2011-12-31","montane rainforest",900,"point","-24.76389","46.75167"
"http://antweb.org/api/v2/?occurrenceId=CAS:ANTWEB:casent0007096","casent0007096","formicidae","amblyoponinae","Adetomyrma","cilium","Adetomyrma cilium","paratype","Toliara","Madagascar","2011-01-01","montane rainforest",900,"point","-24.76389","46.75167"
"http://antweb.org/api/v2/?occurrenceId=CAS:ANTWEB:casent0007096-d01","casent0007096-d01","formicidae","amblyoponinae","Adetomyrma","cilium","Adetomyrma cilium","","Toliara","Madagascar","2010-04-28","montane rainforest",900,"point","-24.76389","46.75167"
"http://antweb.org/api/v2/?occurrenceId=CAS:ANTWEB:casent0007808","casent0007808","formicidae","amblyoponinae","Adetomyrma","cilium","Adetomyrma cilium","Holotype","Toliara","Madagascar","2012-06-11","montane rainforest",900,"point","-24.76389","46.75167"
"http://antweb.org/api/v2/?occurrenceId=CAS:ANTWEB:casent0125434","casent0125434","formicidae","amblyoponinae","Adetomyrma","cilium","Adetomyrma cilium","","Toliara","Madagascar","2011-12-31","rainforest",275,"point","-24.7585","46.85367"
"http://antweb.org/api/v2/?occurrenceId=CAS:ANTWEB:casent0218014","casent0218014","formicidae","amblyoponinae","Adetomyrma","cilium","Adetomyrma cilium","","Toliara","Madagascar","","rainforest",275,"point","-24.7585","46.85367"
"http://antweb.org/api/v2/?occurrenceId=CAS:ANTWEB:casent0227987","casent0227987","formicidae","amblyoponinae","Adetomyrma","cilium","Adetomyrma cilium","paratype","Toliara","Madagascar","2011-01-01","montane rainforest",900,"point","-24.76389","46.75167"
"http://antweb.org/api/v2/?occurrenceId=CAS:ANTWEB:casent0705858","casent0705858","formicidae","amblyoponinae","Adetomyrma","cilium","Adetomyrma cilium","","Toliara","Madagascar","","montane rainforest",540,"point","-24.13993","47.07418"
"http://antweb.org/api/v2/?occurrenceId=CAS:ANTWEB:casent0705896","casent0705896","formicidae","amblyoponinae","Adetomyrma","cilium","Adetomyrma cilium","","Toliara","Madagascar","","rainforest",1125,"point","-24.13894","47.06804"
