"url","catalogNumber","family","subfamily","genus","specificEpithet","scientific_name","typeStatus","stateProvince","country","dateIdentified","habitat","minimumElevationInMeters","geojson.type","decimal_latitude","decimal_longitude"
"http://antweb.org/api/v2/?occurrenceId=CAS:ANTWEB:casent0006918","casent0006918","formicidae","amblyoponinae","Adetomyrma","bressleri","Adetomyrma bressleri","","Diego-Suarez","Madagascar","2004-03-09","rainforest",960,"point","-12.51444","49.18139"
"http://antweb.org/api/v2/?occurrenceId=CAS:ANTWEB:casent0006918-d01","casent0006918-d01","formicidae","amblyoponinae","Adetomyrma","bressleri","Adetomyrma bressleri","","Diego-Suarez","Madagascar","","rainforest",960,"point","-12.51444","49.18139"
"http://antweb.org/api/v2/?occurrenceId=CAS:ANTWEB:casent0007350","casent0007350","formicidae","amblyoponinae","Adetomyrma","bressleri","Adetomyrma bressleri","","Diego-Suarez","Madagascar","2007-03-30","rainforest",1125,"point","-12.52028","49.17917"
"http://antweb.org/api/v2/?occurrenceId=CAS:ANTWEB:casent0007350-d01","casent0007350-d01","formicidae","amblyoponinae","Adetomyrma","bressleri","Adetomyrma bressleri","","Diego-Suarez","Madagascar","2007-03-30","rainforest",1125,"point","-12.52028","49.17917"
"http://antweb.org/api/v2/?occurrenceId=CAS:ANTWEB:casent0007350-d11","casent0007350-d11","formicidae","amblyoponinae","Adetomyrma","bressleri","Adetomyrma bressleri","","Diego-Suarez","Madagascar","2007-03-30","rainforest",1125,"point","-12.52028","49.17917"
"http://antweb.org/api/v2/?occurrenceId=CAS:ANTWEB:casent0007359","casent0007359","formicidae","amblyoponinae","Adetomyrma","bressleri","Adetomyrma bressleri","","Diego-Suarez","Madagascar","2004-03-09","rainforest",1125,"point","-12.52028","49.17917"
"http://antweb.org/api/v2/?occurrenceId=CAS:ANTWEB:casent0007359-d01","casent0007359-d01","formicidae","amblyoponinae","Adetomyrma","bressleri","Adetomyrma bressleri","","Diego-Suarez","Madagascar","","rainforest",1125,"point","-12.52028","49.17917"
"http://antweb.org/api/v2/?occurrenceId=CAS:ANTWEB:casent0007376","casent0007376","formicidae","amblyoponinae","Adetomyrma","bressleri","Adetomyrma bressleri","","Diego-Suarez","Madagascar","2004-03-09","rainforest",1125,"point","-12.52028","49.17917"
"http://antweb.org/api/v2/?occurrenceId=CAS:ANTWEB:casent0007376-d01","casent0007376-d01","formicidae","amblyoponinae","Adetomyrma","bressleri","Adetomyrma bressleri","","Diego-Suarez","Madagascar","","rainforest",1125,"point","-12.52028","49.17917"
"http://antweb.org/api/v2/?occurrenceId=CAS:ANTWEB:casent0007391","casent0007391","formicidae","amblyoponinae","Adetomyrma","bressleri","Adetomyrma bressleri","","Diego-Suarez","Madagascar","2004-03-09","rainforest",975,"point","-12.51667","49.18333"
"http://antweb.org/api/v2/?occurrenceId=CAS:ANTWEB:casent0007394","casent0007394","formicidae","amblyoponinae","Adetomyrma","bressleri","Adetomyrma bressleri","","Diego-Suarez","Madagascar","2004-03-09","rainforest",1125,"point","-12.52028","49.17917"
"http://antweb.org/api/v2/?occurrenceId=CAS:ANTWEB:casent0007394-d01","casent0007394-d01","formicidae","amblyoponinae","Adetomyrma","bressleri","Adetomyrma bressleri","","Diego-Suarez","Madagascar","","rainforest",1125,"point","-12.52028","49.17917"
"http://antweb.org/api/v2/?occurrenceId=CAS:ANTWEB:casent0007396","casent0007396","formicidae","amblyoponinae","Adetomyrma","bressleri","Adetomyrma bressleri","","Diego-Suarez","Madagascar","2004-03-09","across sandy trail in dwarf litoral forest",10,"point","-12.26278","49.3975"
"http://antweb.org/api/v2/?occurrenceId=CAS:ANTWEB:casent0007396-d01","casent0007396-d01","formicidae","amblyoponinae","Adetomyrma","bressleri","Adetomyrma bressleri","","Diego-Suarez","Madagascar","","across sandy trail in dwarf litoral forest",10,"point","-12.26278","49.3975"
"http://antweb.org/api/v2/?occurrenceId=CAS:ANTWEB:casent0007406","casent0007406","formicidae","amblyoponinae","Adetomyrma","bressleri","Adetomyrma bressleri","","Diego-Suarez","Madagascar","2004-03-09","in dry forest",360,"point","-12.33333","49.25"
"http://antweb.org/api/v2/?occurrenceId=CAS:ANTWEB:casent0007406-d01","casent0007406-d01","formicidae","amblyoponinae","Adetomyrma","bressleri","Adetomyrma bressleri","","Diego-Suarez","Madagascar","","in dry forest",360,"point","-12.33333","49.25"
"http://antweb.org/api/v2/?occurrenceId=CAS:ANTWEB:casent0007406-d02","casent0007406-d02","formicidae","amblyoponinae","Adetomyrma","bressleri","Adetomyrma bressleri","","Diego-Suarez","Madagascar","","in dry forest",360,"point","-12.33333","49.25"
"http://antweb.org/api/v2/?occurrenceId=CAS:ANTWEB:casent0007409","casent0007409","formicidae","amblyoponinae","Adetomyrma","bressleri","Adetomyrma bressleri","","Diego-Suarez","Madagascar","2004-03-09","rainforest",1125,"point","-12.52028","49.17917"
"http://antweb.org/api/v2/?occurrenceId=CAS:ANTWEB:casent0007409-d01","casent0007409-d01","formicidae","amblyoponinae","Adetomyrma","bressleri","Adetomyrma bressleri","","Diego-Suarez","Madagascar","","rainforest",1125,"point","-12.52028","49.17917"
"http://antweb.org/api/v2/?occurrenceId=CAS:ANTWEB:casent0007422","casent0007422","formicidae","amblyoponinae","Adetomyrma","bressleri","Adetomyrma bressleri","","Diego-Suarez","Madagascar","2004-03-09","rainforest",960,"point","-12.51444","49.18139"
"http://antweb.org/api/v2/?occurrenceId=CAS:ANTWEB:casent0007431","casent0007431","formicidae","amblyoponinae","Adetomyrma","bressleri","Adetomyrma bressleri","","Diego-Suarez","Madagascar","2004-03-09","rainforest",1125,"point","-12.52028","49.17917"
"http://antweb.org/api/v2/?occurrenceId=CAS:ANTWEB:casent0007433","casent0007433","formicidae","amblyoponinae","Adetomyrma","bressleri","Adetomyrma bressleri","","Diego-Suarez","Madagascar","2004-03-09","rainforest",975,"point","-12.51667","49.18333"
"http://antweb.org/api/v2/?occurrenceId=CAS:ANTWEB:casent0007433-d01","casent0007433-d01","formicidae","amblyoponinae","Adetomyrma","bressleri","Adetomyrma bressleri","","Diego-Suarez","Madagascar","","rainforest",975,"point","-12.51667","49.18333"
"http://antweb.org/api/v2/?occurrenceId=CAS:ANTWEB:casent0007435","casent0007435","formicidae","amblyoponinae","Adetomyrma","bressleri","Adetomyrma bressleri","","Diego-Suarez","Madagascar","2004-03-09","rainforest",1125,"point","-12.52028","49.17917"
"http://antweb.org/api/v2/?occurrenceId=CAS:ANTWEB:casent0007452","casent0007452","formicidae","amblyoponinae","Adetomyrma","bressleri","Adetomyrma bressleri","","Diego-Suarez","Madagascar","2004-03-09","rainforest",1125,"point","-12.52028","49.17917"
"http://antweb.org/api/v2/?occurrenceId=CAS:ANTWEB:casent0007883","casent0007883","formicidae","amblyoponinae","Adetomyrma","bressleri","Adetomyrma bressleri","","Diego-Suarez","Madagascar","2004-03-09","rainforest",960,"point","-12.51444","49.18139"
"http://antweb.org/api/v2/?occurrenceId=CAS:ANTWEB:casent0008692","casent0008692","formicidae","amblyoponinae","Adetomyrma","bressleri","Adetomyrma bressleri","","Diego-Suarez","Madagascar","2004-03-09","rainforest",960,"point","-12.51444","49.18139"
"http://antweb.org/api/v2/?occurrenceId=CAS:ANTWEB:casent0008692-d01","casent0008692-d01","formicidae","amblyoponinae","Adetomyrma","bressleri","Adetomyrma bressleri","","Diego-Suarez","Madagascar","","rainforest",960,"point","-12.51444","49.18139"
"http://antweb.org/api/v2/?occurrenceId=CAS:ANTWEB:casent0008692-d02","casent0008692-d02","formicidae","amblyoponinae","Adetomyrma","bressleri","Adetomyrma bressleri","","Diego-Suarez","Madagascar","","rainforest",960,"point","-12.51444","49.18139"
"http://antweb.org/api/v2/?occurrenceId=CAS:ANTWEB:casent0008693","casent0008693","formicidae","amblyoponinae","Adetomyrma","bressleri","Adetomyrma bressleri","","Diego-Suarez","Madagascar","2004-03-09","rainforest",960,"point","-12.51444","49.18139"
"http://antweb.org/api/v2/?occurrenceId=CAS:ANTWEB:casent0008693-d01","casent0008693-d01","formicidae","amblyoponinae","Adetomyrma","bressleri","Adetomyrma bressleri","","Diego-Suarez","Madagascar","","rainforest",960,"point","-12.51444","49.18139"
"http://antweb.org/api/v2/?occurrenceId=CAS:ANTWEB:casent0008693-d02","casent0008693-d02","formicidae","amblyoponinae","Adetomyrma","bressleri","Adetomyrma bressleri","","Diego-Suarez","Madagascar","","rainforest",960,"point","-12.51444","49.18139"
"http://antweb.org/api/v2/?occurrenceId=CAS:ANTWEB:casent0008693-d03","casent0008693-d03","formicidae","amblyoponinae","Adetomyrma","bressleri","Adetomyrma bressleri","","Diego-Suarez","Madagascar","","rainforest",960,"point","-12.51444","49.18139"
"http://antweb.org/api/v2/?occurrenceId=CAS:ANTWEB:casent0053017","casent0053017","formicidae","amblyoponinae","Adetomyrma","bressleri","Adetomyrma bressleri","","Toamasina","Madagascar","2004-03-09","tropical forest",1025,"point","-18.92639","48.40783"
"http://antweb.org/api/v2/?occurrenceId=CAS:ANTWEB:casent0053017-d01","casent0053017-d01","formicidae","amblyoponinae","Adetomyrma","bressleri","Adetomyrma bressleri","","Toamasina","Madagascar","","tropical forest",1025,"point","-18.92639","48.40783"
"http://antweb.org/api/v2/?occurrenceId=CAS:ANTWEB:casent0080777","casent0080777","formicidae","amblyoponinae","Adetomyrma","bressleri","Adetomyrma bressleri","","Antsiranana","Madagascar","2004-03-09","montane rainforest",1300,"point","-12.59639","49.1595"
"http://antweb.org/api/v2/?occurrenceId=CAS:ANTWEB:casent0080777-d01","casent0080777-d01","formicidae","amblyoponinae","Adetomyrma","bressleri","Adetomyrma bressleri","","Antsiranana","Madagascar","","montane rainforest",1300,"point","-12.59639","49.1595"
"http://antweb.org/api/v2/?occurrenceId=CAS:ANTWEB:casent0081335","casent0081335","formicidae","amblyoponinae","Adetomyrma","bressleri","Adetomyrma bressleri","","Diego-Suarez","Madagascar","2008-12-31","rainforest",960,"point","-12.51444","49.18139"
"http://antweb.org/api/v2/?occurrenceId=CAS:ANTWEB:casent0081335-d01","casent0081335-d01","formicidae","amblyoponinae","Adetomyrma","bressleri","Adetomyrma bressleri","","Diego-Suarez","Madagascar","","rainforest",960,"point","-12.51444","49.18139"
"http://antweb.org/api/v2/?occurrenceId=CAS:ANTWEB:casent0081362","casent0081362","formicidae","amblyoponinae","Adetomyrma","bressleri","Adetomyrma bressleri","","Diego-Suarez","Madagascar","2008-12-31","rainforest",960,"point","-12.51444","49.18139"
"http://antweb.org/api/v2/?occurrenceId=CAS:ANTWEB:casent0081362-d01","casent0081362-d01","formicidae","amblyoponinae","Adetomyrma","bressleri","Adetomyrma bressleri","","Diego-Suarez","Madagascar","","rainforest",960,"point","-12.51444","49.18139"
"http://antweb.org/api/v2/?occurrenceId=CAS:ANTWEB:casent0081391","casent0081391","formicidae","amblyoponinae","Adetomyrma","bressleri","Adetomyrma bressleri","","Diego-Suarez","Madagascar","2004-03-09","rainforest",975,"point","-12.51667","49.18333"
"http://antweb.org/api/v2/?occurrenceId=CAS:ANTWEB:casent0081391-d01","casent0081391-d01","formicidae","amblyoponinae","Adetomyrma","bressleri","Adetomyrma bressleri","","Diego-Suarez","Madagascar","","rainforest",975,"point","-12.51667","49.18333"
"http://antweb.org/api/v2/?occurrenceId=CAS:ANTWEB:casent0081402","casent0081402","formicidae","amblyoponinae","Adetomyrma","bressleri","Adetomyrma bressleri","","Diego-Suarez","Madagascar","2006-12-31","rainforest",960,"point","-12.51444","49.18139"
"http://antweb.org/api/v2/?occurrenceId=CAS:ANTWEB:casent0081440","casent0081440","formicidae","amblyoponinae","Adetomyrma","bressleri","Adetomyrma bressleri","","Diego-Suarez","Madagascar","2006-12-31","rainforest",1125,"point","-12.52028","49.17917"
"http://antweb.org/api/v2/?occurrenceId=CAS:ANTWEB:casent0081460","casent0081460","formicidae","amblyoponinae","Adetomyrma","bressleri","Adetomyrma bressleri","","Toamasina","Madagascar","2006-12-31","tropical forest",1025,"point","-18.92639","48.40783"
"http://antweb.org/api/v2/?occurrenceId=CAS:ANTWEB:casent0081460-d01","casent0081460-d01","formicidae","amblyoponinae","Adetomyrma","bressleri","Adetomyrma bressleri","","Toamasina","Madagascar","","tropical forest",1025,"point","-18.92639","48.40783"
"http://antweb.org/api/v2/?occurrenceId=CAS:ANTWEB:casent0081462","casent0081462","formicidae","amblyoponinae","Adetomyrma","bressleri","Adetomyrma bressleri","","Diego-Suarez","Madagascar","2008-12-31","rainforest",960,"point","-12.51444","49.18139"
"http://antweb.org/api/v2/?occurrenceId=CAS:ANTWEB:casent0081462-d01","casent0081462-d01","formicidae","amblyoponinae","Adetomyrma","bressleri","Adetomyrma bressleri","","Diego-Suarez","Madagascar","","rainforest",960,"point","-12.51444","49.18139"
"http://antweb.org/api/v2/?occurrenceId=CAS:ANTWEB:casent0081482","casent0081482","formicidae","amblyoponinae","Adetomyrma","bressleri","Adetomyrma bressleri","","Diego-Suarez","Madagascar","2008-12-31","rainforest",960,"point","-12.51444","49.18139"
"http://antweb.org/api/v2/?occurrenceId=CAS:ANTWEB:casent0081482-d01","casent0081482-d01","formicidae","amblyoponinae","Adetomyrma","bressleri","Adetomyrma bressleri","","Diego-Suarez","Madagascar","","rainforest",960,"point","-12.51444","49.18139"
"http://antweb.org/api/v2/?occurrenceId=CAS:ANTWEB:casent0081502","casent0081502","formicidae","amblyoponinae","Adetomyrma","bressleri","Adetomyrma bressleri","","Diego-Suarez","Madagascar","2006-12-31","rainforest",960,"point","-12.51444","49.18139"
"http://antweb.org/api/v2/?occurrenceId=CAS:ANTWEB:casent0081502-d01","casent0081502-d01","formicidae","amblyoponinae","Adetomyrma","bressleri","Adetomyrma bressleri","","Diego-Suarez","Madagascar","","rainforest",960,"point","-12.51444","49.18139"
"http://antweb.org/api/v2/?occurrenceId=CAS:ANTWEB:casent0082112","casent0082112","formicidae","amblyoponinae","Adetomyrma","bressleri","Adetomyrma bressleri","","Diego-Suarez","Madagascar","2006-12-31","rainforest",960,"point","-12.51444","49.18139"
"http://antweb.org/api/v2/?occurrenceId=CAS:ANTWEB:casent0082112-d01","casent0082112-d01","formicidae","amblyoponinae","Adetomyrma","bressleri","Adetomyrma bressleri","","Diego-Suarez","Madagascar","","rainforest",960,"point","-12.51444","49.18139"
"http://antweb.org/api/v2/?occurrenceId=CAS:ANTWEB:casent0205990","casent0205990","formicidae","amblyoponinae","Adetomyrma","bressleri","Adetomyrma bressleri","paratype","Antsiranana","Madagascar","2011-01-01","montane rainforest",984,"point","-12.51389","49.17784"
"http://antweb.org/api/v2/?occurrenceId=CAS:ANTWEB:casent0205995","casent0205995","formicidae","amblyoponinae","Adetomyrma","bressleri","Adetomyrma bressleri","Holotype","Antsiranana","Madagascar","2011-01-01","montane rainforest ground nest",984,"point","-12.51389","49.17784"
"http://antweb.org/api/v2/?occurrenceId=CAS:ANTWEB:casent0205996","casent0205996","formicidae","amblyoponinae","Adetomyrma","bressleri","Adetomyrma bressleri","paratype","Antsiranana","Madagascar","2011-12-31","montane rainforest ground nest",984,"point","-12.51389","49.17784"
"http://antweb.org/api/v2/?occurrenceId=CAS:ANTWEB:casent0205997","casent0205997","formicidae","amblyoponinae","Adetomyrma","bressleri","Adetomyrma bressleri","paratype","Antsiranana","Madagascar","2011-12-31","montane rainforest ground nest",984,"point","-12.51389","49.17784"
"http://antweb.org/api/v2/?occurrenceId=CAS:ANTWEB:casent0205998","casent0205998","formicidae","amblyoponinae","Adetomyrma","bressleri","Adetomyrma bressleri","paratype","Antsiranana","Madagascar","2011-01-01","montane rainforest ground nest",984,"point","-12.51389","49.17784"
"http://antweb.org/api/v2/?occurrenceId=CAS:ANTWEB:casent0205999","casent0205999","formicidae","amblyoponinae","Adetomyrma","bressleri","Adetomyrma bressleri","paratype","Antsiranana","Madagascar","2011-12-31","montane rainforest ground nest",984,"point","-12.51389","49.17784"
"http://antweb.org/api/v2/?occurrenceId=CAS:ANTWEB:casent0212504","casent0212504","formicidae","amblyoponinae","Adetomyrma","bressleri","Adetomyrma bressleri","","Antsiranana","Madagascar","2012-12-31","montane rainforest",984,"point","-12.51389","49.17784"
"http://antweb.org/api/v2/?occurrenceId=CAS:ANTWEB:casent0212504-d01","casent0212504-d01","formicidae","amblyoponinae","Adetomyrma","bressleri","Adetomyrma bressleri","","Antsiranana","Madagascar","2012-12-31","montane rainforest",984,"point","-12.51389","49.17784"
"http://antweb.org/api/v2/?occurrenceId=CAS:ANTWEB:casent0212505","casent0212505","formicidae","amblyoponinae","Adetomyrma","bressleri","Adetomyrma bressleri","","Antsiranana","Madagascar","2012-12-31","montane rainforest",984,"point","-12.51389","49.17784"
"http://antweb.org/api/v2/?occurrenceId=CAS:ANTWEB:casent0212505-d01","casent0212505-d01","formicidae","amblyoponinae","Adetomyrma","bressleri","Adetomyrma bressleri","","Antsiranana","Madagascar","2012-12-31","montane rainforest",984,"point","-12.51389","49.17784"
"http://antweb.org/api/v2/?occurrenceId=CAS:ANTWEB:casent0218012","casent0218012","formicidae","amblyoponinae","Adetomyrma","bressleri","Adetomyrma bressleri","","Diego-Suarez","Madagascar","2013-12-31","in dry forest",360,"point","-12.33333","49.25"
"http://antweb.org/api/v2/?occurrenceId=CAS:ANTWEB:casent0242886","casent0242886","formicidae","amblyoponinae","Adetomyrma","bressleri","Adetomyrma bressleri","","Antsiranana","Madagascar","2012-01-01","rainforest",960,"point","-12.51444","49.18139"
"http://antweb.org/api/v2/?occurrenceId=CAS:ANTWEB:casent0242886-d01","casent0242886-d01","formicidae","amblyoponinae","Adetomyrma","bressleri","Adetomyrma bressleri","","Antsiranana","Madagascar","2012-01-01","rainforest",960,"point","-12.51444","49.18139"
"http://antweb.org/api/v2/?occurrenceId=CAS:ANTWEB:casent0242887","casent0242887","formicidae","amblyoponinae","Adetomyrma","bressleri","Adetomyrma bressleri","","Antsiranana","Madagascar","2012-01-01","rainforest",960,"point","-12.51444","49.18139"
"http://antweb.org/api/v2/?occurrenceId=CAS:ANTWEB:casent0242887-d01","casent0242887-d01","formicidae","amblyoponinae","Adetomyrma","bressleri","Adetomyrma bressleri","","Antsiranana","Madagascar","2012-01-01","rainforest",960,"point","-12.51444","49.18139"
"http://antweb.org/api/v2/?occurrenceId=CAS:ANTWEB:casent0242940","casent0242940","formicidae","amblyoponinae","Adetomyrma","bressleri","Adetomyrma bressleri","","Antsiranana","Madagascar","2012-01-01","rainforest",960,"point","-12.51444","49.18139"
"http://antweb.org/api/v2/?occurrenceId=CAS:ANTWEB:casent0242940-d01","casent0242940-d01","formicidae","amblyoponinae","Adetomyrma","bressleri","Adetomyrma bressleri","","Antsiranana","Madagascar","2012-01-01","rainforest",960,"point","-12.51444","49.18139"
"http://antweb.org/api/v2/?occurrenceId=CAS:ANTWEB:casent0242941","casent0242941","formicidae","amblyoponinae","Adetomyrma","bressleri","Adetomyrma bressleri","","Antsiranana","Madagascar","2012-01-01","rainforest",960,"point","-12.51444","49.18139"
"http://antweb.org/api/v2/?occurrenceId=CAS:ANTWEB:casent0242941-d01","casent0242941-d01","formicidae","amblyoponinae","Adetomyrma","bressleri","Adetomyrma bressleri","","Antsiranana","Madagascar","2012-01-01","rainforest",960,"point","-12.51444","49.18139"
"http://antweb.org/api/v2/?occurrenceId=CAS:ANTWEB:casent0245950","casent0245950","formicidae","amblyoponinae","Adetomyrma","bressleri","Adetomyrma bressleri","","Antsiranana","Madagascar","2012-01-01","littoral forest",10,"point","-12.26278","49.3975"
"http://antweb.org/api/v2/?occurrenceId=CAS:ANTWEB:casent0245950-d01","casent0245950-d01","formicidae","amblyoponinae","Adetomyrma","bressleri","Adetomyrma bressleri","","Antsiranana","Madagascar","2012-01-01","littoral forest",10,"point","-12.26278","49.3975"
"http://antweb.org/api/v2/?occurrenceId=CAS:ANTWEB:casent0245951","casent0245951","formicidae","amblyoponinae","Adetomyrma","bressleri","Adetomyrma bressleri","","Antsiranana","Madagascar","2012-01-01","littoral forest",10,"point","-12.26278","49.3975"
"http://antweb.org/api/v2/?occurrenceId=CAS:ANTWEB:casent0245951-d01","casent0245951-d01","formicidae","amblyoponinae","Adetomyrma","bressleri","Adetomyrma bressleri","","Antsiranana","Madagascar","2012-01-01","littoral forest",10,"point","-12.26278","49.3975"
"http://antweb.org/api/v2/?occurrenceId=CAS:ANTWEB:casent0245952","casent0245952","formicidae","amblyoponinae","Adetomyrma","bressleri","Adetomyrma bressleri","","Antsiranana","Madagascar","2012-01-01","littoral forest",10,"point","-12.26278","49.3975"
"http://antweb.org/api/v2/?occurrenceId=CAS:ANTWEB:casent0245952-d01","casent0245952-d01","formicidae","amblyoponinae","Adetomyrma","bressleri","Adetomyrma bressleri","","Antsiranana","Madagascar","2012-01-01","littoral forest",10,"point","-12.26278","49.3975"
"http://antweb.org/api/v2/?occurrenceId=CAS:ANTWEB:casent0248593","casent0248593","formicidae","amblyoponinae","Adetomyrma","bressleri","Adetomyrma bressleri","","Diego-Suarez","Madagascar","","rainforest",960,"point","-12.51444","49.18139"
"http://antweb.org/api/v2/?occurrenceId=CAS:ANTWEB:casent0248739","casent0248739","formicidae","amblyoponinae","Adetomyrma","bressleri","Adetomyrma bressleri","","Diego-Suarez","Madagascar","","rainforest",960,"point","-12.51444","49.18139"
