"url","catalogNumber","family","subfamily","genus","specificEpithet","scientific_name","typeStatus","stateProvince","country","dateIdentified","habitat","minimumElevationInMeters","geojson.type","decimal_latitude","decimal_longitude"
"http://antweb.org/api/v2/?occurrenceId=CAS:ANTWEB:casent0063789","casent0063789","formicidae","amblyoponinae","Adetomyrma","clarivida","Adetomyrma clarivida","paratype","Antsiranana","Madagascar","2011-01-01","Low altitude rainforest",487,"point","-14.43817","49.774"
"http://antweb.org/api/v2/?occurrenceId=CAS:ANTWEB:casent0063789-d01","casent0063789-d01","formicidae","amblyoponinae","Adetomyrma","clarivida","Adetomyrma clarivida","","Antsiranana","Madagascar","","Low altitude rainforest",487,"point","-14.43817","49.774"
"http://antweb.org/api/v2/?occurrenceId=CAS:ANTWEB:casent0063843","casent0063843","formicidae","amblyoponinae","Adetomyrma","clarivida","Adetomyrma clarivida","","Antsiranana","Madagascar","2010-03-18","Low altitude rainforest",487,"point","-14.43817","49.774"
"http://antweb.org/api/v2/?occurrenceId=CAS:ANTWEB:casent0063843-d01","casent0063843-d01","formicidae","amblyoponinae","Adetomyrma","clarivida","Adetomyrma clarivida","","Antsiranana","Madagascar","","Low altitude rainforest",487,"point","-14.43817","49.774"
"http://antweb.org/api/v2/?occurrenceId=CAS:ANTWEB:casent0064107","casent0064107","formicidae","amblyoponinae","Adetomyrma","clarivida","Adetomyrma clarivida","","Antsiranana","Madagascar","2010-03-18","Low altitude rainforest",487,"point","-14.43817","49.774"
"http://antweb.org/api/v2/?occurrenceId=CAS:ANTWEB:casent0064259","casent0064259","formicidae","amblyoponinae","Adetomyrma","clarivida","Adetomyrma clarivida","Holotype","Antsiranana","Madagascar","2011-01-01","Low altitude rainforest",487,"point","-14.43817","49.774"
"http://antweb.org/api/v2/?occurrenceId=CAS:ANTWEB:casent0064384","casent0064384","formicidae","amblyoponinae","Adetomyrma","clarivida","Adetomyrma clarivida","paratype","Antsiranana","Madagascar","2011-12-31","Low altitude rainforest",487,"point","-14.43817","49.774"
"http://antweb.org/api/v2/?occurrenceId=CAS:ANTWEB:casent0064384-d01","casent0064384-d01","formicidae","amblyoponinae","Adetomyrma","clarivida","Adetomyrma clarivida","","Antsiranana","Madagascar","2010-03-18","Low altitude rainforest",487,"point","-14.43817","49.774"
"http://antweb.org/api/v2/?occurrenceId=CAS:ANTWEB:casent0064533","casent0064533","formicidae","amblyoponinae","Adetomyrma","clarivida","Adetomyrma clarivida","","Antsiranana","Madagascar","2010-03-18","Low altitude rainforest",487,"point","-14.43817","49.774"
"http://antweb.org/api/v2/?occurrenceId=CAS:ANTWEB:casent0064533-d01","casent0064533-d01","formicidae","amblyoponinae","Adetomyrma","clarivida","Adetomyrma clarivida","","Antsiranana","Madagascar","","Low altitude rainforest",487,"point","-14.43817","49.774"
"http://antweb.org/api/v2/?occurrenceId=CAS:ANTWEB:casent0065079","casent0065079","formicidae","amblyoponinae","Adetomyrma","clarivida","Adetomyrma clarivida","","Antsiranana","Madagascar","2010-03-18","Low altitude rainforest",487,"point","-14.43817","49.774"
"http://antweb.org/api/v2/?occurrenceId=CAS:ANTWEB:casent0065079-d01","casent0065079-d01","formicidae","amblyoponinae","Adetomyrma","clarivida","Adetomyrma clarivida","","Antsiranana","Madagascar","","Low altitude rainforest",487,"point","-14.43817","49.774"
"http://antweb.org/api/v2/?occurrenceId=CAS:ANTWEB:casent0109019","casent0109019","formicidae","amblyoponinae","Adetomyrma","clarivida","Adetomyrma clarivida","paratype","Antsiranana","Madagascar","2011-01-01","Low altitude rainforest",487,"point","-14.43817","49.774"
"http://antweb.org/api/v2/?occurrenceId=CAS:ANTWEB:casent0109019-d01","casent0109019-d01","formicidae","amblyoponinae","Adetomyrma","clarivida","Adetomyrma clarivida","","Antsiranana","Madagascar","","Low altitude rainforest",487,"point","-14.43817","49.774"
"http://antweb.org/api/v2/?occurrenceId=CAS:ANTWEB:casent0111802","casent0111802","formicidae","amblyoponinae","Adetomyrma","clarivida","Adetomyrma clarivida","","Antsiranana","Madagascar","2010-03-18","Low altitude rainforest",487,"point","-14.43817","49.774"
"http://antweb.org/api/v2/?occurrenceId=CAS:ANTWEB:casent0111802-d01","casent0111802-d01","formicidae","amblyoponinae","Adetomyrma","clarivida","Adetomyrma clarivida","","Antsiranana","Madagascar","2010-03-18","Low altitude rainforest",487,"point","-14.43817","49.774"
"http://antweb.org/api/v2/?occurrenceId=CAS:ANTWEB:casent0144569","casent0144569","formicidae","amblyoponinae","Adetomyrma","clarivida","Adetomyrma clarivida","","Toamasina","Madagascar","","rainforest",550,"point","-17.916136","49.20185"
"http://antweb.org/api/v2/?occurrenceId=CAS:ANTWEB:casent0144569-d01","casent0144569-d01","formicidae","amblyoponinae","Adetomyrma","clarivida","Adetomyrma clarivida","","Toamasina","Madagascar","","rainforest",550,"point","-17.916136","49.20185"
