"url","catalogNumber","family","subfamily","genus","specificEpithet","scientific_name","typeStatus","stateProvince","country","dateIdentified","habitat","minimumElevationInMeters","geojson.type","decimal_latitude","decimal_longitude"
"http://antweb.org/api/v2/?occurrenceId=CAS:ANTWEB:casent0008677","casent0008677","formicidae","amblyoponinae","Adetomyrma","venatrix","Adetomyrma venatrix","","Fianarantsoa","Madagascar","2007-03-05","tropical dry forest ex rotten log",700,"point","-22.59167","45.12833"
"http://antweb.org/api/v2/?occurrenceId=CAS:ANTWEB:casent0008677-d01","casent0008677-d01","formicidae","amblyoponinae","Adetomyrma","venatrix","Adetomyrma venatrix","","Fianarantsoa","Madagascar","2007-03-19","tropical dry forest ex rotten log",700,"point","-22.59167","45.12833"
"http://antweb.org/api/v2/?occurrenceId=CAS:ANTWEB:casent0008677-d02","casent0008677-d02","formicidae","amblyoponinae","Adetomyrma","venatrix","Adetomyrma venatrix","","Fianarantsoa","Madagascar","2007-03-19","tropical dry forest ex rotten log",700,"point","-22.59167","45.12833"
"http://antweb.org/api/v2/?occurrenceId=CAS:ANTWEB:casent0008677-d03","casent0008677-d03","formicidae","amblyoponinae","Adetomyrma","venatrix","Adetomyrma venatrix","","Fianarantsoa","Madagascar","","tropical dry forest ex rotten log",700,"point","-22.59167","45.12833"
"http://antweb.org/api/v2/?occurrenceId=CAS:ANTWEB:casent0049728","casent0049728","formicidae","amblyoponinae","Adetomyrma","venatrix","Adetomyrma venatrix","","Fianarantsoa","Madagascar","2010-03-18","gallery forest",725,"point","-22.48167","45.46167"
"http://antweb.org/api/v2/?occurrenceId=CAS:ANTWEB:casent0049728-d01","casent0049728-d01","formicidae","amblyoponinae","Adetomyrma","venatrix","Adetomyrma venatrix","","Fianarantsoa","Madagascar","","gallery forest",725,"point","-22.48167","45.46167"
"http://antweb.org/api/v2/?occurrenceId=CAS:ANTWEB:casent0062708","casent0062708","formicidae","amblyoponinae","Adetomyrma","venatrix","Adetomyrma venatrix","","Tulear","Madagascar","2010-03-18","spiny deciduous forest",825,"point","-22.8405","44.73117"
"http://antweb.org/api/v2/?occurrenceId=CAS:ANTWEB:casent0062708-d01","casent0062708-d01","formicidae","amblyoponinae","Adetomyrma","venatrix","Adetomyrma venatrix","","Tulear","Madagascar","","spiny deciduous forest",825,"point","-22.8405","44.73117"
"http://antweb.org/api/v2/?occurrenceId=CAS:ANTWEB:casent0062941","casent0062941","formicidae","amblyoponinae","Adetomyrma","venatrix","Adetomyrma venatrix","","Tulear","Madagascar","2010-03-18","spiny deciduous forest",825,"point","-22.8405","44.73117"
"http://antweb.org/api/v2/?occurrenceId=CAS:ANTWEB:casent0062941-d01","casent0062941-d01","formicidae","amblyoponinae","Adetomyrma","venatrix","Adetomyrma venatrix","","Tulear","Madagascar","","spiny deciduous forest",825,"point","-22.8405","44.73117"
"http://antweb.org/api/v2/?occurrenceId=CAS:ANTWEB:casent0062974","casent0062974","formicidae","amblyoponinae","Adetomyrma","venatrix","Adetomyrma venatrix","","Tulear","Madagascar","2010-03-18","spiny deciduous forest",825,"point","-22.8405","44.73117"
"http://antweb.org/api/v2/?occurrenceId=CAS:ANTWEB:casent0062974-d01","casent0062974-d01","formicidae","amblyoponinae","Adetomyrma","venatrix","Adetomyrma venatrix","","Tulear","Madagascar","","spiny deciduous forest",825,"point","-22.8405","44.73117"
"http://antweb.org/api/v2/?occurrenceId=CAS:ANTWEB:casent0063046","casent0063046","formicidae","amblyoponinae","Adetomyrma","venatrix","Adetomyrma venatrix","","Tulear","Madagascar","2012-12-31","spiny deciduous forest",825,"point","-22.8405","44.73117"
"http://antweb.org/api/v2/?occurrenceId=CAS:ANTWEB:casent0063101","casent0063101","formicidae","amblyoponinae","Adetomyrma","venatrix","Adetomyrma venatrix","","Tulear","Madagascar","2010-03-18","spiny deciduous forest",825,"point","-22.8405","44.73117"
"http://antweb.org/api/v2/?occurrenceId=CAS:ANTWEB:casent0063105","casent0063105","formicidae","amblyoponinae","Adetomyrma","venatrix","Adetomyrma venatrix","","Tulear","Madagascar","2010-03-18","spiny deciduous forest",825,"point","-22.8405","44.73117"
"http://antweb.org/api/v2/?occurrenceId=CAS:ANTWEB:casent0063105-d01","casent0063105-d01","formicidae","amblyoponinae","Adetomyrma","venatrix","Adetomyrma venatrix","","Tulear","Madagascar","","spiny deciduous forest",825,"point","-22.8405","44.73117"
"http://antweb.org/api/v2/?occurrenceId=CAS:ANTWEB:casent0063157","casent0063157","formicidae","amblyoponinae","Adetomyrma","venatrix","Adetomyrma venatrix","","Tulear","Madagascar","2010-03-18","spiny deciduous forest",825,"point","-22.8405","44.73117"
"http://antweb.org/api/v2/?occurrenceId=CAS:ANTWEB:casent0063157-d01","casent0063157-d01","formicidae","amblyoponinae","Adetomyrma","venatrix","Adetomyrma venatrix","","Tulear","Madagascar","","spiny deciduous forest",825,"point","-22.8405","44.73117"
"http://antweb.org/api/v2/?occurrenceId=CAS:ANTWEB:casent0063353","casent0063353","formicidae","amblyoponinae","Adetomyrma","venatrix","Adetomyrma venatrix","","Tulear","Madagascar","2010-03-18","deciduous spiny forest",840,"point","-22.8865","44.69217"
"http://antweb.org/api/v2/?occurrenceId=CAS:ANTWEB:casent0063353-d01","casent0063353-d01","formicidae","amblyoponinae","Adetomyrma","venatrix","Adetomyrma venatrix","","Tulear","Madagascar","","deciduous spiny forest",840,"point","-22.8865","44.69217"
"http://antweb.org/api/v2/?occurrenceId=CAS:ANTWEB:casent0063376","casent0063376","formicidae","amblyoponinae","Adetomyrma","venatrix","Adetomyrma venatrix","","Tulear","Madagascar","2010-03-18","deciduous spiny forest",840,"point","-22.8865","44.69217"
"http://antweb.org/api/v2/?occurrenceId=CAS:ANTWEB:casent0063376-d01","casent0063376-d01","formicidae","amblyoponinae","Adetomyrma","venatrix","Adetomyrma venatrix","","Tulear","Madagascar","","deciduous spiny forest",840,"point","-22.8865","44.69217"
"http://antweb.org/api/v2/?occurrenceId=CAS:ANTWEB:casent0063507","casent0063507","formicidae","amblyoponinae","Adetomyrma","venatrix","Adetomyrma venatrix","","Tulear","Madagascar","2010-03-18","deciduous spiny forest",840,"point","-22.8865","44.69217"
"http://antweb.org/api/v2/?occurrenceId=CAS:ANTWEB:casent0063507-d01","casent0063507-d01","formicidae","amblyoponinae","Adetomyrma","venatrix","Adetomyrma venatrix","","Tulear","Madagascar","","deciduous spiny forest",840,"point","-22.8865","44.69217"
"http://antweb.org/api/v2/?occurrenceId=CAS:ANTWEB:casent0079480","casent0079480","formicidae","amblyoponinae","Adetomyrma","venatrix","Adetomyrma venatrix","","Fianarantsoa","Madagascar","2010-03-18","forest edge, mixed tropical forest, open area",1130,"point","-21.25083","47.40717"
"http://antweb.org/api/v2/?occurrenceId=CAS:ANTWEB:casent0079480-d01","casent0079480-d01","formicidae","amblyoponinae","Adetomyrma","venatrix","Adetomyrma venatrix","","Fianarantsoa","Madagascar","","forest edge, mixed tropical forest, open area",1130,"point","-21.25083","47.40717"
"http://antweb.org/api/v2/?occurrenceId=CAS:ANTWEB:casent0101400","casent0101400","formicidae","amblyoponinae","Adetomyrma","venatrix","Adetomyrma venatrix","paratype","Toliara","Madagascar","","tropical dry forest ex rotten log",760,"point","-22.9","44.68333"
"http://antweb.org/api/v2/?occurrenceId=CAS:ANTWEB:casent0109315","casent0109315","formicidae","amblyoponinae","Adetomyrma","venatrix","Adetomyrma venatrix","","Tulear","Madagascar","2010-03-18","deciduous spiny forest",840,"point","-22.8865","44.69217"
"http://antweb.org/api/v2/?occurrenceId=CAS:ANTWEB:casent0129948","casent0129948","formicidae","amblyoponinae","Adetomyrma","venatrix","Adetomyrma venatrix","","Toliara","Madagascar","2009-04-22","rainforest sifted litter leaf mold, rotten wood",450,"point","-25.08767","46.749"
"http://antweb.org/api/v2/?occurrenceId=CAS:ANTWEB:casent0143412","casent0143412","formicidae","amblyoponinae","Adetomyrma","venatrix","Adetomyrma venatrix","","Toliara","Madagascar","2011-12-31","transition forest",177,"point","-24.93683","46.62667"
"http://antweb.org/api/v2/?occurrenceId=CAS:ANTWEB:casent0151606","casent0151606","formicidae","amblyoponinae","Adetomyrma","venatrix","Adetomyrma venatrix","","Toliara","Madagascar","2011-12-31","deciduous spiny forest",838,"point","-22.8865","44.69217"
"http://antweb.org/api/v2/?occurrenceId=CAS:ANTWEB:casent0172771","casent0172771","formicidae","amblyoponinae","Adetomyrma","venatrix","Adetomyrma venatrix","paratype","Toliara","Madagascar","2006-12-31","tropical dry forest ex rotten log",760,"point","-22.9","44.68333"
"http://antweb.org/api/v2/?occurrenceId=CAS:ANTWEB:casent0209332","casent0209332","formicidae","amblyoponinae","Adetomyrma","venatrix","Adetomyrma venatrix","","Toliara","Madagascar","2011-12-31","Gallery forest on sandy soil",490,"point","-21.22284","45.32477"
"http://antweb.org/api/v2/?occurrenceId=CAS:ANTWEB:casent0210902","casent0210902","formicidae","amblyoponinae","Adetomyrma","venatrix","Adetomyrma venatrix","","Toliara","Madagascar","2011-12-31","Gallery forest on sandy soil sifted litter leaf mold, rotten wood",525,"point","-21.20978","45.34184"
"http://antweb.org/api/v2/?occurrenceId=CAS:ANTWEB:casent0227976","casent0227976","formicidae","amblyoponinae","Adetomyrma","venatrix","Adetomyrma venatrix","","Fianarantsoa","Madagascar","2013-12-31","tropical dry forest ex rotten log",700,"point","-22.59167","45.12833"
"http://antweb.org/api/v2/?occurrenceId=CAS:ANTWEB:casent0249634","casent0249634","formicidae","amblyoponinae","Adetomyrma","venatrix","Adetomyrma venatrix","paratype","Toliara","Madagascar","2012-12-31","tropical dry forest ex rotten log",760,"point","-22.9","44.68333"
"http://antweb.org/api/v2/?occurrenceId=CAS:ANTWEB:casent0260442","casent0260442","formicidae","amblyoponinae","Adetomyrma","venatrix","Adetomyrma venatrix","paratype","Toliara","Madagascar","","tropical dry forest ex rotten log",760,"point","-22.9","44.68333"
"http://antweb.org/api/v2/?occurrenceId=CAS:ANTWEB:casent0489651","casent0489651","formicidae","amblyoponinae","Adetomyrma","venatrix","Adetomyrma venatrix","","Fianarantsoa","Madagascar","2007-03-19","tropical dry forest ex rotten log",700,"point","-22.59167","45.12833"
"http://antweb.org/api/v2/?occurrenceId=CAS:ANTWEB:casent0489652","casent0489652","formicidae","amblyoponinae","Adetomyrma","venatrix","Adetomyrma venatrix","","Fianarantsoa","Madagascar","2007-03-05","tropical dry forest ex rotten log",700,"point","-22.59167","45.12833"
"http://antweb.org/api/v2/?occurrenceId=CAS:ANTWEB:casent0489653","casent0489653","formicidae","amblyoponinae","Adetomyrma","venatrix","Adetomyrma venatrix","","Fianarantsoa","Madagascar","2007-03-19","tropical dry forest ex rotten log",700,"point","-22.59167","45.12833"
"http://antweb.org/api/v2/?occurrenceId=CAS:ANTWEB:casent0489808","casent0489808","formicidae","amblyoponinae","Adetomyrma","venatrix","Adetomyrma venatrix","","Fianarantsoa","Madagascar","","tropical dry forest ex rotten log",700,"point","-22.59167","45.12833"
"http://antweb.org/api/v2/?occurrenceId=CAS:ANTWEB:casent0489808-d01","casent0489808-d01","formicidae","amblyoponinae","Adetomyrma","venatrix","Adetomyrma venatrix","","Fianarantsoa","Madagascar","","tropical dry forest ex rotten log",700,"point","-22.59167","45.12833"
"http://antweb.org/api/v2/?occurrenceId=CAS:ANTWEB:casent0501714","casent0501714","formicidae","amblyoponinae","Adetomyrma","venatrix","Adetomyrma venatrix","","Antananarivo","Madagascar","2005-06-15","montane rainforest ex rotten log",1300,"point","-18.47333","47.96"
"http://antweb.org/api/v2/?occurrenceId=CAS:ANTWEB:mcztype34786","mcztype34786","formicidae","amblyoponinae","Adetomyrma","venatrix","Adetomyrma venatrix","Holotype","Toliara","Madagascar","2000-11-10","tropical dry forest ex rotten log",760,"point","-22.9","44.68333"
