"url","catalogNumber","family","subfamily","genus","specificEpithet","scientific_name","typeStatus","stateProvince","country","dateIdentified","habitat","minimumElevationInMeters","geojson.type","decimal_latitude","decimal_longitude"
"http://antweb.org/api/v2/?occurrenceId=CAS:ANTWEB:casent0007814","casent0007814","formicidae","amblyoponinae","Adetomyrma","aureocuprea","Adetomyrma aureocuprea","","Toliara","Madagascar","2004-03-09","Gallery forest",70,"point","-23.5275","44.15444"
"http://antweb.org/api/v2/?occurrenceId=CAS:ANTWEB:casent0008678","casent0008678","formicidae","amblyoponinae","Adetomyrma","aureocuprea","Adetomyrma aureocuprea","","Fianarantsoa","Madagascar","2012-01-01","gallery forest",725,"point","-22.48167","45.46167"
"http://antweb.org/api/v2/?occurrenceId=CAS:ANTWEB:casent0008678-d01","casent0008678-d01","formicidae","amblyoponinae","Adetomyrma","aureocuprea","Adetomyrma aureocuprea","","Fianarantsoa","Madagascar","2012-01-01","gallery forest",725,"point","-22.48167","45.46167"
"http://antweb.org/api/v2/?occurrenceId=CAS:ANTWEB:casent0008679","casent0008679","formicidae","amblyoponinae","Adetomyrma","aureocuprea","Adetomyrma aureocuprea","","Toliara","Madagascar","2004-03-09","gallery forest ground forager s",75,"point","-23.52417","44.12133"
"http://antweb.org/api/v2/?occurrenceId=CAS:ANTWEB:casent0008679-d01","casent0008679-d01","formicidae","amblyoponinae","Adetomyrma","aureocuprea","Adetomyrma aureocuprea","","Toliara","Madagascar","2012-12-31","gallery forest ground forager s",75,"point","-23.52417","44.12133"
"http://antweb.org/api/v2/?occurrenceId=CAS:ANTWEB:casent0008680","casent0008680","formicidae","amblyoponinae","Adetomyrma","aureocuprea","Adetomyrma aureocuprea","","Toliara","Madagascar","2012-12-31","degraded gallery forest",50,"point","-23.23528","43.87083"
"http://antweb.org/api/v2/?occurrenceId=CAS:ANTWEB:casent0008680-d01","casent0008680-d01","formicidae","amblyoponinae","Adetomyrma","aureocuprea","Adetomyrma aureocuprea","","Toliara","Madagascar","","degraded gallery forest",50,"point","-23.23528","43.87083"
"http://antweb.org/api/v2/?occurrenceId=CAS:ANTWEB:casent0008681","casent0008681","formicidae","amblyoponinae","Adetomyrma","aureocuprea","Adetomyrma aureocuprea","","Toliara","Madagascar","2012-12-31","gallery forest",100,"point","-23.17694","43.96083"
"http://antweb.org/api/v2/?occurrenceId=CAS:ANTWEB:casent0008681-d01","casent0008681-d01","formicidae","amblyoponinae","Adetomyrma","aureocuprea","Adetomyrma aureocuprea","","Toliara","Madagascar","2012-12-31","gallery forest",100,"point","-23.17694","43.96083"
"http://antweb.org/api/v2/?occurrenceId=CAS:ANTWEB:casent0050282","casent0050282","formicidae","amblyoponinae","Adetomyrma","aureocuprea","Adetomyrma aureocuprea","","Fianarantsoa","Madagascar","2006-12-31","montane rainforest",1550,"point","-20.59333","46.56333"
"http://antweb.org/api/v2/?occurrenceId=CAS:ANTWEB:casent0051218","casent0051218","formicidae","amblyoponinae","Adetomyrma","aureocuprea","Adetomyrma aureocuprea","","Toliara","Madagascar","2012-12-31","degraded gallery forest",50,"point","-23.23528","43.87083"
"http://antweb.org/api/v2/?occurrenceId=CAS:ANTWEB:casent0052574","casent0052574","formicidae","amblyoponinae","Adetomyrma","aureocuprea","Adetomyrma aureocuprea","","Toliara","Madagascar","2004-03-09","gallery forest",100,"point","-23.17694","43.96083"
"http://antweb.org/api/v2/?occurrenceId=CAS:ANTWEB:casent0052574-d01","casent0052574-d01","formicidae","amblyoponinae","Adetomyrma","aureocuprea","Adetomyrma aureocuprea","","Toliara","Madagascar","2012-12-31","gallery forest",100,"point","-23.17694","43.96083"
"http://antweb.org/api/v2/?occurrenceId=CAS:ANTWEB:casent0052574-d02","casent0052574-d02","formicidae","amblyoponinae","Adetomyrma","aureocuprea","Adetomyrma aureocuprea","","Toliara","Madagascar","2012-12-31","gallery forest",100,"point","-23.17694","43.96083"
"http://antweb.org/api/v2/?occurrenceId=CAS:ANTWEB:casent0059002","casent0059002","formicidae","amblyoponinae","Adetomyrma","aureocuprea","Adetomyrma aureocuprea","","Toliara","Madagascar","2004-03-09","gallery forest mixed with spiny thicket trees",130,"point","-23.52083","44.15972"
"http://antweb.org/api/v2/?occurrenceId=CAS:ANTWEB:casent0065943","casent0065943","formicidae","amblyoponinae","Adetomyrma","aureocuprea","Adetomyrma aureocuprea","","Tulear","Madagascar","2012-01-01","dry deciduous forest",165,"point","-23.6865","44.591"
"http://antweb.org/api/v2/?occurrenceId=CAS:ANTWEB:casent0081395","casent0081395","formicidae","amblyoponinae","Adetomyrma","aureocuprea","Adetomyrma aureocuprea","","Diego-Suarez","Madagascar","2010-03-18","rainforest",960,"point","-12.51444","49.18139"
"http://antweb.org/api/v2/?occurrenceId=CAS:ANTWEB:casent0081532","casent0081532","formicidae","amblyoponinae","Adetomyrma","aureocuprea","Adetomyrma aureocuprea","","Antsiranana","Madagascar","2010-03-18","rainforest",600,"point","-13.79861","48.16167"
"http://antweb.org/api/v2/?occurrenceId=CAS:ANTWEB:casent0096521","casent0096521","formicidae","amblyoponinae","Adetomyrma","aureocuprea","Adetomyrma aureocuprea","","","Madagascar","2007-03-05","",NA,"point","-17.63333","46.90556"
"http://antweb.org/api/v2/?occurrenceId=CAS:ANTWEB:casent0111122","casent0111122","formicidae","amblyoponinae","Adetomyrma","aureocuprea","Adetomyrma aureocuprea","","Fianarantsoa","Madagascar","2010-03-18","dry wash",885,"point","-22.62667","45.35817"
"http://antweb.org/api/v2/?occurrenceId=CAS:ANTWEB:casent0111462","casent0111462","formicidae","amblyoponinae","Adetomyrma","aureocuprea","Adetomyrma aureocuprea","","Tulear","Madagascar","2008-12-31","spiny forest",180,"point","-23.68983","44.5755"
"http://antweb.org/api/v2/?occurrenceId=CAS:ANTWEB:casent0115230","casent0115230","formicidae","amblyoponinae","Adetomyrma","aureocuprea","Adetomyrma aureocuprea","","Toliara","Madagascar","2006-12-31","spiny bush",36,"point","-25.58767","45.163"
"http://antweb.org/api/v2/?occurrenceId=CAS:ANTWEB:casent0115338","casent0115338","formicidae","amblyoponinae","Adetomyrma","aureocuprea","Adetomyrma aureocuprea","","Toliara","Madagascar","2012-01-01","spiny bush",36,"point","-25.58767","45.163"
"http://antweb.org/api/v2/?occurrenceId=CAS:ANTWEB:casent0115654","casent0115654","formicidae","amblyoponinae","Adetomyrma","aureocuprea","Adetomyrma aureocuprea","","Toliara","Madagascar","2012-01-01","spiny bush",36,"point","-25.58767","45.163"
"http://antweb.org/api/v2/?occurrenceId=CAS:ANTWEB:casent0115987","casent0115987","formicidae","amblyoponinae","Adetomyrma","aureocuprea","Adetomyrma aureocuprea","","Toliara","Madagascar","2012-01-01","spiny bush",36,"point","-25.58767","45.163"
"http://antweb.org/api/v2/?occurrenceId=CAS:ANTWEB:casent0116700","casent0116700","formicidae","amblyoponinae","Adetomyrma","aureocuprea","Adetomyrma aureocuprea","","Toliara","Madagascar","2012-01-01","spiny bush",36,"point","-25.58767","45.163"
"http://antweb.org/api/v2/?occurrenceId=CAS:ANTWEB:casent0116722","casent0116722","formicidae","amblyoponinae","Adetomyrma","aureocuprea","Adetomyrma aureocuprea","","Toliara","Madagascar","2012-01-01","spiny bush",36,"point","-25.58767","45.163"
"http://antweb.org/api/v2/?occurrenceId=CAS:ANTWEB:casent0116814","casent0116814","formicidae","amblyoponinae","Adetomyrma","aureocuprea","Adetomyrma aureocuprea","","Fianarantsoa","Madagascar","2012-01-01","dry wash",885,"point","-22.62667","45.35817"
"http://antweb.org/api/v2/?occurrenceId=CAS:ANTWEB:casent0117174","casent0117174","formicidae","amblyoponinae","Adetomyrma","aureocuprea","Adetomyrma aureocuprea","","Fianarantsoa","Madagascar","2011-12-31","Lowland rainforest",36,"point","-23.02183","47.72"
"http://antweb.org/api/v2/?occurrenceId=CAS:ANTWEB:casent0117232","casent0117232","formicidae","amblyoponinae","Adetomyrma","aureocuprea","Adetomyrma aureocuprea","","Toliara","Madagascar","2006-12-31","spiny bush",36,"point","-25.58767","45.163"
"http://antweb.org/api/v2/?occurrenceId=CAS:ANTWEB:casent0117260","casent0117260","formicidae","amblyoponinae","Adetomyrma","aureocuprea","Adetomyrma aureocuprea","","Toliara","Madagascar","2012-01-01","spiny bush",36,"point","-25.58767","45.163"
"http://antweb.org/api/v2/?occurrenceId=CAS:ANTWEB:casent0117260-d01","casent0117260-d01","formicidae","amblyoponinae","Adetomyrma","aureocuprea","Adetomyrma aureocuprea","","Toliara","Madagascar","","spiny bush",36,"point","-25.58767","45.163"
"http://antweb.org/api/v2/?occurrenceId=CAS:ANTWEB:casent0117308","casent0117308","formicidae","amblyoponinae","Adetomyrma","aureocuprea","Adetomyrma aureocuprea","","Toliara","Madagascar","2012-01-01","spiny bush",36,"point","-25.58767","45.163"
"http://antweb.org/api/v2/?occurrenceId=CAS:ANTWEB:casent0117785","casent0117785","formicidae","amblyoponinae","Adetomyrma","aureocuprea","Adetomyrma aureocuprea","","Tulear","Madagascar","2008-12-31","dry deciduous forest",165,"point","-23.6865","44.591"
"http://antweb.org/api/v2/?occurrenceId=CAS:ANTWEB:casent0143725","casent0143725","formicidae","amblyoponinae","Adetomyrma","aureocuprea","Adetomyrma aureocuprea","","Toliara","Madagascar","","tropical dry forest",30,"point","-20.06915","44.660416"
"http://antweb.org/api/v2/?occurrenceId=CAS:ANTWEB:casent0143725-d01","casent0143725-d01","formicidae","amblyoponinae","Adetomyrma","aureocuprea","Adetomyrma aureocuprea","","Toliara","Madagascar","","tropical dry forest",30,"point","-20.06915","44.660416"
"http://antweb.org/api/v2/?occurrenceId=CAS:ANTWEB:casent0143738","casent0143738","formicidae","amblyoponinae","Adetomyrma","aureocuprea","Adetomyrma aureocuprea","","Toliara","Madagascar","","tropical dry forest",30,"point","-20.06915","44.660416"
"http://antweb.org/api/v2/?occurrenceId=CAS:ANTWEB:casent0143738-d01","casent0143738-d01","formicidae","amblyoponinae","Adetomyrma","aureocuprea","Adetomyrma aureocuprea","","Toliara","Madagascar","","tropical dry forest",30,"point","-20.06915","44.660416"
"http://antweb.org/api/v2/?occurrenceId=CAS:ANTWEB:casent0144725","casent0144725","formicidae","amblyoponinae","Adetomyrma","aureocuprea","Adetomyrma aureocuprea","","Toliara","Madagascar","","tropical dry forest",30,"point","-20.06915","44.660416"
"http://antweb.org/api/v2/?occurrenceId=CAS:ANTWEB:casent0144725-d01","casent0144725-d01","formicidae","amblyoponinae","Adetomyrma","aureocuprea","Adetomyrma aureocuprea","","Toliara","Madagascar","","tropical dry forest",30,"point","-20.06915","44.660416"
"http://antweb.org/api/v2/?occurrenceId=CAS:ANTWEB:casent0144725-d02","casent0144725-d02","formicidae","amblyoponinae","Adetomyrma","aureocuprea","Adetomyrma aureocuprea","","Toliara","Madagascar","","tropical dry forest",30,"point","-20.06915","44.660416"
"http://antweb.org/api/v2/?occurrenceId=CAS:ANTWEB:casent0144739","casent0144739","formicidae","amblyoponinae","Adetomyrma","aureocuprea","Adetomyrma aureocuprea","","Toliara","Madagascar","","tropical dry forest",30,"point","-20.06855","44.659565"
"http://antweb.org/api/v2/?occurrenceId=CAS:ANTWEB:casent0144739-d01","casent0144739-d01","formicidae","amblyoponinae","Adetomyrma","aureocuprea","Adetomyrma aureocuprea","","Toliara","Madagascar","","tropical dry forest",30,"point","-20.06855","44.659565"
"http://antweb.org/api/v2/?occurrenceId=CAS:ANTWEB:casent0144740","casent0144740","formicidae","amblyoponinae","Adetomyrma","aureocuprea","Adetomyrma aureocuprea","","Toliara","Madagascar","","tropical dry forest",30,"point","-20.06855","44.659565"
"http://antweb.org/api/v2/?occurrenceId=CAS:ANTWEB:casent0144740-d01","casent0144740-d01","formicidae","amblyoponinae","Adetomyrma","aureocuprea","Adetomyrma aureocuprea","","Toliara","Madagascar","","tropical dry forest",30,"point","-20.06855","44.659565"
"http://antweb.org/api/v2/?occurrenceId=CAS:ANTWEB:casent0144740-d02","casent0144740-d02","formicidae","amblyoponinae","Adetomyrma","aureocuprea","Adetomyrma aureocuprea","","Toliara","Madagascar","","tropical dry forest",30,"point","-20.06855","44.659565"
"http://antweb.org/api/v2/?occurrenceId=CAS:ANTWEB:casent0144741","casent0144741","formicidae","amblyoponinae","Adetomyrma","aureocuprea","Adetomyrma aureocuprea","","Toliara","Madagascar","","tropical dry forest",30,"point","-20.06855","44.659565"
"http://antweb.org/api/v2/?occurrenceId=CAS:ANTWEB:casent0144741-d01","casent0144741-d01","formicidae","amblyoponinae","Adetomyrma","aureocuprea","Adetomyrma aureocuprea","","Toliara","Madagascar","","tropical dry forest",30,"point","-20.06855","44.659565"
"http://antweb.org/api/v2/?occurrenceId=CAS:ANTWEB:casent0144741-d02","casent0144741-d02","formicidae","amblyoponinae","Adetomyrma","aureocuprea","Adetomyrma aureocuprea","","Toliara","Madagascar","","tropical dry forest",30,"point","-20.06855","44.659565"
"http://antweb.org/api/v2/?occurrenceId=CAS:ANTWEB:casent0144752","casent0144752","formicidae","amblyoponinae","Adetomyrma","aureocuprea","Adetomyrma aureocuprea","","Toliara","Madagascar","","tropical dry forest",30,"point","-20.06915","44.660416"
"http://antweb.org/api/v2/?occurrenceId=CAS:ANTWEB:casent0144752-d01","casent0144752-d01","formicidae","amblyoponinae","Adetomyrma","aureocuprea","Adetomyrma aureocuprea","","Toliara","Madagascar","","tropical dry forest",30,"point","-20.06915","44.660416"
"http://antweb.org/api/v2/?occurrenceId=CAS:ANTWEB:casent0144789","casent0144789","formicidae","amblyoponinae","Adetomyrma","aureocuprea","Adetomyrma aureocuprea","","Toliara","Madagascar","","tropical dry forest",30,"point","-20.06915","44.660416"
"http://antweb.org/api/v2/?occurrenceId=CAS:ANTWEB:casent0144789-d01","casent0144789-d01","formicidae","amblyoponinae","Adetomyrma","aureocuprea","Adetomyrma aureocuprea","","Toliara","Madagascar","","tropical dry forest",30,"point","-20.06915","44.660416"
"http://antweb.org/api/v2/?occurrenceId=CAS:ANTWEB:casent0144844","casent0144844","formicidae","amblyoponinae","Adetomyrma","aureocuprea","Adetomyrma aureocuprea","","Toliara","Madagascar","","tropical dry forest",30,"point","-20.06915","44.660416"
"http://antweb.org/api/v2/?occurrenceId=CAS:ANTWEB:casent0144844-d01","casent0144844-d01","formicidae","amblyoponinae","Adetomyrma","aureocuprea","Adetomyrma aureocuprea","","Toliara","Madagascar","","tropical dry forest",30,"point","-20.06915","44.660416"
"http://antweb.org/api/v2/?occurrenceId=CAS:ANTWEB:casent0151423","casent0151423","formicidae","amblyoponinae","Adetomyrma","aureocuprea","Adetomyrma aureocuprea","","Fianarantsoa","Madagascar","2011-12-31","Uapaca forest",1036,"point","-22.62883","45.36117"
"http://antweb.org/api/v2/?occurrenceId=CAS:ANTWEB:casent0151667","casent0151667","formicidae","amblyoponinae","Adetomyrma","aureocuprea","Adetomyrma aureocuprea","","Toliara","Madagascar","2011-12-31","Galery dry deciduous forest",165,"point","-23.6865","44.591"
"http://antweb.org/api/v2/?occurrenceId=CAS:ANTWEB:casent0165220","casent0165220","formicidae","amblyoponinae","Adetomyrma","aureocuprea","Adetomyrma aureocuprea","","Mahajanga","Madagascar","2011-12-31","dense dry forest",19,"point","-16.7","45.7"
"http://antweb.org/api/v2/?occurrenceId=CAS:ANTWEB:casent0208694","casent0208694","formicidae","amblyoponinae","Adetomyrma","aureocuprea","Adetomyrma aureocuprea","","Toliara","Madagascar","2011-12-31","Gallery forest on sandy soil",490,"point","-21.22284","45.32477"
"http://antweb.org/api/v2/?occurrenceId=CAS:ANTWEB:casent0227991","casent0227991","formicidae","amblyoponinae","Adetomyrma","aureocuprea","Adetomyrma aureocuprea","Holotype","Fianarantsoa","Madagascar","2011-01-01","gallery forest",725,"point","-22.48167","45.46167"
"http://antweb.org/api/v2/?occurrenceId=CAS:ANTWEB:casent0231664","casent0231664","formicidae","amblyoponinae","Adetomyrma","aureocuprea","Adetomyrma aureocuprea","","Fianarantsoa","Madagascar","2012-12-31","open area near stream",701,"point","-22.62667","45.35817"
"http://antweb.org/api/v2/?occurrenceId=CAS:ANTWEB:casent0231664-d01","casent0231664-d01","formicidae","amblyoponinae","Adetomyrma","aureocuprea","Adetomyrma aureocuprea","","Fianarantsoa","Madagascar","2012-12-31","open area near stream",701,"point","-22.62667","45.35817"
"http://antweb.org/api/v2/?occurrenceId=CAS:ANTWEB:casent0231729","casent0231729","formicidae","amblyoponinae","Adetomyrma","aureocuprea","Adetomyrma aureocuprea","","Mahajanga","Madagascar","2011-12-31","Decidious forest",42,"point","-16.31933","46.81333"
"http://antweb.org/api/v2/?occurrenceId=CAS:ANTWEB:casent0231729-d01","casent0231729-d01","formicidae","amblyoponinae","Adetomyrma","aureocuprea","Adetomyrma aureocuprea","","Mahajanga","Madagascar","2011-12-16","Decidious forest",42,"point","-16.31933","46.81333"
"http://antweb.org/api/v2/?occurrenceId=CAS:ANTWEB:casent0244498","casent0244498","formicidae","amblyoponinae","Adetomyrma","aureocuprea","Adetomyrma aureocuprea","","Fianarantsoa","Madagascar","2011-12-31","Lowland rainforest",36,"point","-23.02183","47.72"
"http://antweb.org/api/v2/?occurrenceId=CAS:ANTWEB:casent0244498-d01","casent0244498-d01","formicidae","amblyoponinae","Adetomyrma","aureocuprea","Adetomyrma aureocuprea","","Fianarantsoa","Madagascar","2011-12-16","Lowland rainforest",36,"point","-23.02183","47.72"
"http://antweb.org/api/v2/?occurrenceId=CAS:ANTWEB:casent0244499","casent0244499","formicidae","amblyoponinae","Adetomyrma","aureocuprea","Adetomyrma aureocuprea","","Fianarantsoa","Madagascar","2012-01-01","Lowland rainforest",36,"point","-23.02183","47.72"
"http://antweb.org/api/v2/?occurrenceId=CAS:ANTWEB:casent0244499-d01","casent0244499-d01","formicidae","amblyoponinae","Adetomyrma","aureocuprea","Adetomyrma aureocuprea","","Fianarantsoa","Madagascar","2012-01-01","Lowland rainforest",36,"point","-23.02183","47.72"
"http://antweb.org/api/v2/?occurrenceId=CAS:ANTWEB:casent0244636","casent0244636","formicidae","amblyoponinae","Adetomyrma","aureocuprea","Adetomyrma aureocuprea","","Toliara","Madagascar","2012-01-01","dry forest",50,"point","-19.9775","44.66633"
"http://antweb.org/api/v2/?occurrenceId=CAS:ANTWEB:casent0244636-d01","casent0244636-d01","formicidae","amblyoponinae","Adetomyrma","aureocuprea","Adetomyrma aureocuprea","","Toliara","Madagascar","2012-01-01","dry forest",50,"point","-19.9775","44.66633"
"http://antweb.org/api/v2/?occurrenceId=CAS:ANTWEB:casent0244703","casent0244703","formicidae","amblyoponinae","Adetomyrma","aureocuprea","Adetomyrma aureocuprea","","Toliara","Madagascar","2012-01-01","Galery forest",45,"point","-19.9775","44.66533"
"http://antweb.org/api/v2/?occurrenceId=CAS:ANTWEB:casent0244703-d01","casent0244703-d01","formicidae","amblyoponinae","Adetomyrma","aureocuprea","Adetomyrma aureocuprea","","Toliara","Madagascar","2012-01-01","Galery forest",45,"point","-19.9775","44.66533"
"http://antweb.org/api/v2/?occurrenceId=CAS:ANTWEB:casent0247003","casent0247003","formicidae","amblyoponinae","Adetomyrma","aureocuprea","Adetomyrma aureocuprea","paratype","Fianarantsoa","Madagascar","2011-01-01","gallery forest",725,"point","-22.48167","45.46167"
"http://antweb.org/api/v2/?occurrenceId=CAS:ANTWEB:casent0247004","casent0247004","formicidae","amblyoponinae","Adetomyrma","aureocuprea","Adetomyrma aureocuprea","paratype","Fianarantsoa","Madagascar","2011-12-31","gallery forest",725,"point","-22.48167","45.46167"
"http://antweb.org/api/v2/?occurrenceId=CAS:ANTWEB:casent0260671","casent0260671","formicidae","amblyoponinae","Adetomyrma","aureocuprea","Adetomyrma aureocuprea","","Mahajanga","Madagascar","2011-12-31","secondary forest on white sandy area",86,"point","-15.45117","47.61333"
"http://antweb.org/api/v2/?occurrenceId=CAS:ANTWEB:casent0260671-d01","casent0260671-d01","formicidae","amblyoponinae","Adetomyrma","aureocuprea","Adetomyrma aureocuprea","","Mahajanga","Madagascar","2011-12-16","secondary forest on white sandy area",86,"point","-15.45117","47.61333"
"http://antweb.org/api/v2/?occurrenceId=CAS:ANTWEB:casent0262710","casent0262710","formicidae","amblyoponinae","Adetomyrma","aureocuprea","Adetomyrma aureocuprea","","Fianarantsoa","Madagascar","2012-01-01","Lowland rainforest",36,"point","-23.02183","47.72"
"http://antweb.org/api/v2/?occurrenceId=CAS:ANTWEB:casent0262710-d01","casent0262710-d01","formicidae","amblyoponinae","Adetomyrma","aureocuprea","Adetomyrma aureocuprea","","Fianarantsoa","Madagascar","2012-01-01","Lowland rainforest",36,"point","-23.02183","47.72"
"http://antweb.org/api/v2/?occurrenceId=CAS:ANTWEB:casent0262780","casent0262780","formicidae","amblyoponinae","Adetomyrma","aureocuprea","Adetomyrma aureocuprea","","Toliara","Madagascar","2012-01-01","dry forest",50,"point","-19.9775","44.66633"
"http://antweb.org/api/v2/?occurrenceId=CAS:ANTWEB:casent0262780-d01","casent0262780-d01","formicidae","amblyoponinae","Adetomyrma","aureocuprea","Adetomyrma aureocuprea","","Toliara","Madagascar","2012-01-01","dry forest",50,"point","-19.9775","44.66633"
"http://antweb.org/api/v2/?occurrenceId=CAS:ANTWEB:casent0262781","casent0262781","formicidae","amblyoponinae","Adetomyrma","aureocuprea","Adetomyrma aureocuprea","","Toliara","Madagascar","2012-01-01","dry forest",50,"point","-19.9775","44.66633"
"http://antweb.org/api/v2/?occurrenceId=CAS:ANTWEB:casent0262781-d01","casent0262781-d01","formicidae","amblyoponinae","Adetomyrma","aureocuprea","Adetomyrma aureocuprea","","Toliara","Madagascar","2012-01-01","dry forest",50,"point","-19.9775","44.66633"
"http://antweb.org/api/v2/?occurrenceId=CAS:ANTWEB:casent0262790","casent0262790","formicidae","amblyoponinae","Adetomyrma","aureocuprea","Adetomyrma aureocuprea","","Toliara","Madagascar","2012-01-01","dry forest",50,"point","-19.9775","44.66633"
"http://antweb.org/api/v2/?occurrenceId=CAS:ANTWEB:casent0262790-d01","casent0262790-d01","formicidae","amblyoponinae","Adetomyrma","aureocuprea","Adetomyrma aureocuprea","","Toliara","Madagascar","2012-01-01","dry forest",50,"point","-19.9775","44.66633"
"http://antweb.org/api/v2/?occurrenceId=CAS:ANTWEB:casent0262791","casent0262791","formicidae","amblyoponinae","Adetomyrma","aureocuprea","Adetomyrma aureocuprea","","Toliara","Madagascar","2011-12-31","dry forest",50,"point","-19.9775","44.66633"
"http://antweb.org/api/v2/?occurrenceId=CAS:ANTWEB:casent0262791-d01","casent0262791-d01","formicidae","amblyoponinae","Adetomyrma","aureocuprea","Adetomyrma aureocuprea","","Toliara","Madagascar","2011-12-16","dry forest",50,"point","-19.9775","44.66633"
"http://antweb.org/api/v2/?occurrenceId=CAS:ANTWEB:casent0262793","casent0262793","formicidae","amblyoponinae","Adetomyrma","aureocuprea","Adetomyrma aureocuprea","","Toliara","Madagascar","2012-01-01","dry forest",50,"point","-19.9775","44.66633"
"http://antweb.org/api/v2/?occurrenceId=CAS:ANTWEB:casent0262793-d01","casent0262793-d01","formicidae","amblyoponinae","Adetomyrma","aureocuprea","Adetomyrma aureocuprea","","Toliara","Madagascar","2012-01-01","dry forest",50,"point","-19.9775","44.66633"
"http://antweb.org/api/v2/?occurrenceId=CAS:ANTWEB:casent0262822","casent0262822","formicidae","amblyoponinae","Adetomyrma","aureocuprea","Adetomyrma aureocuprea","","Toliara","Madagascar","2012-01-01","Galery forest",45,"point","-19.9775","44.66533"
"http://antweb.org/api/v2/?occurrenceId=CAS:ANTWEB:casent0262822-d01","casent0262822-d01","formicidae","amblyoponinae","Adetomyrma","aureocuprea","Adetomyrma aureocuprea","","Toliara","Madagascar","2012-01-01","Galery forest",45,"point","-19.9775","44.66533"
"http://antweb.org/api/v2/?occurrenceId=CAS:ANTWEB:casent0262879","casent0262879","formicidae","amblyoponinae","Adetomyrma","aureocuprea","Adetomyrma aureocuprea","","Toliara","Madagascar","2012-01-01","Deciduous dry forest",30,"point","-22.90367","43.4755"
"http://antweb.org/api/v2/?occurrenceId=CAS:ANTWEB:casent0262879-d01","casent0262879-d01","formicidae","amblyoponinae","Adetomyrma","aureocuprea","Adetomyrma aureocuprea","","Toliara","Madagascar","2012-01-01","Deciduous dry forest",30,"point","-22.90367","43.4755"
"http://antweb.org/api/v2/?occurrenceId=CAS:ANTWEB:casent0476585","casent0476585","formicidae","amblyoponinae","Adetomyrma","aureocuprea","Adetomyrma aureocuprea","","Mahajanga","Madagascar","2007-03-05","tropical dry forest on Tsingy",150,"point","-18.70944","44.71817"
"http://antweb.org/api/v2/?occurrenceId=CAS:ANTWEB:casent0484959","casent0484959","formicidae","amblyoponinae","Adetomyrma","aureocuprea","Adetomyrma aureocuprea","","Toliara","Madagascar","2006-12-31","spiny forest/thicket",150,"point","-24.81694","46.61"
"http://antweb.org/api/v2/?occurrenceId=CAS:ANTWEB:casent0484959-d01","casent0484959-d01","formicidae","amblyoponinae","Adetomyrma","aureocuprea","Adetomyrma aureocuprea","","Toliara","Madagascar","2012-01-01","spiny forest/thicket",150,"point","-24.81694","46.61"
"http://antweb.org/api/v2/?occurrenceId=CAS:ANTWEB:casent0490920","casent0490920","formicidae","amblyoponinae","Adetomyrma","aureocuprea","Adetomyrma aureocuprea","paratype","Fianarantsoa","Madagascar","2011-12-31","gallery forest",725,"point","-22.48167","45.46167"
"http://antweb.org/api/v2/?occurrenceId=CAS:ANTWEB:casent0490920-d01","casent0490920-d01","formicidae","amblyoponinae","Adetomyrma","aureocuprea","Adetomyrma aureocuprea","","Fianarantsoa","Madagascar","2012-12-31","gallery forest",725,"point","-22.48167","45.46167"
"http://antweb.org/api/v2/?occurrenceId=CAS:ANTWEB:casent0490921","casent0490921","formicidae","amblyoponinae","Adetomyrma","aureocuprea","Adetomyrma aureocuprea","","Fianarantsoa","Madagascar","2012-01-01","gallery forest",725,"point","-22.48167","45.46167"
"http://antweb.org/api/v2/?occurrenceId=CAS:ANTWEB:casent0490921-d01","casent0490921-d01","formicidae","amblyoponinae","Adetomyrma","aureocuprea","Adetomyrma aureocuprea","","Fianarantsoa","Madagascar","2012-01-01","gallery forest",725,"point","-22.48167","45.46167"
"http://antweb.org/api/v2/?occurrenceId=CAS:ANTWEB:casent0490924","casent0490924","formicidae","amblyoponinae","Adetomyrma","aureocuprea","Adetomyrma aureocuprea","","Fianarantsoa","Madagascar","2012-01-01","gallery forest",725,"point","-22.48167","45.46167"
"http://antweb.org/api/v2/?occurrenceId=CAS:ANTWEB:casent0490928","casent0490928","formicidae","amblyoponinae","Adetomyrma","aureocuprea","Adetomyrma aureocuprea","","Fianarantsoa","Madagascar","2012-01-01","gallery forest",725,"point","-22.48167","45.46167"
"http://antweb.org/api/v2/?occurrenceId=CAS:ANTWEB:casent0496490","casent0496490","formicidae","amblyoponinae","Adetomyrma","aureocuprea","Adetomyrma aureocuprea","","Mahajanga","Madagascar","2004-03-09","tropical dry forest",100,"point","-16.40667","45.31"
"http://antweb.org/api/v2/?occurrenceId=CAS:ANTWEB:casent0496490-d01","casent0496490-d01","formicidae","amblyoponinae","Adetomyrma","aureocuprea","Adetomyrma aureocuprea","","Mahajanga","Madagascar","2012-01-01","tropical dry forest",100,"point","-16.40667","45.31"
