"url","catalogNumber","family","subfamily","genus","specificEpithet","scientific_name","typeStatus","stateProvince","country","dateIdentified","habitat","minimumElevationInMeters","geojson.type","decimal_latitude","decimal_longitude"
"http://antweb.org/api/v2/?occurrenceId=CAS:ANTWEB:anic32-010601","anic32-010601","formicidae","myrmicinae","Adlerzia","froggatti","Adlerzia froggatti","","New South Wales","Australia","","wet sclerophyll under stone",NA,"point","-32.9667","151.483"
"http://antweb.org/api/v2/?occurrenceId=CAS:ANTWEB:anic32-047433","anic32-047433","formicidae","myrmicinae","Adlerzia","froggatti","Adlerzia froggatti","","Australian Capital Territory","Australia","","Dry sclerophyll under rock",NA,"point","-35.25","148.95"
"http://antweb.org/api/v2/?occurrenceId=CAS:ANTWEB:anic32-053391","anic32-053391","formicidae","myrmicinae","Adlerzia","froggatti","Adlerzia froggatti","","New South Wales","Australia","","Dry sclerophyll",NA,NA,NA,NA
"http://antweb.org/api/v2/?occurrenceId=CAS:ANTWEB:anic32-053392","anic32-053392","formicidae","myrmicinae","Adlerzia","froggatti","Adlerzia froggatti","","New South Wales","Australia","","Wet sclerophyll",304,"point","-28.3333","153.317"
"http://antweb.org/api/v2/?occurrenceId=CAS:ANTWEB:anic32-060392","anic32-060392","formicidae","myrmicinae","Adlerzia","froggatti","Adlerzia froggatti","","New South Wales","Australia","","Eucalyptus forest",NA,"point","-33.45","150.067"
"http://antweb.org/api/v2/?occurrenceId=CAS:ANTWEB:anic32-060393","anic32-060393","formicidae","myrmicinae","Adlerzia","froggatti","Adlerzia froggatti","","New South Wales","Australia","","Eucalypt forest",NA,"point","-33.45","150.067"
"http://antweb.org/api/v2/?occurrenceId=CAS:ANTWEB:anic32-060394","anic32-060394","formicidae","myrmicinae","Adlerzia","froggatti","Adlerzia froggatti","","New South Wales","Australia","","Eucalypt forest",NA,"point","-33.45","150.067"
"http://antweb.org/api/v2/?occurrenceId=CAS:ANTWEB:anic32-060395","anic32-060395","formicidae","myrmicinae","Adlerzia","froggatti","Adlerzia froggatti","","New South Wales","Australia","","Eucalypt forest",NA,"point","-33.45","150.067"
"http://antweb.org/api/v2/?occurrenceId=CAS:ANTWEB:anict-102518","anict-102518","formicidae","myrmicinae","Adlerzia","froggatti","Adlerzia froggatti","","South Australia","Australia","","",NA,"point","-35.55","138.617"
"http://antweb.org/api/v2/?occurrenceId=CAS:ANTWEB:anict-102520","anict-102520","formicidae","myrmicinae","Adlerzia","froggatti","Adlerzia froggatti","","Australian Capital Territory","Australia","","",NA,"point","-35.6333","148.967"
"http://antweb.org/api/v2/?occurrenceId=CAS:ANTWEB:anict-102521","anict-102521","formicidae","myrmicinae","Adlerzia","froggatti","Adlerzia froggatti","","South Australia","Australia","","",NA,"point","-34.9333","138.6"
"http://antweb.org/api/v2/?occurrenceId=CAS:ANTWEB:anict-102522","anict-102522","formicidae","myrmicinae","Adlerzia","froggatti","Adlerzia froggatti","","New South Wales","Australia","","",NA,"point","-33.8833","151.217"
"http://antweb.org/api/v2/?occurrenceId=CAS:ANTWEB:anict-102523","anict-102523","formicidae","myrmicinae","Adlerzia","froggatti","Adlerzia froggatti","","New South Wales","Australia","","",NA,"point","-31.4667","152.733"
"http://antweb.org/api/v2/?occurrenceId=CAS:ANTWEB:anict-102524","anict-102524","formicidae","myrmicinae","Adlerzia","froggatti","Adlerzia froggatti","","South Australia","Australia","","",NA,"point","-37.6","140.35"
"http://antweb.org/api/v2/?occurrenceId=CAS:ANTWEB:anict-102525","anict-102525","formicidae","myrmicinae","Adlerzia","froggatti","Adlerzia froggatti","","New South Wales","Australia","","",NA,"point","-35.5833","149.45"
"http://antweb.org/api/v2/?occurrenceId=CAS:ANTWEB:anict-102526","anict-102526","formicidae","myrmicinae","Adlerzia","froggatti","Adlerzia froggatti","","Queensland","Australia","","",NA,"point","-26.6","152.717"
"http://antweb.org/api/v2/?occurrenceId=CAS:ANTWEB:anict-102527","anict-102527","formicidae","myrmicinae","Adlerzia","froggatti","Adlerzia froggatti","","South Australia","Australia","","",NA,"point","-35.8333","137.25"
"http://antweb.org/api/v2/?occurrenceId=CAS:ANTWEB:anict-102528","anict-102528","formicidae","myrmicinae","Adlerzia","froggatti","Adlerzia froggatti","","South Australia","Australia","","",NA,"point","-32.8167","138.167"
"http://antweb.org/api/v2/?occurrenceId=CAS:ANTWEB:anict-102529","anict-102529","formicidae","myrmicinae","Adlerzia","froggatti","Adlerzia froggatti","","New South Wales","Australia","","",30,"point","-28.3333","153.4"
"http://antweb.org/api/v2/?occurrenceId=CAS:ANTWEB:anict-102530","anict-102530","formicidae","myrmicinae","Adlerzia","froggatti","Adlerzia froggatti","","New South Wales","Australia","","",NA,"point","-33.75","151.133"
"http://antweb.org/api/v2/?occurrenceId=CAS:ANTWEB:anict-102531","anict-102531","formicidae","myrmicinae","Adlerzia","froggatti","Adlerzia froggatti","","Victoria","Australia","","",NA,"point","-37.7","145.1"
"http://antweb.org/api/v2/?occurrenceId=CAS:ANTWEB:anict-102532","anict-102532","formicidae","myrmicinae","Adlerzia","froggatti","Adlerzia froggatti","","Queensland","Australia","","",NA,"point","-26.9","152.95"
"http://antweb.org/api/v2/?occurrenceId=CAS:ANTWEB:anict-102533","anict-102533","formicidae","myrmicinae","Adlerzia","froggatti","Adlerzia froggatti","","South Australia","Australia","","",NA,"point","-34.9833","138.717"
"http://antweb.org/api/v2/?occurrenceId=CAS:ANTWEB:anict-102534","anict-102534","formicidae","myrmicinae","Adlerzia","froggatti","Adlerzia froggatti","","South Australia","Australia","","",NA,"point","-33.8833","138.633"
"http://antweb.org/api/v2/?occurrenceId=CAS:ANTWEB:anict-102535","anict-102535","formicidae","myrmicinae","Adlerzia","froggatti","Adlerzia froggatti","","New South Wales","Australia","","",NA,"point","-31.5667","147.2"
"http://antweb.org/api/v2/?occurrenceId=CAS:ANTWEB:anict-102536","anict-102536","formicidae","myrmicinae","Adlerzia","froggatti","Adlerzia froggatti","","South Australia","Australia","","",NA,"point","-33.0333","134.367"
"http://antweb.org/api/v2/?occurrenceId=CAS:ANTWEB:anict-102537","anict-102537","formicidae","myrmicinae","Adlerzia","froggatti","Adlerzia froggatti","","New South Wales","Australia","","",NA,"point","-28.3833","152.617"
"http://antweb.org/api/v2/?occurrenceId=CAS:ANTWEB:anict-102538","anict-102538","formicidae","myrmicinae","Adlerzia","froggatti","Adlerzia froggatti","","Western Australia","Australia","","",NA,"point","-34.9667","117.35"
"http://antweb.org/api/v2/?occurrenceId=CAS:ANTWEB:anict-102539","anict-102539","formicidae","myrmicinae","Adlerzia","froggatti","Adlerzia froggatti","","New South Wales","Australia","","",NA,"point","-28.35","153.317"
"http://antweb.org/api/v2/?occurrenceId=CAS:ANTWEB:anict-102541","anict-102541","formicidae","myrmicinae","Adlerzia","froggatti","Adlerzia froggatti","","New South Wales","Australia","","",NA,NA,NA,NA
"http://antweb.org/api/v2/?occurrenceId=CAS:ANTWEB:anict-102542","anict-102542","formicidae","myrmicinae","Adlerzia","froggatti","Adlerzia froggatti","","South Australia","Australia","","",NA,"point","-35.65","137.633"
"http://antweb.org/api/v2/?occurrenceId=CAS:ANTWEB:anict-102543","anict-102543","formicidae","myrmicinae","Adlerzia","froggatti","Adlerzia froggatti","","New South Wales","Australia","","",NA,"point","-33.8","151.017"
"http://antweb.org/api/v2/?occurrenceId=CAS:ANTWEB:anict-102544","anict-102544","formicidae","myrmicinae","Adlerzia","froggatti","Adlerzia froggatti","","New South Wales","Australia","","",762,"point","-32.6","149.583"
"http://antweb.org/api/v2/?occurrenceId=CAS:ANTWEB:anict-102545","anict-102545","formicidae","myrmicinae","Adlerzia","froggatti","Adlerzia froggatti","","South Australia","Australia","","",NA,"point","-35.25","139.467"
"http://antweb.org/api/v2/?occurrenceId=CAS:ANTWEB:anict-102546","anict-102546","formicidae","myrmicinae","Adlerzia","froggatti","Adlerzia froggatti","","New South Wales","Australia","","",NA,"point","-34.3167","149.983"
"http://antweb.org/api/v2/?occurrenceId=CAS:ANTWEB:anict-102547","anict-102547","formicidae","myrmicinae","Adlerzia","froggatti","Adlerzia froggatti","","South Australia","Australia","","",NA,"point","-32.2667","139.867"
"http://antweb.org/api/v2/?occurrenceId=CAS:ANTWEB:anict-102548","anict-102548","formicidae","myrmicinae","Adlerzia","froggatti","Adlerzia froggatti","","South Australia","Australia","","",NA,"point","-36.2333","139.683"
"http://antweb.org/api/v2/?occurrenceId=CAS:ANTWEB:anict-102549","anict-102549","formicidae","myrmicinae","Adlerzia","froggatti","Adlerzia froggatti","","Queensland","Australia","","",NA,"point","-25.9667","153.15"
"http://antweb.org/api/v2/?occurrenceId=CAS:ANTWEB:anict-102550","anict-102550","formicidae","myrmicinae","Adlerzia","froggatti","Adlerzia froggatti","","South Australia","Australia","","",NA,"point","-35","138.633"
"http://antweb.org/api/v2/?occurrenceId=CAS:ANTWEB:anict-102551","anict-102551","formicidae","myrmicinae","Adlerzia","froggatti","Adlerzia froggatti","","South Australia","Australia","","",NA,"point","-35","138.767"
"http://antweb.org/api/v2/?occurrenceId=CAS:ANTWEB:anict-102552","anict-102552","formicidae","myrmicinae","Adlerzia","froggatti","Adlerzia froggatti","","New South Wales","Australia","","",NA,NA,NA,NA
"http://antweb.org/api/v2/?occurrenceId=CAS:ANTWEB:casent0010805","casent0010805","formicidae","myrmicinae","Adlerzia","froggatti","Adlerzia froggatti","","New South Wales","Australia","2004-03-09","wet sclerophyll under stone",350,"point","-32.96667","151.48334"
"http://antweb.org/api/v2/?occurrenceId=CAS:ANTWEB:casent0104323","casent0104323","formicidae","myrmicinae","Adlerzia","froggatti","Adlerzia froggatti","","Western Australia","Australia","2008-05-09","",30,NA,NA,NA
"http://antweb.org/api/v2/?occurrenceId=CAS:ANTWEB:casent0106218","casent0106218","formicidae","myrmicinae","Adlerzia","froggatti","Adlerzia froggatti","","Australian Capital Territory","Australia","2008-12-31","dry sclerophyll under rock",NA,"point","-35.25","148.95"
"http://antweb.org/api/v2/?occurrenceId=CAS:ANTWEB:casent0106218-d01","casent0106218-d01","formicidae","myrmicinae","Adlerzia","froggatti","Adlerzia froggatti","","Australian Capital Territory","Australia","2008-12-31","dry sclerophyll under rock",NA,"point","-35.25","148.95"
"http://antweb.org/api/v2/?occurrenceId=CAS:ANTWEB:casent0106218-d11","casent0106218-d11","formicidae","myrmicinae","Adlerzia","froggatti","Adlerzia froggatti","","Australian Capital Territory","Australia","2008-12-31","dry sclerophyll under rock",NA,"point","-35.25","148.95"
"http://antweb.org/api/v2/?occurrenceId=CAS:ANTWEB:casent0227591","casent0227591","formicidae","myrmicinae","Adlerzia","froggatti","Adlerzia froggatti","","Queensland","Australia","2011-03-24","",50,"point","-27.59083","153.17194"
"http://antweb.org/api/v2/?occurrenceId=CAS:ANTWEB:casent0227591-d01","casent0227591-d01","formicidae","myrmicinae","Adlerzia","froggatti","Adlerzia froggatti","","Queensland","Australia","2011-03-24","",50,"point","-27.59083","153.17194"
"http://antweb.org/api/v2/?occurrenceId=CAS:ANTWEB:casent0227591-d11","casent0227591-d11","formicidae","myrmicinae","Adlerzia","froggatti","Adlerzia froggatti","","Queensland","Australia","2011-03-24","",50,"point","-27.59083","153.17194"
"http://antweb.org/api/v2/?occurrenceId=CAS:ANTWEB:casent0227591-res","casent0227591-res","formicidae","myrmicinae","Adlerzia","froggatti","Adlerzia froggatti","","Queensland","Australia","2011-03-24","",50,"point","-27.59083","153.17194"
"http://antweb.org/api/v2/?occurrenceId=CAS:ANTWEB:casent0904455","casent0904455","formicidae","myrmicinae","Adlerzia","froggatti","Adlerzia froggatti","syntype of Machomyrma silvestrii","South Australia","Australia","","",NA,NA,NA,NA
"http://antweb.org/api/v2/?occurrenceId=CAS:ANTWEB:casent0908761","casent0908761","formicidae","myrmicinae","Adlerzia","froggatti","Adlerzia froggatti","syntype of Adlerzia froggatti","Victoria","Australia","","",NA,NA,NA,NA
"http://antweb.org/api/v2/?occurrenceId=CAS:ANTWEB:jdm32-001647","jdm32-001647","formicidae","myrmicinae","Adlerzia","froggatti","Adlerzia froggatti","","Western Australia","Australia","","",NA,"point","-31.95","115.85"
"http://antweb.org/api/v2/?occurrenceId=CAS:ANTWEB:jdm32-003041","jdm32-003041","formicidae","myrmicinae","Adlerzia","froggatti","Adlerzia froggatti","","Western Australia","Australia","","native veg., rural environ. soil",NA,"point","-29.45","115.267"
"http://antweb.org/api/v2/?occurrenceId=CAS:ANTWEB:jdm32-003042","jdm32-003042","formicidae","myrmicinae","Adlerzia","froggatti","Adlerzia froggatti","","Western Australia","Australia","","native veg., rural environ. soil/litter",NA,"point","-32.6333","116.483"
"http://antweb.org/api/v2/?occurrenceId=CAS:ANTWEB:jdm32-003043","jdm32-003043","formicidae","myrmicinae","Adlerzia","froggatti","Adlerzia froggatti","","Western Australia","Australia","","1.5m shrubland, deep sand on sand dune",NA,"point","-29.9389","115.271"
"http://antweb.org/api/v2/?occurrenceId=CAS:ANTWEB:jdm32-003044","jdm32-003044","formicidae","myrmicinae","Adlerzia","froggatti","Adlerzia froggatti","","Western Australia","Australia","","Banksia woodland, sandy soil",NA,"point","-32.1167","115.917"
"http://antweb.org/api/v2/?occurrenceId=CAS:ANTWEB:jdm32-003045","jdm32-003045","formicidae","myrmicinae","Adlerzia","froggatti","Adlerzia froggatti","","Western Australia","Australia","","",NA,"point","-31.95","115.767"
"http://antweb.org/api/v2/?occurrenceId=CAS:ANTWEB:jdm32-003046","jdm32-003046","formicidae","myrmicinae","Adlerzia","froggatti","Adlerzia froggatti","","Western Australia","Australia","","",NA,"point","-29.8167","115.267"
"http://antweb.org/api/v2/?occurrenceId=CAS:ANTWEB:jdm32-003047","jdm32-003047","formicidae","myrmicinae","Adlerzia","froggatti","Adlerzia froggatti","","Western Australia","Australia","","On beach",NA,"point","-32.0167","115.5"
"http://antweb.org/api/v2/?occurrenceId=CAS:ANTWEB:jdm32-003048","jdm32-003048","formicidae","myrmicinae","Adlerzia","froggatti","Adlerzia froggatti","","Western Australia","Australia","","Heath",NA,"point","-32.0167","115.5"
"http://antweb.org/api/v2/?occurrenceId=CAS:ANTWEB:jdm32-003049","jdm32-003049","formicidae","myrmicinae","Adlerzia","froggatti","Adlerzia froggatti","","Western Australia","Australia","","",NA,"point","-31.95","115.767"
"http://antweb.org/api/v2/?occurrenceId=CAS:ANTWEB:jdm32-004839","jdm32-004839","formicidae","myrmicinae","Adlerzia","froggatti","Adlerzia froggatti","","Western Australia","Australia","","Upland Jarrah forest",NA,"point","-32.3361","116.227"
"http://antweb.org/api/v2/?occurrenceId=CAS:ANTWEB:jdmct-102586","jdmct-102586","formicidae","myrmicinae","Adlerzia","froggatti","Adlerzia froggatti","","Western Australia","Australia","","",NA,"point","-29.8167","115.267"
"http://antweb.org/api/v2/?occurrenceId=CAS:ANTWEB:jdmct-102587","jdmct-102587","formicidae","myrmicinae","Adlerzia","froggatti","Adlerzia froggatti","","Western Australia","Australia","","",NA,"point","-31.95","115.783"
"http://antweb.org/api/v2/?occurrenceId=CAS:ANTWEB:jdmct-102588","jdmct-102588","formicidae","myrmicinae","Adlerzia","froggatti","Adlerzia froggatti","","Western Australia","Australia","","",NA,"point","-32.9833","116.017"
"http://antweb.org/api/v2/?occurrenceId=CAS:ANTWEB:jdmct-102589","jdmct-102589","formicidae","myrmicinae","Adlerzia","froggatti","Adlerzia froggatti","","Western Australia","Australia","","",NA,"point","-29.8333","115.25"
"http://antweb.org/api/v2/?occurrenceId=CAS:ANTWEB:jdmct-102590","jdmct-102590","formicidae","myrmicinae","Adlerzia","froggatti","Adlerzia froggatti","","Western Australia","Australia","","",NA,"point","-33.2333","116.033"
"http://antweb.org/api/v2/?occurrenceId=CAS:ANTWEB:jdmct-102591","jdmct-102591","formicidae","myrmicinae","Adlerzia","froggatti","Adlerzia froggatti","","Western Australia","Australia","","",NA,"point","-33.95","120.117"
"http://antweb.org/api/v2/?occurrenceId=CAS:ANTWEB:qmt116060","qmt116060","formicidae","myrmicinae","Adlerzia","froggatti","Adlerzia froggatti","","Queensland","Australia","2008-12-31","riparian forest",50,"point","-27.59167","153.17168"
"http://antweb.org/api/v2/?occurrenceId=CAS:ANTWEB:qmt116060-d01","qmt116060-d01","formicidae","myrmicinae","Adlerzia","froggatti","Adlerzia froggatti","","Queensland","Australia","2008-12-31","riparian forest",50,"point","-27.59167","153.17168"
"http://antweb.org/api/v2/?occurrenceId=CAS:ANTWEB:qmt120169","qmt120169","formicidae","myrmicinae","Adlerzia","froggatti","Adlerzia froggatti","","Queensland","Australia","2008-12-31","riparian forest",50,"point","-27.59167","153.17168"
