"url","catalogNumber","family","subfamily","genus","specificEpithet","scientific_name","typeStatus","stateProvince","country","dateIdentified","habitat","minimumElevationInMeters","geojson.type","decimal_latitude","decimal_longitude"
"http://antweb.org/api/v2/?occurrenceId=CAS:ANTWEB:casent0249264","casent0249264","formicidae","dorylinae","Aenictus","levior","Aenictus levior","","Sabah","Malaysia","","",NA,NA,NA,NA
"http://antweb.org/api/v2/?occurrenceId=CAS:ANTWEB:casent0634242","casent0634242","formicidae","dorylinae","Aenictus","levior","Aenictus levior","","Sabah","Malaysia","2014-10-01","2nd growth wet forest nocturnal column",450,"point","4.72573","116.39057"
"http://antweb.org/api/v2/?occurrenceId=CAS:ANTWEB:jtl726023","jtl726023","formicidae","dorylinae","Aenictus","levior","Aenictus levior","","Sabah","Malaysia","2014-10-01","2nd growth wet forest nocturnal column",450,"point","4.72573","116.39057"
"http://antweb.org/api/v2/?occurrenceId=CAS:ANTWEB:jtl735038","jtl735038","formicidae","dorylinae","Aenictus","levior","Aenictus levior","","Sabah","Malaysia","2015-09-07","2nd growth wet forest nocturnal column",450,"point","4.72573","116.39057"
