"url","catalogNumber","family","subfamily","genus","specificEpithet","scientific_name","typeStatus","stateProvince","country","dateIdentified","habitat","minimumElevationInMeters","geojson.type","decimal_latitude","decimal_longitude"
"http://antweb.org/api/v2/?occurrenceId=CAS:ANTWEB:casent0281202","casent0281202","formicidae","dorylinae","Aenictogiton","attenuatus","Aenictogiton attenuatus","Holotype","","Democratic Republic of Congo","","tropical forest",630,"point","-5.4871","25.97749"
"http://antweb.org/api/v2/?occurrenceId=CAS:ANTWEB:casent0281203","casent0281203","formicidae","dorylinae","Aenictogiton","attenuatus","Aenictogiton attenuatus","","","Democratic Republic of Congo","","",NA,"point","-10.02341","28.14709"
"http://antweb.org/api/v2/?occurrenceId=CAS:ANTWEB:casent0903958","casent0903958","formicidae","dorylinae","Aenictogiton","attenuatus","Aenictogiton attenuatus","Holotype of Aenictogiton elongatus attenuatus","Katanga","Democratic Republic of Congo","2012-12-31","",670,"point","-9.41667","25.8"
"http://antweb.org/api/v2/?occurrenceId=CAS:ANTWEB:sam-hym-c003071","sam-hym-c003071","formicidae","dorylinae","Aenictogiton","attenuatus","Aenictogiton attenuatus","","","Tanzania","","forest",800,"point","-7.91707","32.54827"
