"url","catalogNumber","family","subfamily","genus","specificEpithet","scientific_name","typeStatus","stateProvince","country","dateIdentified","habitat","minimumElevationInMeters"
"http://antweb.org/api/v2/?occurrenceId=CAS:ANTWEB:casent0901982","casent0901982","formicidae","dorylinae","Aenictus","clavatus","Aenictus clavatus","","","Thailand","","",NA
"http://antweb.org/api/v2/?occurrenceId=CAS:ANTWEB:casent0905992","casent0905992","formicidae","dorylinae","Aenictus","clavatus","Aenictus clavatus","syntype of Aenictus clavatus","","India","","",NA
"http://antweb.org/api/v2/?occurrenceId=CAS:ANTWEB:casent0905993","casent0905993","formicidae","dorylinae","Aenictus","clavatus","Aenictus clavatus","syntype of Aenictus clavatus kanariensis","","India","","",NA
"http://antweb.org/api/v2/?occurrenceId=CAS:ANTWEB:casent0905994","casent0905994","formicidae","dorylinae","Aenictus","clavatus","Aenictus clavatus","syntype of Aenictus clavatus sundaicus","","Indonesia","","",NA
