"url","catalogNumber","family","subfamily","genus","specificEpithet","scientific_name","typeStatus","stateProvince","country","dateIdentified","habitat","minimumElevationInMeters","geojson.type","decimal_latitude","decimal_longitude"
"http://antweb.org/api/v2/?occurrenceId=CAS:ANTWEB:casent0281962","casent0281962","formicidae","dorylinae","Aenictus","fergusoni","Aenictus fergusoni","","Chiang Mai","Thailand","1998-12-31","mixed forest foraging column",1000,"point","18.49","98.62"
"http://antweb.org/api/v2/?occurrenceId=CAS:ANTWEB:casent0905998","casent0905998","formicidae","dorylinae","Aenictus","fergusoni","Aenictus fergusoni","syntype of Aenictus fergusoni","","India","","",NA,NA,NA,NA
"http://antweb.org/api/v2/?occurrenceId=CAS:ANTWEB:casent0907001","casent0907001","formicidae","dorylinae","Aenictus","fergusoni","Aenictus fergusoni","syntype of Aenictus fergusoni piltzi","","India","","",NA,NA,NA,NA
"http://antweb.org/api/v2/?occurrenceId=CAS:ANTWEB:casent0907002","casent0907002","formicidae","dorylinae","Aenictus","fergusoni","Aenictus fergusoni","syntype of Aenictus fergusoni montanus","West Bengal","India","","",1676,NA,NA,NA
"http://antweb.org/api/v2/?occurrenceId=CAS:ANTWEB:jtl735029","jtl735029","formicidae","dorylinae","Aenictus","fergusoni","Aenictus fergusoni","","Goa","India","2015-09-07","2ndgrowth veg. column on ground",50,"point","15.55","73.76667"
"http://antweb.org/api/v2/?occurrenceId=CAS:ANTWEB:jtlc-vial-000510","jtlc-vial-000510","formicidae","dorylinae","Aenictus","fergusoni","Aenictus fergusoni","","Goa","India","2002-01-14","2ndgrowth veg. column on ground",50,"point","15.55","73.76667"
"http://antweb.org/api/v2/?occurrenceId=CAS:ANTWEB:jtlc000000403","jtlc000000403","formicidae","dorylinae","Aenictus","fergusoni","Aenictus fergusoni","","Goa","India","2001-10-16","2ndgrowth veg. column on ground",50,"point","15.55","73.76667"
