"url","catalogNumber","family","subfamily","genus","specificEpithet","scientific_name","typeStatus","stateProvince","country","dateIdentified","habitat","minimumElevationInMeters","geojson.type","decimal_latitude","decimal_longitude"
"http://antweb.org/api/v2/?occurrenceId=CAS:ANTWEB:antweb1008607","antweb1008607","formicidae","dorylinae","Aenictus","turneri","Aenictus turneri","","Western Australia","Australia","2006-12-31","",NA,NA,NA,NA
"http://antweb.org/api/v2/?occurrenceId=CAS:ANTWEB:casent0106017","casent0106017","formicidae","dorylinae","Aenictus","turneri","Aenictus turneri","","Queensland","Australia","2009-11-20","rainforest ground forager s",10,"point","-16.03333","145.45"
"http://antweb.org/api/v2/?occurrenceId=CAS:ANTWEB:casent0106017-d01","casent0106017-d01","formicidae","dorylinae","Aenictus","turneri","Aenictus turneri","","Queensland","Australia","2009-11-20","rainforest ground forager s",10,"point","-16.03333","145.45"
"http://antweb.org/api/v2/?occurrenceId=CAS:ANTWEB:casent0106017-d11","casent0106017-d11","formicidae","dorylinae","Aenictus","turneri","Aenictus turneri","","Queensland","Australia","2009-11-20","rainforest ground forager s",10,"point","-16.03333","145.45"
"http://antweb.org/api/v2/?occurrenceId=CAS:ANTWEB:casent0901480","casent0901480","formicidae","dorylinae","Aenictus","turneri","Aenictus turneri","type of Aenictus deuqueti","New South Wales","Australia","","",NA,NA,NA,NA
"http://antweb.org/api/v2/?occurrenceId=CAS:ANTWEB:casent0902675","casent0902675","formicidae","dorylinae","Aenictus","turneri","Aenictus turneri","syntype of Aenictus turneri","Queensland","Australia","","",NA,NA,NA,NA
"http://antweb.org/api/v2/?occurrenceId=CAS:ANTWEB:casent0902676","casent0902676","formicidae","dorylinae","Aenictus","turneri","Aenictus turneri","syntype of Aenictus deuqueti","New South Wales","Australia","","",NA,NA,NA,NA
"http://antweb.org/api/v2/?occurrenceId=CAS:ANTWEB:casent0907021","casent0907021","formicidae","dorylinae","Aenictus","turneri","Aenictus turneri","syntype of Aenictus turneri","Queensland","Australia","","",NA,NA,NA,NA
