"url","catalogNumber","family","subfamily","genus","specificEpithet","scientific_name","typeStatus","stateProvince","country","dateIdentified","habitat","minimumElevationInMeters","geojson.type","decimal_latitude","decimal_longitude"
"http://antweb.org/api/v2/?occurrenceId=CAS:ANTWEB:casent0217379","casent0217379","formicidae","dorylinae","Aenictus","pachycerus","Aenictus pachycerus","","","India","","",300,"point","29.58","78.13"
"http://antweb.org/api/v2/?occurrenceId=CAS:ANTWEB:casent0902674","casent0902674","formicidae","dorylinae","Aenictus","pachycerus","Aenictus pachycerus","syntype of Aenictus pachycerus","","","","",NA,NA,NA,NA
"http://antweb.org/api/v2/?occurrenceId=CAS:ANTWEB:casent0907015","casent0907015","formicidae","dorylinae","Aenictus","pachycerus","Aenictus pachycerus","syntype of Aenictus bengalensis continuus","West Bengal","India","","",NA,NA,NA,NA
"http://antweb.org/api/v2/?occurrenceId=CAS:ANTWEB:casent0919637","casent0919637","formicidae","dorylinae","Aenictus","pachycerus","Aenictus pachycerus","syntype of Typhlatta bengalensis","West Bengal","India","","",NA,NA,NA,NA
