"url","catalogNumber","family","subfamily","genus","specificEpithet","scientific_name","typeStatus","stateProvince","country","dateIdentified","habitat","minimumElevationInMeters","geojson.type","decimal_latitude","decimal_longitude"
"http://antweb.org/api/v2/?occurrenceId=CAS:ANTWEB:casent0066799","casent0066799","formicidae","dorylinae","Aenictus","congolensis","Aenictus congolensis","","Central","Zambia","2011-12-31","miombo woodland ex soil",1300,"point","-12.55483","30.29567"
"http://antweb.org/api/v2/?occurrenceId=CAS:ANTWEB:casent0066799-d01","casent0066799-d01","formicidae","dorylinae","Aenictus","congolensis","Aenictus congolensis","","Central","Zambia","2011-12-31","miombo woodland ex soil",1300,"point","-12.55483","30.29567"
"http://antweb.org/api/v2/?occurrenceId=CAS:ANTWEB:casent0911419","casent0911419","formicidae","dorylinae","Aenictus","congolensis","Aenictus congolensis","syntype of Aenictus congolensis","","Gabon","","",NA,NA,NA,NA
"http://antweb.org/api/v2/?occurrenceId=CAS:ANTWEB:casent0911420","casent0911420","formicidae","dorylinae","Aenictus","congolensis","Aenictus congolensis","syntype of Aenictus congolensis","","Congo","","",NA,NA,NA,NA
