"url","catalogNumber","family","subfamily","genus","specificEpithet","scientific_name","typeStatus","stateProvince","country","dateIdentified","habitat","minimumElevationInMeters"
"http://antweb.org/api/v2/?occurrenceId=CAS:ANTWEB:casent0281964","casent0281964","formicidae","dorylinae","Aenictus","latiscapus","Aenictus latiscapus","","","China","","",NA
"http://antweb.org/api/v2/?occurrenceId=CAS:ANTWEB:casent0902694","casent0902694","formicidae","dorylinae","Aenictus","latiscapus","Aenictus latiscapus","syntype of Aenictus latiscapus sauteri","","Taiwan","","",NA
"http://antweb.org/api/v2/?occurrenceId=CAS:ANTWEB:casent0907009","casent0907009","formicidae","dorylinae","Aenictus","latiscapus","Aenictus latiscapus","syntype of Aenictus latiscapus","","India","","",NA
"http://antweb.org/api/v2/?occurrenceId=CAS:ANTWEB:casent0907010","casent0907010","formicidae","dorylinae","Aenictus","latiscapus","Aenictus latiscapus","syntype of Aenictus latiscapus sauteri","","Taiwan","","",NA
"http://antweb.org/api/v2/?occurrenceId=CAS:ANTWEB:casent0911431","casent0911431","formicidae","dorylinae","Aenictus","latiscapus","Aenictus latiscapus","syntype of Aenictus latiscapus sauteri satoi","","Taiwan","","",NA
