"url","catalogNumber","family","subfamily","genus","specificEpithet","scientific_name","typeStatus","stateProvince","country","dateIdentified","habitat","minimumElevationInMeters","geojson.type","decimal_latitude","decimal_longitude"
"http://antweb.org/api/v2/?occurrenceId=CAS:ANTWEB:casent0217372","casent0217372","formicidae","dorylinae","Aenictus","camposi","Aenictus camposi","","","Thailand","","",260,NA,NA,NA
"http://antweb.org/api/v2/?occurrenceId=CAS:ANTWEB:casent0616662","casent0616662","formicidae","dorylinae","Aenictus","camposi","Aenictus camposi","","Sabah","Malaysia","2014-09-30","tropical rainforest raiding column at night",185,"point","4.96284","117.80506"
"http://antweb.org/api/v2/?occurrenceId=CAS:ANTWEB:casent0616663","casent0616663","formicidae","dorylinae","Aenictus","camposi","Aenictus camposi","","Sabah","Malaysia","2014-09-30","tropical rainforest raiding column at night",185,"point","4.96284","117.80506"
"http://antweb.org/api/v2/?occurrenceId=CAS:ANTWEB:casent0616664","casent0616664","formicidae","dorylinae","Aenictus","camposi","Aenictus camposi","","Sabah","Malaysia","2014-09-30","tropical rainforest raiding column at night",185,"point","4.96284","117.80506"
"http://antweb.org/api/v2/?occurrenceId=CAS:ANTWEB:casent0616665","casent0616665","formicidae","dorylinae","Aenictus","camposi","Aenictus camposi","","Sabah","Malaysia","2014-09-30","tropical rainforest raiding column at night",185,"point","4.96284","117.80506"
"http://antweb.org/api/v2/?occurrenceId=CAS:ANTWEB:casent0634595","casent0634595","formicidae","dorylinae","Aenictus","camposi","Aenictus camposi","","Sabah","Malaysia","2014-10-01","mature wet forest column on ground",250,"point","4.74332","116.97143"
"http://antweb.org/api/v2/?occurrenceId=CAS:ANTWEB:jtl725779","jtl725779","formicidae","dorylinae","Aenictus","camposi","Aenictus camposi","","Sabah","Malaysia","2014-10-01","mature wet forest column on ground",250,"point","4.74332","116.97143"
"http://antweb.org/api/v2/?occurrenceId=CAS:ANTWEB:jtl735034","jtl735034","formicidae","dorylinae","Aenictus","camposi","Aenictus camposi","","Sabah","Malaysia","2015-09-07","mature wet forest column on ground",250,"point","4.74332","116.97143"
