"url","catalogNumber","family","subfamily","genus","specificEpithet","scientific_name","typeStatus","stateProvince","country","dateIdentified","habitat","minimumElevationInMeters","geojson.type","decimal_latitude","decimal_longitude"
"http://antweb.org/api/v2/?occurrenceId=CAS:ANTWEB:casent0217160","casent0217160","formicidae","dorylinae","Aenictus","rotundatus","Aenictus rotundatus","","Western","Kenya","2008-12-31","",NA,"point","0.35","34.85"
"http://antweb.org/api/v2/?occurrenceId=CAS:ANTWEB:casent0249284","casent0249284","formicidae","dorylinae","Aenictus","rotundatus","Aenictus rotundatus","","","Kenya","","",1880,"point","-0.78333","36.41667"
"http://antweb.org/api/v2/?occurrenceId=CAS:ANTWEB:casent0249285","casent0249285","formicidae","dorylinae","Aenictus","rotundatus","Aenictus rotundatus","","","Kenya","","",1880,"point","-0.78333","36.41667"
"http://antweb.org/api/v2/?occurrenceId=CAS:ANTWEB:casent0902687","casent0902687","formicidae","dorylinae","Aenictus","rotundatus","Aenictus rotundatus","syntype of Aenictus rotundatus","Eastern Cape","South Africa","","",NA,NA,NA,NA
"http://antweb.org/api/v2/?occurrenceId=CAS:ANTWEB:casent0911438","casent0911438","formicidae","dorylinae","Aenictus","rotundatus","Aenictus rotundatus","syntype of Aenictus rotundatus guineensis","","Guinea","","",NA,NA,NA,NA
"http://antweb.org/api/v2/?occurrenceId=CAS:ANTWEB:casent0911439","casent0911439","formicidae","dorylinae","Aenictus","rotundatus","Aenictus rotundatus","syntype of Aenictus rotundatus merwei","Western Cape","South Africa","","",NA,NA,NA,NA
"http://antweb.org/api/v2/?occurrenceId=CAS:ANTWEB:casent0919641","casent0919641","formicidae","dorylinae","Aenictus","rotundatus","Aenictus rotundatus","syntype of Aenictus rotundatus","Eastern Cape","South Africa","","",NA,NA,NA,NA
