"url","catalogNumber","family","subfamily","genus","specificEpithet","scientific_name","typeStatus","stateProvince","country","dateIdentified","habitat","minimumElevationInMeters","geojson.type","decimal_latitude","decimal_longitude"
"http://antweb.org/api/v2/?occurrenceId=CAS:ANTWEB:casent0249281","casent0249281","formicidae","dorylinae","Aenictus","hodgsoni","Aenictus hodgsoni","","","Thailand","2012-10-29","",NA,NA,NA,NA
"http://antweb.org/api/v2/?occurrenceId=CAS:ANTWEB:casent0716189","casent0716189","formicidae","dorylinae","Aenictus","hodgsoni","Aenictus hodgsoni","","Yunnan","China","","Botanical garden",610,"point","21.919277","101.27042"
"http://antweb.org/api/v2/?occurrenceId=CAS:ANTWEB:casent0716190","casent0716190","formicidae","dorylinae","Aenictus","hodgsoni","Aenictus hodgsoni","","Yunnan","China","","Botanical garden",610,"point","21.919277","101.27042"
"http://antweb.org/api/v2/?occurrenceId=CAS:ANTWEB:casent0717207","casent0717207","formicidae","dorylinae","Aenictus","hodgsoni","Aenictus hodgsoni","","Yunnan","China","","rain forest",825,"point","21.966084","101.20286"
"http://antweb.org/api/v2/?occurrenceId=CAS:ANTWEB:casent0717208","casent0717208","formicidae","dorylinae","Aenictus","hodgsoni","Aenictus hodgsoni","","Yunnan","China","","rain forest",825,"point","21.966084","101.20286"
"http://antweb.org/api/v2/?occurrenceId=CAS:ANTWEB:casent0717209","casent0717209","formicidae","dorylinae","Aenictus","hodgsoni","Aenictus hodgsoni","","Yunnan","China","","rain forest",825,"point","21.966084","101.20286"
"http://antweb.org/api/v2/?occurrenceId=CAS:ANTWEB:casent0717210","casent0717210","formicidae","dorylinae","Aenictus","hodgsoni","Aenictus hodgsoni","","Yunnan","China","","rain forest",825,"point","21.966084","101.20286"
"http://antweb.org/api/v2/?occurrenceId=CAS:ANTWEB:casent0735955","casent0735955","formicidae","dorylinae","Aenictus","hodgsoni","Aenictus hodgsoni","","Yunnan","China","","rain forest",825,"point","21.966084","101.20286"
"http://antweb.org/api/v2/?occurrenceId=CAS:ANTWEB:casent0735956","casent0735956","formicidae","dorylinae","Aenictus","hodgsoni","Aenictus hodgsoni","","Yunnan","China","","rain forest",825,"point","21.966084","101.20286"
"http://antweb.org/api/v2/?occurrenceId=CAS:ANTWEB:casent0735957","casent0735957","formicidae","dorylinae","Aenictus","hodgsoni","Aenictus hodgsoni","","Yunnan","China","","rain forest",825,"point","21.966084","101.20286"
"http://antweb.org/api/v2/?occurrenceId=CAS:ANTWEB:casent0907000","casent0907000","formicidae","dorylinae","Aenictus","hodgsoni","Aenictus hodgsoni","Lectotype of Aenictus hodgsoni","","Myanmar","","",NA,NA,NA,NA
