"url","catalogNumber","family","subfamily","genus","specificEpithet","scientific_name","typeStatus","stateProvince","country","dateIdentified","habitat","minimumElevationInMeters","geojson.type","decimal_latitude","decimal_longitude"
"http://antweb.org/api/v2/?occurrenceId=CAS:ANTWEB:antweb1008495","antweb1008495","formicidae","dorylinae","Aenictus","binghami","Aenictus binghami","cotype","","Myanmar","","",NA,NA,NA,NA
"http://antweb.org/api/v2/?occurrenceId=CAS:ANTWEB:casent0217371","casent0217371","formicidae","dorylinae","Aenictus","binghami","Aenictus binghami","","","Thailand","","",912,NA,NA,NA
"http://antweb.org/api/v2/?occurrenceId=CAS:ANTWEB:casent0249266","casent0249266","formicidae","dorylinae","Aenictus","binghami","Aenictus binghami","","Ninh Binh","Vietnam","2000-12-31","",NA,NA,NA,NA
"http://antweb.org/api/v2/?occurrenceId=CAS:ANTWEB:casent0902683","casent0902683","formicidae","dorylinae","Aenictus","binghami","Aenictus binghami","syntype of Aenictus binghami","","India","","",NA,NA,NA,NA
"http://antweb.org/api/v2/?occurrenceId=CAS:ANTWEB:casent0905988","casent0905988","formicidae","dorylinae","Aenictus","binghami","Aenictus binghami","Lectotype of Aenictus binghami","Assam","India","","",NA,NA,NA,NA
"http://antweb.org/api/v2/?occurrenceId=CAS:ANTWEB:lacm ent 142734","lacm ent 142734","formicidae","dorylinae","Aenictus","binghami","Aenictus binghami","","Chiang Mai","Thailand","1999-07-16","moist deciduous forest foraging column",450,"point","18.68","98.78"
