"url","catalogNumber","family","subfamily","genus","specificEpithet","scientific_name","typeStatus","stateProvince","country","dateIdentified","habitat","minimumElevationInMeters","geojson.type","decimal_latitude","decimal_longitude"
"http://antweb.org/api/v2/?occurrenceId=CAS:ANTWEB:casent0716195","casent0716195","formicidae","dorylinae","Aenictus","paradentatus","Aenictus paradentatus","","Yunnan","China","","limestone rain forest",655,"point","21.911362","101.281334"
"http://antweb.org/api/v2/?occurrenceId=CAS:ANTWEB:casent0716196","casent0716196","formicidae","dorylinae","Aenictus","paradentatus","Aenictus paradentatus","","Yunnan","China","","limestone rain forest",655,"point","21.911362","101.281334"
"http://antweb.org/api/v2/?occurrenceId=CAS:ANTWEB:casent0716197","casent0716197","formicidae","dorylinae","Aenictus","paradentatus","Aenictus paradentatus","","Yunnan","China","","limestone rain forest",655,"point","21.911362","101.281334"
"http://antweb.org/api/v2/?occurrenceId=CAS:ANTWEB:casent0735663","casent0735663","formicidae","dorylinae","Aenictus","paradentatus","Aenictus paradentatus","","Yunnan","China","","limestone rain forest",655,"point","21.911362","101.281334"
"http://antweb.org/api/v2/?occurrenceId=CAS:ANTWEB:casent0735664","casent0735664","formicidae","dorylinae","Aenictus","paradentatus","Aenictus paradentatus","","Yunnan","China","","limestone rain forest",655,"point","21.911362","101.281334"
"http://antweb.org/api/v2/?occurrenceId=CAS:ANTWEB:casent0735665","casent0735665","formicidae","dorylinae","Aenictus","paradentatus","Aenictus paradentatus","","Yunnan","China","","limestone rain forest",655,"point","21.911362","101.281334"
"http://antweb.org/api/v2/?occurrenceId=CAS:ANTWEB:casent0903682","casent0903682","formicidae","dorylinae","Aenictus","paradentatus","Aenictus paradentatus","paratype of Aenictus paradentatus","Chiang Mai","Thailand","","",NA,NA,NA,NA
