"url","catalogNumber","family","subfamily","genus","specificEpithet","scientific_name","typeStatus","stateProvince","country","dateIdentified","habitat","minimumElevationInMeters","geojson.type","decimal_latitude","decimal_longitude"
"http://antweb.org/api/v2/?occurrenceId=CAS:ANTWEB:casent0179063","casent0179063","formicidae","dorylinae","Aenictus","gracilis","Aenictus gracilis","","Sabah","Malaysia","","rainforest litter",937,"point","4.83028","116.90028"
"http://antweb.org/api/v2/?occurrenceId=CAS:ANTWEB:casent0217376","casent0217376","formicidae","dorylinae","Aenictus","gracilis","Aenictus gracilis","","","Philippines","2010-12-31","",NA,NA,NA,NA
"http://antweb.org/api/v2/?occurrenceId=CAS:ANTWEB:casent0249275","casent0249275","formicidae","dorylinae","Aenictus","gracilis","Aenictus gracilis","","Negros Oriental","Philippines","2000-12-31","",NA,NA,NA,NA
"http://antweb.org/api/v2/?occurrenceId=CAS:ANTWEB:casent0903747","casent0903747","formicidae","dorylinae","Aenictus","gracilis","Aenictus gracilis","paralectotype of Aenictus gracilis","Sarawak","Malaysia","","",NA,NA,NA,NA
"http://antweb.org/api/v2/?occurrenceId=CAS:ANTWEB:casent0907013","casent0907013","formicidae","dorylinae","Aenictus","gracilis","Aenictus gracilis","syntype of Aenictus martini","Malacca","Malaysia","","",NA,NA,NA,NA
"http://antweb.org/api/v2/?occurrenceId=CAS:ANTWEB:casent0907014","casent0907014","formicidae","dorylinae","Aenictus","gracilis","Aenictus gracilis","syntype of Aenictus martini boelianensis","","Indonesia","","",NA,NA,NA,NA
