"url","catalogNumber","family","subfamily","genus","specificEpithet","scientific_name","typeStatus","stateProvince","country","dateIdentified","habitat","minimumElevationInMeters","geojson.type","decimal_latitude","decimal_longitude"
"http://antweb.org/api/v2/?occurrenceId=CAS:ANTWEB:casent0716191","casent0716191","formicidae","dorylinae","Aenictus","thailandianus","Aenictus thailandianus","","Yunnan","China","","rain forest",590,"point","21.918806","101.2737"
"http://antweb.org/api/v2/?occurrenceId=CAS:ANTWEB:casent0716192","casent0716192","formicidae","dorylinae","Aenictus","thailandianus","Aenictus thailandianus","","Yunnan","China","","rain forest",590,"point","21.918806","101.2737"
"http://antweb.org/api/v2/?occurrenceId=CAS:ANTWEB:casent0716193","casent0716193","formicidae","dorylinae","Aenictus","thailandianus","Aenictus thailandianus","","Yunnan","China","","Rubber plantation",710,"point","21.857","101.277306"
"http://antweb.org/api/v2/?occurrenceId=CAS:ANTWEB:casent0716194","casent0716194","formicidae","dorylinae","Aenictus","thailandianus","Aenictus thailandianus","","Yunnan","China","","Rubber plantation",710,"point","21.857","101.277306"
"http://antweb.org/api/v2/?occurrenceId=CAS:ANTWEB:casent0717201","casent0717201","formicidae","dorylinae","Aenictus","thailandianus","Aenictus thailandianus","","Yunnan","China","","Rubber plantation",820,"point","21.961","101.20028"
"http://antweb.org/api/v2/?occurrenceId=CAS:ANTWEB:casent0717202","casent0717202","formicidae","dorylinae","Aenictus","thailandianus","Aenictus thailandianus","","Yunnan","China","","Rubber plantation",820,"point","21.961","101.20028"
"http://antweb.org/api/v2/?occurrenceId=CAS:ANTWEB:casent0735890","casent0735890","formicidae","dorylinae","Aenictus","thailandianus","Aenictus thailandianus","","Yunnan","China","","Rubber plantation",820,"point","21.961","101.20028"
"http://antweb.org/api/v2/?occurrenceId=CAS:ANTWEB:casent0735891","casent0735891","formicidae","dorylinae","Aenictus","thailandianus","Aenictus thailandianus","","Yunnan","China","","Rubber plantation",820,"point","21.961","101.20028"
"http://antweb.org/api/v2/?occurrenceId=CAS:ANTWEB:casent0735892","casent0735892","formicidae","dorylinae","Aenictus","thailandianus","Aenictus thailandianus","","Yunnan","China","","Rubber plantation",820,"point","21.961","101.20028"
