"url","catalogNumber","family","subfamily","genus","specificEpithet","scientific_name","typeStatus","stateProvince","country","dateIdentified","habitat","minimumElevationInMeters","geojson.type","decimal_latitude","decimal_longitude"
"http://antweb.org/api/v2/?occurrenceId=CAS:ANTWEB:casent0281953","casent0281953","formicidae","dorylinae","Aenictus","silvestrii","Aenictus silvestrii","","Sarawak","Malaysia","","mixed Dipterocarp forest",600,NA,NA,NA
"http://antweb.org/api/v2/?occurrenceId=CAS:ANTWEB:casent0361371","casent0361371","formicidae","dorylinae","Aenictus","silvestrii","Aenictus silvestrii","","West Sumatra","Indonesia","2015-11-05","secondary forest",250,"point","-0.38337","100.406"
"http://antweb.org/api/v2/?occurrenceId=CAS:ANTWEB:casent0366428","casent0366428","formicidae","dorylinae","Aenictus","silvestrii","Aenictus silvestrii","","West Sumatra","Indonesia","2015-11-05","secondary forest",250,"point","-0.38337","100.406"
"http://antweb.org/api/v2/?occurrenceId=CAS:ANTWEB:casent0371685","casent0371685","formicidae","dorylinae","Aenictus","silvestrii","Aenictus silvestrii","","West Sumatra","Indonesia","2015-11-05","secondary lowland swamp forest",250,"point","-0.003212","100.21318"
