"url","catalogNumber","family","subfamily","genus","specificEpithet","scientific_name","typeStatus","stateProvince","country","dateIdentified","habitat","minimumElevationInMeters","geojson.type","decimal_latitude","decimal_longitude"
"http://antweb.org/api/v2/?occurrenceId=CAS:ANTWEB:casent0281197","casent0281197","formicidae","dorylinae","Aenictogiton","schoutedeni","Aenictogiton schoutedeni","Holotype","","Democratic Republic of Congo","","forest savannah mosaic",NA,"point","-5.35","21.41667"
"http://antweb.org/api/v2/?occurrenceId=CAS:ANTWEB:mcz-ent00510817","mcz-ent00510817","formicidae","dorylinae","Aenictogiton","schoutedeni","Aenictogiton schoutedeni","","","Democratic Republic of Congo","","",1230,"point","-11.6512","27.45477"
"http://antweb.org/api/v2/?occurrenceId=CAS:ANTWEB:mcz-ent00510818","mcz-ent00510818","formicidae","dorylinae","Aenictogiton","schoutedeni","Aenictogiton schoutedeni","","","Democratic Republic of Congo","","",1230,"point","-11.6512","27.45477"
"http://antweb.org/api/v2/?occurrenceId=CAS:ANTWEB:mcz-ent00510819","mcz-ent00510819","formicidae","dorylinae","Aenictogiton","schoutedeni","Aenictogiton schoutedeni","","","Democratic Republic of Congo","","",1230,"point","-11.6512","27.45477"
