"url","catalogNumber","family","subfamily","genus","specificEpithet","scientific_name","typeStatus","stateProvince","country","dateIdentified","habitat","minimumElevationInMeters","geojson.type","decimal_latitude","decimal_longitude"
"http://antweb.org/api/v2/?occurrenceId=CAS:ANTWEB:casent0249267","casent0249267","formicidae","dorylinae","Aenictus","cornutus","Aenictus cornutus","","Selangor","Malaysia","2012-05-22","",NA,NA,NA,NA
"http://antweb.org/api/v2/?occurrenceId=CAS:ANTWEB:casent0249269","casent0249269","formicidae","dorylinae","Aenictus","cornutus","Aenictus cornutus","","Gulf","New Guinea","","lowland wet forest foraging column on log ca. 1130 hrs.",110,"point","-7.7","146.8"
"http://antweb.org/api/v2/?occurrenceId=CAS:ANTWEB:casent0634704","casent0634704","formicidae","dorylinae","Aenictus","cornutus","Aenictus cornutus","","Sabah","Malaysia","2014-10-01","wet forest column on ground",1040,"point","4.72123","116.87964"
"http://antweb.org/api/v2/?occurrenceId=CAS:ANTWEB:casent0902682","casent0902682","formicidae","dorylinae","Aenictus","cornutus","Aenictus cornutus","syntype of Aenictus cornutus","Sarawak","Malaysia","","",NA,NA,NA,NA
"http://antweb.org/api/v2/?occurrenceId=CAS:ANTWEB:casent0905997","casent0905997","formicidae","dorylinae","Aenictus","cornutus","Aenictus cornutus","Lectotype of Aenictus cornutus","Sarawak","Malaysia","","",NA,NA,NA,NA
"http://antweb.org/api/v2/?occurrenceId=CAS:ANTWEB:jtl725844","jtl725844","formicidae","dorylinae","Aenictus","cornutus","Aenictus cornutus","","Sabah","Malaysia","2014-10-01","wet forest column on ground",1040,"point","4.72123","116.87964"
"http://antweb.org/api/v2/?occurrenceId=CAS:ANTWEB:jtl735036","jtl735036","formicidae","dorylinae","Aenictus","cornutus","Aenictus cornutus","","Sabah","Malaysia","2015-09-07","wet forest column on ground",1040,"point","4.72123","116.87964"
