"url","catalogNumber","family","subfamily","genus","specificEpithet","scientific_name","typeStatus","stateProvince","country","dateIdentified","habitat","minimumElevationInMeters","geojson.type","decimal_latitude","decimal_longitude"
"http://antweb.org/api/v2/?occurrenceId=CAS:ANTWEB:casent0100732","casent0100732","formicidae","dorylinae","Aenictogiton","fossiceps","Aenictogiton fossiceps","","","Democratic Republic of Congo","2014-06-10","",660,"point","-4.88839","16.58333"
"http://antweb.org/api/v2/?occurrenceId=CAS:ANTWEB:casent0100737","casent0100737","formicidae","dorylinae","Aenictogiton","fossiceps","Aenictogiton fossiceps","","Lunda","Angola","2014-06-10","",1050,"point","-9.66161","20.39051"
"http://antweb.org/api/v2/?occurrenceId=CAS:ANTWEB:casent0100738","casent0100738","formicidae","dorylinae","Aenictogiton","fossiceps","Aenictogiton fossiceps","","Lunda Norte","Angola","2014-06-10","",1280,"point","-7.7","20.66667"
"http://antweb.org/api/v2/?occurrenceId=CAS:ANTWEB:casent0195750","casent0195750","formicidae","dorylinae","Aenictogiton","fossiceps","Aenictogiton fossiceps","","","Democratic Republic of Congo","","",660,"point","-4.88839","16.58333"
"http://antweb.org/api/v2/?occurrenceId=CAS:ANTWEB:casent0195751","casent0195751","formicidae","dorylinae","Aenictogiton","fossiceps","Aenictogiton fossiceps","","","Democratic Republic of Congo","","",660,"point","-4.88839","16.58333"
"http://antweb.org/api/v2/?occurrenceId=CAS:ANTWEB:casent0195752","casent0195752","formicidae","dorylinae","Aenictogiton","fossiceps","Aenictogiton fossiceps","","","Democratic Republic of Congo","","",660,"point","-4.88839","16.58333"
"http://antweb.org/api/v2/?occurrenceId=CAS:ANTWEB:casent0195753","casent0195753","formicidae","dorylinae","Aenictogiton","fossiceps","Aenictogiton fossiceps","","","Democratic Republic of Congo","","",660,"point","-4.88839","16.58333"
"http://antweb.org/api/v2/?occurrenceId=CAS:ANTWEB:casent0195754","casent0195754","formicidae","dorylinae","Aenictogiton","fossiceps","Aenictogiton fossiceps","","","Democratic Republic of Congo","","",660,"point","-4.88839","16.58333"
"http://antweb.org/api/v2/?occurrenceId=CAS:ANTWEB:casent0195755","casent0195755","formicidae","dorylinae","Aenictogiton","fossiceps","Aenictogiton fossiceps","","","Democratic Republic of Congo","","",660,"point","-4.88839","16.58333"
"http://antweb.org/api/v2/?occurrenceId=CAS:ANTWEB:casent0195756","casent0195756","formicidae","dorylinae","Aenictogiton","fossiceps","Aenictogiton fossiceps","","","Democratic Republic of Congo","","",660,"point","-4.88839","16.58333"
"http://antweb.org/api/v2/?occurrenceId=CAS:ANTWEB:casent0195757","casent0195757","formicidae","dorylinae","Aenictogiton","fossiceps","Aenictogiton fossiceps","","","Democratic Republic of Congo","","",660,"point","-4.88839","16.58333"
"http://antweb.org/api/v2/?occurrenceId=CAS:ANTWEB:casent0195758","casent0195758","formicidae","dorylinae","Aenictogiton","fossiceps","Aenictogiton fossiceps","","Lunda","Angola","","",1050,"point","-9.66161","20.39051"
"http://antweb.org/api/v2/?occurrenceId=CAS:ANTWEB:casent0903761","casent0903761","formicidae","dorylinae","Aenictogiton","fossiceps","Aenictogiton fossiceps","syntype of Aenictogiton fossiceps","","Democratic Republic of Congo","2012-12-31","",NA,NA,NA,NA
"http://antweb.org/api/v2/?occurrenceId=CAS:ANTWEB:mcz-ent00510804","mcz-ent00510804","formicidae","dorylinae","Aenictogiton","fossiceps","Aenictogiton fossiceps","","","Democratic Republic of Congo","","",660,"point","-4.88839","16.58333"
"http://antweb.org/api/v2/?occurrenceId=CAS:ANTWEB:mcz-ent00510805","mcz-ent00510805","formicidae","dorylinae","Aenictogiton","fossiceps","Aenictogiton fossiceps","","","Zambia","","",1060,"point","-15.86125","27.74907"
"http://antweb.org/api/v2/?occurrenceId=CAS:ANTWEB:mcz-ent00510806","mcz-ent00510806","formicidae","dorylinae","Aenictogiton","fossiceps","Aenictogiton fossiceps","","Lunda Norte","Angola","","",1280,"point","-7.7","20.66667"
"http://antweb.org/api/v2/?occurrenceId=CAS:ANTWEB:mcz-ent00510807","mcz-ent00510807","formicidae","dorylinae","Aenictogiton","fossiceps","Aenictogiton fossiceps","","","Angola","","",1036,"point","-8.89487","20.63839"
"http://antweb.org/api/v2/?occurrenceId=CAS:ANTWEB:mcz-ent00510809","mcz-ent00510809","formicidae","dorylinae","Aenictogiton","fossiceps","Aenictogiton fossiceps","","Lunda","Angola","","",1050,"point","-9.66161","20.39051"
"http://antweb.org/api/v2/?occurrenceId=CAS:ANTWEB:mcz-ent00510812","mcz-ent00510812","formicidae","dorylinae","Aenictogiton","fossiceps","Aenictogiton fossiceps","","Lunda","Angola","","",1050,"point","-9.66161","20.39051"
"http://antweb.org/api/v2/?occurrenceId=CAS:ANTWEB:mcz-ent00510825","mcz-ent00510825","formicidae","dorylinae","Aenictogiton","fossiceps","Aenictogiton fossiceps","","Lunda Norte","Angola","","",1280,"point","-7.7","20.66667"
"http://antweb.org/api/v2/?occurrenceId=CAS:ANTWEB:mcz-ent00510826","mcz-ent00510826","formicidae","dorylinae","Aenictogiton","fossiceps","Aenictogiton fossiceps","","Lunda","Angola","","",1050,"point","-9.66161","20.39051"
