"url","catalogNumber","family","subfamily","genus","specificEpithet","scientific_name","typeStatus","stateProvince","country","dateIdentified","habitat","minimumElevationInMeters","geojson.type","decimal_latitude","decimal_longitude"
"http://antweb.org/api/v2/?occurrenceId=CAS:ANTWEB:casent0616660","casent0616660","formicidae","dorylinae","Aenictus","rotundicollis","Aenictus rotundicollis","","Sabah","Malaysia","2014-09-30","tropical rainforest, open road edge column on ground",160,"point","4.96675","117.80361"
"http://antweb.org/api/v2/?occurrenceId=CAS:ANTWEB:casent0616661","casent0616661","formicidae","dorylinae","Aenictus","rotundicollis","Aenictus rotundicollis","","Sabah","Malaysia","2014-09-30","tropical rainforest, open road edge column on ground",160,"point","4.96675","117.80361"
"http://antweb.org/api/v2/?occurrenceId=CAS:ANTWEB:casent0616967","casent0616967","formicidae","dorylinae","Aenictus","rotundicollis","Aenictus rotundicollis","","Sabah","Malaysia","2014-09-30","",200,"point","4.96492","117.80489"
"http://antweb.org/api/v2/?occurrenceId=CAS:ANTWEB:casent0634782","casent0634782","formicidae","dorylinae","Aenictus","rotundicollis","Aenictus rotundicollis","","Sabah","Malaysia","2014-10-01","wet forest column on ground",360,"point","4.73438","116.96653"
"http://antweb.org/api/v2/?occurrenceId=CAS:ANTWEB:casent0903686","casent0903686","formicidae","dorylinae","Aenictus","rotundicollis","Aenictus rotundicollis","paratype of Aenictus rotundicollis","Sarawak","Malaysia","","",NA,NA,NA,NA
"http://antweb.org/api/v2/?occurrenceId=CAS:ANTWEB:jtl725886","jtl725886","formicidae","dorylinae","Aenictus","rotundicollis","Aenictus rotundicollis","","Sabah","Malaysia","2014-10-01","wet forest column on ground",360,"point","4.73438","116.96653"
"http://antweb.org/api/v2/?occurrenceId=CAS:ANTWEB:jtl735037","jtl735037","formicidae","dorylinae","Aenictus","rotundicollis","Aenictus rotundicollis","","Sabah","Malaysia","2015-09-07","wet forest column on ground",360,"point","4.73438","116.96653"
