"url","catalogNumber","family","subfamily","genus","specificEpithet","scientific_name","typeStatus","stateProvince","country","dateIdentified","habitat","minimumElevationInMeters","geojson.type","decimal_latitude","decimal_longitude"
"http://antweb.org/api/v2/?occurrenceId=CAS:ANTWEB:casent0106069","casent0106069","formicidae","dorylinae","Aenictus","eugenii","Aenictus eugenii","","","Swaziland","","edge of disturbed secondary forest ground foragers",750,"point","-26.45","31.18333"
"http://antweb.org/api/v2/?occurrenceId=CAS:ANTWEB:casent0106069-d01","casent0106069-d01","formicidae","dorylinae","Aenictus","eugenii","Aenictus eugenii","","","Swaziland","","edge of disturbed secondary forest ground foragers",750,"point","-26.45","31.18333"
"http://antweb.org/api/v2/?occurrenceId=CAS:ANTWEB:casent0106069-d11","casent0106069-d11","formicidae","dorylinae","Aenictus","eugenii","Aenictus eugenii","","","Swaziland","","edge of disturbed secondary forest ground foragers",750,"point","-26.45","31.18333"
"http://antweb.org/api/v2/?occurrenceId=CAS:ANTWEB:casent0235822","casent0235822","formicidae","dorylinae","Aenictus","eugenii","Aenictus eugenii","","Mpumalanga","South Africa","2010-12-31","grassland",1405,"point","-25.75165","29.01792"
"http://antweb.org/api/v2/?occurrenceId=CAS:ANTWEB:casent0249274","casent0249274","formicidae","dorylinae","Aenictus","eugenii","Aenictus eugenii","","","South Africa","1987-12-31","",NA,"point","-23.66667","30.66667"
"http://antweb.org/api/v2/?occurrenceId=CAS:ANTWEB:casent0900360","casent0900360","formicidae","dorylinae","Aenictus","eugenii","Aenictus eugenii","","","Botswana","2012-12-31","",NA,NA,NA,NA
"http://antweb.org/api/v2/?occurrenceId=CAS:ANTWEB:casent0901482","casent0901482","formicidae","dorylinae","Aenictus","eugenii","Aenictus eugenii","syntype of Aenictus eugenii","","Congo","","",NA,NA,NA,NA
"http://antweb.org/api/v2/?occurrenceId=CAS:ANTWEB:casent0902686","casent0902686","formicidae","dorylinae","Aenictus","eugenii","Aenictus eugenii","syntype of Aenictus eugenii kenyensis","Central","Kenya","","",NA,NA,NA,NA
"http://antweb.org/api/v2/?occurrenceId=CAS:ANTWEB:casent0903759","casent0903759","formicidae","dorylinae","Aenictus","eugenii","Aenictus eugenii","syntype of Aenictus eugenii","Limpopo","South Africa","","",NA,NA,NA,NA
"http://antweb.org/api/v2/?occurrenceId=CAS:ANTWEB:casent0907026","casent0907026","formicidae","dorylinae","Aenictus","eugenii","Aenictus eugenii","syntype of Aenictus eugenii caroli","","Eritrea","","",NA,NA,NA,NA
"http://antweb.org/api/v2/?occurrenceId=CAS:ANTWEB:casent0911422","casent0911422","formicidae","dorylinae","Aenictus","eugenii","Aenictus eugenii","syntype of Aenictus eugeniae kenyensis","","Kenya","","",NA,NA,NA,NA
"http://antweb.org/api/v2/?occurrenceId=CAS:ANTWEB:casent0911423","casent0911423","formicidae","dorylinae","Aenictus","eugenii","Aenictus eugenii","syntype of Aenictus eugenii henrii","","Democratic Republic of Congo","","",NA,NA,NA,NA
