"url","catalogNumber","family","subfamily","genus","specificEpithet","scientific_name","typeStatus","stateProvince","country","dateIdentified","habitat","minimumElevationInMeters","geojson.type","decimal_latitude","decimal_longitude"
"http://antweb.org/api/v2/?occurrenceId=CAS:ANTWEB:casent0070186","casent0070186","formicidae","dorylinae","Aenictus","aratus","Aenictus aratus","","Queensland","Australia","2012-04-17","lowland forest",10,"point","-16.03333","145.45"
"http://antweb.org/api/v2/?occurrenceId=CAS:ANTWEB:casent0249277","casent0249277","formicidae","dorylinae","Aenictus","aratus","Aenictus aratus","","Queensland","Australia","","rainforest ground forager s",350,"point","-17.6","145.75"
"http://antweb.org/api/v2/?occurrenceId=CAS:ANTWEB:casent0902672","casent0902672","formicidae","dorylinae","Aenictus","aratus","Aenictus aratus","syntype of Aenictus aratus","Queensland","Australia","","",NA,NA,NA,NA
"http://antweb.org/api/v2/?occurrenceId=CAS:ANTWEB:casent0905985","casent0905985","formicidae","dorylinae","Aenictus","aratus","Aenictus aratus","syntype of Aenictus aratus","Queensland","Australia","","",NA,NA,NA,NA
"http://antweb.org/api/v2/?occurrenceId=CAS:ANTWEB:jtlc000008745","jtlc000008745","formicidae","dorylinae","Aenictus","aratus","Aenictus aratus","","Queensland","Australia","2006-08-18","bare ground at roadside under stone",50,"point","-16.81222","145.68611"
"http://antweb.org/api/v2/?occurrenceId=CAS:ANTWEB:lacm ent 142707","lacm ent 142707","formicidae","dorylinae","Aenictus","aratus","Aenictus aratus","","","Hong Kong","1999-07-16","",20,"point","22.38","114.18"
