"url","catalogNumber","family","subfamily","genus","specificEpithet","scientific_name","typeStatus","stateProvince","country","dateIdentified","habitat","minimumElevationInMeters","geojson.type","decimal_latitude","decimal_longitude"
"http://antweb.org/api/v2/?occurrenceId=CAS:ANTWEB:casent0179064","casent0179064","formicidae","dorylinae","Aenictus","laeviceps","Aenictus laeviceps","","Sabah","Malaysia","","rainforest",493,"point","6.03333","116.7"
"http://antweb.org/api/v2/?occurrenceId=CAS:ANTWEB:casent0217377","casent0217377","formicidae","dorylinae","Aenictus","laeviceps","Aenictus laeviceps","","","Malaysia","","",600,NA,NA,NA
"http://antweb.org/api/v2/?occurrenceId=CAS:ANTWEB:casent0902684","casent0902684","formicidae","dorylinae","Aenictus","laeviceps","Aenictus laeviceps","Lectotype of Aenictus laeviceps","Sarawak","Malaysia","","",NA,NA,NA,NA
"http://antweb.org/api/v2/?occurrenceId=CAS:ANTWEB:casent0907011","casent0907011","formicidae","dorylinae","Aenictus","laeviceps","Aenictus laeviceps","Lectotype of Aenictus laeviceps smythiesii","Assam","India","","",NA,NA,NA,NA
