"url","catalogNumber","family","subfamily","genus","specificEpithet","scientific_name","typeStatus","stateProvince","country","dateIdentified","habitat","minimumElevationInMeters","geojson.type","decimal_latitude","decimal_longitude"
"http://antweb.org/api/v2/?occurrenceId=CAS:ANTWEB:casent0717203","casent0717203","formicidae","dorylinae","Aenictus","yangi","Aenictus yangi","paratype","Yunnan","China","","Young rain forest",680,"point","21.859556","101.277664"
"http://antweb.org/api/v2/?occurrenceId=CAS:ANTWEB:casent0717204","casent0717204","formicidae","dorylinae","Aenictus","yangi","Aenictus yangi","paratype","Yunnan","China","","Young rain forest",680,"point","21.859556","101.277664"
"http://antweb.org/api/v2/?occurrenceId=CAS:ANTWEB:casent0717205","casent0717205","formicidae","dorylinae","Aenictus","yangi","Aenictus yangi","","Yunnan","China","","Young rain forest",680,"point","21.859556","101.277664"
"http://antweb.org/api/v2/?occurrenceId=CAS:ANTWEB:casent0735495","casent0735495","formicidae","dorylinae","Aenictus","yangi","Aenictus yangi","paratype","Yunnan","China","","Young rain forest",680,"point","21.859556","101.277664"
"http://antweb.org/api/v2/?occurrenceId=CAS:ANTWEB:casent0735496","casent0735496","formicidae","dorylinae","Aenictus","yangi","Aenictus yangi","paratype","Yunnan","China","","Young rain forest",680,"point","21.859556","101.277664"
"http://antweb.org/api/v2/?occurrenceId=CAS:ANTWEB:casent0735497","casent0735497","formicidae","dorylinae","Aenictus","yangi","Aenictus yangi","paratype","Yunnan","China","","Young rain forest",680,"point","21.859556","101.277664"
"http://antweb.org/api/v2/?occurrenceId=CAS:ANTWEB:casent0735498","casent0735498","formicidae","dorylinae","Aenictus","yangi","Aenictus yangi","paratype","Yunnan","China","","Young rain forest",680,"point","21.859556","101.277664"
"http://antweb.org/api/v2/?occurrenceId=CAS:ANTWEB:casent0735499","casent0735499","formicidae","dorylinae","Aenictus","yangi","Aenictus yangi","paratype","Yunnan","China","","Young rain forest",680,"point","21.859556","101.277664"
"http://antweb.org/api/v2/?occurrenceId=CAS:ANTWEB:casent0735500","casent0735500","formicidae","dorylinae","Aenictus","yangi","Aenictus yangi","paratype","Yunnan","China","","Young rain forest",680,"point","21.859556","101.277664"
"http://antweb.org/api/v2/?occurrenceId=CAS:ANTWEB:casent0735501","casent0735501","formicidae","dorylinae","Aenictus","yangi","Aenictus yangi","paratype","Yunnan","China","","Young rain forest",680,"point","21.859556","101.277664"
"http://antweb.org/api/v2/?occurrenceId=CAS:ANTWEB:casent0735502","casent0735502","formicidae","dorylinae","Aenictus","yangi","Aenictus yangi","","Yunnan","China","","Young rain forest",680,"point","21.859556","101.277664"
"http://antweb.org/api/v2/?occurrenceId=CAS:ANTWEB:casent0735503","casent0735503","formicidae","dorylinae","Aenictus","yangi","Aenictus yangi","holotype","Yunnan","China","","Young rain forest",680,"point","21.859556","101.277664"
"http://antweb.org/api/v2/?occurrenceId=CAS:ANTWEB:casent0735504","casent0735504","formicidae","dorylinae","Aenictus","yangi","Aenictus yangi","paratype","Yunnan","China","","Young rain forest",680,"point","21.859556","101.277664"
"http://antweb.org/api/v2/?occurrenceId=CAS:ANTWEB:casent0735505","casent0735505","formicidae","dorylinae","Aenictus","yangi","Aenictus yangi","paratype","Yunnan","China","","Young rain forest",680,"point","21.859556","101.277664"
"http://antweb.org/api/v2/?occurrenceId=CAS:ANTWEB:casent0735506","casent0735506","formicidae","dorylinae","Aenictus","yangi","Aenictus yangi","paratype of Aenictus yangi","Yunnan","China","2014-01-01","rainforest sifted litter",680,"point","21.86","101.278"
"http://antweb.org/api/v2/?occurrenceId=CAS:ANTWEB:casent0735507","casent0735507","formicidae","dorylinae","Aenictus","yangi","Aenictus yangi","paratype","Yunnan","China","","Young rain forest",680,"point","21.859556","101.277664"
"http://antweb.org/api/v2/?occurrenceId=CAS:ANTWEB:casent0735508","casent0735508","formicidae","dorylinae","Aenictus","yangi","Aenictus yangi","paratype of Aenictus yangi","Yunnan","China","2014-01-01","rainforest sifted litter",680,"point","21.86","101.278"
"http://antweb.org/api/v2/?occurrenceId=CAS:ANTWEB:casent0735943","casent0735943","formicidae","dorylinae","Aenictus","yangi","Aenictus yangi","","Yunnan","China","","Young rain forest",680,"point","21.859556","101.277664"
"http://antweb.org/api/v2/?occurrenceId=CAS:ANTWEB:casent0735944","casent0735944","formicidae","dorylinae","Aenictus","yangi","Aenictus yangi","","Yunnan","China","","Young rain forest",680,"point","21.859556","101.277664"
"http://antweb.org/api/v2/?occurrenceId=CAS:ANTWEB:casent0735945","casent0735945","formicidae","dorylinae","Aenictus","yangi","Aenictus yangi","","Yunnan","China","","Young rain forest",680,"point","21.859556","101.277664"
