"url","catalogNumber","family","subfamily","genus","specificEpithet","scientific_name","typeStatus","stateProvince","country","dateIdentified","habitat","minimumElevationInMeters","geojson.type","decimal_latitude","decimal_longitude"
"http://antweb.org/api/v2/?occurrenceId=CAS:ANTWEB:casent0217373","casent0217373","formicidae","dorylinae","Aenictus","ceylonicus","Aenictus ceylonicus","","","New Guinea","2010-12-31","rainforest",50,NA,NA,NA
"http://antweb.org/api/v2/?occurrenceId=CAS:ANTWEB:casent0902677","casent0902677","formicidae","dorylinae","Aenictus","ceylonicus","Aenictus ceylonicus","Holotype of Aenictus papuanus","","New Guinea","","",1219,NA,NA,NA
"http://antweb.org/api/v2/?occurrenceId=CAS:ANTWEB:casent0902678","casent0902678","formicidae","dorylinae","Aenictus","ceylonicus","Aenictus ceylonicus","paratype of Aenictus similis","West Papua","Indonesia","","",NA,NA,NA,NA
"http://antweb.org/api/v2/?occurrenceId=CAS:ANTWEB:casent0905991","casent0905991","formicidae","dorylinae","Aenictus","ceylonicus","Aenictus ceylonicus","syntype of Aenictus ceylonicus latro","","India","","",NA,NA,NA,NA
"http://antweb.org/api/v2/?occurrenceId=CAS:ANTWEB:castype06956","castype06956","formicidae","dorylinae","Aenictus","ceylonicus","Aenictus ceylonicus","","West Papua","Indonesia","2005-09-22","",NA,NA,NA,NA
"http://antweb.org/api/v2/?occurrenceId=CAS:ANTWEB:jtlc000006870","jtlc000006870","formicidae","dorylinae","Aenictus","ceylonicus","Aenictus ceylonicus","","Queensland","Australia","2006-09-05","sclerophyl forest under stone",400,"point","-16.91194","145.57333"
"http://antweb.org/api/v2/?occurrenceId=CAS:ANTWEB:jtlc000006871","jtlc000006871","formicidae","dorylinae","Aenictus","ceylonicus","Aenictus ceylonicus","","Queensland","Australia","2006-09-05","sclerophyl forest under stone",400,"point","-16.91194","145.57333"
"http://antweb.org/api/v2/?occurrenceId=CAS:ANTWEB:jtlc000006872","jtlc000006872","formicidae","dorylinae","Aenictus","ceylonicus","Aenictus ceylonicus","","Queensland","Australia","2006-09-05","sclerophyl forest under stone",400,"point","-16.91194","145.57333"
"http://antweb.org/api/v2/?occurrenceId=CAS:ANTWEB:jtlc000006873","jtlc000006873","formicidae","dorylinae","Aenictus","ceylonicus","Aenictus ceylonicus","","Queensland","Australia","2006-09-05","sclerophyl forest under stone",400,"point","-16.91194","145.57333"
"http://antweb.org/api/v2/?occurrenceId=CAS:ANTWEB:jtlc000008680","jtlc000008680","formicidae","dorylinae","Aenictus","ceylonicus","Aenictus ceylonicus","","Queensland","Australia","2006-08-18","lowland wet forest ex sifted leaf litter",150,"point","-16.80623","145.68314"
