"url","catalogNumber","family","subfamily","genus","specificEpithet","scientific_name","typeStatus","stateProvince","country","dateIdentified","habitat","minimumElevationInMeters","geojson.type","decimal_latitude","decimal_longitude"
"http://antweb.org/api/v2/?occurrenceId=CAS:ANTWEB:casent0217163","casent0217163","formicidae","dorylinae","Aenictus","decolor","Aenictus decolor","","Western","Kenya","2008-12-31","intensively ued tea field Kakamega 2007 survey, leaf litter",1650,"point","0.30361","34.80444"
"http://antweb.org/api/v2/?occurrenceId=CAS:ANTWEB:casent0281966","casent0281966","formicidae","dorylinae","Aenictus","decolor","Aenictus decolor","","","Cameroon","","",NA,NA,NA,NA
"http://antweb.org/api/v2/?occurrenceId=CAS:ANTWEB:casent0902685","casent0902685","formicidae","dorylinae","Aenictus","decolor","Aenictus decolor","Holotype of Aenictus bidentatus","","Ghana","","",NA,NA,NA,NA
"http://antweb.org/api/v2/?occurrenceId=CAS:ANTWEB:casent0907024","casent0907024","formicidae","dorylinae","Aenictus","decolor","Aenictus decolor","syntype of Aenictus batesi","","Nigeria","","",NA,NA,NA,NA
"http://antweb.org/api/v2/?occurrenceId=CAS:ANTWEB:casent0919639","casent0919639","formicidae","dorylinae","Aenictus","decolor","Aenictus decolor","syntype of Typhlatta decolor","","","","",NA,NA,NA,NA
