"url","catalogNumber","family","subfamily","genus","specificEpithet","scientific_name","typeStatus","stateProvince","country","dateIdentified","habitat","minimumElevationInMeters","geojson.type","decimal_latitude","decimal_longitude"
"http://antweb.org/api/v2/?occurrenceId=CAS:ANTWEB:casent0009937","casent0009937","formicidae","dorylinae","Aenictogiton","emeryi","Aenictogiton emeryi","","Northern","Zambia","2014-06-10","miombo woodland",1650,"point","-9.38983","31.18783"
"http://antweb.org/api/v2/?occurrenceId=CAS:ANTWEB:casent0009937-d01","casent0009937-d01","formicidae","dorylinae","Aenictogiton","emeryi","Aenictogiton emeryi","","Northern","Zambia","2014-06-10","miombo woodland",1650,"point","-9.38983","31.18783"
"http://antweb.org/api/v2/?occurrenceId=CAS:ANTWEB:casent0066926","casent0066926","formicidae","dorylinae","Aenictogiton","emeryi","Aenictogiton emeryi","","Central","Zambia","2014-06-10","miombo woodland",1300,"point","-12.55483","30.29567"
"http://antweb.org/api/v2/?occurrenceId=CAS:ANTWEB:casent0066926-d01","casent0066926-d01","formicidae","dorylinae","Aenictogiton","emeryi","Aenictogiton emeryi","","Central","Zambia","2014-06-10","miombo woodland",1300,"point","-12.55483","30.29567"
"http://antweb.org/api/v2/?occurrenceId=CAS:ANTWEB:casent0066927","casent0066927","formicidae","dorylinae","Aenictogiton","emeryi","Aenictogiton emeryi","","Central","Zambia","2014-06-10","miombo woodland",1300,"point","-12.55483","30.29567"
"http://antweb.org/api/v2/?occurrenceId=CAS:ANTWEB:casent0066927-d01","casent0066927-d01","formicidae","dorylinae","Aenictogiton","emeryi","Aenictogiton emeryi","","Central","Zambia","2014-06-10","miombo woodland",1300,"point","-12.55483","30.29567"
"http://antweb.org/api/v2/?occurrenceId=CAS:ANTWEB:casent0066928","casent0066928","formicidae","dorylinae","Aenictogiton","emeryi","Aenictogiton emeryi","","Central","Zambia","2014-06-10","miombo woodland",1300,"point","-12.55483","30.29567"
"http://antweb.org/api/v2/?occurrenceId=CAS:ANTWEB:casent0066928-d01","casent0066928-d01","formicidae","dorylinae","Aenictogiton","emeryi","Aenictogiton emeryi","","Central","Zambia","2014-06-10","miombo woodland",1300,"point","-12.55483","30.29567"
"http://antweb.org/api/v2/?occurrenceId=CAS:ANTWEB:casent0066932","casent0066932","formicidae","dorylinae","Aenictogiton","emeryi","Aenictogiton emeryi","","Northern","Zambia","2014-06-10","miombo woodland",1650,"point","-9.386","31.19683"
"http://antweb.org/api/v2/?occurrenceId=CAS:ANTWEB:casent0066932-d01","casent0066932-d01","formicidae","dorylinae","Aenictogiton","emeryi","Aenictogiton emeryi","","Northern","Zambia","2014-06-10","miombo woodland",1650,"point","-9.386","31.19683"
"http://antweb.org/api/v2/?occurrenceId=CAS:ANTWEB:casent0066934","casent0066934","formicidae","dorylinae","Aenictogiton","emeryi","Aenictogiton emeryi","","Southern","Zambia","2014-06-10","miombo woodland",1330,"point","-16.79533","26.93833"
"http://antweb.org/api/v2/?occurrenceId=CAS:ANTWEB:casent0066934-d01","casent0066934-d01","formicidae","dorylinae","Aenictogiton","emeryi","Aenictogiton emeryi","","Southern","Zambia","2014-06-10","miombo woodland",1330,"point","-16.79533","26.93833"
"http://antweb.org/api/v2/?occurrenceId=CAS:ANTWEB:casent0066936","casent0066936","formicidae","dorylinae","Aenictogiton","emeryi","Aenictogiton emeryi","","Southern","Zambia","","miombo woodland",1330,"point","-16.79533","26.93833"
"http://antweb.org/api/v2/?occurrenceId=CAS:ANTWEB:casent0066971","casent0066971","formicidae","dorylinae","Aenictogiton","emeryi","Aenictogiton emeryi","","Central","Zambia","2014-06-10","miombo woodland under stone",1300,"point","-12.55483","30.29567"
"http://antweb.org/api/v2/?occurrenceId=CAS:ANTWEB:casent0066971-d01","casent0066971-d01","formicidae","dorylinae","Aenictogiton","emeryi","Aenictogiton emeryi","","Central","Zambia","2014-06-10","miombo woodland under stone",1300,"point","-12.55483","30.29567"
"http://antweb.org/api/v2/?occurrenceId=CAS:ANTWEB:casent0100742","casent0100742","formicidae","dorylinae","Aenictogiton","emeryi","Aenictogiton emeryi","","","Malawi","2014-06-10","",1230,"point","-11.51477","33.79153"
"http://antweb.org/api/v2/?occurrenceId=CAS:ANTWEB:casent0281198","casent0281198","formicidae","dorylinae","Aenictogiton","emeryi","Aenictogiton emeryi","Holotype","Katanga","Democratic Republic of Congo","","miombo woodland",1230,"point","-11.66527","27.47861"
"http://antweb.org/api/v2/?occurrenceId=CAS:ANTWEB:casent0281199","casent0281199","formicidae","dorylinae","Aenictogiton","emeryi","Aenictogiton emeryi","","","Democratic Republic of Congo","","",NA,"point","-7.43333","28.1"
"http://antweb.org/api/v2/?occurrenceId=CAS:ANTWEB:casent0281200","casent0281200","formicidae","dorylinae","Aenictogiton","emeryi","Aenictogiton emeryi","","","Democratic Republic of Congo","","",1390,"point","-10.87639","26.59694"
"http://antweb.org/api/v2/?occurrenceId=CAS:ANTWEB:casent0281315","casent0281315","formicidae","dorylinae","Aenictogiton","emeryi","Aenictogiton emeryi","","","Zambia","2014-06-10","",1285,"point","-15.41667","28.28333"
"http://antweb.org/api/v2/?occurrenceId=CAS:ANTWEB:casent0281316","casent0281316","formicidae","dorylinae","Aenictogiton","emeryi","Aenictogiton emeryi","","","Zambia","2014-06-10","",1285,"point","-15.41667","28.28333"
"http://antweb.org/api/v2/?occurrenceId=CAS:ANTWEB:casent0903960","casent0903960","formicidae","dorylinae","Aenictogiton","emeryi","Aenictogiton emeryi","Holotype of Aenictogiton emeryi","","Democratic Republic of Congo","","",1390,"point","-10.87639","26.59694"
"http://antweb.org/api/v2/?occurrenceId=CAS:ANTWEB:mcz-ent00510827","mcz-ent00510827","formicidae","dorylinae","Aenictogiton","emeryi","Aenictogiton emeryi","","","Zambia","","",1325,"point","-16.79528","26.94056"
