"url","catalogNumber","family","subfamily","genus","specificEpithet","scientific_name","typeStatus","stateProvince","country","dateIdentified","habitat","minimumElevationInMeters","geojson.type","decimal_latitude","decimal_longitude"
"http://antweb.org/api/v2/?occurrenceId=CAS:ANTWEB:casent0281956","casent0281956","formicidae","dorylinae","Aenictus","artipus","Aenictus artipus","","Trang","Thailand","1998-12-31","lowland tropical rainforest foraging column in forest",NA,"point","7.35","99.46"
"http://antweb.org/api/v2/?occurrenceId=CAS:ANTWEB:casent0717199","casent0717199","formicidae","dorylinae","Aenictus","artipus","Aenictus artipus","","Yunnan","China","","Rubber plantation",705,"point","21.857666","101.27695"
"http://antweb.org/api/v2/?occurrenceId=CAS:ANTWEB:casent0717200","casent0717200","formicidae","dorylinae","Aenictus","artipus","Aenictus artipus","","Yunnan","China","","Rubber plantation",705,"point","21.857666","101.27695"
"http://antweb.org/api/v2/?occurrenceId=CAS:ANTWEB:casent0717206","casent0717206","formicidae","dorylinae","Aenictus","artipus","Aenictus artipus","","Yunnan","China","","Young rain forest",680,"point","21.859556","101.277664"
"http://antweb.org/api/v2/?occurrenceId=CAS:ANTWEB:casent0735856","casent0735856","formicidae","dorylinae","Aenictus","artipus","Aenictus artipus","","Yunnan","China","","Rubber plantation",705,"point","21.857666","101.27695"
"http://antweb.org/api/v2/?occurrenceId=CAS:ANTWEB:casent0735857","casent0735857","formicidae","dorylinae","Aenictus","artipus","Aenictus artipus","","Yunnan","China","","Rubber plantation",705,"point","21.857666","101.27695"
