"url","catalogNumber","family","subfamily","genus","specificEpithet","scientific_name","typeStatus","stateProvince","country","dateIdentified","habitat","minimumElevationInMeters","geojson.type","decimal_latitude","decimal_longitude"
"http://antweb.org/api/v2/?occurrenceId=CAS:ANTWEB:casent0006137","casent0006137","formicidae","myrmicinae","Allomerus","octoarticulatus","Allomerus octoarticulatus","","Madre de Dios","Peru","2007-12-31","rainforest ex Cordia nodosa",200,"point","-13.51667","-71.98333"
"http://antweb.org/api/v2/?occurrenceId=CAS:ANTWEB:casent0106199","casent0106199","formicidae","myrmicinae","Allomerus","octoarticulatus","Allomerus octoarticulatus","","Santa Cruz","Bolivia","","rainforest ex melastome",450,"point","-13.8333","-60.8667"
"http://antweb.org/api/v2/?occurrenceId=CAS:ANTWEB:casent0106199-d01","casent0106199-d01","formicidae","myrmicinae","Allomerus","octoarticulatus","Allomerus octoarticulatus","","Santa Cruz","Bolivia","","rainforest ex melastome",450,"point","-13.8333","-60.8667"
"http://antweb.org/api/v2/?occurrenceId=CAS:ANTWEB:casent0106199-d11","casent0106199-d11","formicidae","myrmicinae","Allomerus","octoarticulatus","Allomerus octoarticulatus","","Santa Cruz","Bolivia","","rainforest ex melastome",450,"point","-13.8333","-60.8667"
"http://antweb.org/api/v2/?occurrenceId=CAS:ANTWEB:casent0218754","casent0218754","formicidae","myrmicinae","Allomerus","octoarticulatus","Allomerus octoarticulatus","","Kourou","French Guiana","2010-12-31","primary forest in Cordia nodosa",50,"point","5.0715","-52.6943"
"http://antweb.org/api/v2/?occurrenceId=CAS:ANTWEB:casent0218755","casent0218755","formicidae","myrmicinae","Allomerus","octoarticulatus","Allomerus octoarticulatus","","Kourou","French Guiana","2010-12-31","primary forest in Cordia nodosa",50,"point","5.0715","-52.6943"
"http://antweb.org/api/v2/?occurrenceId=CAS:ANTWEB:casent0218758","casent0218758","formicidae","myrmicinae","Allomerus","octoarticulatus","Allomerus octoarticulatus","","","Brazil","2010-12-31","",NA,"point","-2.4","-59.85"
"http://antweb.org/api/v2/?occurrenceId=CAS:ANTWEB:casent0218760","casent0218760","formicidae","myrmicinae","Allomerus","octoarticulatus","Allomerus octoarticulatus","","","Brazil","2010-12-31","",NA,"point","-2.4","-59.85"
"http://antweb.org/api/v2/?occurrenceId=CAS:ANTWEB:casent0218761","casent0218761","formicidae","myrmicinae","Allomerus","octoarticulatus","Allomerus octoarticulatus","","","Brazil","2010-12-31","",NA,"point","-2.4","-59.85"
"http://antweb.org/api/v2/?occurrenceId=CAS:ANTWEB:casent0637996","casent0637996","formicidae","myrmicinae","Allomerus","octoarticulatus","Allomerus octoarticulatus","","Loreto","Peru","2013-08-28","",NA,NA,NA,NA
"http://antweb.org/api/v2/?occurrenceId=CAS:ANTWEB:casent0902178","casent0902178","formicidae","myrmicinae","Allomerus","octoarticulatus","Allomerus octoarticulatus","syntype of Allomerus octoarticulatus","Amazonas","Brazil","","",NA,NA,NA,NA
"http://antweb.org/api/v2/?occurrenceId=CAS:ANTWEB:casent0908783","casent0908783","formicidae","myrmicinae","Allomerus","octoarticulatus","Allomerus octoarticulatus","syntype of Allomerus octoarticulatus tuberculatus","","Brazil","","",NA,NA,NA,NA
"http://antweb.org/api/v2/?occurrenceId=CAS:ANTWEB:casent0916034","casent0916034","formicidae","myrmicinae","Allomerus","octoarticulatus","Allomerus octoarticulatus","syntype of Allomerus octoarticulatus","","","","",NA,NA,NA,NA
"http://antweb.org/api/v2/?occurrenceId=CAS:ANTWEB:jtlc000006093","jtlc000006093","formicidae","myrmicinae","Allomerus","octoarticulatus","Allomerus octoarticulatus","","Loreto","Peru","2004-09-03","",NA,NA,NA,NA
"http://antweb.org/api/v2/?occurrenceId=CAS:ANTWEB:jtlc000006094","jtlc000006094","formicidae","myrmicinae","Allomerus","octoarticulatus","Allomerus octoarticulatus","","Loreto","Peru","2004-09-03","",NA,NA,NA,NA
"http://antweb.org/api/v2/?occurrenceId=CAS:ANTWEB:jtlc000006095","jtlc000006095","formicidae","myrmicinae","Allomerus","octoarticulatus","Allomerus octoarticulatus","","Loreto","Peru","2004-09-03","",NA,NA,NA,NA
"http://antweb.org/api/v2/?occurrenceId=CAS:ANTWEB:jtlc000006096","jtlc000006096","formicidae","myrmicinae","Allomerus","octoarticulatus","Allomerus octoarticulatus","","Loreto","Peru","2004-09-03","",NA,NA,NA,NA
"http://antweb.org/api/v2/?occurrenceId=CAS:ANTWEB:jtlc000008107","jtlc000008107","formicidae","myrmicinae","Allomerus","octoarticulatus","Allomerus octoarticulatus","","","French Guiana","2005-11-03","",NA,"point","5.06083","-53.04333"
"http://antweb.org/api/v2/?occurrenceId=CAS:ANTWEB:lacm ent 141139","lacm ent 141139","formicidae","myrmicinae","Allomerus","octoarticulatus","Allomerus octoarticulatus","","West Demerara","Guyana","1998-05-25","lowland rainforest in Cordia nodosa",NA,"point","6.4","-58.61667"
"http://antweb.org/api/v2/?occurrenceId=CAS:ANTWEB:lacm ent 141140","lacm ent 141140","formicidae","myrmicinae","Allomerus","octoarticulatus","Allomerus octoarticulatus","","Rupununi","Guyana","1998-05-25","lowland rainforest in Cordia nodosa",100,"point","4.08333","-58.58333"
"http://antweb.org/api/v2/?occurrenceId=CAS:ANTWEB:lacm ent 141141","lacm ent 141141","formicidae","myrmicinae","Allomerus","octoarticulatus","Allomerus octoarticulatus","","Rupununi","Guyana","1998-05-25","lowland rainforest in Cordia nodosa",100,"point","4.08333","-58.58333"
"http://antweb.org/api/v2/?occurrenceId=CAS:ANTWEB:lacm ent 141142","lacm ent 141142","formicidae","myrmicinae","Allomerus","octoarticulatus","Allomerus octoarticulatus","","Rupununi","Guyana","1998-05-25","lowland rainforest in Cordia nodosa",100,"point","4.08333","-58.58333"
"http://antweb.org/api/v2/?occurrenceId=CAS:ANTWEB:lacm ent 141143","lacm ent 141143","formicidae","myrmicinae","Allomerus","octoarticulatus","Allomerus octoarticulatus","","Rupununi","Guyana","1998-05-25","lowland rainforest in Cordia nodosa",100,"point","4.08333","-58.58333"
"http://antweb.org/api/v2/?occurrenceId=CAS:ANTWEB:lacm ent 141144","lacm ent 141144","formicidae","myrmicinae","Allomerus","octoarticulatus","Allomerus octoarticulatus","","Rupununi","Guyana","1998-05-25","lowland rainforest in Cordia nodosa",100,"point","4.08333","-58.58333"
"http://antweb.org/api/v2/?occurrenceId=CAS:ANTWEB:lacm ent 141145","lacm ent 141145","formicidae","myrmicinae","Allomerus","octoarticulatus","Allomerus octoarticulatus","","Rupununi","Guyana","1998-05-25","lowland rainforest in Cordia nodosa",100,"point","4.08333","-58.58333"
"http://antweb.org/api/v2/?occurrenceId=CAS:ANTWEB:usnment01124200","usnment01124200","formicidae","myrmicinae","Allomerus","octoarticulatus","Allomerus octoarticulatus","","","Guyana","","",240,"point","2.1819","-59.33708"
