"url","catalogNumber","family","subfamily","genus","specificEpithet","scientific_name","typeStatus","stateProvince","country","dateIdentified","habitat","minimumElevationInMeters"
"http://antweb.org/api/v2/?occurrenceId=CAS:ANTWEB:casent0178479","casent0178479","formicidae","myrmicinae","Allomerus","vogeli","Allomerus vogeli","paratype","Amazonas","Brazil","2008-12-31","",NA
"http://antweb.org/api/v2/?occurrenceId=CAS:ANTWEB:casent0178480","casent0178480","formicidae","myrmicinae","Allomerus","vogeli","Allomerus vogeli","paratype","Amazonas","Brazil","2008-12-31","",NA
"http://antweb.org/api/v2/?occurrenceId=CAS:ANTWEB:jtlc000001810","jtlc000001810","formicidae","myrmicinae","Allomerus","vogeli","Allomerus vogeli","","Bolivar","Venezuela","2002-05-07","",300
"http://antweb.org/api/v2/?occurrenceId=CAS:ANTWEB:jtlc000001811","jtlc000001811","formicidae","myrmicinae","Allomerus","vogeli","Allomerus vogeli","","Bolivar","Venezuela","2002-05-07","",300
"http://antweb.org/api/v2/?occurrenceId=CAS:ANTWEB:jtlc000001812","jtlc000001812","formicidae","myrmicinae","Allomerus","vogeli","Allomerus vogeli","","Bolivar","Venezuela","2002-05-07","",300
"http://antweb.org/api/v2/?occurrenceId=CAS:ANTWEB:jtlc000001813","jtlc000001813","formicidae","myrmicinae","Allomerus","vogeli","Allomerus vogeli","","Bolivar","Venezuela","2002-05-07","",300
"http://antweb.org/api/v2/?occurrenceId=CAS:ANTWEB:jtlc000001814","jtlc000001814","formicidae","myrmicinae","Allomerus","vogeli","Allomerus vogeli","","Bolivar","Venezuela","2002-05-07","",300
"http://antweb.org/api/v2/?occurrenceId=CAS:ANTWEB:jtlc000001815","jtlc000001815","formicidae","myrmicinae","Allomerus","vogeli","Allomerus vogeli","","Bolivar","Venezuela","2002-05-07","",300
"http://antweb.org/api/v2/?occurrenceId=CAS:ANTWEB:jtlc000001816","jtlc000001816","formicidae","myrmicinae","Allomerus","vogeli","Allomerus vogeli","","Bolivar","Venezuela","2002-05-07","",300
