"url","catalogNumber","family","subfamily","genus","specificEpithet","scientific_name","typeStatus","stateProvince","country","dateIdentified","habitat","minimumElevationInMeters","geojson.type","decimal_latitude","decimal_longitude"
"http://antweb.org/api/v2/?occurrenceId=CAS:ANTWEB:anic32-016299","anic32-016299","formicidae","amblyoponinae","Amblyopone","clarki","Amblyopone clarki","","Western Australia","Australia","","",NA,"point","-33.6167","115.483"
"http://antweb.org/api/v2/?occurrenceId=CAS:ANTWEB:anic32-016300","anic32-016300","formicidae","amblyoponinae","Amblyopone","clarki","Amblyopone clarki","","Western Australia","Australia","","",NA,"point","-33.65","115.333"
"http://antweb.org/api/v2/?occurrenceId=CAS:ANTWEB:anic32-016301","anic32-016301","formicidae","amblyoponinae","Amblyopone","clarki","Amblyopone clarki","","Victoria","Australia","","",NA,"point","-35.4833","141.933"
"http://antweb.org/api/v2/?occurrenceId=CAS:ANTWEB:anic32-016302","anic32-016302","formicidae","amblyoponinae","Amblyopone","clarki","Amblyopone clarki","","Western Australia","Australia","","",NA,"point","-33.55","115.55"
"http://antweb.org/api/v2/?occurrenceId=CAS:ANTWEB:anic32-016532","anic32-016532","formicidae","amblyoponinae","Amblyopone","clarki","Amblyopone clarki","","Australian Capital Territory","Australia","","Dry sclerophyll Sandy soil",426,"point","-35.3","149.15"
"http://antweb.org/api/v2/?occurrenceId=CAS:ANTWEB:anic32-016533","anic32-016533","formicidae","amblyoponinae","Amblyopone","clarki","Amblyopone clarki","","New South Wales","Australia","","Dry sandy sclerophyll Open lichen",304,"point","-32.5667","149.6"
"http://antweb.org/api/v2/?occurrenceId=CAS:ANTWEB:anic32-016534","anic32-016534","formicidae","amblyoponinae","Amblyopone","clarki","Amblyopone clarki","","New South Wales","Australia","","Dry sclerophyll in red soil",NA,"point","-34.75","146.933"
"http://antweb.org/api/v2/?occurrenceId=CAS:ANTWEB:anic32-016535","anic32-016535","formicidae","amblyoponinae","Amblyopone","clarki","Amblyopone clarki","","New South Wales","Australia","","Box-Callytris area, red soil Nest shallow in soil",NA,"point","-33.6333","148.167"
"http://antweb.org/api/v2/?occurrenceId=CAS:ANTWEB:anic32-016536","anic32-016536","formicidae","amblyoponinae","Amblyopone","clarki","Amblyopone clarki","","South Australia","Australia","","Beach scrub in sand Tiny heaps of sand in bare places, ea. heap 2-4 ants",NA,"point","-35.2833","138.45"
"http://antweb.org/api/v2/?occurrenceId=CAS:ANTWEB:anic32-016537","anic32-016537","formicidae","amblyoponinae","Amblyopone","clarki","Amblyopone clarki","","South Australia","Australia","","Mallee, spinifex Nest in sand",NA,"point","-34.2667","139.883"
"http://antweb.org/api/v2/?occurrenceId=CAS:ANTWEB:anic32-016538","anic32-016538","formicidae","amblyoponinae","Amblyopone","clarki","Amblyopone clarki","","New South Wales","Australia","","Dry sclerophyll and sandstone scrub In sand",609,"point","-34.75","149.75"
"http://antweb.org/api/v2/?occurrenceId=CAS:ANTWEB:anic32-016539","anic32-016539","formicidae","amblyoponinae","Amblyopone","clarki","Amblyopone clarki","","South Australia","Australia","","Coastal Mallee nr. open small cones of sand",NA,"point","-31.9667","132.567"
"http://antweb.org/api/v2/?occurrenceId=CAS:ANTWEB:anic32-016540","anic32-016540","formicidae","amblyoponinae","Amblyopone","clarki","Amblyopone clarki","","New South Wales","Australia","","Sandstone scrub",609,"point","-32.6","149.583"
"http://antweb.org/api/v2/?occurrenceId=CAS:ANTWEB:anic32-016541","anic32-016541","formicidae","amblyoponinae","Amblyopone","clarki","Amblyopone clarki","","New South Wales","Australia","","Scattered box trees",304,"point","-32.6","149.583"
"http://antweb.org/api/v2/?occurrenceId=CAS:ANTWEB:casent0102194","casent0102194","formicidae","amblyoponinae","Amblyopone","clarki","Amblyopone clarki","","Western Australia","Australia","","",NA,NA,NA,NA
"http://antweb.org/api/v2/?occurrenceId=CAS:ANTWEB:casent0172189","casent0172189","formicidae","amblyoponinae","Amblyopone","clarki","Amblyopone clarki","","Western Australia","Australia","","",NA,NA,NA,NA
"http://antweb.org/api/v2/?occurrenceId=CAS:ANTWEB:casent0172190","casent0172190","formicidae","amblyoponinae","Amblyopone","clarki","Amblyopone clarki","","Western Australia","Australia","","",NA,NA,NA,NA
"http://antweb.org/api/v2/?occurrenceId=CAS:ANTWEB:casent0172816","casent0172816","formicidae","amblyoponinae","Amblyopone","clarki","Amblyopone clarki","cotype","Western Australia","Australia","","",NA,NA,NA,NA
"http://antweb.org/api/v2/?occurrenceId=CAS:ANTWEB:casent0172817","casent0172817","formicidae","amblyoponinae","Amblyopone","clarki","Amblyopone clarki","cotype","Western Australia","Australia","","",NA,NA,NA,NA
"http://antweb.org/api/v2/?occurrenceId=CAS:ANTWEB:jdm32-002673","jdm32-002673","formicidae","amblyoponinae","Amblyopone","clarki","Amblyopone clarki","","Western Australia","Australia","","Mixed native/exotic veg., urban environ. soil",NA,"point","-32.0667","115.8"
"http://antweb.org/api/v2/?occurrenceId=CAS:ANTWEB:jdm32-002674","jdm32-002674","formicidae","amblyoponinae","Amblyopone","clarki","Amblyopone clarki","","Western Australia","Australia","","native veg., rural environ. soil",NA,"point","-32.8","115.667"
"http://antweb.org/api/v2/?occurrenceId=CAS:ANTWEB:jdm32-002675","jdm32-002675","formicidae","amblyoponinae","Amblyopone","clarki","Amblyopone clarki","","Western Australia","Australia","","Banksia/Agonis woodland, white soil",NA,"point","-33.2667","115.717"
"http://antweb.org/api/v2/?occurrenceId=CAS:ANTWEB:jdm32-002676","jdm32-002676","formicidae","amblyoponinae","Amblyopone","clarki","Amblyopone clarki","","Western Australia","Australia","","Banksia/Agonis woodland, white soil",NA,"point","-33.2667","115.717"
