"url","catalogNumber","family","subfamily","genus","specificEpithet","scientific_name","typeStatus","stateProvince","country","dateIdentified","habitat","minimumElevationInMeters","geojson.type","decimal_latitude","decimal_longitude"
"http://antweb.org/api/v2/?occurrenceId=CAS:ANTWEB:anic32-016366","anic32-016366","formicidae","amblyoponinae","Amblyopone","michaelseni","Amblyopone michaelseni","","Australian Capital Territory","Australia","","",NA,"point","-35.3","149.283"
"http://antweb.org/api/v2/?occurrenceId=CAS:ANTWEB:anic32-016367","anic32-016367","formicidae","amblyoponinae","Amblyopone","michaelseni","Amblyopone michaelseni","","New South Wales","Australia","","",NA,"point","-34.9833","149.4"
"http://antweb.org/api/v2/?occurrenceId=CAS:ANTWEB:anic32-016368","anic32-016368","formicidae","amblyoponinae","Amblyopone","michaelseni","Amblyopone michaelseni","","South Australia","Australia","","",NA,NA,NA,NA
"http://antweb.org/api/v2/?occurrenceId=CAS:ANTWEB:anic32-016369","anic32-016369","formicidae","amblyoponinae","Amblyopone","michaelseni","Amblyopone michaelseni","","Western Australia","Australia","","",NA,"point","-33.3667","116.15"
"http://antweb.org/api/v2/?occurrenceId=CAS:ANTWEB:anic32-016370","anic32-016370","formicidae","amblyoponinae","Amblyopone","michaelseni","Amblyopone michaelseni","","New South Wales","Australia","","",NA,"point","-35.3","149.667"
"http://antweb.org/api/v2/?occurrenceId=CAS:ANTWEB:anic32-016371","anic32-016371","formicidae","amblyoponinae","Amblyopone","michaelseni","Amblyopone michaelseni","","Western Australia","Australia","","",NA,"point","-34.9","117.917"
"http://antweb.org/api/v2/?occurrenceId=CAS:ANTWEB:anic32-016372","anic32-016372","formicidae","amblyoponinae","Amblyopone","michaelseni","Amblyopone michaelseni","","Victoria","Australia","","",NA,"point","-37.4167","145.717"
"http://antweb.org/api/v2/?occurrenceId=CAS:ANTWEB:anic32-016373","anic32-016373","formicidae","amblyoponinae","Amblyopone","michaelseni","Amblyopone michaelseni","","Western Australia","Australia","","",NA,"point","-32.7167","116.067"
"http://antweb.org/api/v2/?occurrenceId=CAS:ANTWEB:anic32-016374","anic32-016374","formicidae","amblyoponinae","Amblyopone","michaelseni","Amblyopone michaelseni","","New South Wales","Australia","","",NA,"point","-34.8","150.31"
"http://antweb.org/api/v2/?occurrenceId=CAS:ANTWEB:anic32-016375","anic32-016375","formicidae","amblyoponinae","Amblyopone","michaelseni","Amblyopone michaelseni","","South Australia","Australia","","",NA,"point","-34.9833","138.717"
"http://antweb.org/api/v2/?occurrenceId=CAS:ANTWEB:anic32-016376","anic32-016376","formicidae","amblyoponinae","Amblyopone","michaelseni","Amblyopone michaelseni","","Australian Capital Territory","Australia","","",NA,"point","-35.2667","149.1"
"http://antweb.org/api/v2/?occurrenceId=CAS:ANTWEB:anic32-016377","anic32-016377","formicidae","amblyoponinae","Amblyopone","michaelseni","Amblyopone michaelseni","","New South Wales","Australia","","",NA,"point","-33.6","150.25"
"http://antweb.org/api/v2/?occurrenceId=CAS:ANTWEB:anic32-016378","anic32-016378","formicidae","amblyoponinae","Amblyopone","michaelseni","Amblyopone michaelseni","","Western Australia","Australia","","",NA,"point","-34.9","117.917"
"http://antweb.org/api/v2/?occurrenceId=CAS:ANTWEB:anic32-016379","anic32-016379","formicidae","amblyoponinae","Amblyopone","michaelseni","Amblyopone michaelseni","","New South Wales","Australia","","",NA,"point","-34.95","150.517"
"http://antweb.org/api/v2/?occurrenceId=CAS:ANTWEB:casent0100441","casent0100441","formicidae","amblyoponinae","Amblyopone","michaelseni","Amblyopone michaelseni","","New South Wales","Australia","2013-07-19","",900,NA,NA,NA
"http://antweb.org/api/v2/?occurrenceId=CAS:ANTWEB:casent0102195","casent0102195","formicidae","amblyoponinae","Amblyopone","michaelseni","Amblyopone michaelseni","","Western Australia","Australia","","",NA,NA,NA,NA
"http://antweb.org/api/v2/?occurrenceId=CAS:ANTWEB:casent0172208","casent0172208","formicidae","amblyoponinae","Amblyopone","michaelseni","Amblyopone michaelseni","","South Australia","Australia","","",NA,NA,NA,NA
"http://antweb.org/api/v2/?occurrenceId=CAS:ANTWEB:casent0172209","casent0172209","formicidae","amblyoponinae","Amblyopone","michaelseni","Amblyopone michaelseni","","New South Wales","Australia","","",NA,NA,NA,NA
