"url","catalogNumber","family","subfamily","genus","specificEpithet","scientific_name","typeStatus","stateProvince","country","dateIdentified","habitat","minimumElevationInMeters","geojson.type","decimal_latitude","decimal_longitude"
"http://antweb.org/api/v2/?occurrenceId=CAS:ANTWEB:anic32-013187","anic32-013187","formicidae","amblyoponinae","Amblyopone","leae","Amblyopone leae","","Lord Howe Island","Australia","","",NA,"point","-31.55","159.083"
"http://antweb.org/api/v2/?occurrenceId=CAS:ANTWEB:anic32-013188","anic32-013188","formicidae","amblyoponinae","Amblyopone","leae","Amblyopone leae","","Lord Howe Island","Australia","","mist forest nest in soil under stone",853,NA,NA,NA
"http://antweb.org/api/v2/?occurrenceId=CAS:ANTWEB:anic32-013189","anic32-013189","formicidae","amblyoponinae","Amblyopone","leae","Amblyopone leae","","Lord Howe Island","Australia","","mist forest nest under stone",853,NA,NA,NA
"http://antweb.org/api/v2/?occurrenceId=CAS:ANTWEB:anic32-013190","anic32-013190","formicidae","amblyoponinae","Amblyopone","leae","Amblyopone leae","","Lord Howe Island","Australia","","",762,NA,NA,NA
"http://antweb.org/api/v2/?occurrenceId=CAS:ANTWEB:anic32-013191","anic32-013191","formicidae","amblyoponinae","Amblyopone","leae","Amblyopone leae","","Lord Howe Island","Australia","","Volcanic soil Pickard Veg:GMF Sieved litter",850,NA,NA,NA
"http://antweb.org/api/v2/?occurrenceId=CAS:ANTWEB:casent0172391","casent0172391","formicidae","amblyoponinae","Amblyopone","leae","Amblyopone leae","","New South Wales","Australia","","mist forest nest in soil under stone",853,NA,NA,NA
"http://antweb.org/api/v2/?occurrenceId=CAS:ANTWEB:casent0746791","casent0746791","formicidae","amblyoponinae","Amblyopone","leae","Amblyopone leae","","","Australia","2015-04-07","",NA,NA,NA,NA
