"url","catalogNumber","family","subfamily","genus","specificEpithet","scientific_name","typeStatus","stateProvince","country","dateIdentified","habitat","minimumElevationInMeters","geojson.type","decimal_latitude","decimal_longitude"
"http://antweb.org/api/v2/?occurrenceId=CAS:ANTWEB:anic32-016326","anic32-016326","formicidae","amblyoponinae","Amblyopone","hackeri","Amblyopone hackeri","","Queensland","Australia","","",NA,"point","-28.3167","153.083"
"http://antweb.org/api/v2/?occurrenceId=CAS:ANTWEB:anic32-016327","anic32-016327","formicidae","amblyoponinae","Amblyopone","hackeri","Amblyopone hackeri","","New South Wales","Australia","","",NA,"point","-33.8833","151.217"
"http://antweb.org/api/v2/?occurrenceId=CAS:ANTWEB:anic32-016546","anic32-016546","formicidae","amblyoponinae","Amblyopone","hackeri","Amblyopone hackeri","","New South Wales","Australia","","Wet sclerophyll, sandstone scrub In wet sand",NA,"point","-33.7333","151.167"
"http://antweb.org/api/v2/?occurrenceId=CAS:ANTWEB:anic32-016547","anic32-016547","formicidae","amblyoponinae","Amblyopone","hackeri","Amblyopone hackeri","","New South Wales","Australia","","Sandstone scrub In sandy soil",15,"point","-33.8167","151.167"
"http://antweb.org/api/v2/?occurrenceId=CAS:ANTWEB:anic32-016548","anic32-016548","formicidae","amblyoponinae","Amblyopone","hackeri","Amblyopone hackeri","","New South Wales","Australia","","Dry sclerophyll Under rock",91,"point","-28.3167","153.283"
"http://antweb.org/api/v2/?occurrenceId=CAS:ANTWEB:anic32-016549","anic32-016549","formicidae","amblyoponinae","Amblyopone","hackeri","Amblyopone hackeri","","Queensland","Australia","","",609,"point","-21.15","148.4"
"http://antweb.org/api/v2/?occurrenceId=CAS:ANTWEB:casent0172219","casent0172219","formicidae","amblyoponinae","Amblyopone","hackeri","Amblyopone hackeri","","New South Wales","Australia","","",NA,NA,NA,NA
"http://antweb.org/api/v2/?occurrenceId=CAS:ANTWEB:casent0260447","casent0260447","formicidae","amblyoponinae","Amblyopone","hackeri","Amblyopone hackeri","","New South Wales","Australia","","in wet sclerophyll under stone",30,"point","-33.55","151.3"
