"url","catalogNumber","family","subfamily","genus","specificEpithet","scientific_name","typeStatus","stateProvince","country","dateIdentified","habitat","minimumElevationInMeters","geojson.type","decimal_latitude","decimal_longitude"
"http://antweb.org/api/v2/?occurrenceId=CAS:ANTWEB:anic32-016281","anic32-016281","formicidae","amblyoponinae","Amblyopone","aberrans","Amblyopone aberrans","","Western Australia","Australia","","",NA,"point","-31.9","116.167"
"http://antweb.org/api/v2/?occurrenceId=CAS:ANTWEB:casent0102193","casent0102193","formicidae","amblyoponinae","Amblyopone","aberrans","Amblyopone aberrans","","Western Australia","Australia","","",NA,NA,NA,NA
"http://antweb.org/api/v2/?occurrenceId=CAS:ANTWEB:casent0172183","casent0172183","formicidae","amblyoponinae","Amblyopone","aberrans","Amblyopone aberrans","","Western Australia","Australia","1946-10-01","",NA,NA,NA,NA
"http://antweb.org/api/v2/?occurrenceId=CAS:ANTWEB:casent0172184","casent0172184","formicidae","amblyoponinae","Amblyopone","aberrans","Amblyopone aberrans","","Western Australia","Australia","1946-10-01","",NA,NA,NA,NA
"http://antweb.org/api/v2/?occurrenceId=CAS:ANTWEB:casent0172185","casent0172185","formicidae","amblyoponinae","Amblyopone","aberrans","Amblyopone aberrans","","Western Australia","Australia","1946-10-01","",NA,NA,NA,NA
