"url","catalogNumber","family","subfamily","genus","specificEpithet","scientific_name","typeStatus","stateProvince","country","dateIdentified","habitat","minimumElevationInMeters","geojson.type","decimal_latitude","decimal_longitude"
"http://antweb.org/api/v2/?occurrenceId=CAS:ANTWEB:anic32-011682","anic32-011682","formicidae","amblyoponinae","Amblyopone","australis","Amblyopone australis","","Queensland","Australia","","",NA,"point","-17.25","145.733"
"http://antweb.org/api/v2/?occurrenceId=CAS:ANTWEB:anic32-013166","anic32-013166","formicidae","amblyoponinae","Amblyopone","australis","Amblyopone australis","","Lord Howe Island","Australia","","",NA,"point","-31.55","159.083"
"http://antweb.org/api/v2/?occurrenceId=CAS:ANTWEB:anic32-013167","anic32-013167","formicidae","amblyoponinae","Amblyopone","australis","Amblyopone australis","","Lord Howe Island","Australia","","",NA,"point","-31.55","159.083"
"http://antweb.org/api/v2/?occurrenceId=CAS:ANTWEB:anic32-013168","anic32-013168","formicidae","amblyoponinae","Amblyopone","australis","Amblyopone australis","","Lord Howe Island","Australia","","",60,NA,NA,NA
"http://antweb.org/api/v2/?occurrenceId=CAS:ANTWEB:anic32-013171","anic32-013171","formicidae","amblyoponinae","Amblyopone","australis","Amblyopone australis","","Lord Howe Island","Australia","","",548,"point","-31.5667","159.067"
"http://antweb.org/api/v2/?occurrenceId=CAS:ANTWEB:anic32-013172","anic32-013172","formicidae","amblyoponinae","Amblyopone","australis","Amblyopone australis","","Lord Howe Island","Australia","","",548,"point","-31.5667","159.067"
"http://antweb.org/api/v2/?occurrenceId=CAS:ANTWEB:anic32-013173","anic32-013173","formicidae","amblyoponinae","Amblyopone","australis","Amblyopone australis","","Lord Howe Island","Australia","","",548,"point","-31.5667","159.067"
"http://antweb.org/api/v2/?occurrenceId=CAS:ANTWEB:anic32-013174","anic32-013174","formicidae","amblyoponinae","Amblyopone","australis","Amblyopone australis","","Lord Howe Island","Australia","","",548,"point","-31.5667","159.067"
"http://antweb.org/api/v2/?occurrenceId=CAS:ANTWEB:anic32-013175","anic32-013175","formicidae","amblyoponinae","Amblyopone","australis","Amblyopone australis","","Lord Howe Island","Australia","","",548,"point","-31.5667","159.067"
"http://antweb.org/api/v2/?occurrenceId=CAS:ANTWEB:anic32-013176","anic32-013176","formicidae","amblyoponinae","Amblyopone","australis","Amblyopone australis","","Lord Howe Island","Australia","","",762,NA,NA,NA
"http://antweb.org/api/v2/?occurrenceId=CAS:ANTWEB:anic32-013177","anic32-013177","formicidae","amblyoponinae","Amblyopone","australis","Amblyopone australis","","Lord Howe Island","Australia","","",60,NA,NA,NA
"http://antweb.org/api/v2/?occurrenceId=CAS:ANTWEB:anic32-013178","anic32-013178","formicidae","amblyoponinae","Amblyopone","australis","Amblyopone australis","","Lord Howe Island","Australia","","Forest Rotten branch, forest floor",30,NA,NA,NA
"http://antweb.org/api/v2/?occurrenceId=CAS:ANTWEB:anic32-013179","anic32-013179","formicidae","amblyoponinae","Amblyopone","australis","Amblyopone australis","","Lord Howe Island","Australia","","Calcareous soil, Pickard Veg:DaCt Sieved Litter",50,NA,NA,NA
"http://antweb.org/api/v2/?occurrenceId=CAS:ANTWEB:anic32-013180","anic32-013180","formicidae","amblyoponinae","Amblyopone","australis","Amblyopone australis","","Lord Howe Island","Australia","","Calcareous soil, Pickard Veg:Hf Sieved Litter",45,NA,NA,NA
"http://antweb.org/api/v2/?occurrenceId=CAS:ANTWEB:anic32-013181","anic32-013181","formicidae","amblyoponinae","Amblyopone","australis","Amblyopone australis","","Lord Howe Island","Australia","","Calcareous soil, Pickard Veg:DaCt Hf Sieved Litter",NA,"point","-31.5333","159.067"
"http://antweb.org/api/v2/?occurrenceId=CAS:ANTWEB:anic32-013182","anic32-013182","formicidae","amblyoponinae","Amblyopone","australis","Amblyopone australis","","Lord Howe Island","Australia","","Volcanic soil Pickard Veg: DaCt Sieved Litter",150,NA,NA,NA
"http://antweb.org/api/v2/?occurrenceId=CAS:ANTWEB:anic32-013183","anic32-013183","formicidae","amblyoponinae","Amblyopone","australis","Amblyopone australis","","Lord Howe Island","Australia","","Volcanic soil Pickard Veg:GMF Sieved soil",850,NA,NA,NA
"http://antweb.org/api/v2/?occurrenceId=CAS:ANTWEB:anic32-013184","anic32-013184","formicidae","amblyoponinae","Amblyopone","australis","Amblyopone australis","","Lord Howe Island","Australia","","Volcanic soil Pickard Veg:GMF Moss on trees",850,NA,NA,NA
"http://antweb.org/api/v2/?occurrenceId=CAS:ANTWEB:anic32-013185","anic32-013185","formicidae","amblyoponinae","Amblyopone","australis","Amblyopone australis","","Lord Howe Island","Australia","","Volcanic soil, Pickard Veg:DaCt Sieved litter",250,NA,NA,NA
"http://antweb.org/api/v2/?occurrenceId=CAS:ANTWEB:anic32-013186","anic32-013186","formicidae","amblyoponinae","Amblyopone","australis","Amblyopone australis","","Lord Howe Island","Australia","","Volcanic Soil Pickard Veg: DaCt Sieved litter",120,NA,NA,NA
"http://antweb.org/api/v2/?occurrenceId=CAS:ANTWEB:anic32-015893","anic32-015893","formicidae","amblyoponinae","Amblyopone","australis","Amblyopone australis","","Queensland","Australia","","",NA,"point","-11.5","142.5"
"http://antweb.org/api/v2/?occurrenceId=CAS:ANTWEB:anic32-015894","anic32-015894","formicidae","amblyoponinae","Amblyopone","australis","Amblyopone australis","","Queensland","Australia","","Rainforest Ex rotting log",800,"point","-17.2833","145.617"
"http://antweb.org/api/v2/?occurrenceId=CAS:ANTWEB:anic32-015895","anic32-015895","formicidae","amblyoponinae","Amblyopone","australis","Amblyopone australis","","Queensland","Australia","","Rainforest Under log, rotting stump",NA,"point","-17.1167","145.483"
"http://antweb.org/api/v2/?occurrenceId=CAS:ANTWEB:anic32-015896","anic32-015896","formicidae","amblyoponinae","Amblyopone","australis","Amblyopone australis","","Queensland","Australia","","",NA,"point","-17.35","145.6"
"http://antweb.org/api/v2/?occurrenceId=CAS:ANTWEB:anic32-015897","anic32-015897","formicidae","amblyoponinae","Amblyopone","australis","Amblyopone australis","","Queensland","Australia","","",NA,"point","-16.45","145.633"
"http://antweb.org/api/v2/?occurrenceId=CAS:ANTWEB:anic32-015898","anic32-015898","formicidae","amblyoponinae","Amblyopone","australis","Amblyopone australis","","Queensland","Australia","","",1219,"point","-16.4333","145.2"
"http://antweb.org/api/v2/?occurrenceId=CAS:ANTWEB:anic32-015899","anic32-015899","formicidae","amblyoponinae","Amblyopone","australis","Amblyopone australis","","Queensland","Australia","","",NA,"point","-17.5333","146.017"
"http://antweb.org/api/v2/?occurrenceId=CAS:ANTWEB:anic32-015900","anic32-015900","formicidae","amblyoponinae","Amblyopone","australis","Amblyopone australis","","Queensland","Australia","","",NA,"point","-16.9167","145.767"
"http://antweb.org/api/v2/?occurrenceId=CAS:ANTWEB:anic32-015901","anic32-015901","formicidae","amblyoponinae","Amblyopone","australis","Amblyopone australis","","Queensland","Australia","","",NA,"point","-16.9167","145.767"
"http://antweb.org/api/v2/?occurrenceId=CAS:ANTWEB:anic32-015902","anic32-015902","formicidae","amblyoponinae","Amblyopone","australis","Amblyopone australis","","Queensland","Australia","","Rainforest Moist logs",NA,NA,NA,NA
"http://antweb.org/api/v2/?occurrenceId=CAS:ANTWEB:anic32-015903","anic32-015903","formicidae","amblyoponinae","Amblyopone","australis","Amblyopone australis","","Queensland","Australia","","Rainforest Ex rotting log",914,"point","-18.1","145.683"
"http://antweb.org/api/v2/?occurrenceId=CAS:ANTWEB:anic32-015904","anic32-015904","formicidae","amblyoponinae","Amblyopone","australis","Amblyopone australis","","Queensland","Australia","","Rainforest Ex rotting log",609,"point","-27.9167","153.167"
"http://antweb.org/api/v2/?occurrenceId=CAS:ANTWEB:anic32-015905","anic32-015905","formicidae","amblyoponinae","Amblyopone","australis","Amblyopone australis","","Queensland","Australia","","Rainforest Under bark, fairly sound log",609,"point","-27.9167","153.15"
"http://antweb.org/api/v2/?occurrenceId=CAS:ANTWEB:anic32-015906","anic32-015906","formicidae","amblyoponinae","Amblyopone","australis","Amblyopone australis","","Queensland","Australia","","",NA,"point","-19.2667","146.817"
"http://antweb.org/api/v2/?occurrenceId=CAS:ANTWEB:anic32-015907","anic32-015907","formicidae","amblyoponinae","Amblyopone","australis","Amblyopone australis","","Queensland","Australia","","Rainforest Folinding colony under stone",792,"point","-28.2","153.183"
"http://antweb.org/api/v2/?occurrenceId=CAS:ANTWEB:anic32-015908","anic32-015908","formicidae","amblyoponinae","Amblyopone","australis","Amblyopone australis","","Queensland","Australia","","",NA,"point","-17.6","145.483"
"http://antweb.org/api/v2/?occurrenceId=CAS:ANTWEB:anic32-015909","anic32-015909","formicidae","amblyoponinae","Amblyopone","australis","Amblyopone australis","","Queensland","Australia","","",NA,"point","-26.85","151.567"
"http://antweb.org/api/v2/?occurrenceId=CAS:ANTWEB:anic32-015910","anic32-015910","formicidae","amblyoponinae","Amblyopone","australis","Amblyopone australis","","Queensland","Australia","","",NA,"point","-26.85","151.567"
"http://antweb.org/api/v2/?occurrenceId=CAS:ANTWEB:anic32-015911","anic32-015911","formicidae","amblyoponinae","Amblyopone","australis","Amblyopone australis","","Queensland","Australia","","",NA,"point","-26.85","151.567"
"http://antweb.org/api/v2/?occurrenceId=CAS:ANTWEB:anic32-015912","anic32-015912","formicidae","amblyoponinae","Amblyopone","australis","Amblyopone australis","","Queensland","Australia","","",NA,"point","-27.56","151.95"
"http://antweb.org/api/v2/?occurrenceId=CAS:ANTWEB:anic32-015913","anic32-015913","formicidae","amblyoponinae","Amblyopone","australis","Amblyopone australis","","Queensland","Australia","","",NA,"point","-26.6333","152.867"
"http://antweb.org/api/v2/?occurrenceId=CAS:ANTWEB:anic32-015914","anic32-015914","formicidae","amblyoponinae","Amblyopone","australis","Amblyopone australis","","Queensland","Australia","","Dense sclerophyll, woodland",609,"point","-27.9167","153.15"
"http://antweb.org/api/v2/?occurrenceId=CAS:ANTWEB:anic32-015915","anic32-015915","formicidae","amblyoponinae","Amblyopone","australis","Amblyopone australis","","Queensland","Australia","","",NA,"point","-27.9167","153.167"
"http://antweb.org/api/v2/?occurrenceId=CAS:ANTWEB:anic32-015916","anic32-015916","formicidae","amblyoponinae","Amblyopone","australis","Amblyopone australis","","Queensland","Australia","","Rainforest Ex rotting log",609,"point","-27.3","152.767"
"http://antweb.org/api/v2/?occurrenceId=CAS:ANTWEB:anic32-015917","anic32-015917","formicidae","amblyoponinae","Amblyopone","australis","Amblyopone australis","","Queensland","Australia","","Rainforest Ex rotting log",609,"point","-27.3","152.767"
"http://antweb.org/api/v2/?occurrenceId=CAS:ANTWEB:anic32-015918","anic32-015918","formicidae","amblyoponinae","Amblyopone","australis","Amblyopone australis","","Queensland","Australia","","",609,"point","-27.3","152.767"
"http://antweb.org/api/v2/?occurrenceId=CAS:ANTWEB:anic32-015919","anic32-015919","formicidae","amblyoponinae","Amblyopone","australis","Amblyopone australis","","Queensland","Australia","","",NA,"point","-28.25","153.133"
"http://antweb.org/api/v2/?occurrenceId=CAS:ANTWEB:anic32-015920","anic32-015920","formicidae","amblyoponinae","Amblyopone","australis","Amblyopone australis","","Queensland","Australia","","",NA,"point","-28.25","153.133"
"http://antweb.org/api/v2/?occurrenceId=CAS:ANTWEB:anic32-015921","anic32-015921","formicidae","amblyoponinae","Amblyopone","australis","Amblyopone australis","","Queensland","Australia","","",NA,"point","-28.25","153.133"
"http://antweb.org/api/v2/?occurrenceId=CAS:ANTWEB:anic32-015922","anic32-015922","formicidae","amblyoponinae","Amblyopone","australis","Amblyopone australis","","Queensland","Australia","","Rainforest Ex rotting log",914,"point","-28.05","152.4"
"http://antweb.org/api/v2/?occurrenceId=CAS:ANTWEB:anic32-015923","anic32-015923","formicidae","amblyoponinae","Amblyopone","australis","Amblyopone australis","","Queensland","Australia","","rainforest Nest, ex rotting wood",304,"point","-17.6167","145.817"
"http://antweb.org/api/v2/?occurrenceId=CAS:ANTWEB:anic32-015924","anic32-015924","formicidae","amblyoponinae","Amblyopone","australis","Amblyopone australis","","Queensland","Australia","","rainforest Ex rotting log",304,"point","-17.6167","145.817"
"http://antweb.org/api/v2/?occurrenceId=CAS:ANTWEB:anic32-015925","anic32-015925","formicidae","amblyoponinae","Amblyopone","australis","Amblyopone australis","","Queensland","Australia","","Rainforest Nest, ex rotting log",914,"point","-16.6","145.333"
"http://antweb.org/api/v2/?occurrenceId=CAS:ANTWEB:anic32-015926","anic32-015926","formicidae","amblyoponinae","Amblyopone","australis","Amblyopone australis","","Queensland","Australia","","",NA,"point","-28.2","153.183"
"http://antweb.org/api/v2/?occurrenceId=CAS:ANTWEB:anic32-015927","anic32-015927","formicidae","amblyoponinae","Amblyopone","australis","Amblyopone australis","","Queensland","Australia","","Sopes below Wilsons Peak Leaf mould",NA,"point","-27.9667","153.217"
"http://antweb.org/api/v2/?occurrenceId=CAS:ANTWEB:anic32-015928","anic32-015928","formicidae","amblyoponinae","Amblyopone","australis","Amblyopone australis","","Queensland","Australia","","Rainforest",1066,"point","-17.2667","145.483"
"http://antweb.org/api/v2/?occurrenceId=CAS:ANTWEB:anic32-015929","anic32-015929","formicidae","amblyoponinae","Amblyopone","australis","Amblyopone australis","","Queensland","Australia","","",1219,"point","-17.3667","145.45"
"http://antweb.org/api/v2/?occurrenceId=CAS:ANTWEB:anic32-015930","anic32-015930","formicidae","amblyoponinae","Amblyopone","australis","Amblyopone australis","","Queensland","Australia","","Rainforest Ex rotting log",914,"point","-28.2","153.183"
"http://antweb.org/api/v2/?occurrenceId=CAS:ANTWEB:anic32-016108","anic32-016108","formicidae","amblyoponinae","Amblyopone","australis","Amblyopone australis","","Queensland","Australia","","Rainforest Nest under stone",914,"point","-28.2","153.183"
"http://antweb.org/api/v2/?occurrenceId=CAS:ANTWEB:anic32-016109","anic32-016109","formicidae","amblyoponinae","Amblyopone","australis","Amblyopone australis","","Queensland","Australia","","Rainforest Under stone",914,"point","-28.2","153.183"
"http://antweb.org/api/v2/?occurrenceId=CAS:ANTWEB:anic32-016110","anic32-016110","formicidae","amblyoponinae","Amblyopone","australis","Amblyopone australis","","Queensland","Australia","","Rainforest Ex rotting log",914,"point","-28.2","153.183"
"http://antweb.org/api/v2/?occurrenceId=CAS:ANTWEB:anic32-016111","anic32-016111","formicidae","amblyoponinae","Amblyopone","australis","Amblyopone australis","","Queensland","Australia","","Rainforest Ex rotting log",NA,"point","-26.8","152.967"
"http://antweb.org/api/v2/?occurrenceId=CAS:ANTWEB:anic32-016112","anic32-016112","formicidae","amblyoponinae","Amblyopone","australis","Amblyopone australis","","Queensland","Australia","","",NA,"point","-17.6","145.483"
"http://antweb.org/api/v2/?occurrenceId=CAS:ANTWEB:anic32-016113","anic32-016113","formicidae","amblyoponinae","Amblyopone","australis","Amblyopone australis","","Queensland","Australia","","Rainforest",800,"point","-17.2833","145.617"
"http://antweb.org/api/v2/?occurrenceId=CAS:ANTWEB:anic32-016114","anic32-016114","formicidae","amblyoponinae","Amblyopone","australis","Amblyopone australis","","Queensland","Australia","","Rainforest",914,"point","-28.2","153.183"
"http://antweb.org/api/v2/?occurrenceId=CAS:ANTWEB:anic32-016115","anic32-016115","formicidae","amblyoponinae","Amblyopone","australis","Amblyopone australis","","Queensland","Australia","","",NA,"point","-28.2","153.183"
"http://antweb.org/api/v2/?occurrenceId=CAS:ANTWEB:anic32-016116","anic32-016116","formicidae","amblyoponinae","Amblyopone","australis","Amblyopone australis","","Queensland","Australia","","Rainforest",800,"point","-17.3833","145.383"
"http://antweb.org/api/v2/?occurrenceId=CAS:ANTWEB:anic32-016117","anic32-016117","formicidae","amblyoponinae","Amblyopone","australis","Amblyopone australis","","Queensland","Australia","","",1219,"point","-17.3667","145.45"
"http://antweb.org/api/v2/?occurrenceId=CAS:ANTWEB:anic32-016118","anic32-016118","formicidae","amblyoponinae","Amblyopone","australis","Amblyopone australis","","Queensland","Australia","","Rainforest",365,"point","-16.8167","145.633"
"http://antweb.org/api/v2/?occurrenceId=CAS:ANTWEB:anic32-016119","anic32-016119","formicidae","amblyoponinae","Amblyopone","australis","Amblyopone australis","","Queensland","Australia","","Rainforest Ex rotting log",609,"point","-27.3","152.767"
"http://antweb.org/api/v2/?occurrenceId=CAS:ANTWEB:anic32-016120","anic32-016120","formicidae","amblyoponinae","Amblyopone","australis","Amblyopone australis","","Queensland","Australia","","Sclerophyll, woods",304,NA,NA,NA
"http://antweb.org/api/v2/?occurrenceId=CAS:ANTWEB:anic32-016121","anic32-016121","formicidae","amblyoponinae","Amblyopone","australis","Amblyopone australis","","Queensland","Australia","","",NA,"point","-17.2667","145.483"
"http://antweb.org/api/v2/?occurrenceId=CAS:ANTWEB:anic32-016122","anic32-016122","formicidae","amblyoponinae","Amblyopone","australis","Amblyopone australis","","Queensland","Australia","","",NA,"point","-28.3167","153.083"
"http://antweb.org/api/v2/?occurrenceId=CAS:ANTWEB:anic32-016123","anic32-016123","formicidae","amblyoponinae","Amblyopone","australis","Amblyopone australis","","Queensland","Australia","","",NA,"point","-17.35","145.6"
"http://antweb.org/api/v2/?occurrenceId=CAS:ANTWEB:anic32-016124","anic32-016124","formicidae","amblyoponinae","Amblyopone","australis","Amblyopone australis","","New South Wales","Australia","","",NA,"point","-31.9833","151.45"
"http://antweb.org/api/v2/?occurrenceId=CAS:ANTWEB:anic32-016125","anic32-016125","formicidae","amblyoponinae","Amblyopone","australis","Amblyopone australis","","New South Wales","Australia","","",NA,"point","-31.9833","151.45"
"http://antweb.org/api/v2/?occurrenceId=CAS:ANTWEB:anic32-016126","anic32-016126","formicidae","amblyoponinae","Amblyopone","australis","Amblyopone australis","","New South Wales","Australia","","",NA,"point","-31.9833","151.45"
"http://antweb.org/api/v2/?occurrenceId=CAS:ANTWEB:anic32-016127","anic32-016127","formicidae","amblyoponinae","Amblyopone","australis","Amblyopone australis","","New South Wales","Australia","","",1524,"point","-32.0333","151.4"
"http://antweb.org/api/v2/?occurrenceId=CAS:ANTWEB:anic32-016128","anic32-016128","formicidae","amblyoponinae","Amblyopone","australis","Amblyopone australis","","New South Wales","Australia","","",NA,"point","-30.3333","152.717"
"http://antweb.org/api/v2/?occurrenceId=CAS:ANTWEB:anic32-016129","anic32-016129","formicidae","amblyoponinae","Amblyopone","australis","Amblyopone australis","","New South Wales","Australia","","",NA,"point","-30.3333","152.717"
"http://antweb.org/api/v2/?occurrenceId=CAS:ANTWEB:anic32-016130","anic32-016130","formicidae","amblyoponinae","Amblyopone","australis","Amblyopone australis","","New South Wales","Australia","","",NA,"point","-30.2167","151.667"
"http://antweb.org/api/v2/?occurrenceId=CAS:ANTWEB:anic32-016131","anic32-016131","formicidae","amblyoponinae","Amblyopone","australis","Amblyopone australis","","New South Wales","Australia","","",NA,"point","-30.3","152.85"
"http://antweb.org/api/v2/?occurrenceId=CAS:ANTWEB:anic32-016132","anic32-016132","formicidae","amblyoponinae","Amblyopone","australis","Amblyopone australis","","New South Wales","Australia","","",NA,"point","-33.6833","151.1"
"http://antweb.org/api/v2/?occurrenceId=CAS:ANTWEB:anic32-016133","anic32-016133","formicidae","amblyoponinae","Amblyopone","australis","Amblyopone australis","","New South Wales","Australia","","",NA,"point","-28.8167","153.267"
"http://antweb.org/api/v2/?occurrenceId=CAS:ANTWEB:anic32-016134","anic32-016134","formicidae","amblyoponinae","Amblyopone","australis","Amblyopone australis","","New South Wales","Australia","","",NA,"point","-31.4667","152.733"
"http://antweb.org/api/v2/?occurrenceId=CAS:ANTWEB:anic32-016135","anic32-016135","formicidae","amblyoponinae","Amblyopone","australis","Amblyopone australis","","New South Wales","Australia","","",NA,"point","-34.6333","150.85"
"http://antweb.org/api/v2/?occurrenceId=CAS:ANTWEB:anic32-016136","anic32-016136","formicidae","amblyoponinae","Amblyopone","australis","Amblyopone australis","","New South Wales","Australia","","",NA,"point","-35.65","148.183"
"http://antweb.org/api/v2/?occurrenceId=CAS:ANTWEB:anic32-016137","anic32-016137","formicidae","amblyoponinae","Amblyopone","australis","Amblyopone australis","","New South Wales","Australia","","",NA,"point","-35.6167","148.117"
"http://antweb.org/api/v2/?occurrenceId=CAS:ANTWEB:anic32-016138","anic32-016138","formicidae","amblyoponinae","Amblyopone","australis","Amblyopone australis","","New South Wales","Australia","","",NA,"point","-34.5667","150.633"
"http://antweb.org/api/v2/?occurrenceId=CAS:ANTWEB:anic32-016139","anic32-016139","formicidae","amblyoponinae","Amblyopone","australis","Amblyopone australis","","New South Wales","Australia","","",NA,NA,NA,NA
"http://antweb.org/api/v2/?occurrenceId=CAS:ANTWEB:anic32-016140","anic32-016140","formicidae","amblyoponinae","Amblyopone","australis","Amblyopone australis","","New South Wales","Australia","","",914,"point","-33.6333","150.283"
"http://antweb.org/api/v2/?occurrenceId=CAS:ANTWEB:anic32-016141","anic32-016141","formicidae","amblyoponinae","Amblyopone","australis","Amblyopone australis","","New South Wales","Australia","","",NA,"point","-30.35","152.55"
"http://antweb.org/api/v2/?occurrenceId=CAS:ANTWEB:anic32-016142","anic32-016142","formicidae","amblyoponinae","Amblyopone","australis","Amblyopone australis","","New South Wales","Australia","","",NA,"point","-34.6833","150.6"
"http://antweb.org/api/v2/?occurrenceId=CAS:ANTWEB:anic32-016143","anic32-016143","formicidae","amblyoponinae","Amblyopone","australis","Amblyopone australis","","New South Wales","Australia","","",1524,"point","-36.45","148.267"
"http://antweb.org/api/v2/?occurrenceId=CAS:ANTWEB:anic32-016144","anic32-016144","formicidae","amblyoponinae","Amblyopone","australis","Amblyopone australis","","New South Wales","Australia","","",NA,"point","-35.8667","148.5"
"http://antweb.org/api/v2/?occurrenceId=CAS:ANTWEB:anic32-016145","anic32-016145","formicidae","amblyoponinae","Amblyopone","australis","Amblyopone australis","","New South Wales","Australia","","",NA,"point","-35.8667","148.5"
"http://antweb.org/api/v2/?occurrenceId=CAS:ANTWEB:anic32-016146","anic32-016146","formicidae","amblyoponinae","Amblyopone","australis","Amblyopone australis","","New South Wales","Australia","","Eucalyptus Under stone, in soil",1600,"point","-30.4833","152.417"
"http://antweb.org/api/v2/?occurrenceId=CAS:ANTWEB:anic32-016147","anic32-016147","formicidae","amblyoponinae","Amblyopone","australis","Amblyopone australis","","New South Wales","Australia","","Rainforest Rotten log",NA,"point","-34.8833","150.6"
"http://antweb.org/api/v2/?occurrenceId=CAS:ANTWEB:anic32-016148","anic32-016148","formicidae","amblyoponinae","Amblyopone","australis","Amblyopone australis","","New South Wales","Australia","","Dry sclerophyll for. Nest in soil, under stone",1219,"point","-33.35","148.983"
"http://antweb.org/api/v2/?occurrenceId=CAS:ANTWEB:anic32-016149","anic32-016149","formicidae","amblyoponinae","Amblyopone","australis","Amblyopone australis","","Lord Howe Island","Australia","","Mist forest Nest in soil, under stone",853,NA,NA,NA
"http://antweb.org/api/v2/?occurrenceId=CAS:ANTWEB:anic32-016150","anic32-016150","formicidae","amblyoponinae","Amblyopone","australis","Amblyopone australis","","New South Wales","Australia","","Wet sclerophyll Ex rotting log",731,"point","-35.55","149.95"
"http://antweb.org/api/v2/?occurrenceId=CAS:ANTWEB:anic32-016151","anic32-016151","formicidae","amblyoponinae","Amblyopone","australis","Amblyopone australis","","New South Wales","Australia","","Rainforest",NA,"point","-30.3667","152.75"
"http://antweb.org/api/v2/?occurrenceId=CAS:ANTWEB:anic32-016152","anic32-016152","formicidae","amblyoponinae","Amblyopone","australis","Amblyopone australis","","New South Wales","Australia","","Rainforest Ex rotting log",609,"point","-32.2667","151.5"
"http://antweb.org/api/v2/?occurrenceId=CAS:ANTWEB:anic32-016153","anic32-016153","formicidae","amblyoponinae","Amblyopone","australis","Amblyopone australis","","","New Zealand","","Kowhsi forest Under log",NA,"point","-34.4167","172.783"
"http://antweb.org/api/v2/?occurrenceId=CAS:ANTWEB:anic32-016154","anic32-016154","formicidae","amblyoponinae","Amblyopone","australis","Amblyopone australis","","","New Zealand","","",NA,"point","-36.8667","174.767"
"http://antweb.org/api/v2/?occurrenceId=CAS:ANTWEB:anic32-016155","anic32-016155","formicidae","amblyoponinae","Amblyopone","australis","Amblyopone australis","","","New Zealand","","",NA,"point","-36.8667","174.767"
"http://antweb.org/api/v2/?occurrenceId=CAS:ANTWEB:anic32-016156","anic32-016156","formicidae","amblyoponinae","Amblyopone","australis","Amblyopone australis","","","New Zealand","","",NA,"point","-36.9167","174.733"
"http://antweb.org/api/v2/?occurrenceId=CAS:ANTWEB:anic32-016157","anic32-016157","formicidae","amblyoponinae","Amblyopone","australis","Amblyopone australis","","","New Zealand","","Purewa bush",NA,"point","-36.8667","174.767"
"http://antweb.org/api/v2/?occurrenceId=CAS:ANTWEB:anic32-016158","anic32-016158","formicidae","amblyoponinae","Amblyopone","australis","Amblyopone australis","","","New Zealand","","",NA,"point","-39.4167","175.417"
"http://antweb.org/api/v2/?occurrenceId=CAS:ANTWEB:anic32-016159","anic32-016159","formicidae","amblyoponinae","Amblyopone","australis","Amblyopone australis","","","New Zealand","","",NA,"point","-36.8","175.1"
"http://antweb.org/api/v2/?occurrenceId=CAS:ANTWEB:anic32-016160","anic32-016160","formicidae","amblyoponinae","Amblyopone","australis","Amblyopone australis","","","New Zealand","","",NA,"point","-38.1","175.433"
"http://antweb.org/api/v2/?occurrenceId=CAS:ANTWEB:anic32-016161","anic32-016161","formicidae","amblyoponinae","Amblyopone","australis","Amblyopone australis","","","New Zealand","","",NA,"point","-36.95","174.467"
"http://antweb.org/api/v2/?occurrenceId=CAS:ANTWEB:anic32-016162","anic32-016162","formicidae","amblyoponinae","Amblyopone","australis","Amblyopone australis","","","New Zealand","","",NA,"point","-36.6667","174.45"
"http://antweb.org/api/v2/?occurrenceId=CAS:ANTWEB:anic32-016163","anic32-016163","formicidae","amblyoponinae","Amblyopone","australis","Amblyopone australis","","","New Zealand","","",NA,"point","-36.2","175.083"
"http://antweb.org/api/v2/?occurrenceId=CAS:ANTWEB:anic32-016165","anic32-016165","formicidae","amblyoponinae","Amblyopone","australis","Amblyopone australis","","","New Zealand","","",NA,"point","-38.8333","175.117"
"http://antweb.org/api/v2/?occurrenceId=CAS:ANTWEB:anic32-016166","anic32-016166","formicidae","amblyoponinae","Amblyopone","australis","Amblyopone australis","","","New Zealand","","",NA,"point","-37.8","174.883"
"http://antweb.org/api/v2/?occurrenceId=CAS:ANTWEB:anic32-016167","anic32-016167","formicidae","amblyoponinae","Amblyopone","australis","Amblyopone australis","","","New Zealand","","",NA,NA,NA,NA
"http://antweb.org/api/v2/?occurrenceId=CAS:ANTWEB:anic32-016168","anic32-016168","formicidae","amblyoponinae","Amblyopone","australis","Amblyopone australis","","","New Zealand","","",NA,"point","-39.5833","174.2"
"http://antweb.org/api/v2/?occurrenceId=CAS:ANTWEB:anic32-016169","anic32-016169","formicidae","amblyoponinae","Amblyopone","australis","Amblyopone australis","","","Micronesia","","",NA,NA,NA,NA
"http://antweb.org/api/v2/?occurrenceId=CAS:ANTWEB:anic32-016170","anic32-016170","formicidae","amblyoponinae","Amblyopone","australis","Amblyopone australis","","Victoria","Australia","","garden",NA,"point","-37.5","144.583"
"http://antweb.org/api/v2/?occurrenceId=CAS:ANTWEB:anic32-016171","anic32-016171","formicidae","amblyoponinae","Amblyopone","australis","Amblyopone australis","","","New Zealand","","",NA,"point","-36.75","174.767"
"http://antweb.org/api/v2/?occurrenceId=CAS:ANTWEB:anic32-016172","anic32-016172","formicidae","amblyoponinae","Amblyopone","australis","Amblyopone australis","","","New Zealand","","",NA,NA,NA,NA
"http://antweb.org/api/v2/?occurrenceId=CAS:ANTWEB:anic32-016173","anic32-016173","formicidae","amblyoponinae","Amblyopone","australis","Amblyopone australis","","","New Zealand","","",NA,"point","-39.4833","176.917"
"http://antweb.org/api/v2/?occurrenceId=CAS:ANTWEB:anic32-016174","anic32-016174","formicidae","amblyoponinae","Amblyopone","australis","Amblyopone australis","","","New Zealand","","",NA,"point","-38.1","175.433"
"http://antweb.org/api/v2/?occurrenceId=CAS:ANTWEB:anic32-016175","anic32-016175","formicidae","amblyoponinae","Amblyopone","australis","Amblyopone australis","","","New Zealand","","",NA,"point","-36.9333","174.667"
"http://antweb.org/api/v2/?occurrenceId=CAS:ANTWEB:anic32-016176","anic32-016176","formicidae","amblyoponinae","Amblyopone","australis","Amblyopone australis","","","New Zealand","","",NA,NA,NA,NA
"http://antweb.org/api/v2/?occurrenceId=CAS:ANTWEB:anic32-016177","anic32-016177","formicidae","amblyoponinae","Amblyopone","australis","Amblyopone australis","","Western Australia","Australia","","",NA,"point","-35","116.817"
"http://antweb.org/api/v2/?occurrenceId=CAS:ANTWEB:anic32-016178","anic32-016178","formicidae","amblyoponinae","Amblyopone","australis","Amblyopone australis","","Western Australia","Australia","","Dry sclerophyll Nest in soil, under stone",500,"point","-34.0167","117.833"
"http://antweb.org/api/v2/?occurrenceId=CAS:ANTWEB:anic32-016179","anic32-016179","formicidae","amblyoponinae","Amblyopone","australis","Amblyopone australis","","Western Australia","Australia","","Marri forest In soil, under log",NA,"point","-34.35","115.917"
"http://antweb.org/api/v2/?occurrenceId=CAS:ANTWEB:anic32-016180","anic32-016180","formicidae","amblyoponinae","Amblyopone","australis","Amblyopone australis","","Western Australia","Australia","","dry Marri forest Nest in soil under log",NA,"point","-33.7333","115.033"
"http://antweb.org/api/v2/?occurrenceId=CAS:ANTWEB:anic32-016181","anic32-016181","formicidae","amblyoponinae","Amblyopone","australis","Amblyopone australis","","Western Australia","Australia","","Marri forest In soil, under log",200,"point","-34.6333","116.283"
"http://antweb.org/api/v2/?occurrenceId=CAS:ANTWEB:anic32-016182","anic32-016182","formicidae","amblyoponinae","Amblyopone","australis","Amblyopone australis","","Western Australia","Australia","","Marri forest Under stone",200,"point","-34.6333","116.283"
"http://antweb.org/api/v2/?occurrenceId=CAS:ANTWEB:anic32-016183","anic32-016183","formicidae","amblyoponinae","Amblyopone","australis","Amblyopone australis","","Western Australia","Australia","","Base of granite mtn. Nest under stone",350,"point","-34.9833","116.733"
"http://antweb.org/api/v2/?occurrenceId=CAS:ANTWEB:anic32-016184","anic32-016184","formicidae","amblyoponinae","Amblyopone","australis","Amblyopone australis","","Western Australia","Australia","","Base of granite mtn., mes. forest In soil, under stone",350,"point","-34.9833","116.733"
"http://antweb.org/api/v2/?occurrenceId=CAS:ANTWEB:anic32-016185","anic32-016185","formicidae","amblyoponinae","Amblyopone","australis","Amblyopone australis","","Western Australia","Australia","","Heath Nest under stone",350,"point","-34.9833","116.733"
"http://antweb.org/api/v2/?occurrenceId=CAS:ANTWEB:anic32-016186","anic32-016186","formicidae","amblyoponinae","Amblyopone","australis","Amblyopone australis","","Western Australia","Australia","","Top of granite mtn. On ground",420,"point","-34.9833","116.733"
"http://antweb.org/api/v2/?occurrenceId=CAS:ANTWEB:anic32-016187","anic32-016187","formicidae","amblyoponinae","Amblyopone","australis","Amblyopone australis","","Western Australia","Australia","","Marri forest Under log",300,"point","-34.7167","116.733"
"http://antweb.org/api/v2/?occurrenceId=CAS:ANTWEB:anic32-016188","anic32-016188","formicidae","amblyoponinae","Amblyopone","australis","Amblyopone australis","","Western Australia","Australia","","Marri forest Stray, under log",250,"point","-34.7833","116.733"
"http://antweb.org/api/v2/?occurrenceId=CAS:ANTWEB:anic32-016189","anic32-016189","formicidae","amblyoponinae","Amblyopone","australis","Amblyopone australis","","Western Australia","Australia","","Marri forest Nest in soil under log",250,"point","-34.7833","116.733"
"http://antweb.org/api/v2/?occurrenceId=CAS:ANTWEB:anic32-016190","anic32-016190","formicidae","amblyoponinae","Amblyopone","australis","Amblyopone australis","","South Australia","Australia","","",NA,"point","-35.0167","138.733"
"http://antweb.org/api/v2/?occurrenceId=CAS:ANTWEB:anic32-016191","anic32-016191","formicidae","amblyoponinae","Amblyopone","australis","Amblyopone australis","","South Australia","Australia","","",NA,"point","-34.7333","135.867"
"http://antweb.org/api/v2/?occurrenceId=CAS:ANTWEB:anic32-016192","anic32-016192","formicidae","amblyoponinae","Amblyopone","australis","Amblyopone australis","","Norfolk Island","Australia","","Palms and ferns area Berlesate",NA,"point","-29.0333","167.95"
"http://antweb.org/api/v2/?occurrenceId=CAS:ANTWEB:anic32-016193","anic32-016193","formicidae","amblyoponinae","Amblyopone","australis","Amblyopone australis","","Western Australia","Australia","","",NA,"point","-35","116.817"
"http://antweb.org/api/v2/?occurrenceId=CAS:ANTWEB:anic32-016194","anic32-016194","formicidae","amblyoponinae","Amblyopone","australis","Amblyopone australis","","Western Australia","Australia","","",NA,"point","-34.25","116.15"
"http://antweb.org/api/v2/?occurrenceId=CAS:ANTWEB:anic32-016195","anic32-016195","formicidae","amblyoponinae","Amblyopone","australis","Amblyopone australis","","Western Australia","Australia","","",NA,"point","-33.9667","116.133"
"http://antweb.org/api/v2/?occurrenceId=CAS:ANTWEB:anic32-016196","anic32-016196","formicidae","amblyoponinae","Amblyopone","australis","Amblyopone australis","","Western Australia","Australia","","",NA,"point","-33.9667","116.133"
"http://antweb.org/api/v2/?occurrenceId=CAS:ANTWEB:anic32-016197","anic32-016197","formicidae","amblyoponinae","Amblyopone","australis","Amblyopone australis","","Western Australia","Australia","","",NA,"point","-35","117.867"
"http://antweb.org/api/v2/?occurrenceId=CAS:ANTWEB:anic32-016198","anic32-016198","formicidae","amblyoponinae","Amblyopone","australis","Amblyopone australis","","Western Australia","Australia","","",NA,"point","-32.7167","116.067"
"http://antweb.org/api/v2/?occurrenceId=CAS:ANTWEB:anic32-016199","anic32-016199","formicidae","amblyoponinae","Amblyopone","australis","Amblyopone australis","","Western Australia","Australia","","",NA,"point","-34.9667","117.35"
"http://antweb.org/api/v2/?occurrenceId=CAS:ANTWEB:anic32-016200","anic32-016200","formicidae","amblyoponinae","Amblyopone","australis","Amblyopone australis","","Queensland","Australia","","",NA,"point","-27.9667","153.183"
"http://antweb.org/api/v2/?occurrenceId=CAS:ANTWEB:anic32-016201","anic32-016201","formicidae","amblyoponinae","Amblyopone","australis","Amblyopone australis","","Victoria","Australia","","",NA,"point","-37.95","144.433"
"http://antweb.org/api/v2/?occurrenceId=CAS:ANTWEB:anic32-016202","anic32-016202","formicidae","amblyoponinae","Amblyopone","australis","Amblyopone australis","","Victoria","Australia","","",NA,"point","-38.55","146.25"
"http://antweb.org/api/v2/?occurrenceId=CAS:ANTWEB:anic32-016203","anic32-016203","formicidae","amblyoponinae","Amblyopone","australis","Amblyopone australis","","Victoria","Australia","","",NA,"point","-38.55","146.25"
"http://antweb.org/api/v2/?occurrenceId=CAS:ANTWEB:anic32-016204","anic32-016204","formicidae","amblyoponinae","Amblyopone","australis","Amblyopone australis","","Victoria","Australia","","",NA,"point","-38.55","146.25"
"http://antweb.org/api/v2/?occurrenceId=CAS:ANTWEB:anic32-016205","anic32-016205","formicidae","amblyoponinae","Amblyopone","australis","Amblyopone australis","","Victoria","Australia","","",NA,"point","-38.55","146.25"
"http://antweb.org/api/v2/?occurrenceId=CAS:ANTWEB:anic32-016206","anic32-016206","formicidae","amblyoponinae","Amblyopone","australis","Amblyopone australis","","Victoria","Australia","","",NA,"point","-38.55","146.25"
"http://antweb.org/api/v2/?occurrenceId=CAS:ANTWEB:anic32-016207","anic32-016207","formicidae","amblyoponinae","Amblyopone","australis","Amblyopone australis","","Victoria","Australia","","",NA,"point","-37.8833","145.367"
"http://antweb.org/api/v2/?occurrenceId=CAS:ANTWEB:anic32-016208","anic32-016208","formicidae","amblyoponinae","Amblyopone","australis","Amblyopone australis","","Victoria","Australia","","",NA,"point","-37.9167","145.35"
"http://antweb.org/api/v2/?occurrenceId=CAS:ANTWEB:anic32-016209","anic32-016209","formicidae","amblyoponinae","Amblyopone","australis","Amblyopone australis","","Victoria","Australia","","",NA,"point","-37.9167","145.35"
"http://antweb.org/api/v2/?occurrenceId=CAS:ANTWEB:anic32-016210","anic32-016210","formicidae","amblyoponinae","Amblyopone","australis","Amblyopone australis","","Victoria","Australia","","",NA,"point","-37.8833","145.3"
"http://antweb.org/api/v2/?occurrenceId=CAS:ANTWEB:anic32-016211","anic32-016211","formicidae","amblyoponinae","Amblyopone","australis","Amblyopone australis","","Victoria","Australia","","",NA,"point","-37.8833","145.3"
"http://antweb.org/api/v2/?occurrenceId=CAS:ANTWEB:anic32-016212","anic32-016212","formicidae","amblyoponinae","Amblyopone","australis","Amblyopone australis","","Victoria","Australia","","",NA,"point","-37.8833","145.3"
"http://antweb.org/api/v2/?occurrenceId=CAS:ANTWEB:anic32-016213","anic32-016213","formicidae","amblyoponinae","Amblyopone","australis","Amblyopone australis","","Victoria","Australia","","",NA,"point","-37.8833","145.35"
"http://antweb.org/api/v2/?occurrenceId=CAS:ANTWEB:anic32-016214","anic32-016214","formicidae","amblyoponinae","Amblyopone","australis","Amblyopone australis","","Victoria","Australia","","",NA,"point","-37.7","145.1"
"http://antweb.org/api/v2/?occurrenceId=CAS:ANTWEB:anic32-016215","anic32-016215","formicidae","amblyoponinae","Amblyopone","australis","Amblyopone australis","","Victoria","Australia","","",NA,"point","-37.7667","145.467"
"http://antweb.org/api/v2/?occurrenceId=CAS:ANTWEB:anic32-016216","anic32-016216","formicidae","amblyoponinae","Amblyopone","australis","Amblyopone australis","","Victoria","Australia","","",NA,"point","-36.9333","146.283"
"http://antweb.org/api/v2/?occurrenceId=CAS:ANTWEB:anic32-016217","anic32-016217","formicidae","amblyoponinae","Amblyopone","australis","Amblyopone australis","","Victoria","Australia","","",NA,"point","-37.35","144.75"
"http://antweb.org/api/v2/?occurrenceId=CAS:ANTWEB:anic32-016218","anic32-016218","formicidae","amblyoponinae","Amblyopone","australis","Amblyopone australis","","Tasmania","Australia","","",NA,"point","-42.7333","146.667"
"http://antweb.org/api/v2/?occurrenceId=CAS:ANTWEB:anic32-016219","anic32-016219","formicidae","amblyoponinae","Amblyopone","australis","Amblyopone australis","","Tasmania","Australia","","",NA,"point","-42.6833","146.717"
"http://antweb.org/api/v2/?occurrenceId=CAS:ANTWEB:anic32-016220","anic32-016220","formicidae","amblyoponinae","Amblyopone","australis","Amblyopone australis","","Tasmania","Australia","","",NA,"point","-41.1667","147.517"
"http://antweb.org/api/v2/?occurrenceId=CAS:ANTWEB:anic32-016221","anic32-016221","formicidae","amblyoponinae","Amblyopone","australis","Amblyopone australis","","Tasmania","Australia","","",NA,"point","-42.9333","147.333"
"http://antweb.org/api/v2/?occurrenceId=CAS:ANTWEB:anic32-016222","anic32-016222","formicidae","amblyoponinae","Amblyopone","australis","Amblyopone australis","","Tasmania","Australia","","",NA,"point","-41.4167","147.1"
"http://antweb.org/api/v2/?occurrenceId=CAS:ANTWEB:anic32-016223","anic32-016223","formicidae","amblyoponinae","Amblyopone","australis","Amblyopone australis","","Tasmania","Australia","","",NA,"point","-41.5667","146.4"
"http://antweb.org/api/v2/?occurrenceId=CAS:ANTWEB:anic32-016224","anic32-016224","formicidae","amblyoponinae","Amblyopone","australis","Amblyopone australis","","Western Australia","Australia","","",NA,"point","-17.3167","123.633"
"http://antweb.org/api/v2/?occurrenceId=CAS:ANTWEB:anic32-016225","anic32-016225","formicidae","amblyoponinae","Amblyopone","australis","Amblyopone australis","","Tasmania","Australia","","",NA,"point","-40.2167","148.233"
"http://antweb.org/api/v2/?occurrenceId=CAS:ANTWEB:anic32-016226","anic32-016226","formicidae","amblyoponinae","Amblyopone","australis","Amblyopone australis","","Tasmania","Australia","","",NA,"point","-42.85","147.35"
"http://antweb.org/api/v2/?occurrenceId=CAS:ANTWEB:anic32-016227","anic32-016227","formicidae","amblyoponinae","Amblyopone","australis","Amblyopone australis","","Tasmania","Australia","","",NA,"point","-42.85","147.35"
"http://antweb.org/api/v2/?occurrenceId=CAS:ANTWEB:anic32-016228","anic32-016228","formicidae","amblyoponinae","Amblyopone","australis","Amblyopone australis","","Tasmania","Australia","","",NA,"point","-41.45","146.083"
"http://antweb.org/api/v2/?occurrenceId=CAS:ANTWEB:anic32-016229","anic32-016229","formicidae","amblyoponinae","Amblyopone","australis","Amblyopone australis","","Tasmania","Australia","","",NA,"point","-41.7833","145.65"
"http://antweb.org/api/v2/?occurrenceId=CAS:ANTWEB:anic32-016230","anic32-016230","formicidae","amblyoponinae","Amblyopone","australis","Amblyopone australis","","Tasmania","Australia","","",NA,"point","-43.4167","146.917"
"http://antweb.org/api/v2/?occurrenceId=CAS:ANTWEB:anic32-016231","anic32-016231","formicidae","amblyoponinae","Amblyopone","australis","Amblyopone australis","","Tasmania","Australia","","",NA,"point","-40.95","145.633"
"http://antweb.org/api/v2/?occurrenceId=CAS:ANTWEB:anic32-016232","anic32-016232","formicidae","amblyoponinae","Amblyopone","australis","Amblyopone australis","","Tasmania","Australia","","",NA,"point","-41.5667","146.4"
"http://antweb.org/api/v2/?occurrenceId=CAS:ANTWEB:anic32-016233","anic32-016233","formicidae","amblyoponinae","Amblyopone","australis","Amblyopone australis","","Tasmania","Australia","","",NA,"point","-41.4333","147.25"
"http://antweb.org/api/v2/?occurrenceId=CAS:ANTWEB:anic32-016234","anic32-016234","formicidae","amblyoponinae","Amblyopone","australis","Amblyopone australis","","Tasmania","Australia","","",NA,"point","-41.8667","146.733"
"http://antweb.org/api/v2/?occurrenceId=CAS:ANTWEB:anic32-016235","anic32-016235","formicidae","amblyoponinae","Amblyopone","australis","Amblyopone australis","","Central","Papua New Guinea","","Rainforest Ex soil under rotting log",1200,"point","-8.36667","146.983"
"http://antweb.org/api/v2/?occurrenceId=CAS:ANTWEB:anic32-016236","anic32-016236","formicidae","amblyoponinae","Amblyopone","australis","Amblyopone australis","","Eastern Highlands","Papua New Guinea","","Rainforest Zoraptera stage, rotting log",1900,"point","-6.33333","145.9"
"http://antweb.org/api/v2/?occurrenceId=CAS:ANTWEB:anic32-016237","anic32-016237","formicidae","amblyoponinae","Amblyopone","australis","Amblyopone australis","","Eastern Highlands","Papua New Guinea","","Rainforest Under bark, cucutid log",1900,"point","-6.33333","145.9"
"http://antweb.org/api/v2/?occurrenceId=CAS:ANTWEB:anic32-016238","anic32-016238","formicidae","amblyoponinae","Amblyopone","australis","Amblyopone australis","","Eastern Highlands","Papua New Guinea","","Rainforest Ex passalid stage log",1900,"point","-6.33333","145.9"
"http://antweb.org/api/v2/?occurrenceId=CAS:ANTWEB:anic32-016239","anic32-016239","formicidae","amblyoponinae","Amblyopone","australis","Amblyopone australis","","Eastern Highlands","Papua New Guinea","","Rainforest, edge Ex rotting log",2000,"point","-6.33333","145.9"
"http://antweb.org/api/v2/?occurrenceId=CAS:ANTWEB:anic32-016240","anic32-016240","formicidae","amblyoponinae","Amblyopone","australis","Amblyopone australis","","Eastern Highlands","Papua New Guinea","","Rainforest Zoraptera stage, rotting log",2000,"point","-6.33333","145.9"
"http://antweb.org/api/v2/?occurrenceId=CAS:ANTWEB:anic32-016241","anic32-016241","formicidae","amblyoponinae","Amblyopone","australis","Amblyopone australis","","Madang","Papua New Guinea","","",1828,"point","-5.83333","146.117"
"http://antweb.org/api/v2/?occurrenceId=CAS:ANTWEB:anic32-016242","anic32-016242","formicidae","amblyoponinae","Amblyopone","australis","Amblyopone australis","","Morobe","Papua New Guinea","","Rainforest Zoraptera stage, rotting log",1200,"point","-7.33333","146.717"
"http://antweb.org/api/v2/?occurrenceId=CAS:ANTWEB:anic32-016243","anic32-016243","formicidae","amblyoponinae","Amblyopone","australis","Amblyopone australis","","Madang","Papua New Guinea","","Rainforest, gully Ex rotting log",1300,"point","-5.08333","145.3"
"http://antweb.org/api/v2/?occurrenceId=CAS:ANTWEB:anic32-016244","anic32-016244","formicidae","amblyoponinae","Amblyopone","australis","Amblyopone australis","","Morobe","Papua New Guinea","","Rainforest Ex rotting log",1100,"point","-7.3","146.75"
"http://antweb.org/api/v2/?occurrenceId=CAS:ANTWEB:anic32-016245","anic32-016245","formicidae","amblyoponinae","Amblyopone","australis","Amblyopone australis","","Morobe","Papua New Guinea","","Rainforest, forest floor Ex rotting wood fragment",1100,"point","-7.3","146.75"
"http://antweb.org/api/v2/?occurrenceId=CAS:ANTWEB:anic32-016246","anic32-016246","formicidae","amblyoponinae","Amblyopone","australis","Amblyopone australis","","Morobe","Papua New Guinea","","Rainforest Under bark, passalid stage log",1100,"point","-7.3","146.75"
"http://antweb.org/api/v2/?occurrenceId=CAS:ANTWEB:anic32-016247","anic32-016247","formicidae","amblyoponinae","Amblyopone","australis","Amblyopone australis","","Morobe","Papua New Guinea","","Moss forest",2300,"point","-7.35","146.683"
"http://antweb.org/api/v2/?occurrenceId=CAS:ANTWEB:anic32-016248","anic32-016248","formicidae","amblyoponinae","Amblyopone","australis","Amblyopone australis","","Northern","Papua New Guinea","","Rainforest Ex rotting log",800,"point","-8.95","147.733"
"http://antweb.org/api/v2/?occurrenceId=CAS:ANTWEB:anic32-016249","anic32-016249","formicidae","amblyoponinae","Amblyopone","australis","Amblyopone australis","","Western Highlands","Papua New Guinea","","Montane rainforest Ex rotting log",1900,"point","-5.5","144.267"
"http://antweb.org/api/v2/?occurrenceId=CAS:ANTWEB:anic32-016250","anic32-016250","formicidae","amblyoponinae","Amblyopone","australis","Amblyopone australis","","Guadalcanal","Solomon Islands","","",1371,"point","-9.7","160.067"
"http://antweb.org/api/v2/?occurrenceId=CAS:ANTWEB:anic32-016251","anic32-016251","formicidae","amblyoponinae","Amblyopone","australis","Amblyopone australis","","Guadalcanal","Solomon Islands","","",NA,NA,NA,NA
"http://antweb.org/api/v2/?occurrenceId=CAS:ANTWEB:anic32-016252","anic32-016252","formicidae","amblyoponinae","Amblyopone","australis","Amblyopone australis","","Guadalcanal","Solomon Islands","","",NA,NA,NA,NA
"http://antweb.org/api/v2/?occurrenceId=CAS:ANTWEB:anic32-016253","anic32-016253","formicidae","amblyoponinae","Amblyopone","australis","Amblyopone australis","","New Georgia","Solomon Islands","","",1219,NA,NA,NA
"http://antweb.org/api/v2/?occurrenceId=CAS:ANTWEB:anic32-016254","anic32-016254","formicidae","amblyoponinae","Amblyopone","australis","Amblyopone australis","","","New Caledonia","","Rainforest",360,"point","-21.6","165.8"
"http://antweb.org/api/v2/?occurrenceId=CAS:ANTWEB:anic32-016255","anic32-016255","formicidae","amblyoponinae","Amblyopone","australis","Amblyopone australis","","","New Caledonia","","",400,"point","-22.3167","166.683"
"http://antweb.org/api/v2/?occurrenceId=CAS:ANTWEB:anic32-016256","anic32-016256","formicidae","amblyoponinae","Amblyopone","australis","Amblyopone australis","","","New Caledonia","","",400,"point","-22.1667","166.533"
"http://antweb.org/api/v2/?occurrenceId=CAS:ANTWEB:anic32-016258","anic32-016258","formicidae","amblyoponinae","Amblyopone","australis","Amblyopone australis","","Australian Capital Territory","Australia","","Wet sclerophyll",1219,"point","-35.3667","148.817"
"http://antweb.org/api/v2/?occurrenceId=CAS:ANTWEB:anic32-016259","anic32-016259","formicidae","amblyoponinae","Amblyopone","australis","Amblyopone australis","","New South Wales","Australia","","Closed forest litter Berlesate",NA,"point","-31.2667","152.183"
"http://antweb.org/api/v2/?occurrenceId=CAS:ANTWEB:anic32-016260","anic32-016260","formicidae","amblyoponinae","Amblyopone","australis","Amblyopone australis","","Australian Capital Territory","Australia","","Wet sclerophyll",1432,"point","-35.4667","148.767"
"http://antweb.org/api/v2/?occurrenceId=CAS:ANTWEB:anic32-016261","anic32-016261","formicidae","amblyoponinae","Amblyopone","australis","Amblyopone australis","","Australian Capital Territory","Australia","","Wet sclerophyll",1219,"point","-35.3667","148.817"
"http://antweb.org/api/v2/?occurrenceId=CAS:ANTWEB:anic32-016262","anic32-016262","formicidae","amblyoponinae","Amblyopone","australis","Amblyopone australis","","Australian Capital Territory","Australia","","Wet sclerophyll",1371,"point","-35.4667","148.767"
"http://antweb.org/api/v2/?occurrenceId=CAS:ANTWEB:anic32-016263","anic32-016263","formicidae","amblyoponinae","Amblyopone","australis","Amblyopone australis","","Australian Capital Territory","Australia","","Wet sclerophyll",NA,"point","-35.5","148.767"
"http://antweb.org/api/v2/?occurrenceId=CAS:ANTWEB:anic32-016264","anic32-016264","formicidae","amblyoponinae","Amblyopone","australis","Amblyopone australis","","Australian Capital Territory","Australia","","",NA,"point","-35.3167","149"
"http://antweb.org/api/v2/?occurrenceId=CAS:ANTWEB:anic32-016265","anic32-016265","formicidae","amblyoponinae","Amblyopone","australis","Amblyopone australis","","Australian Capital Territory","Australia","","",NA,"point","-35.3167","149"
"http://antweb.org/api/v2/?occurrenceId=CAS:ANTWEB:anic32-016266","anic32-016266","formicidae","amblyoponinae","Amblyopone","australis","Amblyopone australis","","Australian Capital Territory","Australia","","",NA,"point","-35.2833","149.117"
"http://antweb.org/api/v2/?occurrenceId=CAS:ANTWEB:anic32-016267","anic32-016267","formicidae","amblyoponinae","Amblyopone","australis","Amblyopone australis","","Australian Capital Territory","Australia","","",NA,"point","-35.2833","149.133"
"http://antweb.org/api/v2/?occurrenceId=CAS:ANTWEB:anic32-016268","anic32-016268","formicidae","amblyoponinae","Amblyopone","australis","Amblyopone australis","","Australian Capital Territory","Australia","","",NA,"point","-35.2667","149.067"
"http://antweb.org/api/v2/?occurrenceId=CAS:ANTWEB:anic32-016269","anic32-016269","formicidae","amblyoponinae","Amblyopone","australis","Amblyopone australis","","Australian Capital Territory","Australia","","",NA,"point","-35.35","148.833"
"http://antweb.org/api/v2/?occurrenceId=CAS:ANTWEB:anic32-016270","anic32-016270","formicidae","amblyoponinae","Amblyopone","australis","Amblyopone australis","","Australian Capital Territory","Australia","","",NA,"point","-35.55","148.767"
"http://antweb.org/api/v2/?occurrenceId=CAS:ANTWEB:anic32-016271","anic32-016271","formicidae","amblyoponinae","Amblyopone","australis","Amblyopone australis","","Australian Capital Territory","Australia","","",NA,"point","-35.55","148.767"
"http://antweb.org/api/v2/?occurrenceId=CAS:ANTWEB:anic32-016272","anic32-016272","formicidae","amblyoponinae","Amblyopone","australis","Amblyopone australis","","Australian Capital Territory","Australia","","",NA,"point","-35.35","148.85"
"http://antweb.org/api/v2/?occurrenceId=CAS:ANTWEB:anic32-016273","anic32-016273","formicidae","amblyoponinae","Amblyopone","australis","Amblyopone australis","","Australian Capital Territory","Australia","","",NA,"point","-35.35","148.85"
"http://antweb.org/api/v2/?occurrenceId=CAS:ANTWEB:anic32-016274","anic32-016274","formicidae","amblyoponinae","Amblyopone","australis","Amblyopone australis","","Australian Capital Territory","Australia","","",NA,"point","-35.35","148.85"
"http://antweb.org/api/v2/?occurrenceId=CAS:ANTWEB:anic32-016275","anic32-016275","formicidae","amblyoponinae","Amblyopone","australis","Amblyopone australis","","Australian Capital Territory","Australia","","",NA,"point","-35.35","148.85"
"http://antweb.org/api/v2/?occurrenceId=CAS:ANTWEB:anic32-016276","anic32-016276","formicidae","amblyoponinae","Amblyopone","australis","Amblyopone australis","","Australian Capital Territory","Australia","","",NA,"point","-35.2833","148.917"
"http://antweb.org/api/v2/?occurrenceId=CAS:ANTWEB:anic32-016277","anic32-016277","formicidae","amblyoponinae","Amblyopone","australis","Amblyopone australis","","Australian Capital Territory","Australia","","",NA,"point","-35.2833","148.917"
"http://antweb.org/api/v2/?occurrenceId=CAS:ANTWEB:anic32-016278","anic32-016278","formicidae","amblyoponinae","Amblyopone","australis","Amblyopone australis","","Australian Capital Territory","Australia","","",NA,"point","-35.2833","148.917"
"http://antweb.org/api/v2/?occurrenceId=CAS:ANTWEB:anic32-016279","anic32-016279","formicidae","amblyoponinae","Amblyopone","australis","Amblyopone australis","","New South Wales","Australia","","",1524,"point","-36.45","148.267"
"http://antweb.org/api/v2/?occurrenceId=CAS:ANTWEB:anic32-016280","anic32-016280","formicidae","amblyoponinae","Amblyopone","australis","Amblyopone australis","","Australian Capital Territory","Australia","","",NA,NA,NA,NA
"http://antweb.org/api/v2/?occurrenceId=CAS:ANTWEB:anic32-016679","anic32-016679","formicidae","amblyoponinae","Amblyopone","australis","Amblyopone australis","","Queensland","Australia","","",NA,"point","-25.9667","153.15"
"http://antweb.org/api/v2/?occurrenceId=CAS:ANTWEB:anic32-016680","anic32-016680","formicidae","amblyoponinae","Amblyopone","australis","Amblyopone australis","","Queensland","Australia","","Rainforest",NA,"point","-25.9667","153.15"
"http://antweb.org/api/v2/?occurrenceId=CAS:ANTWEB:anic32-016681","anic32-016681","formicidae","amblyoponinae","Amblyopone","australis","Amblyopone australis","","New South Wales","Australia","","",NA,"point","-28.4167","152.5"
"http://antweb.org/api/v2/?occurrenceId=CAS:ANTWEB:anic32-016682","anic32-016682","formicidae","amblyoponinae","Amblyopone","australis","Amblyopone australis","","Queensland","Australia","","",NA,"point","-17.2667","145.667"
"http://antweb.org/api/v2/?occurrenceId=CAS:ANTWEB:anic32-016683","anic32-016683","formicidae","amblyoponinae","Amblyopone","australis","Amblyopone australis","","Queensland","Australia","","",NA,"point","-17.2667","145.667"
"http://antweb.org/api/v2/?occurrenceId=CAS:ANTWEB:anic32-016684","anic32-016684","formicidae","amblyoponinae","Amblyopone","australis","Amblyopone australis","","Queensland","Australia","","",NA,"point","-17.1667","145.633"
"http://antweb.org/api/v2/?occurrenceId=CAS:ANTWEB:anic32-016685","anic32-016685","formicidae","amblyoponinae","Amblyopone","australis","Amblyopone australis","","Queensland","Australia","","",NA,"point","-17.1667","145.633"
"http://antweb.org/api/v2/?occurrenceId=CAS:ANTWEB:anic32-017076","anic32-017076","formicidae","amblyoponinae","Amblyopone","australis","Amblyopone australis","","Central","Papua New Guinea","","Rainforest Nest in soil under log",1200,"point","-8.36667","146.983"
"http://antweb.org/api/v2/?occurrenceId=CAS:ANTWEB:anic32-025736","anic32-025736","formicidae","amblyoponinae","Amblyopone","australis","Amblyopone australis","","Queensland","Australia","","Rainforest under stones",NA,"point","-28.2","153.183"
"http://antweb.org/api/v2/?occurrenceId=CAS:ANTWEB:anic32-025766","anic32-025766","formicidae","amblyoponinae","Amblyopone","australis","Amblyopone australis","","Queensland","Australia","","Rainforest ex large rotten log, under bark",NA,"point","-17.2833","145.617"
"http://antweb.org/api/v2/?occurrenceId=CAS:ANTWEB:anic32-025773","anic32-025773","formicidae","amblyoponinae","Amblyopone","australis","Amblyopone australis","","Queensland","Australia","","Rainforest founding colony under stone",NA,"point","-16.5833","145.283"
"http://antweb.org/api/v2/?occurrenceId=CAS:ANTWEB:anic32-030407","anic32-030407","formicidae","amblyoponinae","Amblyopone","australis","Amblyopone australis","","Queensland","Australia","","Rainforest rotting wood",300,"point","-16.0833","145.45"
"http://antweb.org/api/v2/?occurrenceId=CAS:ANTWEB:anic32-042278","anic32-042278","formicidae","amblyoponinae","Amblyopone","australis","Amblyopone australis","","New South Wales","Australia","","",NA,"point","-37.075","149.467"
"http://antweb.org/api/v2/?occurrenceId=CAS:ANTWEB:anic32-047398","anic32-047398","formicidae","amblyoponinae","Amblyopone","australis","Amblyopone australis","","Australian Capital Territory","Australia","","Sclerophyll woodland under log",1250,"point","-35.8761","148.987"
"http://antweb.org/api/v2/?occurrenceId=CAS:ANTWEB:anic32-047407","anic32-047407","formicidae","amblyoponinae","Amblyopone","australis","Amblyopone australis","","New South Wales","Australia","","Wet sclerophyll large nest under log",1260,"point","-35.8764","148.917"
"http://antweb.org/api/v2/?occurrenceId=CAS:ANTWEB:antweb1008497","antweb1008497","formicidae","amblyoponinae","Amblyopone","australis","Amblyopone australis","","New South Wales","Australia","","",NA,NA,NA,NA
"http://antweb.org/api/v2/?occurrenceId=CAS:ANTWEB:casent0000002","casent0000002","formicidae","amblyoponinae","Amblyopone","australis","Amblyopone australis","","Australian Capital Territory","Australia","2013-10-28","wet sclerophyll forest under stone",1200,"point","-35.56333","148.99278"
"http://antweb.org/api/v2/?occurrenceId=CAS:ANTWEB:casent0100382","casent0100382","formicidae","amblyoponinae","Amblyopone","australis","Amblyopone australis","","Western Australia","Australia","2004-03-09","",NA,NA,NA,NA
"http://antweb.org/api/v2/?occurrenceId=CAS:ANTWEB:casent0100383","casent0100383","formicidae","amblyoponinae","Amblyopone","australis","Amblyopone australis","","Western Australia","Australia","2004-03-09","",NA,NA,NA,NA
"http://antweb.org/api/v2/?occurrenceId=CAS:ANTWEB:casent0100384","casent0100384","formicidae","amblyoponinae","Amblyopone","australis","Amblyopone australis","","Western Australia","Australia","2004-03-09","",NA,NA,NA,NA
"http://antweb.org/api/v2/?occurrenceId=CAS:ANTWEB:casent0100385","casent0100385","formicidae","amblyoponinae","Amblyopone","australis","Amblyopone australis","","Western Australia","Australia","2004-03-09","",NA,NA,NA,NA
"http://antweb.org/api/v2/?occurrenceId=CAS:ANTWEB:casent0100386","casent0100386","formicidae","amblyoponinae","Amblyopone","australis","Amblyopone australis","","Western Australia","Australia","2004-03-09","",NA,NA,NA,NA
"http://antweb.org/api/v2/?occurrenceId=CAS:ANTWEB:casent0100387","casent0100387","formicidae","amblyoponinae","Amblyopone","australis","Amblyopone australis","","Western Australia","Australia","2004-03-09","",NA,NA,NA,NA
"http://antweb.org/api/v2/?occurrenceId=CAS:ANTWEB:casent0100388","casent0100388","formicidae","amblyoponinae","Amblyopone","australis","Amblyopone australis","","Western Australia","Australia","2004-03-09","",NA,NA,NA,NA
"http://antweb.org/api/v2/?occurrenceId=CAS:ANTWEB:casent0100389","casent0100389","formicidae","amblyoponinae","Amblyopone","australis","Amblyopone australis","","Western Australia","Australia","2004-03-09","",NA,NA,NA,NA
"http://antweb.org/api/v2/?occurrenceId=CAS:ANTWEB:casent0100390","casent0100390","formicidae","amblyoponinae","Amblyopone","australis","Amblyopone australis","","Western Australia","Australia","2004-03-09","",NA,NA,NA,NA
"http://antweb.org/api/v2/?occurrenceId=CAS:ANTWEB:casent0100391","casent0100391","formicidae","amblyoponinae","Amblyopone","australis","Amblyopone australis","","Western Australia","Australia","2004-03-09","",NA,NA,NA,NA
"http://antweb.org/api/v2/?occurrenceId=CAS:ANTWEB:casent0100392","casent0100392","formicidae","amblyoponinae","Amblyopone","australis","Amblyopone australis","","Western Australia","Australia","2004-03-09","",NA,NA,NA,NA
"http://antweb.org/api/v2/?occurrenceId=CAS:ANTWEB:casent0100393","casent0100393","formicidae","amblyoponinae","Amblyopone","australis","Amblyopone australis","","Western Australia","Australia","2004-03-09","",NA,NA,NA,NA
"http://antweb.org/api/v2/?occurrenceId=CAS:ANTWEB:casent0100394","casent0100394","formicidae","amblyoponinae","Amblyopone","australis","Amblyopone australis","","Western Australia","Australia","2004-03-09","",NA,NA,NA,NA
"http://antweb.org/api/v2/?occurrenceId=CAS:ANTWEB:casent0100395","casent0100395","formicidae","amblyoponinae","Amblyopone","australis","Amblyopone australis","","Western Australia","Australia","2004-03-09","",NA,NA,NA,NA
"http://antweb.org/api/v2/?occurrenceId=CAS:ANTWEB:casent0100396","casent0100396","formicidae","amblyoponinae","Amblyopone","australis","Amblyopone australis","","Western Australia","Australia","2004-03-09","",NA,NA,NA,NA
"http://antweb.org/api/v2/?occurrenceId=CAS:ANTWEB:casent0100397","casent0100397","formicidae","amblyoponinae","Amblyopone","australis","Amblyopone australis","","Western Australia","Australia","2004-03-09","",NA,NA,NA,NA
"http://antweb.org/api/v2/?occurrenceId=CAS:ANTWEB:casent0100398","casent0100398","formicidae","amblyoponinae","Amblyopone","australis","Amblyopone australis","","Western Australia","Australia","2004-03-09","",NA,NA,NA,NA
"http://antweb.org/api/v2/?occurrenceId=CAS:ANTWEB:casent0100399","casent0100399","formicidae","amblyoponinae","Amblyopone","australis","Amblyopone australis","","Western Australia","Australia","2004-03-09","",NA,NA,NA,NA
"http://antweb.org/api/v2/?occurrenceId=CAS:ANTWEB:casent0100400","casent0100400","formicidae","amblyoponinae","Amblyopone","australis","Amblyopone australis","","Western Australia","Australia","2004-03-09","",NA,NA,NA,NA
"http://antweb.org/api/v2/?occurrenceId=CAS:ANTWEB:casent0100401","casent0100401","formicidae","amblyoponinae","Amblyopone","australis","Amblyopone australis","","Western Australia","Australia","2004-03-09","",NA,NA,NA,NA
"http://antweb.org/api/v2/?occurrenceId=CAS:ANTWEB:casent0100402","casent0100402","formicidae","amblyoponinae","Amblyopone","australis","Amblyopone australis","","Western Australia","Australia","2004-03-09","",NA,NA,NA,NA
"http://antweb.org/api/v2/?occurrenceId=CAS:ANTWEB:casent0100403","casent0100403","formicidae","amblyoponinae","Amblyopone","australis","Amblyopone australis","","Western Australia","Australia","2004-03-09","",NA,NA,NA,NA
"http://antweb.org/api/v2/?occurrenceId=CAS:ANTWEB:casent0100404","casent0100404","formicidae","amblyoponinae","Amblyopone","australis","Amblyopone australis","","Western Australia","Australia","2004-03-09","",NA,NA,NA,NA
"http://antweb.org/api/v2/?occurrenceId=CAS:ANTWEB:casent0100405","casent0100405","formicidae","amblyoponinae","Amblyopone","australis","Amblyopone australis","","Western Australia","Australia","2004-03-09","",NA,NA,NA,NA
"http://antweb.org/api/v2/?occurrenceId=CAS:ANTWEB:casent0100406","casent0100406","formicidae","amblyoponinae","Amblyopone","australis","Amblyopone australis","","Western Australia","Australia","2004-03-09","",NA,NA,NA,NA
"http://antweb.org/api/v2/?occurrenceId=CAS:ANTWEB:casent0100407","casent0100407","formicidae","amblyoponinae","Amblyopone","australis","Amblyopone australis","","Western Australia","Australia","2004-03-09","",NA,NA,NA,NA
"http://antweb.org/api/v2/?occurrenceId=CAS:ANTWEB:casent0100408","casent0100408","formicidae","amblyoponinae","Amblyopone","australis","Amblyopone australis","","Western Australia","Australia","2004-03-09","",NA,NA,NA,NA
"http://antweb.org/api/v2/?occurrenceId=CAS:ANTWEB:casent0100409","casent0100409","formicidae","amblyoponinae","Amblyopone","australis","Amblyopone australis","","Western Australia","Australia","2004-03-09","",NA,NA,NA,NA
"http://antweb.org/api/v2/?occurrenceId=CAS:ANTWEB:casent0100410","casent0100410","formicidae","amblyoponinae","Amblyopone","australis","Amblyopone australis","","Western Australia","Australia","2004-03-09","",NA,NA,NA,NA
"http://antweb.org/api/v2/?occurrenceId=CAS:ANTWEB:casent0100411","casent0100411","formicidae","amblyoponinae","Amblyopone","australis","Amblyopone australis","","Western Australia","Australia","2004-03-09","",NA,NA,NA,NA
"http://antweb.org/api/v2/?occurrenceId=CAS:ANTWEB:casent0100412","casent0100412","formicidae","amblyoponinae","Amblyopone","australis","Amblyopone australis","","Northland","New Zealand","2004-03-09","",NA,NA,NA,NA
"http://antweb.org/api/v2/?occurrenceId=CAS:ANTWEB:casent0100413","casent0100413","formicidae","amblyoponinae","Amblyopone","australis","Amblyopone australis","","Northland","New Zealand","2004-03-09","",NA,NA,NA,NA
"http://antweb.org/api/v2/?occurrenceId=CAS:ANTWEB:casent0100414","casent0100414","formicidae","amblyoponinae","Amblyopone","australis","Amblyopone australis","","Northland","New Zealand","2004-03-09","",NA,NA,NA,NA
"http://antweb.org/api/v2/?occurrenceId=CAS:ANTWEB:casent0100415","casent0100415","formicidae","amblyoponinae","Amblyopone","australis","Amblyopone australis","","Queensland","Australia","2004-03-09","",700,"point","-21.1833","148.4833"
"http://antweb.org/api/v2/?occurrenceId=CAS:ANTWEB:casent0100416","casent0100416","formicidae","amblyoponinae","Amblyopone","australis","Amblyopone australis","","Queensland","Australia","2004-03-09","",700,"point","-21.1833","148.4833"
"http://antweb.org/api/v2/?occurrenceId=CAS:ANTWEB:casent0100417","casent0100417","formicidae","amblyoponinae","Amblyopone","australis","Amblyopone australis","","Northland","New Zealand","2004-03-09","",NA,NA,NA,NA
"http://antweb.org/api/v2/?occurrenceId=CAS:ANTWEB:casent0100418","casent0100418","formicidae","amblyoponinae","Amblyopone","australis","Amblyopone australis","","New South Wales","Australia","2004-03-09","",1219,NA,NA,NA
"http://antweb.org/api/v2/?occurrenceId=CAS:ANTWEB:casent0100419","casent0100419","formicidae","amblyoponinae","Amblyopone","australis","Amblyopone australis","","North Island","New Zealand","2004-03-09","",NA,NA,NA,NA
"http://antweb.org/api/v2/?occurrenceId=CAS:ANTWEB:casent0100420","casent0100420","formicidae","amblyoponinae","Amblyopone","australis","Amblyopone australis","","North Island","New Zealand","2004-03-09","",NA,NA,NA,NA
"http://antweb.org/api/v2/?occurrenceId=CAS:ANTWEB:casent0100421","casent0100421","formicidae","amblyoponinae","Amblyopone","australis","Amblyopone australis","","Hawkes Bay","New Zealand","2004-03-09","",NA,NA,NA,NA
"http://antweb.org/api/v2/?occurrenceId=CAS:ANTWEB:casent0100422","casent0100422","formicidae","amblyoponinae","Amblyopone","australis","Amblyopone australis","","Northland","New Zealand","2004-03-09","",NA,NA,NA,NA
"http://antweb.org/api/v2/?occurrenceId=CAS:ANTWEB:casent0100423","casent0100423","formicidae","amblyoponinae","Amblyopone","australis","Amblyopone australis","","Northland","New Zealand","2004-03-09","",NA,NA,NA,NA
"http://antweb.org/api/v2/?occurrenceId=CAS:ANTWEB:casent0100424","casent0100424","formicidae","amblyoponinae","Amblyopone","australis","Amblyopone australis","","Northland","New Zealand","2004-03-09","",NA,NA,NA,NA
"http://antweb.org/api/v2/?occurrenceId=CAS:ANTWEB:casent0100425","casent0100425","formicidae","amblyoponinae","Amblyopone","australis","Amblyopone australis","","Northland","New Zealand","2004-03-09","",NA,NA,NA,NA
"http://antweb.org/api/v2/?occurrenceId=CAS:ANTWEB:casent0100426","casent0100426","formicidae","amblyoponinae","Amblyopone","australis","Amblyopone australis","","Australian Capital Territory","Australia","2004-03-09","",760,NA,NA,NA
"http://antweb.org/api/v2/?occurrenceId=CAS:ANTWEB:casent0100427","casent0100427","formicidae","amblyoponinae","Amblyopone","australis","Amblyopone australis","","North Island","New Zealand","2004-03-09","",NA,NA,NA,NA
"http://antweb.org/api/v2/?occurrenceId=CAS:ANTWEB:casent0100428","casent0100428","formicidae","amblyoponinae","Amblyopone","australis","Amblyopone australis","","Northland","New Zealand","2004-03-09","",NA,NA,NA,NA
"http://antweb.org/api/v2/?occurrenceId=CAS:ANTWEB:casent0100429","casent0100429","formicidae","amblyoponinae","Amblyopone","australis","Amblyopone australis","","Northland","New Zealand","2004-03-09","",NA,NA,NA,NA
"http://antweb.org/api/v2/?occurrenceId=CAS:ANTWEB:casent0100430","casent0100430","formicidae","amblyoponinae","Amblyopone","australis","Amblyopone australis","","Hawkes Bay","New Zealand","2004-03-09","",NA,NA,NA,NA
"http://antweb.org/api/v2/?occurrenceId=CAS:ANTWEB:casent0100431","casent0100431","formicidae","amblyoponinae","Amblyopone","australis","Amblyopone australis","","Northland","New Zealand","2004-03-09","",NA,NA,NA,NA
"http://antweb.org/api/v2/?occurrenceId=CAS:ANTWEB:casent0100432","casent0100432","formicidae","amblyoponinae","Amblyopone","australis","Amblyopone australis","","Northland","New Zealand","2004-03-09","",NA,NA,NA,NA
"http://antweb.org/api/v2/?occurrenceId=CAS:ANTWEB:casent0100433","casent0100433","formicidae","amblyoponinae","Amblyopone","australis","Amblyopone australis","","New South Wales","Australia","2004-03-09","",900,NA,NA,NA
"http://antweb.org/api/v2/?occurrenceId=CAS:ANTWEB:casent0100434","casent0100434","formicidae","amblyoponinae","Amblyopone","australis","Amblyopone australis","","New South Wales","Australia","2004-03-09","",700,NA,NA,NA
"http://antweb.org/api/v2/?occurrenceId=CAS:ANTWEB:casent0100435","casent0100435","formicidae","amblyoponinae","Amblyopone","australis","Amblyopone australis","","New South Wales","Australia","2004-03-09","",700,NA,NA,NA
"http://antweb.org/api/v2/?occurrenceId=CAS:ANTWEB:casent0100436","casent0100436","formicidae","amblyoponinae","Amblyopone","australis","Amblyopone australis","","New South Wales","Australia","2004-03-09","",700,NA,NA,NA
"http://antweb.org/api/v2/?occurrenceId=CAS:ANTWEB:casent0100437","casent0100437","formicidae","amblyoponinae","Amblyopone","australis","Amblyopone australis","","Queensland","Australia","2004-03-09","",975,"point","-17.61667","145.48334"
"http://antweb.org/api/v2/?occurrenceId=CAS:ANTWEB:casent0100438","casent0100438","formicidae","amblyoponinae","Amblyopone","australis","Amblyopone australis","","Victoria","Australia","2004-03-09","",1150,NA,NA,NA
"http://antweb.org/api/v2/?occurrenceId=CAS:ANTWEB:casent0100439","casent0100439","formicidae","amblyoponinae","Amblyopone","australis","Amblyopone australis","","Victoria","Australia","2004-03-09","",1150,NA,NA,NA
"http://antweb.org/api/v2/?occurrenceId=CAS:ANTWEB:casent0100440","casent0100440","formicidae","amblyoponinae","Amblyopone","australis","Amblyopone australis","","New South Wales","Australia","2004-03-09","",150,NA,NA,NA
"http://antweb.org/api/v2/?occurrenceId=CAS:ANTWEB:casent0100442","casent0100442","formicidae","amblyoponinae","Amblyopone","australis","Amblyopone australis","","New South Wales","Australia","2004-03-09","",150,NA,NA,NA
"http://antweb.org/api/v2/?occurrenceId=CAS:ANTWEB:casent0100443","casent0100443","formicidae","amblyoponinae","Amblyopone","australis","Amblyopone australis","","Victoria","Australia","2004-03-09","",250,NA,NA,NA
"http://antweb.org/api/v2/?occurrenceId=CAS:ANTWEB:casent0100444","casent0100444","formicidae","amblyoponinae","Amblyopone","australis","Amblyopone australis","","Queensland","Australia","2004-03-09","",950,NA,NA,NA
"http://antweb.org/api/v2/?occurrenceId=CAS:ANTWEB:casent0100445","casent0100445","formicidae","amblyoponinae","Amblyopone","australis","Amblyopone australis","","New South Wales","Australia","2004-03-09","",900,NA,NA,NA
"http://antweb.org/api/v2/?occurrenceId=CAS:ANTWEB:casent0100446","casent0100446","formicidae","amblyoponinae","Amblyopone","australis","Amblyopone australis","","Queensland","Australia","2004-03-09","",975,"point","-17.61667","145.48334"
"http://antweb.org/api/v2/?occurrenceId=CAS:ANTWEB:casent0100447","casent0100447","formicidae","amblyoponinae","Amblyopone","australis","Amblyopone australis","","New South Wales","Australia","2004-03-09","",900,NA,NA,NA
"http://antweb.org/api/v2/?occurrenceId=CAS:ANTWEB:casent0100448","casent0100448","formicidae","amblyoponinae","Amblyopone","australis","Amblyopone australis","","New South Wales","Australia","2004-03-09","",900,NA,NA,NA
"http://antweb.org/api/v2/?occurrenceId=CAS:ANTWEB:casent0100449","casent0100449","formicidae","amblyoponinae","Amblyopone","australis","Amblyopone australis","","Queensland","Australia","2004-03-09","",700,NA,NA,NA
"http://antweb.org/api/v2/?occurrenceId=CAS:ANTWEB:casent0100450","casent0100450","formicidae","amblyoponinae","Amblyopone","australis","Amblyopone australis","","New South Wales","Australia","2004-03-09","",1075,NA,NA,NA
"http://antweb.org/api/v2/?occurrenceId=CAS:ANTWEB:casent0100451","casent0100451","formicidae","amblyoponinae","Amblyopone","australis","Amblyopone australis","","New South Wales","Australia","2004-03-09","",900,NA,NA,NA
"http://antweb.org/api/v2/?occurrenceId=CAS:ANTWEB:casent0100452","casent0100452","formicidae","amblyoponinae","Amblyopone","australis","Amblyopone australis","","New South Wales","Australia","2004-03-09","",1075,NA,NA,NA
"http://antweb.org/api/v2/?occurrenceId=CAS:ANTWEB:casent0100453","casent0100453","formicidae","amblyoponinae","Amblyopone","australis","Amblyopone australis","","Australian Capital Territory","Australia","2004-03-09","",500,NA,NA,NA
"http://antweb.org/api/v2/?occurrenceId=CAS:ANTWEB:casent0100454","casent0100454","formicidae","amblyoponinae","Amblyopone","australis","Amblyopone australis","","New South Wales","Australia","2004-03-09","",1075,NA,NA,NA
"http://antweb.org/api/v2/?occurrenceId=CAS:ANTWEB:casent0100455","casent0100455","formicidae","amblyoponinae","Amblyopone","australis","Amblyopone australis","","Victoria","Australia","2004-03-09","",200,NA,NA,NA
"http://antweb.org/api/v2/?occurrenceId=CAS:ANTWEB:casent0100456","casent0100456","formicidae","amblyoponinae","Amblyopone","australis","Amblyopone australis","","New South Wales","Australia","2004-03-09","",900,NA,NA,NA
"http://antweb.org/api/v2/?occurrenceId=CAS:ANTWEB:casent0100457","casent0100457","formicidae","amblyoponinae","Amblyopone","australis","Amblyopone australis","","New South Wales","Australia","2004-03-09","",900,NA,NA,NA
"http://antweb.org/api/v2/?occurrenceId=CAS:ANTWEB:casent0100458","casent0100458","formicidae","amblyoponinae","Amblyopone","australis","Amblyopone australis","","Queensland","Australia","2004-03-09","",884,NA,NA,NA
"http://antweb.org/api/v2/?occurrenceId=CAS:ANTWEB:casent0100459","casent0100459","formicidae","amblyoponinae","Amblyopone","australis","Amblyopone australis","","New South Wales","Australia","2004-03-09","",900,NA,NA,NA
"http://antweb.org/api/v2/?occurrenceId=CAS:ANTWEB:casent0100461","casent0100461","formicidae","amblyoponinae","Amblyopone","australis","Amblyopone australis","","Queensland","Australia","2004-03-09","",884,NA,NA,NA
"http://antweb.org/api/v2/?occurrenceId=CAS:ANTWEB:casent0100462","casent0100462","formicidae","amblyoponinae","Amblyopone","australis","Amblyopone australis","","Victoria","Australia","2004-03-09","",200,NA,NA,NA
"http://antweb.org/api/v2/?occurrenceId=CAS:ANTWEB:casent0100463","casent0100463","formicidae","amblyoponinae","Amblyopone","australis","Amblyopone australis","","Queensland","Australia","2004-03-09","",950,NA,NA,NA
"http://antweb.org/api/v2/?occurrenceId=CAS:ANTWEB:casent0100464","casent0100464","formicidae","amblyoponinae","Amblyopone","australis","Amblyopone australis","","Queensland","Australia","2004-03-09","",950,NA,NA,NA
"http://antweb.org/api/v2/?occurrenceId=CAS:ANTWEB:casent0100465","casent0100465","formicidae","amblyoponinae","Amblyopone","australis","Amblyopone australis","","New South Wales","Australia","2004-03-09","",570,NA,NA,NA
"http://antweb.org/api/v2/?occurrenceId=CAS:ANTWEB:casent0100466","casent0100466","formicidae","amblyoponinae","Amblyopone","australis","Amblyopone australis","","Queensland","Australia","2004-03-09","",450,NA,NA,NA
"http://antweb.org/api/v2/?occurrenceId=CAS:ANTWEB:casent0100467","casent0100467","formicidae","amblyoponinae","Amblyopone","australis","Amblyopone australis","","Victoria","Australia","2004-03-09","",1700,NA,NA,NA
"http://antweb.org/api/v2/?occurrenceId=CAS:ANTWEB:casent0100468","casent0100468","formicidae","amblyoponinae","Amblyopone","australis","Amblyopone australis","","Queensland","Australia","2004-03-09","",950,NA,NA,NA
"http://antweb.org/api/v2/?occurrenceId=CAS:ANTWEB:casent0100469","casent0100469","formicidae","amblyoponinae","Amblyopone","australis","Amblyopone australis","","Queensland","Australia","2004-03-09","",950,NA,NA,NA
"http://antweb.org/api/v2/?occurrenceId=CAS:ANTWEB:casent0100470","casent0100470","formicidae","amblyoponinae","Amblyopone","australis","Amblyopone australis","","Victoria","Australia","2004-03-09","",250,NA,NA,NA
"http://antweb.org/api/v2/?occurrenceId=CAS:ANTWEB:casent0100471","casent0100471","formicidae","amblyoponinae","Amblyopone","australis","Amblyopone australis","","Victoria","Australia","2004-03-09","",250,NA,NA,NA
"http://antweb.org/api/v2/?occurrenceId=CAS:ANTWEB:casent0100472","casent0100472","formicidae","amblyoponinae","Amblyopone","australis","Amblyopone australis","","Victoria","Australia","2004-03-09","",75,NA,NA,NA
"http://antweb.org/api/v2/?occurrenceId=CAS:ANTWEB:casent0100473","casent0100473","formicidae","amblyoponinae","Amblyopone","australis","Amblyopone australis","","Queensland","Australia","2004-03-09","",700,NA,NA,NA
"http://antweb.org/api/v2/?occurrenceId=CAS:ANTWEB:casent0100474","casent0100474","formicidae","amblyoponinae","Amblyopone","australis","Amblyopone australis","","Queensland","Australia","2004-03-09","",975,"point","-17.61667","145.48334"
"http://antweb.org/api/v2/?occurrenceId=CAS:ANTWEB:casent0100475","casent0100475","formicidae","amblyoponinae","Amblyopone","australis","Amblyopone australis","","Australian Capital Territory","Australia","2004-03-09","",760,NA,NA,NA
"http://antweb.org/api/v2/?occurrenceId=CAS:ANTWEB:casent0100477","casent0100477","formicidae","amblyoponinae","Amblyopone","australis","Amblyopone australis","","Victoria","Australia","2004-03-09","",1700,NA,NA,NA
"http://antweb.org/api/v2/?occurrenceId=CAS:ANTWEB:casent0100478","casent0100478","formicidae","amblyoponinae","Amblyopone","australis","Amblyopone australis","","Queensland","Australia","2004-03-09","",975,"point","-17.61667","145.48334"
"http://antweb.org/api/v2/?occurrenceId=CAS:ANTWEB:casent0100479","casent0100479","formicidae","amblyoponinae","Amblyopone","australis","Amblyopone australis","","Victoria","Australia","2004-03-09","",750,NA,NA,NA
"http://antweb.org/api/v2/?occurrenceId=CAS:ANTWEB:casent0100480","casent0100480","formicidae","amblyoponinae","Amblyopone","australis","Amblyopone australis","","Victoria","Australia","2004-03-09","",1250,NA,NA,NA
"http://antweb.org/api/v2/?occurrenceId=CAS:ANTWEB:casent0100481","casent0100481","formicidae","amblyoponinae","Amblyopone","australis","Amblyopone australis","","Victoria","Australia","2004-03-09","",1250,NA,NA,NA
"http://antweb.org/api/v2/?occurrenceId=CAS:ANTWEB:casent0100482","casent0100482","formicidae","amblyoponinae","Amblyopone","australis","Amblyopone australis","","Queensland","Australia","2004-03-09","",700,NA,NA,NA
"http://antweb.org/api/v2/?occurrenceId=CAS:ANTWEB:casent0100483","casent0100483","formicidae","amblyoponinae","Amblyopone","australis","Amblyopone australis","","New South Wales","Australia","2004-03-09","",760,NA,NA,NA
"http://antweb.org/api/v2/?occurrenceId=CAS:ANTWEB:casent0102125","casent0102125","formicidae","amblyoponinae","Amblyopone","australis","Amblyopone australis","","","Indonesia","","",NA,NA,NA,NA
"http://antweb.org/api/v2/?occurrenceId=CAS:ANTWEB:casent0102148","casent0102148","formicidae","amblyoponinae","Amblyopone","australis","Amblyopone australis","","Hawkes Bay","New Zealand","","",NA,NA,NA,NA
"http://antweb.org/api/v2/?occurrenceId=CAS:ANTWEB:casent0102184","casent0102184","formicidae","amblyoponinae","Amblyopone","australis","Amblyopone australis","","","New Zealand","","",NA,NA,NA,NA
"http://antweb.org/api/v2/?occurrenceId=CAS:ANTWEB:casent0102519","casent0102519","formicidae","amblyoponinae","Amblyopone","australis","Amblyopone australis","","Queensland","Australia","","",NA,NA,NA,NA
"http://antweb.org/api/v2/?occurrenceId=CAS:ANTWEB:casent0102520","casent0102520","formicidae","amblyoponinae","Amblyopone","australis","Amblyopone australis","","Queensland","Australia","","",NA,NA,NA,NA
"http://antweb.org/api/v2/?occurrenceId=CAS:ANTWEB:casent0104575","casent0104575","formicidae","amblyoponinae","Amblyopone","australis","Amblyopone australis","","Tasmania","Australia","","",NA,NA,NA,NA
"http://antweb.org/api/v2/?occurrenceId=CAS:ANTWEB:casent0104576","casent0104576","formicidae","amblyoponinae","Amblyopone","australis","Amblyopone australis","","Queensland","Australia","","",NA,NA,NA,NA
"http://antweb.org/api/v2/?occurrenceId=CAS:ANTWEB:casent0104578","casent0104578","formicidae","amblyoponinae","Amblyopone","australis","Amblyopone australis","","Auckland","New Zealand","","",NA,NA,NA,NA
"http://antweb.org/api/v2/?occurrenceId=CAS:ANTWEB:casent0106229","casent0106229","formicidae","amblyoponinae","Amblyopone","australis","Amblyopone australis","","Australian Capital Territory","Australia","2008-12-31","wet sclerophyll forest under stone",1200,"point","-35.56667","149"
"http://antweb.org/api/v2/?occurrenceId=CAS:ANTWEB:casent0106229-d01","casent0106229-d01","formicidae","amblyoponinae","Amblyopone","australis","Amblyopone australis","","Australian Capital Territory","Australia","2008-12-31","wet sclerophyll forest under stone",1200,"point","-35.56667","149"
"http://antweb.org/api/v2/?occurrenceId=CAS:ANTWEB:casent0106229-d11","casent0106229-d11","formicidae","amblyoponinae","Amblyopone","australis","Amblyopone australis","","Australian Capital Territory","Australia","2008-12-31","wet sclerophyll forest under stone",1200,"point","-35.56667","149"
"http://antweb.org/api/v2/?occurrenceId=CAS:ANTWEB:casent0172212","casent0172212","formicidae","amblyoponinae","Amblyopone","australis","Amblyopone australis","","Australian Capital Territory","Australia","","wet schlero",1433,NA,NA,NA
"http://antweb.org/api/v2/?occurrenceId=CAS:ANTWEB:casent0172213","casent0172213","formicidae","amblyoponinae","Amblyopone","australis","Amblyopone australis","","","New Caledonia","","rainforest",360,"point","-21.6","165.8"
"http://antweb.org/api/v2/?occurrenceId=CAS:ANTWEB:casent0172214","casent0172214","formicidae","amblyoponinae","Amblyopone","australis","Amblyopone australis","","","New Caledonia","","rainforest",360,"point","-21.6","165.8"
"http://antweb.org/api/v2/?occurrenceId=CAS:ANTWEB:casent0172244","casent0172244","formicidae","amblyoponinae","Amblyopone","australis","Amblyopone australis","","New South Wales","Australia","","wet schlero ex rotten log",732,NA,NA,NA
"http://antweb.org/api/v2/?occurrenceId=CAS:ANTWEB:casent0172245","casent0172245","formicidae","amblyoponinae","Amblyopone","australis","Amblyopone australis","","New South Wales","Australia","","wet schlero ex rotten log",732,NA,NA,NA
"http://antweb.org/api/v2/?occurrenceId=CAS:ANTWEB:casent0172246","casent0172246","formicidae","amblyoponinae","Amblyopone","australis","Amblyopone australis","","New South Wales","Australia","","wet schlero ex rotten log",732,NA,NA,NA
"http://antweb.org/api/v2/?occurrenceId=CAS:ANTWEB:casent0172266","casent0172266","formicidae","amblyoponinae","Amblyopone","australis","Amblyopone australis","","","Solomon Islands","","",1219,NA,NA,NA
"http://antweb.org/api/v2/?occurrenceId=CAS:ANTWEB:casent0172267","casent0172267","formicidae","amblyoponinae","Amblyopone","australis","Amblyopone australis","","Tasmania","Australia","","",NA,NA,NA,NA
"http://antweb.org/api/v2/?occurrenceId=CAS:ANTWEB:casent0172268","casent0172268","formicidae","amblyoponinae","Amblyopone","australis","Amblyopone australis","","Victoria","Australia","","",NA,NA,NA,NA
"http://antweb.org/api/v2/?occurrenceId=CAS:ANTWEB:casent0260443","casent0260443","formicidae","amblyoponinae","Amblyopone","australis","Amblyopone australis","","New South Wales","Australia","","rainforest under stone",400,"point","-34.43333","150.78333"
"http://antweb.org/api/v2/?occurrenceId=CAS:ANTWEB:casent0260444","casent0260444","formicidae","amblyoponinae","Amblyopone","australis","Amblyopone australis","","","New Caledonia","","rainforest ex rotten log",360,"point","-21.43333","165.8"
"http://antweb.org/api/v2/?occurrenceId=CAS:ANTWEB:casent0260445","casent0260445","formicidae","amblyoponinae","Amblyopone","australis","Amblyopone australis","","New South Wales","Australia","","in rainforest under rotten wood fragment",900,"point","-32.1","151.46667"
"http://antweb.org/api/v2/?occurrenceId=CAS:ANTWEB:casent0280654","casent0280654","formicidae","amblyoponinae","Amblyopone","australis","Amblyopone australis","","","Australia","","",274,NA,NA,NA
"http://antweb.org/api/v2/?occurrenceId=CAS:ANTWEB:casent0434465","casent0434465","formicidae","amblyoponinae","Amblyopone","australis","Amblyopone australis","","Queensland","Australia","2015-08-25","montane rainforest Mixed Araucaria litter",1100,"point","-26.87361","151.58057"
"http://antweb.org/api/v2/?occurrenceId=CAS:ANTWEB:casent0500444","casent0500444","formicidae","amblyoponinae","Amblyopone","australis","Amblyopone australis","","Western Australia","Australia","2005-07-06","",NA,"point","-32.9","115.56667"
"http://antweb.org/api/v2/?occurrenceId=CAS:ANTWEB:casent0501200","casent0501200","formicidae","amblyoponinae","Amblyopone","australis","Amblyopone australis","","Australian Capital Territory","Australia","2013-10-28","wet sclerophyll forest under stone",1200,"point","-35.56333","148.99278"
"http://antweb.org/api/v2/?occurrenceId=CAS:ANTWEB:casent0501200-d40","casent0501200-d40","formicidae","amblyoponinae","Amblyopone","australis","Amblyopone australis","","Australian Capital Territory","Australia","2013-12-31","wet sclerophyll forest under stone",1200,"point","-35.56333","148.99278"
"http://antweb.org/api/v2/?occurrenceId=CAS:ANTWEB:casent0746790","casent0746790","formicidae","amblyoponinae","Amblyopone","australis","Amblyopone australis","","South Australia","Australia","2015-04-07","",NA,NA,NA,NA
"http://antweb.org/api/v2/?occurrenceId=CAS:ANTWEB:casent0902632","casent0902632","formicidae","amblyoponinae","Amblyopone","australis","Amblyopone australis","syntype of Amblyopone obscura","","Austria","","",NA,NA,NA,NA
"http://antweb.org/api/v2/?occurrenceId=CAS:ANTWEB:casent0903793","casent0903793","formicidae","amblyoponinae","Amblyopone","australis","Amblyopone australis","syntype of Amblyopone laevidens","","Indonesia","2014-02-27","",NA,NA,NA,NA
"http://antweb.org/api/v2/?occurrenceId=CAS:ANTWEB:jdm32-001691","jdm32-001691","formicidae","amblyoponinae","Amblyopone","australis","Amblyopone australis","","Western Australia","Australia","","",NA,"point","-32.3333","116.05"
"http://antweb.org/api/v2/?occurrenceId=CAS:ANTWEB:jdm32-002667","jdm32-002667","formicidae","amblyoponinae","Amblyopone","australis","Amblyopone australis","","Western Australia","Australia","","native veg., rural environ. soil",NA,"point","-32.3333","116.233"
"http://antweb.org/api/v2/?occurrenceId=CAS:ANTWEB:jdm32-002668","jdm32-002668","formicidae","amblyoponinae","Amblyopone","australis","Amblyopone australis","","Western Australia","Australia","","",NA,"point","-34.3167","115.367"
"http://antweb.org/api/v2/?occurrenceId=CAS:ANTWEB:jdm32-002669","jdm32-002669","formicidae","amblyoponinae","Amblyopone","australis","Amblyopone australis","","Western Australia","Australia","","",NA,"point","-33.3833","115.933"
"http://antweb.org/api/v2/?occurrenceId=CAS:ANTWEB:jdm32-002670","jdm32-002670","formicidae","amblyoponinae","Amblyopone","australis","Amblyopone australis","","Western Australia","Australia","","",NA,"point","-32.7167","116.067"
"http://antweb.org/api/v2/?occurrenceId=CAS:ANTWEB:jdm32-002671","jdm32-002671","formicidae","amblyoponinae","Amblyopone","australis","Amblyopone australis","","Western Australia","Australia","","",NA,"point","-34.45","116.033"
"http://antweb.org/api/v2/?occurrenceId=CAS:ANTWEB:jdm32-002672","jdm32-002672","formicidae","amblyoponinae","Amblyopone","australis","Amblyopone australis","","Australian Capital Territory","Australia","","Dry sclerophyllous forest Leaf litter",680,"point","-35.2667","149.1"
"http://antweb.org/api/v2/?occurrenceId=CAS:ANTWEB:jdm32-004939","jdm32-004939","formicidae","amblyoponinae","Amblyopone","australis","Amblyopone australis","","Western Australia","Australia","","jarrah-marri forest In soil",NA,"point","-31.9794","116.163"
"http://antweb.org/api/v2/?occurrenceId=CAS:ANTWEB:psw10235","psw10235","formicidae","amblyoponinae","Amblyopone","australis","Amblyopone australis","","Australian Capital Territory","Australia","2005-07-06","",680,"point","-35.31667","148.85"
"http://antweb.org/api/v2/?occurrenceId=CAS:ANTWEB:sosct-108104","sosct-108104","formicidae","amblyoponinae","Amblyopone","australis","Amblyopone australis","","Australian Capital Territory","Australia","","eucalypt woodland",NA,"point","-35.55","148.983"
"http://antweb.org/api/v2/?occurrenceId=CAS:ANTWEB:sosct-108117","sosct-108117","formicidae","amblyoponinae","Amblyopone","australis","Amblyopone australis","","Australian Capital Territory","Australia","","eucalypt woodland",NA,"point","-35.55","148.983"
"http://antweb.org/api/v2/?occurrenceId=CAS:ANTWEB:sosct-108124","sosct-108124","formicidae","amblyoponinae","Amblyopone","australis","Amblyopone australis","","Australian Capital Territory","Australia","","eucalypt woodland",NA,"point","-35.55","148.983"
