"url","catalogNumber","family","subfamily","genus","specificEpithet","scientific_name","typeStatus","stateProvince","country","dateIdentified","habitat","minimumElevationInMeters","geojson.type","decimal_latitude","decimal_longitude"
"http://antweb.org/api/v2/?occurrenceId=CAS:ANTWEB:anic32-016313","anic32-016313","formicidae","amblyoponinae","Amblyopone","gingivalis","Amblyopone gingivalis","","New South Wales","Australia","","",NA,"point","-33.4167","151.217"
"http://antweb.org/api/v2/?occurrenceId=CAS:ANTWEB:anic32-016314","anic32-016314","formicidae","amblyoponinae","Amblyopone","gingivalis","Amblyopone gingivalis","","New South Wales","Australia","","Rainforest Under rock",304,"point","-28.4","153.267"
"http://antweb.org/api/v2/?occurrenceId=CAS:ANTWEB:anic32-016315","anic32-016315","formicidae","amblyoponinae","Amblyopone","gingivalis","Amblyopone gingivalis","","New South Wales","Australia","","Rainforest Under rock",304,"point","-28.4","153.267"
"http://antweb.org/api/v2/?occurrenceId=CAS:ANTWEB:casent0172201","casent0172201","formicidae","amblyoponinae","Amblyopone","gingivalis","Amblyopone gingivalis","Holotype","New South Wales","Australia","2014-11-24","",NA,NA,NA,NA
"http://antweb.org/api/v2/?occurrenceId=CAS:ANTWEB:casent0172202","casent0172202","formicidae","amblyoponinae","Amblyopone","gingivalis","Amblyopone gingivalis","","New South Wales","Australia","2014-11-24","rainforest under rock",305,NA,NA,NA
"http://antweb.org/api/v2/?occurrenceId=CAS:ANTWEB:casent0260446","casent0260446","formicidae","amblyoponinae","Amblyopone","gingivalis","Amblyopone gingivalis","","Queensland","Australia","2014-11-24","rainforest under stone",NA,NA,NA,NA
