"url","catalogNumber","family","subfamily","genus","specificEpithet","scientific_name","typeStatus","stateProvince","country","dateIdentified","habitat","minimumElevationInMeters","geojson.type","decimal_latitude","decimal_longitude"
"http://antweb.org/api/v2/?occurrenceId=CAS:ANTWEB:anic32-002596","anic32-002596","formicidae","amblyoponinae","Amblyopone","longidens","Amblyopone longidens","","Australian Capital Territory","Australia","","Dry sclerophyll nest under rock",800,"point","-35.26","149.08"
"http://antweb.org/api/v2/?occurrenceId=CAS:ANTWEB:anic32-016329","anic32-016329","formicidae","amblyoponinae","Amblyopone","longidens","Amblyopone longidens","","New South Wales","Australia","","",NA,"point","-36.9167","149.25"
"http://antweb.org/api/v2/?occurrenceId=CAS:ANTWEB:anic32-016330","anic32-016330","formicidae","amblyoponinae","Amblyopone","longidens","Amblyopone longidens","","Australian Capital Territory","Australia","","",548,"point","-35.4333","149.067"
"http://antweb.org/api/v2/?occurrenceId=CAS:ANTWEB:anic32-016331","anic32-016331","formicidae","amblyoponinae","Amblyopone","longidens","Amblyopone longidens","","New South Wales","Australia","","Top of ridge Open timber country",1000,"point","-33.4833","150.133"
"http://antweb.org/api/v2/?occurrenceId=CAS:ANTWEB:anic32-016332","anic32-016332","formicidae","amblyoponinae","Amblyopone","longidens","Amblyopone longidens","","New South Wales","Australia","","Top of ridge Open timber country",1000,"point","-33.4833","150.133"
"http://antweb.org/api/v2/?occurrenceId=CAS:ANTWEB:anic32-016333","anic32-016333","formicidae","amblyoponinae","Amblyopone","longidens","Amblyopone longidens","","New South Wales","Australia","","Top of rigde Open timber country",914,"point","-33.4833","150.133"
"http://antweb.org/api/v2/?occurrenceId=CAS:ANTWEB:anic32-016334","anic32-016334","formicidae","amblyoponinae","Amblyopone","longidens","Amblyopone longidens","","Australian Capital Territory","Australia","","",NA,"point","-35.55","148.767"
"http://antweb.org/api/v2/?occurrenceId=CAS:ANTWEB:anic32-016335","anic32-016335","formicidae","amblyoponinae","Amblyopone","longidens","Amblyopone longidens","","Australian Capital Territory","Australia","","",NA,"point","-35.55","148.767"
"http://antweb.org/api/v2/?occurrenceId=CAS:ANTWEB:anic32-016336","anic32-016336","formicidae","amblyoponinae","Amblyopone","longidens","Amblyopone longidens","","Victoria","Australia","","",NA,"point","-37","144.067"
"http://antweb.org/api/v2/?occurrenceId=CAS:ANTWEB:anic32-016337","anic32-016337","formicidae","amblyoponinae","Amblyopone","longidens","Amblyopone longidens","","New South Wales","Australia","","",NA,"point","-36.9167","149.25"
"http://antweb.org/api/v2/?occurrenceId=CAS:ANTWEB:anic32-016338","anic32-016338","formicidae","amblyoponinae","Amblyopone","longidens","Amblyopone longidens","","New South Wales","Australia","","",914,"point","-36.45","148.267"
"http://antweb.org/api/v2/?occurrenceId=CAS:ANTWEB:anic32-016339","anic32-016339","formicidae","amblyoponinae","Amblyopone","longidens","Amblyopone longidens","","Australian Capital Territory","Australia","","",NA,"point","-35.2667","149.1"
"http://antweb.org/api/v2/?occurrenceId=CAS:ANTWEB:anic32-016340","anic32-016340","formicidae","amblyoponinae","Amblyopone","longidens","Amblyopone longidens","","Australian Capital Territory","Australia","","",NA,"point","-35.2667","149.1"
"http://antweb.org/api/v2/?occurrenceId=CAS:ANTWEB:anic32-016341","anic32-016341","formicidae","amblyoponinae","Amblyopone","longidens","Amblyopone longidens","","Australian Capital Territory","Australia","","",NA,"point","-35.2667","149.1"
"http://antweb.org/api/v2/?occurrenceId=CAS:ANTWEB:anic32-016342","anic32-016342","formicidae","amblyoponinae","Amblyopone","longidens","Amblyopone longidens","","Australian Capital Territory","Australia","","",NA,"point","-35.2667","149.1"
"http://antweb.org/api/v2/?occurrenceId=CAS:ANTWEB:anic32-016343","anic32-016343","formicidae","amblyoponinae","Amblyopone","longidens","Amblyopone longidens","","Australian Capital Territory","Australia","","",NA,"point","-35.2667","149.1"
"http://antweb.org/api/v2/?occurrenceId=CAS:ANTWEB:anic32-016344","anic32-016344","formicidae","amblyoponinae","Amblyopone","longidens","Amblyopone longidens","","New South Wales","Australia","","",NA,"point","-35.1167","150.083"
"http://antweb.org/api/v2/?occurrenceId=CAS:ANTWEB:anic32-016345","anic32-016345","formicidae","amblyoponinae","Amblyopone","longidens","Amblyopone longidens","","New South Wales","Australia","","",NA,"point","-35.3","149.667"
"http://antweb.org/api/v2/?occurrenceId=CAS:ANTWEB:anic32-016346","anic32-016346","formicidae","amblyoponinae","Amblyopone","longidens","Amblyopone longidens","","Australian Capital Territory","Australia","","",NA,"point","-35.3","148.933"
"http://antweb.org/api/v2/?occurrenceId=CAS:ANTWEB:anic32-016347","anic32-016347","formicidae","amblyoponinae","Amblyopone","longidens","Amblyopone longidens","","Australian Capital Territory","Australia","","",NA,"point","-35.2833","148.917"
"http://antweb.org/api/v2/?occurrenceId=CAS:ANTWEB:anic32-016348","anic32-016348","formicidae","amblyoponinae","Amblyopone","longidens","Amblyopone longidens","","New South Wales","Australia","","",NA,"point","-33.7167","150.317"
"http://antweb.org/api/v2/?occurrenceId=CAS:ANTWEB:anic32-016349","anic32-016349","formicidae","amblyoponinae","Amblyopone","longidens","Amblyopone longidens","","Victoria","Australia","","",NA,"point","-35.5","142.85"
"http://antweb.org/api/v2/?occurrenceId=CAS:ANTWEB:anic32-016351","anic32-016351","formicidae","amblyoponinae","Amblyopone","longidens","Amblyopone longidens","","Victoria","Australia","","",NA,"point","-37.8333","145.25"
"http://antweb.org/api/v2/?occurrenceId=CAS:ANTWEB:anic32-016352","anic32-016352","formicidae","amblyoponinae","Amblyopone","longidens","Amblyopone longidens","","Western Australia","Australia","","",NA,"point","-31.4833","121.533"
"http://antweb.org/api/v2/?occurrenceId=CAS:ANTWEB:anic32-016353","anic32-016353","formicidae","amblyoponinae","Amblyopone","longidens","Amblyopone longidens","","Queensland","Australia","","",NA,"point","-28.3167","153.083"
"http://antweb.org/api/v2/?occurrenceId=CAS:ANTWEB:anic32-016550","anic32-016550","formicidae","amblyoponinae","Amblyopone","longidens","Amblyopone longidens","","South Australia","Australia","","Dry sclerophyll In hard, clay soil",243,"point","-35.55","138.633"
"http://antweb.org/api/v2/?occurrenceId=CAS:ANTWEB:anic32-016551","anic32-016551","formicidae","amblyoponinae","Amblyopone","longidens","Amblyopone longidens","","New South Wales","Australia","","Edge of golf links Under rock, sandstone scrub",NA,"point","-34.8833","150.6"
"http://antweb.org/api/v2/?occurrenceId=CAS:ANTWEB:anic32-016552","anic32-016552","formicidae","amblyoponinae","Amblyopone","longidens","Amblyopone longidens","","South Australia","Australia","","Dry sclerophyll Under rock, in soil",457,"point","-35.35","138.617"
"http://antweb.org/api/v2/?occurrenceId=CAS:ANTWEB:anic32-016553","anic32-016553","formicidae","amblyoponinae","Amblyopone","longidens","Amblyopone longidens","","New South Wales","Australia","","Dry sclerophyll Under rock",NA,NA,NA,NA
"http://antweb.org/api/v2/?occurrenceId=CAS:ANTWEB:anic32-016554","anic32-016554","formicidae","amblyoponinae","Amblyopone","longidens","Amblyopone longidens","","New South Wales","Australia","","Sanstone plateau, dry sclerophyll Under rock",NA,"point","-33.8167","150.4"
"http://antweb.org/api/v2/?occurrenceId=CAS:ANTWEB:anic32-016555","anic32-016555","formicidae","amblyoponinae","Amblyopone","longidens","Amblyopone longidens","","Australian Capital Territory","Australia","","Dry sclerophyll Under stone",304,"point","-35.2667","149.1"
"http://antweb.org/api/v2/?occurrenceId=CAS:ANTWEB:anic32-016556","anic32-016556","formicidae","amblyoponinae","Amblyopone","longidens","Amblyopone longidens","","Victoria","Australia","","Medium sclerophyll, basalt In soil",304,"point","-37.5333","145.333"
"http://antweb.org/api/v2/?occurrenceId=CAS:ANTWEB:anic32-016557","anic32-016557","formicidae","amblyoponinae","Amblyopone","longidens","Amblyopone longidens","","South Australia","Australia","","Dry sclerophyll In sand",304,"point","-34.9833","138.717"
"http://antweb.org/api/v2/?occurrenceId=CAS:ANTWEB:anic32-016558","anic32-016558","formicidae","amblyoponinae","Amblyopone","longidens","Amblyopone longidens","","Victoria","Australia","","Dry sclerophyll Under granite rocks",304,"point","-37.35","141.067"
"http://antweb.org/api/v2/?occurrenceId=CAS:ANTWEB:anic32-016559","anic32-016559","formicidae","amblyoponinae","Amblyopone","longidens","Amblyopone longidens","","New South Wales","Australia","","Sandstone gully, dry sclerophyll Under rock",NA,"point","-33.1667","150.8"
"http://antweb.org/api/v2/?occurrenceId=CAS:ANTWEB:anic32-018134","anic32-018134","formicidae","amblyoponinae","Amblyopone","longidens","Amblyopone longidens","","South Australia","Australia","","Dry sclerophyll",457,"point","-35.35","138.617"
"http://antweb.org/api/v2/?occurrenceId=CAS:ANTWEB:casent0100476","casent0100476","formicidae","amblyoponinae","Amblyopone","longidens","Amblyopone longidens","","Australian Capital Territory","Australia","2013-07-19","",760,NA,NA,NA
"http://antweb.org/api/v2/?occurrenceId=CAS:ANTWEB:casent0100484","casent0100484","formicidae","amblyoponinae","Amblyopone","longidens","Amblyopone longidens","","","Australia","2004-03-09","heath mallee sand",NA,NA,NA,NA
"http://antweb.org/api/v2/?occurrenceId=CAS:ANTWEB:casent0100485","casent0100485","formicidae","amblyoponinae","Amblyopone","longidens","Amblyopone longidens","","Australian Capital Territory","Australia","2004-03-09","",730,"point","-35.26667","149.1"
"http://antweb.org/api/v2/?occurrenceId=CAS:ANTWEB:casent0100485-d01","casent0100485-d01","formicidae","amblyoponinae","Amblyopone","longidens","Amblyopone longidens","","Australian Capital Territory","Australia","2004-03-09","",730,"point","-35.26667","149.1"
"http://antweb.org/api/v2/?occurrenceId=CAS:ANTWEB:casent0100485-d11","casent0100485-d11","formicidae","amblyoponinae","Amblyopone","longidens","Amblyopone longidens","","Australian Capital Territory","Australia","2004-03-09","",730,"point","-35.26667","149.1"
"http://antweb.org/api/v2/?occurrenceId=CAS:ANTWEB:casent0102185","casent0102185","formicidae","amblyoponinae","Amblyopone","longidens","Amblyopone longidens","","Australian Capital Territory","Australia","","",NA,NA,NA,NA
"http://antweb.org/api/v2/?occurrenceId=CAS:ANTWEB:casent0102521","casent0102521","formicidae","amblyoponinae","Amblyopone","longidens","Amblyopone longidens","","New South Wales","Australia","","",NA,NA,NA,NA
"http://antweb.org/api/v2/?occurrenceId=CAS:ANTWEB:casent0104577","casent0104577","formicidae","amblyoponinae","Amblyopone","longidens","Amblyopone longidens","","New South Wales","Australia","","",NA,NA,NA,NA
"http://antweb.org/api/v2/?occurrenceId=CAS:ANTWEB:casent0172211","casent0172211","formicidae","amblyoponinae","Amblyopone","longidens","Amblyopone longidens","","Western Australia","Australia","","mallee trunk strays",NA,NA,NA,NA
"http://antweb.org/api/v2/?occurrenceId=CAS:ANTWEB:casent0260448","casent0260448","formicidae","amblyoponinae","Amblyopone","longidens","Amblyopone longidens","","Australian Capital Territory","Australia","","Eucalyptus open-forest under stone",730,"point","-35.26667","149.1"
"http://antweb.org/api/v2/?occurrenceId=CAS:ANTWEB:casent0280653","casent0280653","formicidae","amblyoponinae","Amblyopone","longidens","Amblyopone longidens","","Australian Capital Territory","Australia","","",NA,NA,NA,NA
"http://antweb.org/api/v2/?occurrenceId=CAS:ANTWEB:casent0500030","casent0500030","formicidae","amblyoponinae","Amblyopone","longidens","Amblyopone longidens","","Australian Capital Territory","Australia","2000-11-03","",730,"point","-35.26667","149.1"
"http://antweb.org/api/v2/?occurrenceId=CAS:ANTWEB:fmnhins0000119475","fmnhins0000119475","formicidae","amblyoponinae","Amblyopone","longidens","Amblyopone longidens","","","","","Sandstone ridge, dry sclerophyll",NA,NA,NA,NA
