"url","catalogNumber","family","subfamily","genus","specificEpithet","scientific_name","typeStatus","stateProvince","country","dateIdentified","habitat","minimumElevationInMeters","geojson.type","decimal_latitude","decimal_longitude"
"http://antweb.org/api/v2/?occurrenceId=CAS:ANTWEB:casent0106195","casent0106195","formicidae","dorylinae","Amyrmex","golbachi","Amyrmex golbachi","","Formosa","Argentina","","",185,"point","-25.98333","-58.2"
"http://antweb.org/api/v2/?occurrenceId=CAS:ANTWEB:casent0172251","casent0172251","formicidae","dorylinae","Amyrmex","golbachi","Amyrmex golbachi","","Tucum n","Argentina","","",NA,NA,NA,NA
"http://antweb.org/api/v2/?occurrenceId=CAS:ANTWEB:casent0172252","casent0172252","formicidae","dorylinae","Amyrmex","golbachi","Amyrmex golbachi","","Tucum n","Argentina","","",NA,NA,NA,NA
"http://antweb.org/api/v2/?occurrenceId=CAS:ANTWEB:casent0172253","casent0172253","formicidae","dorylinae","Amyrmex","golbachi","Amyrmex golbachi","","Tucum n","Argentina","","",NA,NA,NA,NA
"http://antweb.org/api/v2/?occurrenceId=CAS:ANTWEB:casent0907586","casent0907586","formicidae","dorylinae","Amyrmex","golbachi","Amyrmex golbachi","syntype of Amyrmex golbachi","Tucum n","Argentina","1953-12-31","",NA,NA,NA,NA
