"url","catalogNumber","family","subfamily","genus","specificEpithet","scientific_name","typeStatus","stateProvince","country","dateIdentified","habitat","minimumElevationInMeters","geojson.type","decimal_latitude","decimal_longitude"
"http://antweb.org/api/v2/?occurrenceId=CAS:ANTWEB:anic32-025076","anic32-025076","formicidae","myrmicinae","Ancyridris","polyrhachioides","Ancyridris polyrhachioides","","Morobe","Papua New Guinea","","Rainforest under log",1981,"point","-7.35","146.683"
"http://antweb.org/api/v2/?occurrenceId=CAS:ANTWEB:anic32-025077","anic32-025077","formicidae","myrmicinae","Ancyridris","polyrhachioides","Ancyridris polyrhachioides","","Morobe","Papua New Guinea","","",2200,"point","-7.35","146.667"
"http://antweb.org/api/v2/?occurrenceId=CAS:ANTWEB:anic32-025078","anic32-025078","formicidae","myrmicinae","Ancyridris","polyrhachioides","Ancyridris polyrhachioides","","Morobe","Papua New Guinea","","",2200,"point","-7.35","146.667"
"http://antweb.org/api/v2/?occurrenceId=CAS:ANTWEB:anic32-025079","anic32-025079","formicidae","myrmicinae","Ancyridris","polyrhachioides","Ancyridris polyrhachioides","","Morobe","Papua New Guinea","","",2200,"point","-7.35","146.667"
"http://antweb.org/api/v2/?occurrenceId=CAS:ANTWEB:anic32-025080","anic32-025080","formicidae","myrmicinae","Ancyridris","polyrhachioides","Ancyridris polyrhachioides","","Morobe","Papua New Guinea","","",2200,"point","-7.35","146.667"
"http://antweb.org/api/v2/?occurrenceId=CAS:ANTWEB:anic32-025081","anic32-025081","formicidae","myrmicinae","Ancyridris","polyrhachioides","Ancyridris polyrhachioides","","Morobe","Papua New Guinea","","Montane rainforest ex rotting log",2200,"point","-7.35","146.667"
"http://antweb.org/api/v2/?occurrenceId=CAS:ANTWEB:anic32-025082","anic32-025082","formicidae","myrmicinae","Ancyridris","polyrhachioides","Ancyridris polyrhachioides","","Morobe","Papua New Guinea","","",2200,"point","-7.35","146.667"
"http://antweb.org/api/v2/?occurrenceId=CAS:ANTWEB:anic32-025083","anic32-025083","formicidae","myrmicinae","Ancyridris","polyrhachioides","Ancyridris polyrhachioides","","Morobe","Papua New Guinea","","",1500,NA,NA,NA
"http://antweb.org/api/v2/?occurrenceId=CAS:ANTWEB:casent0102469","casent0102469","formicidae","myrmicinae","Ancyridris","polyrhachioides","Ancyridris polyrhachioides","","Morobe","New Guinea","","",2300,NA,NA,NA
"http://antweb.org/api/v2/?occurrenceId=CAS:ANTWEB:casent0172485","casent0172485","formicidae","myrmicinae","Ancyridris","polyrhachioides","Ancyridris polyrhachioides","","","New Guinea","2014-02-26","",2200,"point","-7.21","146.4"
