"url","catalogNumber","family","subfamily","genus","specificEpithet","scientific_name","typeStatus","stateProvince","country","dateIdentified","habitat","minimumElevationInMeters","geojson.type","decimal_latitude","decimal_longitude"
"http://antweb.org/api/v2/?occurrenceId=CAS:ANTWEB:anic32-006691","anic32-006691","formicidae","aneuretinae","Aneuretus","simoni","Aneuretus simoni","","","Sri Lanka","","",NA,"point","6.73333","80.4333"
"http://antweb.org/api/v2/?occurrenceId=CAS:ANTWEB:antweb1008503","antweb1008503","formicidae","aneuretinae","Aneuretus","simoni","Aneuretus simoni","","","Sri Lanka","","",NA,NA,NA,NA
"http://antweb.org/api/v2/?occurrenceId=CAS:ANTWEB:casent0007014","casent0007014","formicidae","aneuretinae","Aneuretus","simoni","Aneuretus simoni","","","Sri Lanka","2004-03-09","logged and unlogged forest sifted litter leaf mold, rotten wood",591,"point","6.42167","80.42"
"http://antweb.org/api/v2/?occurrenceId=CAS:ANTWEB:casent0007014-d01","casent0007014-d01","formicidae","aneuretinae","Aneuretus","simoni","Aneuretus simoni","","","Sri Lanka","","logged and unlogged forest sifted litter leaf mold, rotten wood",591,"point","6.42167","80.42"
"http://antweb.org/api/v2/?occurrenceId=CAS:ANTWEB:casent0007014-d11","casent0007014-d11","formicidae","aneuretinae","Aneuretus","simoni","Aneuretus simoni","","","Sri Lanka","","logged and unlogged forest sifted litter leaf mold, rotten wood",591,"point","6.42167","80.42"
"http://antweb.org/api/v2/?occurrenceId=CAS:ANTWEB:casent0007014-d40","casent0007014-d40","formicidae","aneuretinae","Aneuretus","simoni","Aneuretus simoni","","","Sri Lanka","","logged and unlogged forest sifted litter leaf mold, rotten wood",591,"point","6.42167","80.42"
"http://antweb.org/api/v2/?occurrenceId=CAS:ANTWEB:casent0007014-res","casent0007014-res","formicidae","aneuretinae","Aneuretus","simoni","Aneuretus simoni","","","Sri Lanka","2004-03-09","logged and unlogged forest sifted litter leaf mold, rotten wood",591,"point","6.42167","80.42"
"http://antweb.org/api/v2/?occurrenceId=CAS:ANTWEB:casent0010853","casent0010853","formicidae","aneuretinae","Aneuretus","simoni","Aneuretus simoni","","","Sri Lanka","2005-09-24","",NA,NA,NA,NA
"http://antweb.org/api/v2/?occurrenceId=CAS:ANTWEB:casent0102369","casent0102369","formicidae","aneuretinae","Aneuretus","simoni","Aneuretus simoni","","Ratnapura","Sri Lanka","","",NA,NA,NA,NA
"http://antweb.org/api/v2/?occurrenceId=CAS:ANTWEB:casent0102370","casent0102370","formicidae","aneuretinae","Aneuretus","simoni","Aneuretus simoni","","Ratnapura","Sri Lanka","","",NA,NA,NA,NA
"http://antweb.org/api/v2/?occurrenceId=CAS:ANTWEB:casent0172258","casent0172258","formicidae","aneuretinae","Aneuretus","simoni","Aneuretus simoni","","","Sri Lanka","","",NA,NA,NA,NA
"http://antweb.org/api/v2/?occurrenceId=CAS:ANTWEB:casent0172259","casent0172259","formicidae","aneuretinae","Aneuretus","simoni","Aneuretus simoni","","Ratnapura","Sri Lanka","","",NA,NA,NA,NA
"http://antweb.org/api/v2/?occurrenceId=CAS:ANTWEB:casent0637363","casent0637363","formicidae","aneuretinae","Aneuretus","simoni","Aneuretus simoni","","","Sri Lanka","","logged and unlogged forest sifted litter leaf mold, rotten wood",591,"point","6.42167","80.42"
"http://antweb.org/api/v2/?occurrenceId=CAS:ANTWEB:casent0905041","casent0905041","formicidae","aneuretinae","Aneuretus","simoni","Aneuretus simoni","syntype of Aneurtus simoni","Central","Sri Lanka","","",NA,NA,NA,NA
