"url","catalogNumber","family","subfamily","genus","specificEpithet","scientific_name","typeStatus","stateProvince","country","dateIdentified","habitat","minimumElevationInMeters","geojson.type","decimal_latitude","decimal_longitude"
"http://antweb.org/api/v2/?occurrenceId=CAS:ANTWEB:antweb1008095","antweb1008095","formicidae","dolichoderinae","Anillidris","bruchi","Anillidris bruchi","","Santa Catarina","Brazil","","",NA,NA,NA,NA
"http://antweb.org/api/v2/?occurrenceId=CAS:ANTWEB:antweb1008096","antweb1008096","formicidae","dolichoderinae","Anillidris","bruchi","Anillidris bruchi","","Santa Catarina","Brazil","","",NA,NA,NA,NA
"http://antweb.org/api/v2/?occurrenceId=CAS:ANTWEB:antweb1008097","antweb1008097","formicidae","dolichoderinae","Anillidris","bruchi","Anillidris bruchi","","Minas Gerais","Brazil","","semideciduous rainforest remnant underground",745,"point","-20.79833","-42.84806"
"http://antweb.org/api/v2/?occurrenceId=CAS:ANTWEB:casent0911457","casent0911457","formicidae","dolichoderinae","Anillidris","bruchi","Anillidris bruchi","syntype of Anillidris bruchi","Misiones","Argentina","","",NA,NA,NA,NA
