"url","catalogNumber","family","subfamily","genus","specificEpithet","scientific_name","typeStatus","stateProvince","country","dateIdentified","habitat","minimumElevationInMeters","geojson.type","decimal_latitude","decimal_longitude"
"http://antweb.org/api/v2/?occurrenceId=CAS:ANTWEB:casent0179568","casent0179568","formicidae","myrmicinae","Anillomyrma","decamera","Anillomyrma decamera","","Ba Ria-Vung Tau","Vietnam","2009-12-31","Coastal lowland evergreen forest with sandy soil",44,"point","10.36361","107.48639"
"http://antweb.org/api/v2/?occurrenceId=CAS:ANTWEB:casent0235147","casent0235147","formicidae","myrmicinae","Anillomyrma","decamera","Anillomyrma decamera","","Ba Ria-Vung Tau","Vietnam","2010-12-31","Coastal lowland evergreen forest with sandy soil",44,"point","10.36361","107.48639"
"http://antweb.org/api/v2/?occurrenceId=CAS:ANTWEB:casent0235147-d01","casent0235147-d01","formicidae","myrmicinae","Anillomyrma","decamera","Anillomyrma decamera","","Ba Ria-Vung Tau","Vietnam","2010-12-31","Coastal lowland evergreen forest with sandy soil",44,"point","10.36361","107.48639"
"http://antweb.org/api/v2/?occurrenceId=CAS:ANTWEB:casent0235147-d11","casent0235147-d11","formicidae","myrmicinae","Anillomyrma","decamera","Anillomyrma decamera","","Ba Ria-Vung Tau","Vietnam","2010-12-31","Coastal lowland evergreen forest with sandy soil",44,"point","10.36361","107.48639"
"http://antweb.org/api/v2/?occurrenceId=CAS:ANTWEB:casent0235147-res","casent0235147-res","formicidae","myrmicinae","Anillomyrma","decamera","Anillomyrma decamera","","Ba Ria-Vung Tau","Vietnam","2010-12-31","Coastal lowland evergreen forest with sandy soil",44,"point","10.36361","107.48639"
"http://antweb.org/api/v2/?occurrenceId=CAS:ANTWEB:casent0752115","casent0752115","formicidae","myrmicinae","Anillomyrma","decamera","Anillomyrma decamera","","Ba Ria-Vung Tau","Vietnam","2009-12-31","Coastal lowland evergreen forest with sandy soil",44,"point","10.36361","107.48639"
"http://antweb.org/api/v2/?occurrenceId=CAS:ANTWEB:casent0904590","casent0904590","formicidae","myrmicinae","Anillomyrma","decamera","Anillomyrma decamera","syntype of Anillomyrma decamera","","Sri Lanka","","",NA,NA,NA,NA
