"url","catalogNumber","family","subfamily","genus","specificEpithet","scientific_name","typeStatus","stateProvince","country","dateIdentified","habitat","minimumElevationInMeters","geojson.type","decimal_latitude","decimal_longitude"
"http://antweb.org/api/v2/?occurrenceId=CAS:ANTWEB:casent0005904","casent0005904","formicidae","agroecomyrmecinae","Ankylomyrma","coronacantha","Ankylomyrma coronacantha","","Ogooue-Maritime","Gabon","2002-12-31","rainforest",640,"point","-2.2275","10.3945"
"http://antweb.org/api/v2/?occurrenceId=CAS:ANTWEB:casent0175478","casent0175478","formicidae","agroecomyrmecinae","Ankylomyrma","coronacantha","Ankylomyrma coronacantha","","","Ghana","2007-12-31","",NA,NA,NA,NA
"http://antweb.org/api/v2/?occurrenceId=CAS:ANTWEB:casent0175478-d40","casent0175478-d40","formicidae","agroecomyrmecinae","Ankylomyrma","coronacantha","Ankylomyrma coronacantha","","","Ghana","","",NA,NA,NA,NA
"http://antweb.org/api/v2/?occurrenceId=CAS:ANTWEB:casent0406734","casent0406734","formicidae","agroecomyrmecinae","Ankylomyrma","coronacantha","Ankylomyrma coronacantha","","Prefecture Sangha-Mba r","Central African Republic","2006-12-31","rainforest sifted litter leaf mold, rotten wood",510,"point","3.03333","16.41"
"http://antweb.org/api/v2/?occurrenceId=CAS:ANTWEB:casent0406734-d01","casent0406734-d01","formicidae","agroecomyrmecinae","Ankylomyrma","coronacantha","Ankylomyrma coronacantha","","Prefecture Sangha-Mba r","Central African Republic","2006-12-31","rainforest sifted litter leaf mold, rotten wood",510,"point","3.03333","16.41"
"http://antweb.org/api/v2/?occurrenceId=CAS:ANTWEB:casent0902013","casent0902013","formicidae","agroecomyrmecinae","Ankylomyrma","coronacantha","Ankylomyrma coronacantha","Holotype of Ankylomyrma coronacantha","","Ghana","1973-12-31","",NA,NA,NA,NA
"http://antweb.org/api/v2/?occurrenceId=CAS:ANTWEB:casent0902014","casent0902014","formicidae","agroecomyrmecinae","Ankylomyrma","coronacantha","Ankylomyrma coronacantha","","","Cameroon","","",NA,NA,NA,NA
"http://antweb.org/api/v2/?occurrenceId=CAS:ANTWEB:casent0902015","casent0902015","formicidae","agroecomyrmecinae","Ankylomyrma","coronacantha","Ankylomyrma coronacantha","","","Ghana","1974-12-31","",NA,NA,NA,NA
"http://antweb.org/api/v2/?occurrenceId=CAS:ANTWEB:casent0912871","casent0912871","formicidae","agroecomyrmecinae","Ankylomyrma","coronacantha","Ankylomyrma coronacantha","not part of type series","","Ghana","1974-12-31","",NA,NA,NA,NA
