"url","catalogNumber","family","subfamily","genus","specificEpithet","scientific_name","typeStatus","stateProvince","country","dateIdentified","habitat","minimumElevationInMeters","geojson.type","decimal_latitude","decimal_longitude"
"http://antweb.org/api/v2/?occurrenceId=CAS:ANTWEB:anic32-016965","anic32-016965","formicidae","ponerinae","Anochetus","traegaordhi","Anochetus traegaordhi","","","Ghana","","",NA,"point","6.21667","-0.366667"
"http://antweb.org/api/v2/?occurrenceId=CAS:ANTWEB:anic32-016966","anic32-016966","formicidae","ponerinae","Anochetus","traegaordhi","Anochetus traegaordhi","","","Ghana","","Rainforest Ground strays",609,"point","6.16667","-0.6"
"http://antweb.org/api/v2/?occurrenceId=CAS:ANTWEB:casent0260510","casent0260510","formicidae","ponerinae","Anochetus","traegaordhi","Anochetus traegaordhi","","","Cameroon","1992-12-31","",40,"point","2.6","9.93333"
"http://antweb.org/api/v2/?occurrenceId=CAS:ANTWEB:casent0263721","casent0263721","formicidae","ponerinae","Anochetus","traegaordhi","Anochetus traegaordhi","","Al Bahah","Saudi Arabia","2013-01-01","riparian scrub next to banana field under stone",735,"point","19.92943","41.44166"
"http://antweb.org/api/v2/?occurrenceId=CAS:ANTWEB:casent0263721-d01","casent0263721-d01","formicidae","ponerinae","Anochetus","traegaordhi","Anochetus traegaordhi","","Al Bahah","Saudi Arabia","2013-01-01","riparian scrub next to banana field under stone",735,"point","19.92943","41.44166"
"http://antweb.org/api/v2/?occurrenceId=CAS:ANTWEB:casent0263883","casent0263883","formicidae","ponerinae","Anochetus","traegaordhi","Anochetus traegaordhi","","Al Bahah","Saudi Arabia","2013-01-01","riparian scrub next to banana field under stone",735,"point","19.92943","41.44166"
"http://antweb.org/api/v2/?occurrenceId=CAS:ANTWEB:casent0263883-d01","casent0263883-d01","formicidae","ponerinae","Anochetus","traegaordhi","Anochetus traegaordhi","","Al Bahah","Saudi Arabia","2013-01-01","riparian scrub next to banana field under stone",735,"point","19.92943","41.44166"
"http://antweb.org/api/v2/?occurrenceId=CAS:ANTWEB:casent0263884","casent0263884","formicidae","ponerinae","Anochetus","traegaordhi","Anochetus traegaordhi","","Al Bahah","Saudi Arabia","2013-01-01","riparian scrub next to banana field under stone",735,"point","19.92943","41.44166"
"http://antweb.org/api/v2/?occurrenceId=CAS:ANTWEB:casent0263884-d01","casent0263884-d01","formicidae","ponerinae","Anochetus","traegaordhi","Anochetus traegaordhi","","Al Bahah","Saudi Arabia","2013-01-01","riparian scrub next to banana field under stone",735,"point","19.92943","41.44166"
"http://antweb.org/api/v2/?occurrenceId=CAS:ANTWEB:casent0263884-d11","casent0263884-d11","formicidae","ponerinae","Anochetus","traegaordhi","Anochetus traegaordhi","","Al Bahah","Saudi Arabia","","riparian scrub next to banana field under stone",735,"point","19.92943","41.44166"
"http://antweb.org/api/v2/?occurrenceId=CAS:ANTWEB:casent0263885","casent0263885","formicidae","ponerinae","Anochetus","traegaordhi","Anochetus traegaordhi","","Al Bahah","Saudi Arabia","2013-01-01","riparian scrub next to banana field under stone",735,"point","19.92943","41.44166"
"http://antweb.org/api/v2/?occurrenceId=CAS:ANTWEB:casent0263885-d01","casent0263885-d01","formicidae","ponerinae","Anochetus","traegaordhi","Anochetus traegaordhi","","Al Bahah","Saudi Arabia","2013-01-01","riparian scrub next to banana field under stone",735,"point","19.92943","41.44166"
"http://antweb.org/api/v2/?occurrenceId=CAS:ANTWEB:casent0263886","casent0263886","formicidae","ponerinae","Anochetus","traegaordhi","Anochetus traegaordhi","","Al Bahah","Saudi Arabia","2013-01-01","riparian scrub next to banana field under stone",735,"point","19.92943","41.44166"
"http://antweb.org/api/v2/?occurrenceId=CAS:ANTWEB:casent0263886-d01","casent0263886-d01","formicidae","ponerinae","Anochetus","traegaordhi","Anochetus traegaordhi","","Al Bahah","Saudi Arabia","2013-01-01","riparian scrub next to banana field under stone",735,"point","19.92943","41.44166"
"http://antweb.org/api/v2/?occurrenceId=CAS:ANTWEB:casent0264340","casent0264340","formicidae","ponerinae","Anochetus","traegaordhi","Anochetus traegaordhi","","Al Bahah","Saudi Arabia","2013-01-01","riparian scrub next to banana field under stone",735,"point","19.92943","41.44166"
"http://antweb.org/api/v2/?occurrenceId=CAS:ANTWEB:casent0264340-d01","casent0264340-d01","formicidae","ponerinae","Anochetus","traegaordhi","Anochetus traegaordhi","","Al Bahah","Saudi Arabia","2013-01-01","riparian scrub next to banana field under stone",735,"point","19.92943","41.44166"
"http://antweb.org/api/v2/?occurrenceId=CAS:ANTWEB:casent0264341","casent0264341","formicidae","ponerinae","Anochetus","traegaordhi","Anochetus traegaordhi","","Al Bahah","Saudi Arabia","2013-01-01","riparian scrub next to banana field under stone",735,"point","19.92943","41.44166"
"http://antweb.org/api/v2/?occurrenceId=CAS:ANTWEB:casent0264341-d01","casent0264341-d01","formicidae","ponerinae","Anochetus","traegaordhi","Anochetus traegaordhi","","Al Bahah","Saudi Arabia","2013-01-01","riparian scrub next to banana field under stone",735,"point","19.92943","41.44166"
"http://antweb.org/api/v2/?occurrenceId=CAS:ANTWEB:casent0634558","casent0634558","formicidae","ponerinae","Anochetus","traegaordhi","Anochetus traegaordhi","","SNNPR","Ethiopia","2014-10-22","woodland under a stone",1458,"point","6.42169","38.27828"
"http://antweb.org/api/v2/?occurrenceId=CAS:ANTWEB:casent0634559","casent0634559","formicidae","ponerinae","Anochetus","traegaordhi","Anochetus traegaordhi","","SNNPR","Ethiopia","2014-10-22","woodland under a stone",1458,"point","6.42169","38.27828"
"http://antweb.org/api/v2/?occurrenceId=CAS:ANTWEB:casent0902453","casent0902453","formicidae","ponerinae","Anochetus","traegaordhi","Anochetus traegaordhi","paratype of Anochetus angusticornis","","Zimbabwe","2014-02-27","",NA,NA,NA,NA
"http://antweb.org/api/v2/?occurrenceId=CAS:ANTWEB:casent0906479","casent0906479","formicidae","ponerinae","Anochetus","traegaordhi","Anochetus traegaordhi","","Al Bahah","Saudi Arabia","2013-12-31","",744,"point","19.92972","41.44278"
"http://antweb.org/api/v2/?occurrenceId=CAS:ANTWEB:casent0913742","casent0913742","formicidae","ponerinae","Anochetus","traegaordhi","Anochetus traegaordhi","syntype of Anochetus silvaticus","","Ivory Coast","","",NA,NA,NA,NA
"http://antweb.org/api/v2/?occurrenceId=CAS:ANTWEB:casent0915168","casent0915168","formicidae","ponerinae","Anochetus","traegaordhi","Anochetus traegaordhi","syntype of Anochetus gracilicornis","","Republic of South Sudan","","",NA,NA,NA,NA
"http://antweb.org/api/v2/?occurrenceId=CAS:ANTWEB:casent0915477","casent0915477","formicidae","ponerinae","Anochetus","traegaordhi","Anochetus traegaordhi","syntype of Anochetus silvaticus","","Guinea","","for t",NA,NA,NA,NA
"http://antweb.org/api/v2/?occurrenceId=CAS:ANTWEB:sam-hym-c001378a","sam-hym-c001378a","formicidae","ponerinae","Anochetus","traegaordhi","Anochetus traegaordhi","","KwaZulu-Natal","South Africa","2004-03-09","riverine, woodland saw nest/nest entrance",60,"point","-27.6","32.21667"
"http://antweb.org/api/v2/?occurrenceId=CAS:ANTWEB:sam-hym-c001378b","sam-hym-c001378b","formicidae","ponerinae","Anochetus","traegaordhi","Anochetus traegaordhi","","KwaZulu-Natal","South Africa","2004-03-09","riverine, woodland saw nest/nest entrance",60,"point","-27.6","32.21667"
