"url","catalogNumber","family","subfamily","genus","specificEpithet","scientific_name","typeStatus","stateProvince","country","dateIdentified","habitat","minimumElevationInMeters","geojson.type","decimal_latitude","decimal_longitude"
"http://antweb.org/api/v2/?occurrenceId=CAS:ANTWEB:casent0217513","casent0217513","formicidae","ponerinae","Anochetus","testaceus","Anochetus testaceus","","Saint Andrew","Grenada","","",NA,NA,NA,NA
"http://antweb.org/api/v2/?occurrenceId=CAS:ANTWEB:casent0729165","casent0729165","formicidae","ponerinae","Anochetus","testaceus","Anochetus testaceus","","","Saint Vincent and the Grenadines","","Ficus-Tabebuia-Morisonia, dry forest ex termite mound",115,"point","12.96053","-61.13418"
"http://antweb.org/api/v2/?occurrenceId=CAS:ANTWEB:casent0902428","casent0902428","formicidae","ponerinae","Anochetus","testaceus","Anochetus testaceus","syntype of Anochetus emarginatus testaceus","","Saint Vincent and the Grenadines","","",NA,NA,NA,NA
"http://antweb.org/api/v2/?occurrenceId=CAS:ANTWEB:casent0907421","casent0907421","formicidae","ponerinae","Anochetus","testaceus","Anochetus testaceus","syntype of Anochetus testaceus","","Saint Vincent and the Grenadines","","",NA,NA,NA,NA
