"url","catalogNumber","family","subfamily","genus","specificEpithet","scientific_name","typeStatus","stateProvince","country","dateIdentified","habitat","minimumElevationInMeters","geojson.type","decimal_latitude","decimal_longitude"
"http://antweb.org/api/v2/?occurrenceId=CAS:ANTWEB:casent0270572","casent0270572","formicidae","ponerinae","Anochetus","ghilianii","Anochetus ghilianii","","","Morocco","2011-12-31","oak forest nest under rock",388,"point","35.11572","-5.28943"
"http://antweb.org/api/v2/?occurrenceId=CAS:ANTWEB:casent0902459","casent0902459","formicidae","ponerinae","Anochetus","ghilianii","Anochetus ghilianii","syntype of Anochetus cameroni","C diz","Spain","2012-11-16","",NA,NA,NA,NA
"http://antweb.org/api/v2/?occurrenceId=CAS:ANTWEB:casent0907417","casent0907417","formicidae","ponerinae","Anochetus","ghilianii","Anochetus ghilianii","syntype of Anochetus cameroni","C diz","Spain","","",NA,NA,NA,NA
"http://antweb.org/api/v2/?occurrenceId=CAS:ANTWEB:casent0914582","casent0914582","formicidae","ponerinae","Anochetus","ghilianii","Anochetus ghilianii","","C diz","Spain","","",21,"point","36.06698","-5.44166"
