"url","catalogNumber","family","subfamily","genus","specificEpithet","scientific_name","typeStatus","stateProvince","country","dateIdentified","habitat","minimumElevationInMeters","geojson.type","decimal_latitude","decimal_longitude"
"http://antweb.org/api/v2/?occurrenceId=CAS:ANTWEB:casent0612368","casent0612368","formicidae","ponerinae","Anochetus","minans","Anochetus minans","","Gracias a Dios","Honduras","2010-11-10","tropical rainforest ex sifted leaf litter",100,"point","15.71011","-84.86304"
"http://antweb.org/api/v2/?occurrenceId=CAS:ANTWEB:casent0613321","casent0613321","formicidae","ponerinae","Anochetus","minans","Anochetus minans","","Gracias a Dios","Honduras","2010-11-10","tropical rainforest ex sifted leaf litter",80,"point","15.70861","-84.86197"
"http://antweb.org/api/v2/?occurrenceId=CAS:ANTWEB:casent0624879","casent0624879","formicidae","ponerinae","Anochetus","minans","Anochetus minans","","Atl ntida","Honduras","2012-01-11","tropical rainforest ex sifted leaf litter",280,"point","15.691117","-86.86075"
"http://antweb.org/api/v2/?occurrenceId=CAS:ANTWEB:casent0628694","casent0628694","formicidae","ponerinae","Anochetus","minans","Anochetus minans","","Regi n Aut noma del Atl ntico Norte","Nicaragua","2012-04-22","mature wet forest ex sifted leaf litter",310,"point","13.770233","-84.98074"
"http://antweb.org/api/v2/?occurrenceId=CAS:ANTWEB:casent0628809","casent0628809","formicidae","ponerinae","Anochetus","minans","Anochetus minans","","Jinotega","Nicaragua","2012-05-04","montane wet forest ex sifted leaf litter",760,"point","13.77181","-84.99896"
"http://antweb.org/api/v2/?occurrenceId=CAS:ANTWEB:casent0638874","casent0638874","formicidae","ponerinae","Anochetus","minans","Anochetus minans","","San Salvador","El Salvador","2013-04-24","garden",NA,"point","13.675","-89.197"
"http://antweb.org/api/v2/?occurrenceId=CAS:ANTWEB:inb0003698962","inb0003698962","formicidae","ponerinae","Anochetus","minans","Anochetus minans","","Heredia","Costa Rica","2007-10-15","mature wet forest ex sifted leaf litter",300,"point","10.3395405","-84.053444"
"http://antweb.org/api/v2/?occurrenceId=CAS:ANTWEB:inb0004100549","inb0004100549","formicidae","ponerinae","Anochetus","minans","Anochetus minans","","Heredia","Costa Rica","2007-10-15","mature wet forest ex sifted leaf litter",160,"point","10.407082","-84.0382"
"http://antweb.org/api/v2/?occurrenceId=CAS:ANTWEB:jtl291122","jtl291122","formicidae","ponerinae","Anochetus","minans","Anochetus minans","","Gracias a Dios","Honduras","2010-11-10","tropical rainforest ex sifted leaf litter",80,"point","15.70861","-84.86211"
"http://antweb.org/api/v2/?occurrenceId=CAS:ANTWEB:jtl673828","jtl673828","formicidae","ponerinae","Anochetus","minans","Anochetus minans","","Jinotega","Nicaragua","2012-05-17","ridgetop cloud forest ex sifted leaf litter",1110,"point","13.77174","-85.01295"
"http://antweb.org/api/v2/?occurrenceId=CAS:ANTWEB:jtl673829","jtl673829","formicidae","ponerinae","Anochetus","minans","Anochetus minans","","Jinotega","Nicaragua","2012-05-17","ridgetop cloud forest ex sifted leaf litter",1110,"point","13.771228","-85.011345"
"http://antweb.org/api/v2/?occurrenceId=CAS:ANTWEB:jtl673830","jtl673830","formicidae","ponerinae","Anochetus","minans","Anochetus minans","","Jinotega","Nicaragua","2012-05-17","montane wet forest ex sifted leaf litter",1040,"point","13.767016","-85.02468"
"http://antweb.org/api/v2/?occurrenceId=CAS:ANTWEB:jtl673831","jtl673831","formicidae","ponerinae","Anochetus","minans","Anochetus minans","","Jinotega","Nicaragua","2012-05-20","montane wet forest ex sifted leaf litter",1140,"point","13.771","-85.02538"
"http://antweb.org/api/v2/?occurrenceId=CAS:ANTWEB:jtl673832","jtl673832","formicidae","ponerinae","Anochetus","minans","Anochetus minans","","Jinotega","Nicaragua","2012-05-20","montane wet forest ex sifted leaf litter",1090,"point","13.76971","-85.02473"
"http://antweb.org/api/v2/?occurrenceId=CAS:ANTWEB:jtl673833","jtl673833","formicidae","ponerinae","Anochetus","minans","Anochetus minans","","Jinotega","Nicaragua","2012-05-20","montane wet forest ex sifted leaf litter",1140,"point","13.77062","-85.02521"
"http://antweb.org/api/v2/?occurrenceId=CAS:ANTWEB:jtlc000014746","jtlc000014746","formicidae","ponerinae","Anochetus","minans","Anochetus minans","","Heredia","Costa Rica","2007-10-06","mature wet forest ex sifted leaf litter",50,"point","10.414888","-84.02601"
