"url","catalogNumber","family","subfamily","genus","specificEpithet","scientific_name","typeStatus","stateProvince","country","dateIdentified","habitat","minimumElevationInMeters","geojson.type","decimal_latitude","decimal_longitude"
"http://antweb.org/api/v2/?occurrenceId=CAS:ANTWEB:anic32-016960","anic32-016960","formicidae","ponerinae","Anochetus","rugosus","Anochetus rugosus","","Sabah","Malaysia","","Rainforest Ex rotting log",NA,"point","5.83333","118.117"
"http://antweb.org/api/v2/?occurrenceId=CAS:ANTWEB:anic32-016961","anic32-016961","formicidae","ponerinae","Anochetus","rugosus","Anochetus rugosus","","Sabah","Malaysia","","Rainforest Leafmould, berlesate",NA,"point","5.83333","118.117"
"http://antweb.org/api/v2/?occurrenceId=CAS:ANTWEB:anic32-016962","anic32-016962","formicidae","ponerinae","Anochetus","rugosus","Anochetus rugosus","","Sabah","Malaysia","","Rainforest Ex rotting log",NA,"point","5.83333","118.117"
"http://antweb.org/api/v2/?occurrenceId=CAS:ANTWEB:anic32-016963","anic32-016963","formicidae","ponerinae","Anochetus","rugosus","Anochetus rugosus","","Sabah","Malaysia","","Rainforest Ex rotting log, strays",228,"point","4.41667","118.017"
"http://antweb.org/api/v2/?occurrenceId=CAS:ANTWEB:casent0281877","casent0281877","formicidae","ponerinae","Anochetus","rugosus","Anochetus rugosus","","Sarawak","Malaysia","","mixed dipterocarp forest",NA,NA,NA,NA
"http://antweb.org/api/v2/?occurrenceId=CAS:ANTWEB:casent0635363","casent0635363","formicidae","ponerinae","Anochetus","rugosus","Anochetus rugosus","","Sabah","Malaysia","2014-10-01","mature wet forest ex sifted leaf litter",240,"point","4.74332","116.97303"
"http://antweb.org/api/v2/?occurrenceId=CAS:ANTWEB:casent0905743","casent0905743","formicidae","ponerinae","Anochetus","rugosus","Anochetus rugosus","Holotype of Anochetus beccarii","","Indonesia","","",NA,NA,NA,NA
