"url","catalogNumber","family","subfamily","genus","specificEpithet","scientific_name","typeStatus","stateProvince","country","dateIdentified","habitat","minimumElevationInMeters","geojson.type","decimal_latitude","decimal_longitude"
"http://antweb.org/api/v2/?occurrenceId=CAS:ANTWEB:casent0006943","casent0006943","formicidae","ponerinae","Anochetus","boltoni","Anochetus boltoni","paratype of Anochetus boltoni","Antsiranana","Madagascar","2004-03-09","rainforest ex rotten log",775,"point","-14.435","49.76"
"http://antweb.org/api/v2/?occurrenceId=CAS:ANTWEB:casent0006943-d11","casent0006943-d11","formicidae","ponerinae","Anochetus","boltoni","Anochetus boltoni","","Antsiranana","Madagascar","","rainforest ex rotten log",775,"point","-14.435","49.76"
"http://antweb.org/api/v2/?occurrenceId=CAS:ANTWEB:casent0011443","casent0011443","formicidae","ponerinae","Anochetus","boltoni","Anochetus boltoni","","Antsiranana","Madagascar","2004-03-09","rainforest ex rotten log",240,"point","-14.67933","50.18367"
"http://antweb.org/api/v2/?occurrenceId=CAS:ANTWEB:casent0011443-d01","casent0011443-d01","formicidae","ponerinae","Anochetus","boltoni","Anochetus boltoni","","Antsiranana","Madagascar","","rainforest ex rotten log",240,"point","-14.67933","50.18367"
"http://antweb.org/api/v2/?occurrenceId=CAS:ANTWEB:casent0011443-d02","casent0011443-d02","formicidae","ponerinae","Anochetus","boltoni","Anochetus boltoni","","Antsiranana","Madagascar","","rainforest ex rotten log",240,"point","-14.67933","50.18367"
"http://antweb.org/api/v2/?occurrenceId=CAS:ANTWEB:casent0011443-d03","casent0011443-d03","formicidae","ponerinae","Anochetus","boltoni","Anochetus boltoni","","Antsiranana","Madagascar","","rainforest ex rotten log",240,"point","-14.67933","50.18367"
"http://antweb.org/api/v2/?occurrenceId=CAS:ANTWEB:casent0011443-d20","casent0011443-d20","formicidae","ponerinae","Anochetus","boltoni","Anochetus boltoni","","Antsiranana","Madagascar","","rainforest ex rotten log",240,"point","-14.67933","50.18367"
"http://antweb.org/api/v2/?occurrenceId=CAS:ANTWEB:casent0045021","casent0045021","formicidae","ponerinae","Anochetus","boltoni","Anochetus boltoni","","Antsiranana","Madagascar","2004-03-09","rainforest sifted litter leaf mold, rotten wood",450,"point","-14.43667","49.775"
"http://antweb.org/api/v2/?occurrenceId=CAS:ANTWEB:casent0045021-d01","casent0045021-d01","formicidae","ponerinae","Anochetus","boltoni","Anochetus boltoni","","Antsiranana","Madagascar","","rainforest sifted litter leaf mold, rotten wood",450,"point","-14.43667","49.775"
"http://antweb.org/api/v2/?occurrenceId=CAS:ANTWEB:casent0063847","casent0063847","formicidae","ponerinae","Anochetus","boltoni","Anochetus boltoni","","Antsiranana","Madagascar","2004-03-09","Low altitude rainforest",487,"point","-14.43817","49.774"
"http://antweb.org/api/v2/?occurrenceId=CAS:ANTWEB:casent0064429","casent0064429","formicidae","ponerinae","Anochetus","boltoni","Anochetus boltoni","","Antsiranana","Madagascar","2006-10-23","Low altitude rainforest",487,"point","-14.43817","49.774"
"http://antweb.org/api/v2/?occurrenceId=CAS:ANTWEB:casent0064429-d01","casent0064429-d01","formicidae","ponerinae","Anochetus","boltoni","Anochetus boltoni","","Antsiranana","Madagascar","","Low altitude rainforest",487,"point","-14.43817","49.774"
"http://antweb.org/api/v2/?occurrenceId=CAS:ANTWEB:casent0104542","casent0104542","formicidae","ponerinae","Anochetus","boltoni","Anochetus boltoni","Holotype of Anochetus boltoni","Antsiranana","Madagascar","2004-03-09","rainforest ex rotten log",775,"point","-14.435","49.76"
"http://antweb.org/api/v2/?occurrenceId=CAS:ANTWEB:casent0104542-d20","casent0104542-d20","formicidae","ponerinae","Anochetus","boltoni","Anochetus boltoni","","Antsiranana","Madagascar","","rainforest ex rotten log",775,"point","-14.435","49.76"
"http://antweb.org/api/v2/?occurrenceId=CAS:ANTWEB:casent0487895","casent0487895","formicidae","ponerinae","Anochetus","boltoni","Anochetus boltoni","paratype of Anochetus boltoni","Antsiranana","Madagascar","2004-03-09","rainforest ex rotten log",775,"point","-14.435","49.76"
"http://antweb.org/api/v2/?occurrenceId=CAS:ANTWEB:casent0487895-d01","casent0487895-d01","formicidae","ponerinae","Anochetus","boltoni","Anochetus boltoni","","Antsiranana","Madagascar","","rainforest ex rotten log",775,"point","-14.435","49.76"
"http://antweb.org/api/v2/?occurrenceId=CAS:ANTWEB:casent0487895-d02","casent0487895-d02","formicidae","ponerinae","Anochetus","boltoni","Anochetus boltoni","","Antsiranana","Madagascar","","rainforest ex rotten log",775,"point","-14.435","49.76"
"http://antweb.org/api/v2/?occurrenceId=CAS:ANTWEB:casent0487895-d03","casent0487895-d03","formicidae","ponerinae","Anochetus","boltoni","Anochetus boltoni","","Antsiranana","Madagascar","","rainforest ex rotten log",775,"point","-14.435","49.76"
"http://antweb.org/api/v2/?occurrenceId=CAS:ANTWEB:casent0487895-d04","casent0487895-d04","formicidae","ponerinae","Anochetus","boltoni","Anochetus boltoni","","Antsiranana","Madagascar","","rainforest ex rotten log",775,"point","-14.435","49.76"
"http://antweb.org/api/v2/?occurrenceId=CAS:ANTWEB:casent0487895-d40","casent0487895-d40","formicidae","ponerinae","Anochetus","boltoni","Anochetus boltoni","","Antsiranana","Madagascar","","rainforest ex rotten log",775,"point","-14.435","49.76"
"http://antweb.org/api/v2/?occurrenceId=CAS:ANTWEB:casent0487896","casent0487896","formicidae","ponerinae","Anochetus","boltoni","Anochetus boltoni","paratype of Anochetus boltoni","Antsiranana","Madagascar","2004-03-09","rainforest ex rotten log",775,"point","-14.435","49.76"
"http://antweb.org/api/v2/?occurrenceId=CAS:ANTWEB:casent0487897","casent0487897","formicidae","ponerinae","Anochetus","boltoni","Anochetus boltoni","paratype of Anochetus boltoni","Antsiranana","Madagascar","2004-03-09","rainforest ex rotten log",775,"point","-14.435","49.76"
"http://antweb.org/api/v2/?occurrenceId=CAS:ANTWEB:casent0494908","casent0494908","formicidae","ponerinae","Anochetus","boltoni","Anochetus boltoni","","Antsiranana","Madagascar","2004-03-09","rainforest ex rotten log",775,"point","-14.435","49.76"
"http://antweb.org/api/v2/?occurrenceId=CAS:ANTWEB:casent0494908-d01","casent0494908-d01","formicidae","ponerinae","Anochetus","boltoni","Anochetus boltoni","","Antsiranana","Madagascar","","rainforest ex rotten log",775,"point","-14.435","49.76"
"http://antweb.org/api/v2/?occurrenceId=CAS:ANTWEB:casent0494909","casent0494909","formicidae","ponerinae","Anochetus","boltoni","Anochetus boltoni","","Antsiranana","Madagascar","2004-03-09","rainforest ex rotten log",775,"point","-14.435","49.76"
"http://antweb.org/api/v2/?occurrenceId=CAS:ANTWEB:casent0494909-d01","casent0494909-d01","formicidae","ponerinae","Anochetus","boltoni","Anochetus boltoni","","Antsiranana","Madagascar","","rainforest ex rotten log",775,"point","-14.435","49.76"
"http://antweb.org/api/v2/?occurrenceId=CAS:ANTWEB:casent0494910","casent0494910","formicidae","ponerinae","Anochetus","boltoni","Anochetus boltoni","","Antsiranana","Madagascar","2004-03-09","rainforest ex rotten log",775,"point","-14.435","49.76"
"http://antweb.org/api/v2/?occurrenceId=CAS:ANTWEB:casent0494910-d01","casent0494910-d01","formicidae","ponerinae","Anochetus","boltoni","Anochetus boltoni","","Antsiranana","Madagascar","","rainforest ex rotten log",775,"point","-14.435","49.76"
