"url","catalogNumber","family","subfamily","genus","specificEpithet","scientific_name","typeStatus","stateProvince","country","dateIdentified","habitat","minimumElevationInMeters","geojson.type","decimal_latitude","decimal_longitude"
"http://antweb.org/api/v2/?occurrenceId=CAS:ANTWEB:anic32-016938","anic32-016938","formicidae","ponerinae","Anochetus","madaraszi","Anochetus madaraszi","","","India","","",NA,"point","22.5667","88.3667"
"http://antweb.org/api/v2/?occurrenceId=CAS:ANTWEB:anic32-016939","anic32-016939","formicidae","ponerinae","Anochetus","madaraszi","Anochetus madaraszi","","","India","","",300,"point","29.9667","78.2167"
"http://antweb.org/api/v2/?occurrenceId=CAS:ANTWEB:casent0281885","casent0281885","formicidae","ponerinae","Anochetus","madaraszi","Anochetus madaraszi","","","","","",NA,NA,NA,NA
"http://antweb.org/api/v2/?occurrenceId=CAS:ANTWEB:casent0915892","casent0915892","formicidae","ponerinae","Anochetus","madaraszi","Anochetus madaraszi","syntype of Anochetus madaraszi","","India","","",NA,NA,NA,NA
"http://antweb.org/api/v2/?occurrenceId=CAS:ANTWEB:casent0915893","casent0915893","formicidae","ponerinae","Anochetus","madaraszi","Anochetus madaraszi","syntype of Anochetus madaraszi","","India","","",NA,NA,NA,NA
