"url","catalogNumber","family","subfamily","genus","specificEpithet","scientific_name","typeStatus","stateProvince","country","dateIdentified","habitat","minimumElevationInMeters","geojson.type","decimal_latitude","decimal_longitude"
"http://antweb.org/api/v2/?occurrenceId=CAS:ANTWEB:anic32-016907","anic32-016907","formicidae","ponerinae","Anochetus","risii","Anochetus risii","","Java","Indonesia","","",NA,"point","-6.58333","106.783"
"http://antweb.org/api/v2/?occurrenceId=CAS:ANTWEB:anic32-016908","anic32-016908","formicidae","ponerinae","Anochetus","risii","Anochetus risii","","Upolu","Samoa","","Under ficus Leaf mould",NA,NA,NA,NA
"http://antweb.org/api/v2/?occurrenceId=CAS:ANTWEB:anic32-016909","anic32-016909","formicidae","ponerinae","Anochetus","risii","Anochetus risii","","","Samoa","","Coastal Futu grove Leaf litter",NA,NA,NA,NA
"http://antweb.org/api/v2/?occurrenceId=CAS:ANTWEB:anic32-016910","anic32-016910","formicidae","ponerinae","Anochetus","risii","Anochetus risii","","","Cook Islands","","",NA,"point","-21.2333","-159.767"
"http://antweb.org/api/v2/?occurrenceId=CAS:ANTWEB:anic32-016911","anic32-016911","formicidae","ponerinae","Anochetus","risii","Anochetus risii","","","Tonga","","",NA,NA,NA,NA
"http://antweb.org/api/v2/?occurrenceId=CAS:ANTWEB:casent0281886","casent0281886","formicidae","ponerinae","Anochetus","risii","Anochetus risii","","Guangdong","China","","",NA,NA,NA,NA
"http://antweb.org/api/v2/?occurrenceId=CAS:ANTWEB:casent0907411","casent0907411","formicidae","ponerinae","Anochetus","risii","Anochetus risii","syntype of Anochetus risii","Hong Kong","China","","",NA,NA,NA,NA
"http://antweb.org/api/v2/?occurrenceId=CAS:ANTWEB:casent0915166","casent0915166","formicidae","ponerinae","Anochetus","risii","Anochetus risii","syntype of Anochetus gracilis","West Java","Indonesia","","",NA,NA,NA,NA
