"url","catalogNumber","family","subfamily","genus","specificEpithet","scientific_name","typeStatus","stateProvince","country","dateIdentified","habitat","minimumElevationInMeters","geojson.type","decimal_latitude","decimal_longitude"
"http://antweb.org/api/v2/?occurrenceId=CAS:ANTWEB:anic32-016940","anic32-016940","formicidae","ponerinae","Anochetus","maynei","Anochetus maynei","","","Ghana","","",NA,"point","6.21667","-0.366667"
"http://antweb.org/api/v2/?occurrenceId=CAS:ANTWEB:anic32-016941","anic32-016941","formicidae","ponerinae","Anochetus","maynei","Anochetus maynei","","","Ghana","","",NA,"point","6.21667","-0.366667"
"http://antweb.org/api/v2/?occurrenceId=CAS:ANTWEB:casent0010779","casent0010779","formicidae","ponerinae","Anochetus","maynei","Anochetus maynei","","Woleu-Ntem","Gabon","2012-12-31","rainforest sifted litter leaf mold, rotten wood",600,"point","2.08","12.40667"
"http://antweb.org/api/v2/?occurrenceId=CAS:ANTWEB:casent0010779-d11","casent0010779-d11","formicidae","ponerinae","Anochetus","maynei","Anochetus maynei","","Woleu-Ntem","Gabon","","rainforest sifted litter leaf mold, rotten wood",600,"point","2.08","12.40667"
"http://antweb.org/api/v2/?occurrenceId=CAS:ANTWEB:rmcaent000017739","rmcaent000017739","formicidae","ponerinae","Anochetus","maynei","Anochetus maynei","syntype of Anochetus maynei","","Democratic Republic of Congo","","",NA,NA,NA,NA
