"url","catalogNumber","family","subfamily","genus","specificEpithet","scientific_name","typeStatus","stateProvince","country","dateIdentified","habitat","minimumElevationInMeters","geojson.type","decimal_latitude","decimal_longitude"
"http://antweb.org/api/v2/?occurrenceId=CAS:ANTWEB:casent0260499","casent0260499","formicidae","ponerinae","Anochetus","micans","Anochetus micans","","Islas de la Bah a","Honduras","","park/garden ground forager s",10,"point","16.09833","-86.89333"
"http://antweb.org/api/v2/?occurrenceId=CAS:ANTWEB:casent0610680","casent0610680","formicidae","ponerinae","Anochetus","micans","Anochetus micans","","Pet n","Guatemala","2009-09-30","tropical moist forest at night ex sifted leaf litter",290,"point","17.003275","-89.71858"
"http://antweb.org/api/v2/?occurrenceId=CAS:ANTWEB:casent0613035","casent0613035","formicidae","ponerinae","Anochetus","micans","Anochetus micans","","Pet n","Guatemala","2009-12-08","tropical moist forest beating vegetation",195,"point","16.99995","-89.71513"
"http://antweb.org/api/v2/?occurrenceId=CAS:ANTWEB:casent0625051","casent0625051","formicidae","ponerinae","Anochetus","micans","Anochetus micans","","Islas de la Bah a","Honduras","2011-12-03","park/garden nocturnal ground forager s",10,"point","16.0985","-86.89343"
"http://antweb.org/api/v2/?occurrenceId=CAS:ANTWEB:casent0625052","casent0625052","formicidae","ponerinae","Anochetus","micans","Anochetus micans","","Islas de la Bah a","Honduras","2011-12-03","littoral vegetation under stone, 0.4m from PSW16011",5,"point","16.12172","-86.87845"
"http://antweb.org/api/v2/?occurrenceId=CAS:ANTWEB:casent0637630","casent0637630","formicidae","ponerinae","Anochetus","micans","Anochetus micans","","Heredia","Costa Rica","2013-09-01","wet forest",300,"point","10.35","-84.05"
"http://antweb.org/api/v2/?occurrenceId=CAS:ANTWEB:casent0907420","casent0907420","formicidae","ponerinae","Anochetus","micans","Anochetus micans","syntype of Anochetus micans","","Costa Rica","","",1800,NA,NA,NA
"http://antweb.org/api/v2/?occurrenceId=CAS:ANTWEB:jtl703137","jtl703137","formicidae","ponerinae","Anochetus","micans","Anochetus micans","","Heredia","Costa Rica","2013-08-28","wet forest",300,"point","10.35","-84.05"
"http://antweb.org/api/v2/?occurrenceId=CAS:ANTWEB:jtl703138","jtl703138","formicidae","ponerinae","Anochetus","micans","Anochetus micans","","Heredia","Costa Rica","2013-08-28","wet forest",300,"point","10.35","-84.05"
"http://antweb.org/api/v2/?occurrenceId=CAS:ANTWEB:jtl703139","jtl703139","formicidae","ponerinae","Anochetus","micans","Anochetus micans","","Heredia","Costa Rica","2013-08-28","wet forest",300,"point","10.35","-84.05"
"http://antweb.org/api/v2/?occurrenceId=CAS:ANTWEB:jtl703140","jtl703140","formicidae","ponerinae","Anochetus","micans","Anochetus micans","","Heredia","Costa Rica","2013-08-28","wet forest",300,"point","10.35","-84.05"
"http://antweb.org/api/v2/?occurrenceId=CAS:ANTWEB:jtl703141","jtl703141","formicidae","ponerinae","Anochetus","micans","Anochetus micans","","Heredia","Costa Rica","2013-08-28","montane wet forest bajo de M/01",300,"point","10.35","-84.05"
"http://antweb.org/api/v2/?occurrenceId=CAS:ANTWEB:jtl703142","jtl703142","formicidae","ponerinae","Anochetus","micans","Anochetus micans","","Heredia","Costa Rica","2013-08-28","montane wet forest",500,"point","10.33333","-84.06667"
"http://antweb.org/api/v2/?occurrenceId=CAS:ANTWEB:jtl703143","jtl703143","formicidae","ponerinae","Anochetus","micans","Anochetus micans","","Pet n","Guatemala","2013-08-28","tropical moist forest Malaise trap",145,"point","17.00129","-89.70724"
"http://antweb.org/api/v2/?occurrenceId=CAS:ANTWEB:jtl703144","jtl703144","formicidae","ponerinae","Anochetus","micans","Anochetus micans","","Pet n","Guatemala","2013-08-28","tropical moist forest Malaise trap",140,"point","17.00044","-89.70346"
"http://antweb.org/api/v2/?occurrenceId=CAS:ANTWEB:jtl703145","jtl703145","formicidae","ponerinae","Anochetus","micans","Anochetus micans","","Pet n","Guatemala","2013-08-28","tropical moist forest Malaise trap",270,"point","17.24433","-89.62201"
