"url","catalogNumber","family","subfamily","genus","specificEpithet","scientific_name","typeStatus","stateProvince","country","dateIdentified","habitat","minimumElevationInMeters","geojson.type","decimal_latitude","decimal_longitude"
"http://antweb.org/api/v2/?occurrenceId=CAS:ANTWEB:casent0260508","casent0260508","formicidae","ponerinae","Anochetus","striatulus","Anochetus striatulus","","Choc","Colombia","","ensenada bos. abierto",NA,"point","6.01694","-77.34861"
"http://antweb.org/api/v2/?occurrenceId=CAS:ANTWEB:casent0902429","casent0902429","formicidae","ponerinae","Anochetus","striatulus","Anochetus striatulus","syntype of Anochetus emarginatus striatula","","Costa Rica","","",NA,NA,NA,NA
"http://antweb.org/api/v2/?occurrenceId=CAS:ANTWEB:casent0903991","casent0903991","formicidae","ponerinae","Anochetus","striatulus","Anochetus striatulus","syntype of Anochetus emarginatus striatula","Alajuela","Costa Rica","","",NA,NA,NA,NA
"http://antweb.org/api/v2/?occurrenceId=CAS:ANTWEB:inb0003231274","inb0003231274","formicidae","ponerinae","Anochetus","striatulus","Anochetus striatulus","","Heredia","Costa Rica","2004-04-20","montane wet forest",500,"point","10.33333","-84.06667"
"http://antweb.org/api/v2/?occurrenceId=CAS:ANTWEB:inb0003240698","inb0003240698","formicidae","ponerinae","Anochetus","striatulus","Anochetus striatulus","","Heredia","Costa Rica","2004-04-20","montane wet forest bajo de M/05",500,"point","10.33333","-84.06667"
"http://antweb.org/api/v2/?occurrenceId=CAS:ANTWEB:inb0003605749","inb0003605749","formicidae","ponerinae","Anochetus","striatulus","Anochetus striatulus","","Heredia","Costa Rica","2004-04-20","montane wet forest",500,"point","10.33333","-84.06667"
"http://antweb.org/api/v2/?occurrenceId=CAS:ANTWEB:inb0003605879","inb0003605879","formicidae","ponerinae","Anochetus","striatulus","Anochetus striatulus","","Heredia","Costa Rica","2004-04-20","montane wet forest",500,"point","10.33333","-84.06667"
"http://antweb.org/api/v2/?occurrenceId=CAS:ANTWEB:inb0003605889","inb0003605889","formicidae","ponerinae","Anochetus","striatulus","Anochetus striatulus","","Heredia","Costa Rica","2004-04-20","montane wet forest",500,"point","10.33333","-84.06667"
"http://antweb.org/api/v2/?occurrenceId=CAS:ANTWEB:inb0003606738","inb0003606738","formicidae","ponerinae","Anochetus","striatulus","Anochetus striatulus","","Heredia","Costa Rica","2004-04-20","montane wet forest Sobre Vegetacion",500,"point","10.33333","-84.06667"
"http://antweb.org/api/v2/?occurrenceId=CAS:ANTWEB:inb0003607947","inb0003607947","formicidae","ponerinae","Anochetus","striatulus","Anochetus striatulus","","Heredia","Costa Rica","2004-04-20","montane wet forest Sobre Vegetacion",500,"point","10.33333","-84.06667"
"http://antweb.org/api/v2/?occurrenceId=CAS:ANTWEB:inb0003608297","inb0003608297","formicidae","ponerinae","Anochetus","striatulus","Anochetus striatulus","","Heredia","Costa Rica","2004-04-20","montane wet forest Sobre Vegetacion",500,"point","10.33333","-84.06667"
"http://antweb.org/api/v2/?occurrenceId=CAS:ANTWEB:inb0003608407","inb0003608407","formicidae","ponerinae","Anochetus","striatulus","Anochetus striatulus","","Heredia","Costa Rica","2004-04-20","montane wet forest Sobre Vegetacion",500,"point","10.33333","-84.06667"
"http://antweb.org/api/v2/?occurrenceId=CAS:ANTWEB:inb0003624499","inb0003624499","formicidae","ponerinae","Anochetus","striatulus","Anochetus striatulus","","Heredia","Costa Rica","2005-04-15","montane wet forest Sobre Vegetacion",300,"point","10.35","-84.05"
"http://antweb.org/api/v2/?occurrenceId=CAS:ANTWEB:inb0003654570","inb0003654570","formicidae","ponerinae","Anochetus","striatulus","Anochetus striatulus","","Heredia","Costa Rica","2005-04-15","montane wet forest Sobre Vegetacion",300,"point","10.35","-84.05"
"http://antweb.org/api/v2/?occurrenceId=CAS:ANTWEB:inb0003657418","inb0003657418","formicidae","ponerinae","Anochetus","striatulus","Anochetus striatulus","","Heredia","Costa Rica","2005-04-15","montane wet forest Sobre Vegetacion",500,"point","10.33333","-84.06667"
"http://antweb.org/api/v2/?occurrenceId=CAS:ANTWEB:inbiocri001280409","inbiocri001280409","formicidae","ponerinae","Anochetus","striatulus","Anochetus striatulus","","Heredia","Costa Rica","1995-11-25","",550,"point","10.3","-84.03333"
"http://antweb.org/api/v2/?occurrenceId=CAS:ANTWEB:inbiocri001281122","inbiocri001281122","formicidae","ponerinae","Anochetus","striatulus","Anochetus striatulus","","San Jos","Costa Rica","1995-11-25","",500,"point","10.15","-83.91667"
"http://antweb.org/api/v2/?occurrenceId=CAS:ANTWEB:inbiocri001281123","inbiocri001281123","formicidae","ponerinae","Anochetus","striatulus","Anochetus striatulus","","San Jos","Costa Rica","1995-11-25","",500,"point","10.15","-83.91667"
"http://antweb.org/api/v2/?occurrenceId=CAS:ANTWEB:inbiocri001281124","inbiocri001281124","formicidae","ponerinae","Anochetus","striatulus","Anochetus striatulus","","San Jos","Costa Rica","1995-11-25","",500,"point","10.15","-83.91667"
"http://antweb.org/api/v2/?occurrenceId=CAS:ANTWEB:inbiocri001281125","inbiocri001281125","formicidae","ponerinae","Anochetus","striatulus","Anochetus striatulus","","San Jos","Costa Rica","1995-11-25","",500,"point","10.15","-83.91667"
"http://antweb.org/api/v2/?occurrenceId=CAS:ANTWEB:inbiocri001281126","inbiocri001281126","formicidae","ponerinae","Anochetus","striatulus","Anochetus striatulus","","Heredia","Costa Rica","1995-11-25","",500,"point","10.33333","-84.06667"
"http://antweb.org/api/v2/?occurrenceId=CAS:ANTWEB:inbiocri001281127","inbiocri001281127","formicidae","ponerinae","Anochetus","striatulus","Anochetus striatulus","","Heredia","Costa Rica","1995-11-25","",500,"point","10.33333","-84.06667"
"http://antweb.org/api/v2/?occurrenceId=CAS:ANTWEB:inbiocri001281128","inbiocri001281128","formicidae","ponerinae","Anochetus","striatulus","Anochetus striatulus","","Lim n","Costa Rica","1995-11-25","",100,"point","9.666667","-83.03333"
"http://antweb.org/api/v2/?occurrenceId=CAS:ANTWEB:inbiocri001281129","inbiocri001281129","formicidae","ponerinae","Anochetus","striatulus","Anochetus striatulus","","Lim n","Costa Rica","1995-11-25","",100,"point","9.666667","-83.03333"
"http://antweb.org/api/v2/?occurrenceId=CAS:ANTWEB:inbiocri001281130","inbiocri001281130","formicidae","ponerinae","Anochetus","striatulus","Anochetus striatulus","","Lim n","Costa Rica","1995-11-25","",100,"point","9.666667","-83.03333"
"http://antweb.org/api/v2/?occurrenceId=CAS:ANTWEB:inbiocri001281131","inbiocri001281131","formicidae","ponerinae","Anochetus","striatulus","Anochetus striatulus","","Lim n","Costa Rica","1995-11-25","mature and second growth wet forest nocturnal strays",100,"point","9.666667","-83.03333"
"http://antweb.org/api/v2/?occurrenceId=CAS:ANTWEB:jtl-sv00708","jtl-sv00708","formicidae","ponerinae","Anochetus","striatulus","Anochetus striatulus","","Heredia","Costa Rica","2015-03-25","montane wet forest Sobre Vegetacion",300,"point","10.35","-84.05"
"http://antweb.org/api/v2/?occurrenceId=CAS:ANTWEB:jtl0000143","jtl0000143","formicidae","ponerinae","Anochetus","striatulus","Anochetus striatulus","","Heredia","Costa Rica","","",500,"point","10.33333","-84.06667"
"http://antweb.org/api/v2/?occurrenceId=CAS:ANTWEB:jtl0000144","jtl0000144","formicidae","ponerinae","Anochetus","striatulus","Anochetus striatulus","","Heredia","Costa Rica","1995-11-25","Primary wet forest Strays from nocturnal collecting in prim",500,"point","10.33333","-84.06667"
"http://antweb.org/api/v2/?occurrenceId=CAS:ANTWEB:jtlc000004486","jtlc000004486","formicidae","ponerinae","Anochetus","striatulus","Anochetus striatulus","","Heredia","Costa Rica","2003-12-15","second growth forest nocturnal foragers",300,"point","10.35","-84.05"
