"url","catalogNumber","family","subfamily","genus","specificEpithet","scientific_name","typeStatus","stateProvince","country","dateIdentified","habitat","minimumElevationInMeters","geojson.type","decimal_latitude","decimal_longitude"
"http://antweb.org/api/v2/?occurrenceId=CAS:ANTWEB:anic32-015815","anic32-015815","formicidae","ponerinae","Anochetus","turneri","Anochetus turneri","","Queensland","Australia","","",NA,"point","-21.15","149.183"
"http://antweb.org/api/v2/?occurrenceId=CAS:ANTWEB:anic32-015816","anic32-015816","formicidae","ponerinae","Anochetus","turneri","Anochetus turneri","","Queensland","Australia","","Pyrethrum knockdown/RN",NA,"point","-12.7333","143.233"
"http://antweb.org/api/v2/?occurrenceId=CAS:ANTWEB:anic32-015817","anic32-015817","formicidae","ponerinae","Anochetus","turneri","Anochetus turneri","","Queensland","Australia","","",NA,"point","-10.6833","142.15"
"http://antweb.org/api/v2/?occurrenceId=CAS:ANTWEB:anic32-015939","anic32-015939","formicidae","ponerinae","Anochetus","turneri","Anochetus turneri","","Queensland","Australia","","Riverine rainforest Berlesate, sieved litter",NA,"point","-22.85","150.65"
"http://antweb.org/api/v2/?occurrenceId=CAS:ANTWEB:anict-104830","anict-104830","formicidae","ponerinae","Anochetus","turneri","Anochetus turneri","","Queensland","Australia","","mangrove estury",NA,"point","-18.25","146.233"
"http://antweb.org/api/v2/?occurrenceId=CAS:ANTWEB:casent0172372","casent0172372","formicidae","ponerinae","Anochetus","turneri","Anochetus turneri","","Queensland","Australia","","rainforest",NA,NA,NA,NA
"http://antweb.org/api/v2/?occurrenceId=CAS:ANTWEB:casent0902450","casent0902450","formicidae","ponerinae","Anochetus","turneri","Anochetus turneri","syntype of Anochetus turneri","","Australia","","",NA,NA,NA,NA
"http://antweb.org/api/v2/?occurrenceId=CAS:ANTWEB:casent0907415","casent0907415","formicidae","ponerinae","Anochetus","turneri","Anochetus turneri","syntype of Anochetus turneri","Queensland","Australia","","",NA,NA,NA,NA
