"url","catalogNumber","family","subfamily","genus","specificEpithet","scientific_name","typeStatus","stateProvince","country","dateIdentified","habitat","minimumElevationInMeters","geojson.type","decimal_latitude","decimal_longitude"
"http://antweb.org/api/v2/?occurrenceId=CAS:ANTWEB:anic32-016901","anic32-016901","formicidae","ponerinae","Anochetus","emarginatus","Anochetus emarginatus","","","Venezuela","","",NA,NA,NA,NA
"http://antweb.org/api/v2/?occurrenceId=CAS:ANTWEB:antweb1008504","antweb1008504","formicidae","ponerinae","Anochetus","emarginatus","Anochetus emarginatus","","Amazonas","Venezuela","","",180,"point","5.6","-66.1"
"http://antweb.org/api/v2/?occurrenceId=CAS:ANTWEB:casent0217503","casent0217503","formicidae","ponerinae","Anochetus","emarginatus","Anochetus emarginatus","","Valle de Cauca","Colombia","","",1350,NA,NA,NA
"http://antweb.org/api/v2/?occurrenceId=CAS:ANTWEB:casent0246168","casent0246168","formicidae","ponerinae","Anochetus","emarginatus","Anochetus emarginatus","","","Belize","","Port of entry on orchids",NA,NA,NA,NA
"http://antweb.org/api/v2/?occurrenceId=CAS:ANTWEB:casent0246276","casent0246276","formicidae","ponerinae","Anochetus","emarginatus","Anochetus emarginatus","","","Trinidad and Tobago","","Port of entry on orchid plants",NA,NA,NA,NA
"http://antweb.org/api/v2/?occurrenceId=CAS:ANTWEB:casent0246277","casent0246277","formicidae","ponerinae","Anochetus","emarginatus","Anochetus emarginatus","","","Guyana","","Port of entry w/Cecropia leaves",NA,NA,NA,NA
"http://antweb.org/api/v2/?occurrenceId=CAS:ANTWEB:casent0260493","casent0260493","formicidae","ponerinae","Anochetus","emarginatus","Anochetus emarginatus","","Bolivar","Venezuela","","rainforest edge",250,"point","6.15","-61.5"
"http://antweb.org/api/v2/?occurrenceId=CAS:ANTWEB:casent0902431","casent0902431","formicidae","ponerinae","Anochetus","emarginatus","Anochetus emarginatus","Holotype of Odontomachus quadrispinosus","","Brazil","","",NA,NA,NA,NA
"http://antweb.org/api/v2/?occurrenceId=CAS:ANTWEB:casent0903990","casent0903990","formicidae","ponerinae","Anochetus","emarginatus","Anochetus emarginatus","syntype of Anochetus emarginatus rugosus","Mato Grosso","Brazil","","",NA,NA,NA,NA
"http://antweb.org/api/v2/?occurrenceId=CAS:ANTWEB:fmnhins0000106323","fmnhins0000106323","formicidae","ponerinae","Anochetus","emarginatus","Anochetus emarginatus","","","","","",NA,NA,NA,NA
"http://antweb.org/api/v2/?occurrenceId=CAS:ANTWEB:fmnhins0000106324","fmnhins0000106324","formicidae","ponerinae","Anochetus","emarginatus","Anochetus emarginatus","","","","","",NA,NA,NA,NA
"http://antweb.org/api/v2/?occurrenceId=CAS:ANTWEB:fmnhins0000106326","fmnhins0000106326","formicidae","ponerinae","Anochetus","emarginatus","Anochetus emarginatus","","","","","",NA,NA,NA,NA
"http://antweb.org/api/v2/?occurrenceId=CAS:ANTWEB:fmnhins0000106328","fmnhins0000106328","formicidae","ponerinae","Anochetus","emarginatus","Anochetus emarginatus","","","","","",NA,NA,NA,NA
"http://antweb.org/api/v2/?occurrenceId=CAS:ANTWEB:jtlc000005553","jtlc000005553","formicidae","ponerinae","Anochetus","emarginatus","Anochetus emarginatus","","Risaralda","Colombia","2004-04-03","",1845,"point","8.13333","-75.95"
"http://antweb.org/api/v2/?occurrenceId=CAS:ANTWEB:lacm ent 141933","lacm ent 141933","formicidae","ponerinae","Anochetus","emarginatus","Anochetus emarginatus","","Magdalena","Colombia","","",50,"point","11.316667","-73.933334"
"http://antweb.org/api/v2/?occurrenceId=CAS:ANTWEB:lacm ent 141934","lacm ent 141934","formicidae","ponerinae","Anochetus","emarginatus","Anochetus emarginatus","","West Demerara","Guyana","1998-12-18","wet forest strays",NA,"point","6.4","-58.61667"
