"url","catalogNumber","family","subfamily","genus","specificEpithet","scientific_name","typeStatus","stateProvince","country","dateIdentified","habitat","minimumElevationInMeters","geojson.type","decimal_latitude","decimal_longitude"
"http://antweb.org/api/v2/?occurrenceId=CAS:ANTWEB:alas605186","alas605186","formicidae","ponerinae","Anochetus","orchidicola","Anochetus orchidicola","","Heredia","Costa Rica","2006-05-09","montane wet forest hojarasca",1100,"point","10.26667","-84.08333"
"http://antweb.org/api/v2/?occurrenceId=CAS:ANTWEB:alas605192","alas605192","formicidae","ponerinae","Anochetus","orchidicola","Anochetus orchidicola","","Heredia","Costa Rica","2006-05-09","montane wet forest hojarasca",1100,"point","10.26667","-84.08333"
"http://antweb.org/api/v2/?occurrenceId=CAS:ANTWEB:alas605199","alas605199","formicidae","ponerinae","Anochetus","orchidicola","Anochetus orchidicola","","Heredia","Costa Rica","2006-05-09","montane wet forest hojarasca",1100,"point","10.26667","-84.08333"
"http://antweb.org/api/v2/?occurrenceId=CAS:ANTWEB:alas605206","alas605206","formicidae","ponerinae","Anochetus","orchidicola","Anochetus orchidicola","","Heredia","Costa Rica","2006-05-09","montane wet forest madera podrida",1100,"point","10.26667","-84.08333"
"http://antweb.org/api/v2/?occurrenceId=CAS:ANTWEB:alas605224","alas605224","formicidae","ponerinae","Anochetus","orchidicola","Anochetus orchidicola","","Heredia","Costa Rica","2006-05-09","montane wet forest detras de tronco",1100,"point","10.26667","-84.08333"
"http://antweb.org/api/v2/?occurrenceId=CAS:ANTWEB:alas605227","alas605227","formicidae","ponerinae","Anochetus","orchidicola","Anochetus orchidicola","","Heredia","Costa Rica","2006-05-09","montane wet forest Hojarasca",1100,"point","10.26667","-84.08333"
"http://antweb.org/api/v2/?occurrenceId=CAS:ANTWEB:alas605232","alas605232","formicidae","ponerinae","Anochetus","orchidicola","Anochetus orchidicola","","Heredia","Costa Rica","2006-05-09","montane wet forest Hojarasca",1100,"point","10.26667","-84.08333"
"http://antweb.org/api/v2/?occurrenceId=CAS:ANTWEB:alas605235","alas605235","formicidae","ponerinae","Anochetus","orchidicola","Anochetus orchidicola","","Heredia","Costa Rica","2006-05-09","montane wet forest cerca de tronco recien cortado",1100,"point","10.26667","-84.08333"
"http://antweb.org/api/v2/?occurrenceId=CAS:ANTWEB:alas605256","alas605256","formicidae","ponerinae","Anochetus","orchidicola","Anochetus orchidicola","","Heredia","Costa Rica","2006-05-09","montane wet forest detras del refugio",1100,"point","10.26667","-84.08333"
"http://antweb.org/api/v2/?occurrenceId=CAS:ANTWEB:alas605272","alas605272","formicidae","ponerinae","Anochetus","orchidicola","Anochetus orchidicola","","Heredia","Costa Rica","2006-05-09","montane wet forest suelo",1100,"point","10.26667","-84.08333"
"http://antweb.org/api/v2/?occurrenceId=CAS:ANTWEB:alas605282","alas605282","formicidae","ponerinae","Anochetus","orchidicola","Anochetus orchidicola","","Heredia","Costa Rica","2006-05-09","montane wet forest suelo",1100,"point","10.26667","-84.08333"
"http://antweb.org/api/v2/?occurrenceId=CAS:ANTWEB:alas605311","alas605311","formicidae","ponerinae","Anochetus","orchidicola","Anochetus orchidicola","","Heredia","Costa Rica","2006-05-09","montane wet forest epiphytic ferns and suspended soil",1100,"point","10.26667","-84.08333"
"http://antweb.org/api/v2/?occurrenceId=CAS:ANTWEB:alas605314","alas605314","formicidae","ponerinae","Anochetus","orchidicola","Anochetus orchidicola","","Heredia","Costa Rica","2006-05-09","montane wet forest Epiphytic ferns orchids",1100,"point","10.26667","-84.08333"
"http://antweb.org/api/v2/?occurrenceId=CAS:ANTWEB:alas605341","alas605341","formicidae","ponerinae","Anochetus","orchidicola","Anochetus orchidicola","","Heredia","Costa Rica","2006-05-09","montane wet forest mixed primary forest litter",1100,"point","10.26667","-84.08333"
"http://antweb.org/api/v2/?occurrenceId=CAS:ANTWEB:alas605386","alas605386","formicidae","ponerinae","Anochetus","orchidicola","Anochetus orchidicola","","Heredia","Costa Rica","2006-05-09","montane wet forest litter under tree fern",1100,"point","10.26667","-84.08333"
"http://antweb.org/api/v2/?occurrenceId=CAS:ANTWEB:alas605405","alas605405","formicidae","ponerinae","Anochetus","orchidicola","Anochetus orchidicola","","Heredia","Costa Rica","2006-05-09","montane wet forest Mixed primary forest litter soil",1100,"point","10.26667","-84.08333"
"http://antweb.org/api/v2/?occurrenceId=CAS:ANTWEB:alas605415","alas605415","formicidae","ponerinae","Anochetus","orchidicola","Anochetus orchidicola","","Heredia","Costa Rica","2006-05-09","montane wet forest litter soil near giant Inga sp.",1100,"point","10.26667","-84.08333"
"http://antweb.org/api/v2/?occurrenceId=CAS:ANTWEB:alas605423","alas605423","formicidae","ponerinae","Anochetus","orchidicola","Anochetus orchidicola","","Heredia","Costa Rica","2006-05-09","montane wet forest suelo",1100,"point","10.26667","-84.08333"
"http://antweb.org/api/v2/?occurrenceId=CAS:ANTWEB:alas605464","alas605464","formicidae","ponerinae","Anochetus","orchidicola","Anochetus orchidicola","","Heredia","Costa Rica","2006-05-09","montane wet forest musgo suspendido",1100,"point","10.26667","-84.08333"
"http://antweb.org/api/v2/?occurrenceId=CAS:ANTWEB:alas605485","alas605485","formicidae","ponerinae","Anochetus","orchidicola","Anochetus orchidicola","","Heredia","Costa Rica","2006-05-09","montane wet forest hojarasca suspendida",1100,"point","10.26667","-84.08333"
"http://antweb.org/api/v2/?occurrenceId=CAS:ANTWEB:alas605497","alas605497","formicidae","ponerinae","Anochetus","orchidicola","Anochetus orchidicola","","Heredia","Costa Rica","2006-05-09","montane wet forest hojarasca suspendida",1100,"point","10.26667","-84.08333"
"http://antweb.org/api/v2/?occurrenceId=CAS:ANTWEB:alas605506","alas605506","formicidae","ponerinae","Anochetus","orchidicola","Anochetus orchidicola","","Heredia","Costa Rica","2006-05-09","montane wet forest material suspendido",1100,"point","10.26667","-84.08333"
"http://antweb.org/api/v2/?occurrenceId=CAS:ANTWEB:alas605517","alas605517","formicidae","ponerinae","Anochetus","orchidicola","Anochetus orchidicola","","Heredia","Costa Rica","2006-05-09","montane wet forest musgo arbol vivo",1100,"point","10.26667","-84.08333"
"http://antweb.org/api/v2/?occurrenceId=CAS:ANTWEB:casent0260503","casent0260503","formicidae","ponerinae","Anochetus","orchidicola","Anochetus orchidicola","","Bocas del Toro","Panama","","",1250,"point","8.78333","-82.2"
"http://antweb.org/api/v2/?occurrenceId=CAS:ANTWEB:casent0614119","casent0614119","formicidae","ponerinae","Anochetus","orchidicola","Anochetus orchidicola","","Olancho","Honduras","2011-01-28","cloud forest ex sifted leaf litter",1500,"point","15.09803","-86.7399"
"http://antweb.org/api/v2/?occurrenceId=CAS:ANTWEB:casent0614120","casent0614120","formicidae","ponerinae","Anochetus","orchidicola","Anochetus orchidicola","","Olancho","Honduras","2011-01-28","cloud forest ex sifted leaf litter",1500,"point","15.09803","-86.7399"
"http://antweb.org/api/v2/?occurrenceId=CAS:ANTWEB:casent0614121","casent0614121","formicidae","ponerinae","Anochetus","orchidicola","Anochetus orchidicola","","Olancho","Honduras","2011-01-28","cloud forest ex sifted leaf litter",1500,"point","15.09803","-86.7399"
"http://antweb.org/api/v2/?occurrenceId=CAS:ANTWEB:casent0614122","casent0614122","formicidae","ponerinae","Anochetus","orchidicola","Anochetus orchidicola","","Olancho","Honduras","2011-01-28","cloud forest ex sifted leaf litter",1500,"point","15.09803","-86.7399"
"http://antweb.org/api/v2/?occurrenceId=CAS:ANTWEB:casent0624103","casent0624103","formicidae","ponerinae","Anochetus","orchidicola","Anochetus orchidicola","","Matagalpa","Nicaragua","2012-01-18","montane wet forest ex sifted leaf litter",1060,"point","12.96817","-85.23301"
"http://antweb.org/api/v2/?occurrenceId=CAS:ANTWEB:casent0624179","casent0624179","formicidae","ponerinae","Anochetus","orchidicola","Anochetus orchidicola","","Matagalpa","Nicaragua","2012-01-18","montane wet forest ex sifted leaf litter",1060,"point","12.96817","-85.23301"
"http://antweb.org/api/v2/?occurrenceId=CAS:ANTWEB:casent0624180","casent0624180","formicidae","ponerinae","Anochetus","orchidicola","Anochetus orchidicola","","Matagalpa","Nicaragua","2012-01-18","montane wet forest ex sifted leaf litter",1060,"point","12.96817","-85.23301"
"http://antweb.org/api/v2/?occurrenceId=CAS:ANTWEB:casent0624185","casent0624185","formicidae","ponerinae","Anochetus","orchidicola","Anochetus orchidicola","","Matagalpa","Nicaragua","2012-01-18","montane wet forest ex sifted leaf litter",1060,"point","12.96817","-85.23301"
"http://antweb.org/api/v2/?occurrenceId=CAS:ANTWEB:casent0634994","casent0634994","formicidae","ponerinae","Anochetus","orchidicola","Anochetus orchidicola","","Puntarenas","Costa Rica","2014-07-17","moist forest ex sifted leaf litter",1380,"point","10.29089","-84.79262"
"http://antweb.org/api/v2/?occurrenceId=CAS:ANTWEB:casent0635820","casent0635820","formicidae","ponerinae","Anochetus","orchidicola","Anochetus orchidicola","","Puntarenas","Costa Rica","2014-07-17","moist forest ex sifted leaf litter",1380,"point","10.29089","-84.79262"
"http://antweb.org/api/v2/?occurrenceId=CAS:ANTWEB:inb0003210059","inb0003210059","formicidae","ponerinae","Anochetus","orchidicola","Anochetus orchidicola","","Heredia","Costa Rica","2002-04-19","montane wet forest bajo de M/06",1100,"point","10.26667","-84.08333"
"http://antweb.org/api/v2/?occurrenceId=CAS:ANTWEB:inb0003211439","inb0003211439","formicidae","ponerinae","Anochetus","orchidicola","Anochetus orchidicola","","Heredia","Costa Rica","2002-04-19","montane wet forest bajo de M/06",1100,"point","10.26667","-84.08333"
"http://antweb.org/api/v2/?occurrenceId=CAS:ANTWEB:inb0003211840","inb0003211840","formicidae","ponerinae","Anochetus","orchidicola","Anochetus orchidicola","","Heredia","Costa Rica","2002-04-19","montane wet forest Hojarasca",1100,"point","10.26667","-84.08333"
"http://antweb.org/api/v2/?occurrenceId=CAS:ANTWEB:inb0003211935","inb0003211935","formicidae","ponerinae","Anochetus","orchidicola","Anochetus orchidicola","","Heredia","Costa Rica","2002-04-19","montane wet forest Hojarasca",1100,"point","10.26667","-84.08333"
"http://antweb.org/api/v2/?occurrenceId=CAS:ANTWEB:inb0003212220","inb0003212220","formicidae","ponerinae","Anochetus","orchidicola","Anochetus orchidicola","","Heredia","Costa Rica","2002-04-19","montane wet forest Hojarasca",1100,"point","10.26667","-84.08333"
"http://antweb.org/api/v2/?occurrenceId=CAS:ANTWEB:inb0003212231","inb0003212231","formicidae","ponerinae","Anochetus","orchidicola","Anochetus orchidicola","","Heredia","Costa Rica","2002-04-19","montane wet forest A lo largo quebrada derrumbe.",1100,"point","10.26667","-84.08333"
"http://antweb.org/api/v2/?occurrenceId=CAS:ANTWEB:inb0003212291","inb0003212291","formicidae","ponerinae","Anochetus","orchidicola","Anochetus orchidicola","","Heredia","Costa Rica","2002-04-19","montane wet forest suelo",1100,"point","10.26667","-84.08333"
"http://antweb.org/api/v2/?occurrenceId=CAS:ANTWEB:inb0003212313","inb0003212313","formicidae","ponerinae","Anochetus","orchidicola","Anochetus orchidicola","","Heredia","Costa Rica","2002-04-19","montane wet forest Hojarasca",1100,"point","10.26667","-84.08333"
"http://antweb.org/api/v2/?occurrenceId=CAS:ANTWEB:inb0003212400","inb0003212400","formicidae","ponerinae","Anochetus","orchidicola","Anochetus orchidicola","","Heredia","Costa Rica","2002-04-19","montane wet forest Hojarasca",1100,"point","10.26667","-84.08333"
"http://antweb.org/api/v2/?occurrenceId=CAS:ANTWEB:inb0003212467","inb0003212467","formicidae","ponerinae","Anochetus","orchidicola","Anochetus orchidicola","","Heredia","Costa Rica","2002-04-19","montane wet forest Hojarasca",1100,"point","10.26667","-84.08333"
"http://antweb.org/api/v2/?occurrenceId=CAS:ANTWEB:inb0003212583","inb0003212583","formicidae","ponerinae","Anochetus","orchidicola","Anochetus orchidicola","","Heredia","Costa Rica","2002-04-19","montane wet forest Hojarasca",1100,"point","10.26667","-84.08333"
"http://antweb.org/api/v2/?occurrenceId=CAS:ANTWEB:inb0003212702","inb0003212702","formicidae","ponerinae","Anochetus","orchidicola","Anochetus orchidicola","","Heredia","Costa Rica","2002-04-19","montane wet forest Hojarasca",1100,"point","10.26667","-84.08333"
"http://antweb.org/api/v2/?occurrenceId=CAS:ANTWEB:inb0003212735","inb0003212735","formicidae","ponerinae","Anochetus","orchidicola","Anochetus orchidicola","","Heredia","Costa Rica","2002-04-19","montane wet forest Hojarasca",1100,"point","10.26667","-84.08333"
"http://antweb.org/api/v2/?occurrenceId=CAS:ANTWEB:inb0003212894","inb0003212894","formicidae","ponerinae","Anochetus","orchidicola","Anochetus orchidicola","","Heredia","Costa Rica","2002-04-19","montane wet forest Hojarasca",1100,"point","10.26667","-84.08333"
"http://antweb.org/api/v2/?occurrenceId=CAS:ANTWEB:inb0003212997","inb0003212997","formicidae","ponerinae","Anochetus","orchidicola","Anochetus orchidicola","","Heredia","Costa Rica","2002-04-19","montane wet forest Hojarasca",1100,"point","10.26667","-84.08333"
"http://antweb.org/api/v2/?occurrenceId=CAS:ANTWEB:inb0003213010","inb0003213010","formicidae","ponerinae","Anochetus","orchidicola","Anochetus orchidicola","","Heredia","Costa Rica","2002-04-19","montane wet forest Hojarasca",1100,"point","10.26667","-84.08333"
"http://antweb.org/api/v2/?occurrenceId=CAS:ANTWEB:inb0003213035","inb0003213035","formicidae","ponerinae","Anochetus","orchidicola","Anochetus orchidicola","","Heredia","Costa Rica","2002-04-19","montane wet forest Hojarasca",1100,"point","10.26667","-84.08333"
"http://antweb.org/api/v2/?occurrenceId=CAS:ANTWEB:inb0003213279","inb0003213279","formicidae","ponerinae","Anochetus","orchidicola","Anochetus orchidicola","","Heredia","Costa Rica","2002-04-19","montane wet forest Hojarasca",1100,"point","10.26667","-84.08333"
"http://antweb.org/api/v2/?occurrenceId=CAS:ANTWEB:inb0003213421","inb0003213421","formicidae","ponerinae","Anochetus","orchidicola","Anochetus orchidicola","","Heredia","Costa Rica","2002-04-19","montane wet forest Hojarasca",1100,"point","10.26667","-84.08333"
"http://antweb.org/api/v2/?occurrenceId=CAS:ANTWEB:inb0003213641","inb0003213641","formicidae","ponerinae","Anochetus","orchidicola","Anochetus orchidicola","","Heredia","Costa Rica","2002-04-19","montane wet forest Hojarasca",1100,"point","10.26667","-84.08333"
"http://antweb.org/api/v2/?occurrenceId=CAS:ANTWEB:inb0003213666","inb0003213666","formicidae","ponerinae","Anochetus","orchidicola","Anochetus orchidicola","","Heredia","Costa Rica","2002-04-19","montane wet forest Hojarasca",1100,"point","10.26667","-84.08333"
"http://antweb.org/api/v2/?occurrenceId=CAS:ANTWEB:inb0003213916","inb0003213916","formicidae","ponerinae","Anochetus","orchidicola","Anochetus orchidicola","","Heredia","Costa Rica","2002-04-19","wet forest",1100,"point","10.26667","-84.08333"
"http://antweb.org/api/v2/?occurrenceId=CAS:ANTWEB:inb0003213946","inb0003213946","formicidae","ponerinae","Anochetus","orchidicola","Anochetus orchidicola","","Heredia","Costa Rica","2002-04-19","montane wet forest Hojarasca",1100,"point","10.26667","-84.08333"
"http://antweb.org/api/v2/?occurrenceId=CAS:ANTWEB:inb0003213976","inb0003213976","formicidae","ponerinae","Anochetus","orchidicola","Anochetus orchidicola","","Heredia","Costa Rica","2002-04-19","montane wet forest Hojarasca",1100,"point","10.26667","-84.08333"
"http://antweb.org/api/v2/?occurrenceId=CAS:ANTWEB:inb0003213992","inb0003213992","formicidae","ponerinae","Anochetus","orchidicola","Anochetus orchidicola","","Heredia","Costa Rica","2002-04-19","montane wet forest Hojarasca",1100,"point","10.26667","-84.08333"
"http://antweb.org/api/v2/?occurrenceId=CAS:ANTWEB:inb0003214125","inb0003214125","formicidae","ponerinae","Anochetus","orchidicola","Anochetus orchidicola","","Heredia","Costa Rica","2002-04-19","montane wet forest Hojarasca",1100,"point","10.26667","-84.08333"
"http://antweb.org/api/v2/?occurrenceId=CAS:ANTWEB:inb0003214207","inb0003214207","formicidae","ponerinae","Anochetus","orchidicola","Anochetus orchidicola","","Heredia","Costa Rica","2002-04-19","montane wet forest Hojarasca",1100,"point","10.26667","-84.08333"
"http://antweb.org/api/v2/?occurrenceId=CAS:ANTWEB:inb0003214224","inb0003214224","formicidae","ponerinae","Anochetus","orchidicola","Anochetus orchidicola","","Heredia","Costa Rica","2002-04-19","montane wet forest Hojarasca",1100,"point","10.26667","-84.08333"
"http://antweb.org/api/v2/?occurrenceId=CAS:ANTWEB:inb0003214286","inb0003214286","formicidae","ponerinae","Anochetus","orchidicola","Anochetus orchidicola","","Heredia","Costa Rica","2002-04-19","montane wet forest Hojarasca",1100,"point","10.26667","-84.08333"
"http://antweb.org/api/v2/?occurrenceId=CAS:ANTWEB:inb0003214351","inb0003214351","formicidae","ponerinae","Anochetus","orchidicola","Anochetus orchidicola","","Heredia","Costa Rica","2002-04-19","montane wet forest a lo largo camino M/06 y M/10.",1100,"point","10.26667","-84.08333"
"http://antweb.org/api/v2/?occurrenceId=CAS:ANTWEB:inb0003214356","inb0003214356","formicidae","ponerinae","Anochetus","orchidicola","Anochetus orchidicola","","Heredia","Costa Rica","2002-04-19","montane wet forest tierra gambas de Inga.",1100,"point","10.26667","-84.08333"
"http://antweb.org/api/v2/?occurrenceId=CAS:ANTWEB:inb0003214366","inb0003214366","formicidae","ponerinae","Anochetus","orchidicola","Anochetus orchidicola","","Heredia","Costa Rica","2002-04-19","montane wet forest Hojarasca",1100,"point","10.26667","-84.08333"
"http://antweb.org/api/v2/?occurrenceId=CAS:ANTWEB:inb0003214431","inb0003214431","formicidae","ponerinae","Anochetus","orchidicola","Anochetus orchidicola","","Heredia","Costa Rica","2002-04-19","montane wet forest a lo largo camino M/06 y M/10.",1100,"point","10.26667","-84.08333"
"http://antweb.org/api/v2/?occurrenceId=CAS:ANTWEB:inb0003214458","inb0003214458","formicidae","ponerinae","Anochetus","orchidicola","Anochetus orchidicola","","Heredia","Costa Rica","2002-04-19","montane wet forest detras del refugio",1100,"point","10.26667","-84.08333"
"http://antweb.org/api/v2/?occurrenceId=CAS:ANTWEB:inb0003214463","inb0003214463","formicidae","ponerinae","Anochetus","orchidicola","Anochetus orchidicola","","Heredia","Costa Rica","2002-04-19","montane wet forest varios",1100,"point","10.26667","-84.08333"
"http://antweb.org/api/v2/?occurrenceId=CAS:ANTWEB:inb0003214475","inb0003214475","formicidae","ponerinae","Anochetus","orchidicola","Anochetus orchidicola","","Heredia","Costa Rica","2002-04-19","montane wet forest detras del refugio suelo bajo tronco",1100,"point","10.26667","-84.08333"
"http://antweb.org/api/v2/?occurrenceId=CAS:ANTWEB:inb0003622609","inb0003622609","formicidae","ponerinae","Anochetus","orchidicola","Anochetus orchidicola","","Heredia","Costa Rica","2005-04-15","montane wet forest arbol caido",1100,"point","10.26667","-84.08333"
"http://antweb.org/api/v2/?occurrenceId=CAS:ANTWEB:inb0003665625","inb0003665625","formicidae","ponerinae","Anochetus","orchidicola","Anochetus orchidicola","","Heredia","Costa Rica","2005-11-12","Montane wet forest Sobre vegetacion",1100,"point","10.26667","-84.08333"
"http://antweb.org/api/v2/?occurrenceId=CAS:ANTWEB:inb0003665626","inb0003665626","formicidae","ponerinae","Anochetus","orchidicola","Anochetus orchidicola","","Heredia","Costa Rica","2005-11-12","Montane wet forest Sobre vegetacion",1100,"point","10.26667","-84.08333"
"http://antweb.org/api/v2/?occurrenceId=CAS:ANTWEB:inb0003665627","inb0003665627","formicidae","ponerinae","Anochetus","orchidicola","Anochetus orchidicola","","Heredia","Costa Rica","2005-11-12","Montane wet forest Sobre vegetacion",1100,"point","10.26667","-84.08333"
"http://antweb.org/api/v2/?occurrenceId=CAS:ANTWEB:inb0003665628","inb0003665628","formicidae","ponerinae","Anochetus","orchidicola","Anochetus orchidicola","","Heredia","Costa Rica","2005-11-12","Montane wet forest Sobre vegetacion",1100,"point","10.26667","-84.08333"
"http://antweb.org/api/v2/?occurrenceId=CAS:ANTWEB:inb0003665631","inb0003665631","formicidae","ponerinae","Anochetus","orchidicola","Anochetus orchidicola","","Heredia","Costa Rica","2005-11-12","Montane wet forest Sobre vegetacion",1100,"point","10.26667","-84.08333"
"http://antweb.org/api/v2/?occurrenceId=CAS:ANTWEB:inbiocri001280653","inbiocri001280653","formicidae","ponerinae","Anochetus","orchidicola","Anochetus orchidicola","","Puntarenas","Costa Rica","1995-11-25","",1200,"point","8.783334","-83.05"
"http://antweb.org/api/v2/?occurrenceId=CAS:ANTWEB:inbiocri001281132","inbiocri001281132","formicidae","ponerinae","Anochetus","orchidicola","Anochetus orchidicola","","Alajuela","Costa Rica","1995-11-25","",940,"point","10.3","-84.7"
"http://antweb.org/api/v2/?occurrenceId=CAS:ANTWEB:inbiocri001281133","inbiocri001281133","formicidae","ponerinae","Anochetus","orchidicola","Anochetus orchidicola","","Alajuela","Costa Rica","1995-11-25","",940,"point","10.3","-84.7"
"http://antweb.org/api/v2/?occurrenceId=CAS:ANTWEB:inbiocri001281134","inbiocri001281134","formicidae","ponerinae","Anochetus","orchidicola","Anochetus orchidicola","","Alajuela","Costa Rica","1995-11-25","",940,"point","10.30001","-84.74724"
"http://antweb.org/api/v2/?occurrenceId=CAS:ANTWEB:inbiocri001281135","inbiocri001281135","formicidae","ponerinae","Anochetus","orchidicola","Anochetus orchidicola","","Heredia","Costa Rica","1995-11-25","",950,"point","10.28333","-84.08333"
"http://antweb.org/api/v2/?occurrenceId=CAS:ANTWEB:inbiocri001281136","inbiocri001281136","formicidae","ponerinae","Anochetus","orchidicola","Anochetus orchidicola","","Alajuela","Costa Rica","1995-11-25","",940,"point","10.3","-84.7"
"http://antweb.org/api/v2/?occurrenceId=CAS:ANTWEB:inbiocri001281329","inbiocri001281329","formicidae","ponerinae","Anochetus","orchidicola","Anochetus orchidicola","","Puntarenas","Costa Rica","1996-08-29","Cloud forest Ex sifted leaf litter",1560,"point","10.29701","-84.79972"
"http://antweb.org/api/v2/?occurrenceId=CAS:ANTWEB:inbiocri001281330","inbiocri001281330","formicidae","ponerinae","Anochetus","orchidicola","Anochetus orchidicola","","Puntarenas","Costa Rica","1996-08-29","Cloud forest Ex sifted leaf litter",1560,"point","10.29701","-84.79972"
"http://antweb.org/api/v2/?occurrenceId=CAS:ANTWEB:inbiocri001281331","inbiocri001281331","formicidae","ponerinae","Anochetus","orchidicola","Anochetus orchidicola","","Puntarenas","Costa Rica","1996-08-29","Cloud forest Ex sifted leaf litter",1560,"point","10.29701","-84.79972"
"http://antweb.org/api/v2/?occurrenceId=CAS:ANTWEB:inbiocri002281991","inbiocri002281991","formicidae","ponerinae","Anochetus","orchidicola","Anochetus orchidicola","","Heredia","Costa Rica","2001-03-15","wet forest in rotten wood under epiphytes",1100,"point","10.26667","-84.08333"
"http://antweb.org/api/v2/?occurrenceId=CAS:ANTWEB:jtl020114","jtl020114","formicidae","ponerinae","Anochetus","orchidicola","Anochetus orchidicola","","Puntarenas","Costa Rica","1998-10-23","",1200,"point","8.78333","-82.96667"
"http://antweb.org/api/v2/?occurrenceId=CAS:ANTWEB:jtl282617","jtl282617","formicidae","ponerinae","Anochetus","orchidicola","Anochetus orchidicola","","Alajuela","Costa Rica","2010-07-14","wet forest under epiphytes in treefall",960,"point","10.30117","-84.74543"
"http://antweb.org/api/v2/?occurrenceId=CAS:ANTWEB:jtl298276","jtl298276","formicidae","ponerinae","Anochetus","orchidicola","Anochetus orchidicola","","Olancho","Honduras","2011-01-28","cloud forest ex sifted leaf litter",1500,"point","15.09803","-86.7399"
"http://antweb.org/api/v2/?occurrenceId=CAS:ANTWEB:jtl666532","jtl666532","formicidae","ponerinae","Anochetus","orchidicola","Anochetus orchidicola","","Matagalpa","Nicaragua","2012-01-18","montane wet forest ex sifted leaf litter",1060,"point","12.96817","-85.23301"
"http://antweb.org/api/v2/?occurrenceId=CAS:ANTWEB:jtl667980","jtl667980","formicidae","ponerinae","Anochetus","orchidicola","Anochetus orchidicola","","Alajuela","Costa Rica","2012-03-10","wet forest under epiphytes in treefall",960,"point","10.30117","-84.74543"
"http://antweb.org/api/v2/?occurrenceId=CAS:ANTWEB:jtl723592","jtl723592","formicidae","ponerinae","Anochetus","orchidicola","Anochetus orchidicola","","Puntarenas","Costa Rica","2014-07-17","moist forest ex sifted leaf litter",1380,"point","10.29089","-84.79262"
"http://antweb.org/api/v2/?occurrenceId=CAS:ANTWEB:jtl723624","jtl723624","formicidae","ponerinae","Anochetus","orchidicola","Anochetus orchidicola","","Puntarenas","Costa Rica","2014-07-17","moist forest ex sifted leaf litter",1310,"point","10.28987","-84.79322"
"http://antweb.org/api/v2/?occurrenceId=CAS:ANTWEB:jtl723909","jtl723909","formicidae","ponerinae","Anochetus","orchidicola","Anochetus orchidicola","","Alajuela","Costa Rica","2014-07-17","wet forest ex sifted leaf litter",1230,"point","10.29644","-84.77132"
"http://antweb.org/api/v2/?occurrenceId=CAS:ANTWEB:jtl723950","jtl723950","formicidae","ponerinae","Anochetus","orchidicola","Anochetus orchidicola","","Alajuela","Costa Rica","2014-07-17","wet forest ex sifted leaf litter",1310,"point","10.29914","-84.77394"
"http://antweb.org/api/v2/?occurrenceId=CAS:ANTWEB:jtl723984","jtl723984","formicidae","ponerinae","Anochetus","orchidicola","Anochetus orchidicola","","Alajuela","Costa Rica","2014-07-17","cloud forest ex sifted leaf litter",1410,"point","10.29723","-84.77944"
"http://antweb.org/api/v2/?occurrenceId=CAS:ANTWEB:jtl730933","jtl730933","formicidae","ponerinae","Anochetus","orchidicola","Anochetus orchidicola","","Matagalpa","Nicaragua","2014-11-22","montane wet forest ex sifted leaf litter",1060,"point","12.96817","-85.23301"
"http://antweb.org/api/v2/?occurrenceId=CAS:ANTWEB:jtlc000005313","jtlc000005313","formicidae","ponerinae","Anochetus","orchidicola","Anochetus orchidicola","","Puntarenas","Costa Rica","2004-04-03","edge forest/charral under stone",1150,"point","10.30487","-84.83735"
"http://antweb.org/api/v2/?occurrenceId=CAS:ANTWEB:jtlc000005480","jtlc000005480","formicidae","ponerinae","Anochetus","orchidicola","Anochetus orchidicola","","Alajuela","Costa Rica","2004-04-03","wet forest strays",800,"point","10.31667","-84.71667"
"http://antweb.org/api/v2/?occurrenceId=CAS:ANTWEB:lacm ent 143531","lacm ent 143531","formicidae","ponerinae","Anochetus","orchidicola","Anochetus orchidicola","","Puntarenas","Costa Rica","2000-05-02","moist forest, lower Bajo Tigre trail under stones",1400,"point","10.3","-84.8"
"http://antweb.org/api/v2/?occurrenceId=CAS:ANTWEB:lacm ent 143532","lacm ent 143532","formicidae","ponerinae","Anochetus","orchidicola","Anochetus orchidicola","","Puntarenas","Costa Rica","2000-05-02","moist forest, lower Bajo Tigre trail under stones",1400,"point","10.3","-84.8"
"http://antweb.org/api/v2/?occurrenceId=CAS:ANTWEB:lacm ent 143533","lacm ent 143533","formicidae","ponerinae","Anochetus","orchidicola","Anochetus orchidicola","","Puntarenas","Costa Rica","2000-05-02","moist forest, lower Bajo Tigre trail under stones",1400,"point","10.3","-84.8"
