"url","catalogNumber","family","subfamily","genus","specificEpithet","scientific_name","typeStatus","stateProvince","country","dateIdentified","habitat","minimumElevationInMeters","geojson.type","decimal_latitude","decimal_longitude"
"http://antweb.org/api/v2/?occurrenceId=CAS:ANTWEB:casent0627689","casent0627689","formicidae","ponerinae","Anochetus","bispinosus","Anochetus bispinosus","","Matagalpa","Nicaragua","2012-03-15","tropical wet forest beating vegetation",600,"point","12.9587","-85.22655"
"http://antweb.org/api/v2/?occurrenceId=CAS:ANTWEB:casent0637670","casent0637670","formicidae","ponerinae","Anochetus","bispinosus","Anochetus bispinosus","","Matagalpa","Nicaragua","2013-09-01","tropical wet forest Malaise trap",750,"point","12.9599","-85.23299"
"http://antweb.org/api/v2/?occurrenceId=CAS:ANTWEB:casent0902432","casent0902432","formicidae","ponerinae","Anochetus","bispinosus","Anochetus bispinosus","Holotype of Anochetus bispinosus","Amazonas","Brazil","","",NA,NA,NA,NA
"http://antweb.org/api/v2/?occurrenceId=CAS:ANTWEB:jtl052790","jtl052790","formicidae","ponerinae","Anochetus","bispinosus","Anochetus bispinosus","","","Guyana","2002-06-15","",NA,NA,NA,NA
"http://antweb.org/api/v2/?occurrenceId=CAS:ANTWEB:jtl052791","jtl052791","formicidae","ponerinae","Anochetus","bispinosus","Anochetus bispinosus","","","Guyana","2002-06-15","",10,"point","6.39733","-58.67808"
"http://antweb.org/api/v2/?occurrenceId=CAS:ANTWEB:jtl052792","jtl052792","formicidae","ponerinae","Anochetus","bispinosus","Anochetus bispinosus","","Meta","Colombia","2002-06-15","",260,NA,NA,NA
"http://antweb.org/api/v2/?occurrenceId=CAS:ANTWEB:jtl052793","jtl052793","formicidae","ponerinae","Anochetus","bispinosus","Anochetus bispinosus","","Rond nia","Brazil","2002-06-15","",NA,NA,NA,NA
"http://antweb.org/api/v2/?occurrenceId=CAS:ANTWEB:jtl052794","jtl052794","formicidae","ponerinae","Anochetus","bispinosus","Anochetus bispinosus","","","Suriname","2002-06-15","",NA,NA,NA,NA
"http://antweb.org/api/v2/?occurrenceId=CAS:ANTWEB:jtl052795","jtl052795","formicidae","ponerinae","Anochetus","bispinosus","Anochetus bispinosus","","Valle","Colombia","2002-06-15","",30,NA,NA,NA
"http://antweb.org/api/v2/?occurrenceId=CAS:ANTWEB:jtl052796","jtl052796","formicidae","ponerinae","Anochetus","bispinosus","Anochetus bispinosus","","Par","Brazil","2002-06-15","",0,"point","-1.45","-48.483334"
"http://antweb.org/api/v2/?occurrenceId=CAS:ANTWEB:jtl703081","jtl703081","formicidae","ponerinae","Anochetus","bispinosus","Anochetus bispinosus","","Matagalpa","Nicaragua","2013-08-28","tropical wet forest Malaise trap",750,"point","12.9599","-85.23299"
"http://antweb.org/api/v2/?occurrenceId=CAS:ANTWEB:lacm ent 143987","lacm ent 143987","formicidae","ponerinae","Anochetus","bispinosus","Anochetus bispinosus","","Heredia","Costa Rica","2000-05-15","lowland wet forest canopy fogging",50,"point","10.413648","-84.01245"
"http://antweb.org/api/v2/?occurrenceId=CAS:ANTWEB:lacm ent 143988","lacm ent 143988","formicidae","ponerinae","Anochetus","bispinosus","Anochetus bispinosus","","Heredia","Costa Rica","2000-05-15","lowland wet forest canopy fogging",50,"point","10.413648","-84.01245"
"http://antweb.org/api/v2/?occurrenceId=CAS:ANTWEB:lacm ent 143989","lacm ent 143989","formicidae","ponerinae","Anochetus","bispinosus","Anochetus bispinosus","","Heredia","Costa Rica","2000-05-15","lowland wet forest canopy fogging",50,"point","10.413648","-84.01245"
"http://antweb.org/api/v2/?occurrenceId=CAS:ANTWEB:usnment01124207","usnment01124207","formicidae","ponerinae","Anochetus","bispinosus","Anochetus bispinosus","","","Guyana","","",135,"point","2.81207","-59.8668"
