"url","catalogNumber","family","subfamily","genus","specificEpithet","scientific_name","typeStatus","stateProvince","country","dateIdentified","habitat","minimumElevationInMeters","geojson.type","decimal_latitude","decimal_longitude"
"http://antweb.org/api/v2/?occurrenceId=CAS:ANTWEB:anic32-015931","anic32-015931","formicidae","ponerinae","Anochetus","wiesiae","Anochetus wiesiae","","Queensland","Australia","","Rainforest Berlesate, sieved litter",10,"point","-18.3667","146.217"
"http://antweb.org/api/v2/?occurrenceId=CAS:ANTWEB:anic32-015932","anic32-015932","formicidae","ponerinae","Anochetus","wiesiae","Anochetus wiesiae","","Queensland","Australia","","Rainforest sieved litter",10,"point","-18.3667","146.217"
"http://antweb.org/api/v2/?occurrenceId=CAS:ANTWEB:anic32-015933","anic32-015933","formicidae","ponerinae","Anochetus","wiesiae","Anochetus wiesiae","","Queensland","Australia","","Rainforest sieved litter",10,"point","-18.3667","146.217"
"http://antweb.org/api/v2/?occurrenceId=CAS:ANTWEB:anic32-015938","anic32-015938","formicidae","ponerinae","Anochetus","wiesiae","Anochetus wiesiae","","Queensland","Australia","","",10,"point","-18.3667","146.217"
"http://antweb.org/api/v2/?occurrenceId=CAS:ANTWEB:anic32-045612","anic32-045612","formicidae","ponerinae","Anochetus","wiesiae","Anochetus wiesiae","","Queensland","Australia","","Rainforest edge litter sample wetter rainforest east of landing camping area",5,"point","-18.2833","146.1"
"http://antweb.org/api/v2/?occurrenceId=CAS:ANTWEB:anic32-059595","anic32-059595","formicidae","ponerinae","Anochetus","wiesiae","Anochetus wiesiae","","Queensland","Australia","","Rainforest sieved litter",10,"point","-18.3667","146.217"
