"url","catalogNumber","family","subfamily","genus","specificEpithet","scientific_name","typeStatus","stateProvince","country","dateIdentified","habitat","minimumElevationInMeters","geojson.type","decimal_latitude","decimal_longitude"
"http://antweb.org/api/v2/?occurrenceId=CAS:ANTWEB:anic32-016893","anic32-016893","formicidae","ponerinae","Anochetus","diegensis","Anochetus diegensis","","Panam","Panama","","Rainforest Berlesate, leaf mould",NA,"point","9.15","-79.8333"
"http://antweb.org/api/v2/?occurrenceId=CAS:ANTWEB:anic32-016894","anic32-016894","formicidae","ponerinae","Anochetus","diegensis","Anochetus diegensis","","Panam","Panama","","Rainforest Ground strays",NA,"point","9.15","-79.8333"
"http://antweb.org/api/v2/?occurrenceId=CAS:ANTWEB:anic32-016895","anic32-016895","formicidae","ponerinae","Anochetus","diegensis","Anochetus diegensis","","Panam","Panama","","Rainforest Ground strays",NA,"point","9.15","-79.8333"
"http://antweb.org/api/v2/?occurrenceId=CAS:ANTWEB:anic32-016896","anic32-016896","formicidae","ponerinae","Anochetus","diegensis","Anochetus diegensis","","Panam","Panama","","Rainforest Ground strays",NA,"point","9.15","-79.8333"
"http://antweb.org/api/v2/?occurrenceId=CAS:ANTWEB:anic32-016897","anic32-016897","formicidae","ponerinae","Anochetus","diegensis","Anochetus diegensis","","Panam","Panama","","Rainforest Ground strays",NA,"point","9.15","-79.8333"
"http://antweb.org/api/v2/?occurrenceId=CAS:ANTWEB:anic32-016898","anic32-016898","formicidae","ponerinae","Anochetus","diegensis","Anochetus diegensis","","Panam","Panama","","Rainforest Ground strays",NA,"point","9.15","-79.8333"
"http://antweb.org/api/v2/?occurrenceId=CAS:ANTWEB:anic32-016899","anic32-016899","formicidae","ponerinae","Anochetus","diegensis","Anochetus diegensis","","Panam","Panama","","Rainforest Ground strays",NA,"point","9.15","-79.8333"
"http://antweb.org/api/v2/?occurrenceId=CAS:ANTWEB:anic32-016900","anic32-016900","formicidae","ponerinae","Anochetus","diegensis","Anochetus diegensis","","Panam","Panama","","Rainforest Ground strays",NA,"point","9.15","-79.8333"
"http://antweb.org/api/v2/?occurrenceId=CAS:ANTWEB:casent0178673","casent0178673","formicidae","ponerinae","Anochetus","diegensis","Anochetus diegensis","","Aragua","Venezuela","2005-12-31","Fila El Viento, Bosque Seco Ex hojarasca",615,"point","10.36667","-67.81667"
"http://antweb.org/api/v2/?occurrenceId=CAS:ANTWEB:casent0260492","casent0260492","formicidae","ponerinae","Anochetus","diegensis","Anochetus diegensis","","Magdalena","Colombia","","tropical dry forests sifted litter leaf mold, rotten wood",200,"point","11.31667","-73.93333"
"http://antweb.org/api/v2/?occurrenceId=CAS:ANTWEB:casent0633627","casent0633627","formicidae","ponerinae","Anochetus","diegensis","Anochetus diegensis","","Dari n","Panama","2015-03-31","2nd growth veg., stream edge ex sifted leaf litter",160,"point","8.78105","-78.41251"
"http://antweb.org/api/v2/?occurrenceId=CAS:ANTWEB:casent0746664","casent0746664","formicidae","ponerinae","Anochetus","diegensis","Anochetus diegensis","","","Panama","","",NA,NA,NA,NA
"http://antweb.org/api/v2/?occurrenceId=CAS:ANTWEB:casent0907418","casent0907418","formicidae","ponerinae","Anochetus","diegensis","Anochetus diegensis","syntype of Anochetus diegensis","La Guajira","Colombia","","",NA,NA,NA,NA
"http://antweb.org/api/v2/?occurrenceId=CAS:ANTWEB:casent0915155","casent0915155","formicidae","ponerinae","Anochetus","diegensis","Anochetus diegensis","syntype of Anochetus bierigi","","Panama","","",NA,NA,NA,NA
"http://antweb.org/api/v2/?occurrenceId=CAS:ANTWEB:inbiocri001281686","inbiocri001281686","formicidae","ponerinae","Anochetus","diegensis","Anochetus diegensis","","Puntarenas","Costa Rica","1996-08-29","lowland rainforest ex sifted leaf litter",20,"point","8.483334","-82.96667"
"http://antweb.org/api/v2/?occurrenceId=CAS:ANTWEB:jtl0000138","jtl0000138","formicidae","ponerinae","Anochetus","diegensis","Anochetus diegensis","","Magdalena","Colombia","","wet forest Small forest patch at side of road. Ex sifted leaf litter. 3 mesh sacks hung in",1050,"point","11.133333","-74.1"
"http://antweb.org/api/v2/?occurrenceId=CAS:ANTWEB:jtl0000139","jtl0000139","formicidae","ponerinae","Anochetus","diegensis","Anochetus diegensis","","Magdalena","Colombia","","",550,"point","10.95","-74.05"
"http://antweb.org/api/v2/?occurrenceId=CAS:ANTWEB:jtl732659","jtl732659","formicidae","ponerinae","Anochetus","diegensis","Anochetus diegensis","","Dari n","Panama","2015-03-31","2nd growth veg., stream edge ex sifted leaf litter",160,"point","8.78105","-78.41251"
"http://antweb.org/api/v2/?occurrenceId=CAS:ANTWEB:jtlc000015206","jtlc000015206","formicidae","ponerinae","Anochetus","diegensis","Anochetus diegensis","","Aragua","Venezuela","2009-01-08","riparian dry forest ex sifted litter",150,"point","10.38872","-67.79769"
"http://antweb.org/api/v2/?occurrenceId=CAS:ANTWEB:jtlc000015210","jtlc000015210","formicidae","ponerinae","Anochetus","diegensis","Anochetus diegensis","","Aragua","Venezuela","2009-01-08","riparian dry forest ex sifted litter",150,"point","10.38872","-67.79769"
"http://antweb.org/api/v2/?occurrenceId=CAS:ANTWEB:lacm ent 141935","lacm ent 141935","formicidae","ponerinae","Anochetus","diegensis","Anochetus diegensis","","Magdalena","Colombia","","dry forest Tayrona National Park. Dry forest. Ex sifted leaf litter. 2.5 mesh sacks hung in",200,"point","11.316667","-73.933334"
"http://antweb.org/api/v2/?occurrenceId=CAS:ANTWEB:lacm ent 141936","lacm ent 141936","formicidae","ponerinae","Anochetus","diegensis","Anochetus diegensis","","Magdalena","Colombia","","dry forest Tayrona National Park. Dry forest. Ex sifted leaf litter. 2.5 mesh sacks hung in",200,"point","11.316667","-73.933334"
"http://antweb.org/api/v2/?occurrenceId=CAS:ANTWEB:lacm ent 141937","lacm ent 141937","formicidae","ponerinae","Anochetus","diegensis","Anochetus diegensis","","Barinas","Venezuela","1994-04-18","lowland wet forest Ticoporo Forest Reserve. Dense second growth with few larger trees. Ex sifted le",240,"point","8.033334","-70.76667"
"http://antweb.org/api/v2/?occurrenceId=CAS:ANTWEB:lacm ent 141938","lacm ent 141938","formicidae","ponerinae","Anochetus","diegensis","Anochetus diegensis","","Barinas","Venezuela","1994-04-18","lowland wet forest Ticoporo Forest Reserve. Dense second growth with few larger trees. Ex sifted le",240,"point","8.033334","-70.76667"
