"url","catalogNumber","family","subfamily","genus","specificEpithet","scientific_name","typeStatus","stateProvince","country","dateIdentified","habitat","minimumElevationInMeters","geojson.type","decimal_latitude","decimal_longitude"
"http://antweb.org/api/v2/?occurrenceId=CAS:ANTWEB:anic32-016890","anic32-016890","formicidae","ponerinae","Anochetus","chirichinii","Anochetus chirichinii","","Sandaun","Papua New Guinea","","Rainforest",50,"point","-2.68333","141.3"
"http://antweb.org/api/v2/?occurrenceId=CAS:ANTWEB:anic32-016891","anic32-016891","formicidae","ponerinae","Anochetus","chirichinii","Anochetus chirichinii","","East Sepik","Papua New Guinea","","Rainforest",50,"point","-3.55","143.633"
"http://antweb.org/api/v2/?occurrenceId=CAS:ANTWEB:anic32-016892","anic32-016892","formicidae","ponerinae","Anochetus","chirichinii","Anochetus chirichinii","","Morobe","Papua New Guinea","","Rainforest",220,"point","-6.63333","146.9"
"http://antweb.org/api/v2/?occurrenceId=CAS:ANTWEB:casent0260491","casent0260491","formicidae","ponerinae","Anochetus","chirichinii","Anochetus chirichinii","","Madang","New Guinea","2012-04-06","rainforest ex rottten log",80,"point","-5.0167","145.7667"
"http://antweb.org/api/v2/?occurrenceId=CAS:ANTWEB:casent0434463","casent0434463","formicidae","ponerinae","Anochetus","chirichinii","Anochetus chirichinii","","","New Guinea","","rainforest Araucaria litter",1050,"point","-7.26611","146.65833"
"http://antweb.org/api/v2/?occurrenceId=CAS:ANTWEB:casent0434463-d40","casent0434463-d40","formicidae","ponerinae","Anochetus","chirichinii","Anochetus chirichinii","","","New Guinea","","rainforest Araucaria litter",1050,"point","-7.26611","146.65833"
"http://antweb.org/api/v2/?occurrenceId=CAS:ANTWEB:casent0903981","casent0903981","formicidae","ponerinae","Anochetus","chirichinii","Anochetus chirichinii","syntype of Anochetus chirichinii","","New Guinea","","",NA,NA,NA,NA
