"url","catalogNumber","family","subfamily","genus","specificEpithet","scientific_name","typeStatus","stateProvince","country","dateIdentified","habitat","minimumElevationInMeters","geojson.type","decimal_latitude","decimal_longitude"
"http://antweb.org/api/v2/?occurrenceId=CAS:ANTWEB:anic32-016967","anic32-016967","formicidae","ponerinae","Anochetus","tua","Anochetus tua","","","Singapore","","Swamp forest Leaf mound, berlesate",NA,"point","1.4","103.817"
"http://antweb.org/api/v2/?occurrenceId=CAS:ANTWEB:anic32-016968","anic32-016968","formicidae","ponerinae","Anochetus","tua","Anochetus tua","","Sabah","Malaysia","","Rainforest Leafmould, berlesate",NA,"point","5.83333","118.117"
"http://antweb.org/api/v2/?occurrenceId=CAS:ANTWEB:casent0217514","casent0217514","formicidae","ponerinae","Anochetus","tua","Anochetus tua","paratype","Pahang","Malaysia","","hill forest",1300,NA,NA,NA
"http://antweb.org/api/v2/?occurrenceId=CAS:ANTWEB:casent0616791","casent0616791","formicidae","ponerinae","Anochetus","tua","Anochetus tua","","Sabah","Malaysia","2011-02-22","tropical rainforest nocturnal strays",190,"point","4.96328","117.80495"
"http://antweb.org/api/v2/?occurrenceId=CAS:ANTWEB:casent0616803","casent0616803","formicidae","ponerinae","Anochetus","tua","Anochetus tua","","Sabah","Malaysia","2011-02-22","tropical rainforest nest in clay bank",180,"point","4.95734","117.80211"
"http://antweb.org/api/v2/?occurrenceId=CAS:ANTWEB:casent0616824","casent0616824","formicidae","ponerinae","Anochetus","tua","Anochetus tua","","Sabah","Malaysia","2011-02-22","tropical rainforest nest in clay bank",175,"point","4.95833","117.80186"
"http://antweb.org/api/v2/?occurrenceId=CAS:ANTWEB:casent0616825","casent0616825","formicidae","ponerinae","Anochetus","tua","Anochetus tua","","Sabah","Malaysia","2011-02-22","tropical rainforest nest in clay bank",175,"point","4.95833","117.80186"
