"url","catalogNumber","family","subfamily","genus","specificEpithet","scientific_name","typeStatus","stateProvince","country","dateIdentified","habitat","minimumElevationInMeters","geojson.type","decimal_latitude","decimal_longitude"
"http://antweb.org/api/v2/?occurrenceId=CAS:ANTWEB:casent0173534","casent0173534","formicidae","ponerinae","Anochetus","neglectus","Anochetus neglectus","","Canindey","Paraguay","2007-09-06","shaded lawn nest in soil",NA,"point","-24.066668","-55.633335"
"http://antweb.org/api/v2/?occurrenceId=CAS:ANTWEB:casent0260502","casent0260502","formicidae","ponerinae","Anochetus","neglectus","Anochetus neglectus","","Sao Paulo","Brazil","","park/garden ex surface of pool",600,"point","-22.8","-47.06667"
"http://antweb.org/api/v2/?occurrenceId=CAS:ANTWEB:casent0903988","casent0903988","formicidae","ponerinae","Anochetus","neglectus","Anochetus neglectus","syntype of Anochetus mayri neglectus","Mato Grosso","Brazil","","",NA,NA,NA,NA
"http://antweb.org/api/v2/?occurrenceId=CAS:ANTWEB:casent0903989","casent0903989","formicidae","ponerinae","Anochetus","neglectus","Anochetus neglectus","syntype of Anochetus australis","","Uruguay","","",NA,NA,NA,NA
"http://antweb.org/api/v2/?occurrenceId=CAS:ANTWEB:casent0915162","casent0915162","formicidae","ponerinae","Anochetus","neglectus","Anochetus neglectus","syntype of Anochetus mayri neglectus nobilis","Santa Fe","Argentina","","",NA,NA,NA,NA
