"url","catalogNumber","family","subfamily","genus","specificEpithet","scientific_name","typeStatus","stateProvince","country","dateIdentified","habitat","minimumElevationInMeters","geojson.type","decimal_latitude","decimal_longitude"
"http://antweb.org/api/v2/?occurrenceId=CAS:ANTWEB:anic32-016858","anic32-016858","formicidae","ponerinae","Anochetus","africanus","Anochetus africanus","","","Ghana","","Rainforest Ex rotting log",609,"point","6.16667","-0.6"
"http://antweb.org/api/v2/?occurrenceId=CAS:ANTWEB:anic32-016859","anic32-016859","formicidae","ponerinae","Anochetus","africanus","Anochetus africanus","","","Ghana","","",NA,"point","6.16667","-0.6"
"http://antweb.org/api/v2/?occurrenceId=CAS:ANTWEB:anic32-016860","anic32-016860","formicidae","ponerinae","Anochetus","africanus","Anochetus africanus","","Eastern Reg.","Ghana","","Rainforest Ex rtn. wood fragment",NA,"point","6.21667","-0.366667"
"http://antweb.org/api/v2/?occurrenceId=CAS:ANTWEB:anic32-016861","anic32-016861","formicidae","ponerinae","Anochetus","africanus","Anochetus africanus","","","Ghana","","Rainforest Ex small rtn. wood fragment",NA,NA,NA,NA
"http://antweb.org/api/v2/?occurrenceId=CAS:ANTWEB:anic32-016862","anic32-016862","formicidae","ponerinae","Anochetus","africanus","Anochetus africanus","","","Ghana","","Rainforest Ex rotting log",NA,NA,NA,NA
"http://antweb.org/api/v2/?occurrenceId=CAS:ANTWEB:anic32-016863","anic32-016863","formicidae","ponerinae","Anochetus","africanus","Anochetus africanus","","Eastern Reg.","Ghana","","Forest Berlesate",NA,"point","6.21667","-0.366667"
"http://antweb.org/api/v2/?occurrenceId=CAS:ANTWEB:anic32-016864","anic32-016864","formicidae","ponerinae","Anochetus","africanus","Anochetus africanus","","Eastern Reg.","Ghana","","",NA,"point","6.21667","-0.366667"
"http://antweb.org/api/v2/?occurrenceId=CAS:ANTWEB:anic32-016865","anic32-016865","formicidae","ponerinae","Anochetus","africanus","Anochetus africanus","","Eastern Reg.","Ghana","","",NA,"point","6.21667","-0.366667"
"http://antweb.org/api/v2/?occurrenceId=CAS:ANTWEB:anic32-016866","anic32-016866","formicidae","ponerinae","Anochetus","africanus","Anochetus africanus","","Eastern Reg.","Ghana","","",NA,"point","6.21667","-0.366667"
"http://antweb.org/api/v2/?occurrenceId=CAS:ANTWEB:anic32-016867","anic32-016867","formicidae","ponerinae","Anochetus","africanus","Anochetus africanus","","Eastern Reg.","Ghana","","",NA,"point","6.21667","-0.366667"
"http://antweb.org/api/v2/?occurrenceId=CAS:ANTWEB:anic32-016868","anic32-016868","formicidae","ponerinae","Anochetus","africanus","Anochetus africanus","","Eastern Reg.","Ghana","","",NA,"point","6.21667","-0.366667"
"http://antweb.org/api/v2/?occurrenceId=CAS:ANTWEB:casent0010785","casent0010785","formicidae","ponerinae","Anochetus","africanus","Anochetus africanus","","Ogooue-Maritime","Gabon","2004-03-09","rainforest sifted litter leaf mold, rotten wood",375,"point","-2.22639","10.40972"
"http://antweb.org/api/v2/?occurrenceId=CAS:ANTWEB:casent0010785-d11","casent0010785-d11","formicidae","ponerinae","Anochetus","africanus","Anochetus africanus","","Ogooue-Maritime","Gabon","","rainforest sifted litter leaf mold, rotten wood",375,"point","-2.22639","10.40972"
"http://antweb.org/api/v2/?occurrenceId=CAS:ANTWEB:casent0010785-d40","casent0010785-d40","formicidae","ponerinae","Anochetus","africanus","Anochetus africanus","","Ogooue-Maritime","Gabon","","rainforest sifted litter leaf mold, rotten wood",375,"point","-2.22639","10.40972"
"http://antweb.org/api/v2/?occurrenceId=CAS:ANTWEB:casent0010786","casent0010786","formicidae","ponerinae","Anochetus","africanus","Anochetus africanus","","Ogooue-Maritime","Gabon","2004-03-09","coastal lowland rainforest forest margin along river",350,"point","-2.2225","10.40583"
"http://antweb.org/api/v2/?occurrenceId=CAS:ANTWEB:casent0101408","casent0101408","formicidae","ponerinae","Anochetus","africanus","Anochetus africanus","","","Democratic Republic of Congo","","",NA,NA,NA,NA
"http://antweb.org/api/v2/?occurrenceId=CAS:ANTWEB:casent0217179","casent0217179","formicidae","ponerinae","Anochetus","africanus","Anochetus africanus","","Western","Kenya","2009-12-31","secondary forest habitat Kakamega 2007 survey, leaf litter",1650,"point","0.32694","34.87111"
"http://antweb.org/api/v2/?occurrenceId=CAS:ANTWEB:casent0260110","casent0260110","formicidae","ponerinae","Anochetus","africanus","Anochetus africanus","","Bundibugyo","Uganda","2012-10-28","mature swamp forest ex sifted leaf litter",680,"point","0.835428","30.15613"
"http://antweb.org/api/v2/?occurrenceId=CAS:ANTWEB:casent0260111","casent0260111","formicidae","ponerinae","Anochetus","africanus","Anochetus africanus","","Bundibugyo","Uganda","2012-10-28","mature swamp forest ex sifted leaf litter",680,"point","0.835428","30.15613"
"http://antweb.org/api/v2/?occurrenceId=CAS:ANTWEB:casent0629562","casent0629562","formicidae","ponerinae","Anochetus","africanus","Anochetus africanus","","Kabarole","Uganda","2012-10-28","mature wet forest",1540,"point","0.5628003","30.36257"
"http://antweb.org/api/v2/?occurrenceId=CAS:ANTWEB:casent0629751","casent0629751","formicidae","ponerinae","Anochetus","africanus","Anochetus africanus","","Bundibugyo","Uganda","2012-10-28","swamp forest under bark flap",690,"point","0.85616547","30.165825"
"http://antweb.org/api/v2/?occurrenceId=CAS:ANTWEB:casent0639672","casent0639672","formicidae","ponerinae","Anochetus","africanus","Anochetus africanus","","Bundibugyo","Uganda","2012-10-28","swamp forest ex sifted leaf litter",690,"point","0.85616547","30.165825"
"http://antweb.org/api/v2/?occurrenceId=CAS:ANTWEB:casent0639745","casent0639745","formicidae","ponerinae","Anochetus","africanus","Anochetus africanus","","Bundibugyo","Uganda","2012-10-28","mature forest edge on low veg.",700,"point","0.81984","30.15765"
"http://antweb.org/api/v2/?occurrenceId=CAS:ANTWEB:casent0639845","casent0639845","formicidae","ponerinae","Anochetus","africanus","Anochetus africanus","","Bundibugyo","Uganda","2012-10-28","wet forest",720,"point","0.80612","30.09417"
"http://antweb.org/api/v2/?occurrenceId=CAS:ANTWEB:casent0639853","casent0639853","formicidae","ponerinae","Anochetus","africanus","Anochetus africanus","","Bundibugyo","Uganda","2012-10-28","wet forest",720,"point","0.80612","30.09417"
"http://antweb.org/api/v2/?occurrenceId=CAS:ANTWEB:casent0639859","casent0639859","formicidae","ponerinae","Anochetus","africanus","Anochetus africanus","","Bundibugyo","Uganda","2012-10-28","mature wet forest ex sifted leaf litter",720,"point","0.80909455","30.0951"
"http://antweb.org/api/v2/?occurrenceId=CAS:ANTWEB:casent0711527","casent0711527","formicidae","ponerinae","Anochetus","africanus","Anochetus africanus","","Kibale NP","Uganda","2013-09-18","tropical wet forest on ground",1500,"point","0.5602","30.35737"
"http://antweb.org/api/v2/?occurrenceId=CAS:ANTWEB:casent0915153","casent0915153","formicidae","ponerinae","Anochetus","africanus","Anochetus africanus","syntype of Anochetus pasteuri","","Tanzania","","",NA,NA,NA,NA
"http://antweb.org/api/v2/?occurrenceId=CAS:ANTWEB:casent0915884","casent0915884","formicidae","ponerinae","Anochetus","africanus","Anochetus africanus","syntype of Stenomyrmex africanus","","Cameroon","","",NA,NA,NA,NA
"http://antweb.org/api/v2/?occurrenceId=CAS:ANTWEB:jtl686909","jtl686909","formicidae","ponerinae","Anochetus","africanus","Anochetus africanus","","Kabarole","Uganda","2012-10-28","mature wet forest",1540,"point","0.5628003","30.36257"
"http://antweb.org/api/v2/?occurrenceId=CAS:ANTWEB:jtl687018","jtl687018","formicidae","ponerinae","Anochetus","africanus","Anochetus africanus","","Bundibugyo","Uganda","2012-10-28","swamp forest under bark flap",690,"point","0.85616547","30.165825"
"http://antweb.org/api/v2/?occurrenceId=CAS:ANTWEB:jtl730906","jtl730906","formicidae","ponerinae","Anochetus","africanus","Anochetus africanus","","Bundibugyo","Uganda","2014-11-22","swamp forest under bark flap",690,"point","0.85616547","30.165825"
"http://antweb.org/api/v2/?occurrenceId=CAS:ANTWEB:rmcaent000017740","rmcaent000017740","formicidae","ponerinae","Anochetus","africanus","Anochetus africanus","syntype of Anochetus pasteuri","","Democratic Republic of Congo","1977-12-31","",NA,NA,NA,NA
"http://antweb.org/api/v2/?occurrenceId=CAS:ANTWEB:sam-hym-c002513a","sam-hym-c002513a","formicidae","ponerinae","Anochetus","africanus","Anochetus africanus","","","Uganda","","",NA,"point","-1","32"
