"url","catalogNumber","family","subfamily","genus","specificEpithet","scientific_name","typeStatus","stateProvince","country","dateIdentified","habitat","minimumElevationInMeters","geojson.type","decimal_latitude","decimal_longitude"
"http://antweb.org/api/v2/?occurrenceId=CAS:ANTWEB:anic32-016944","anic32-016944","formicidae","ponerinae","Anochetus","myops","Anochetus myops","","Selangor","Malaysia","","Rainforest Berlesate",457,"point","3.13333","101.7"
"http://antweb.org/api/v2/?occurrenceId=CAS:ANTWEB:anic32-016945","anic32-016945","formicidae","ponerinae","Anochetus","myops","Anochetus myops","","Selangor","Malaysia","","Rainforest Berlesate",274,"point","3.13333","101.7"
"http://antweb.org/api/v2/?occurrenceId=CAS:ANTWEB:anic32-016946","anic32-016946","formicidae","ponerinae","Anochetus","myops","Anochetus myops","","Sarawak","Malaysia","","Rainforest Leaf mould",NA,"point","0.883333","110.117"
"http://antweb.org/api/v2/?occurrenceId=CAS:ANTWEB:anic32-016947","anic32-016947","formicidae","ponerinae","Anochetus","myops","Anochetus myops","","Sarawak","Malaysia","","",274,"point","1.55","110.333"
"http://antweb.org/api/v2/?occurrenceId=CAS:ANTWEB:anic32-016948","anic32-016948","formicidae","ponerinae","Anochetus","myops","Anochetus myops","","Sarawak","Malaysia","","",548,"point","1.55","110.333"
"http://antweb.org/api/v2/?occurrenceId=CAS:ANTWEB:anic32-016949","anic32-016949","formicidae","ponerinae","Anochetus","myops","Anochetus myops","","Sarawak","Malaysia","","Rainforest Berlesate",NA,"point","0.883333","110.117"
"http://antweb.org/api/v2/?occurrenceId=CAS:ANTWEB:anic32-016950","anic32-016950","formicidae","ponerinae","Anochetus","myops","Anochetus myops","","Sabah","Malaysia","","Rainforest Leaf mould, berlesate",NA,NA,NA,NA
"http://antweb.org/api/v2/?occurrenceId=CAS:ANTWEB:anic32-016951","anic32-016951","formicidae","ponerinae","Anochetus","myops","Anochetus myops","","Sabah","Malaysia","","Rainforest Leafmould, berlesate",228,"point","4.41667","118.017"
"http://antweb.org/api/v2/?occurrenceId=CAS:ANTWEB:casent0281882","casent0281882","formicidae","ponerinae","Anochetus","myops","Anochetus myops","","Negeri Sembilan","Malaysia","","",NA,NA,NA,NA
"http://antweb.org/api/v2/?occurrenceId=CAS:ANTWEB:casent0634708","casent0634708","formicidae","ponerinae","Anochetus","myops","Anochetus myops","","Sabah","Malaysia","2014-10-01","swamp forest ex sifted leaf litter",1060,"point","4.7136","116.88057"
"http://antweb.org/api/v2/?occurrenceId=CAS:ANTWEB:casent0634739","casent0634739","formicidae","ponerinae","Anochetus","myops","Anochetus myops","","Sabah","Malaysia","2014-10-01","wet forest ex sifted leaf litter",1010,"point","4.73356","116.87757"
"http://antweb.org/api/v2/?occurrenceId=CAS:ANTWEB:casent0634770","casent0634770","formicidae","ponerinae","Anochetus","myops","Anochetus myops","","Sabah","Malaysia","2014-10-01","wet forest ex sifted leaf litter",1010,"point","4.73356","116.87757"
"http://antweb.org/api/v2/?occurrenceId=CAS:ANTWEB:casent0634851","casent0634851","formicidae","ponerinae","Anochetus","myops","Anochetus myops","","Sabah","Malaysia","2014-10-01","2nd growth wet forest ex sifted leaf litter",330,"point","4.62851","116.47158"
"http://antweb.org/api/v2/?occurrenceId=CAS:ANTWEB:casent0715872","casent0715872","formicidae","ponerinae","Anochetus","myops","Anochetus myops","","Yunnan","China","","rain forest",550,"point","21.918638","101.27239"
"http://antweb.org/api/v2/?occurrenceId=CAS:ANTWEB:casent0715873","casent0715873","formicidae","ponerinae","Anochetus","myops","Anochetus myops","","Yunnan","China","","Rubber plantation",645,"point","21.931667","101.26969"
"http://antweb.org/api/v2/?occurrenceId=CAS:ANTWEB:casent0715874","casent0715874","formicidae","ponerinae","Anochetus","myops","Anochetus myops","","Yunnan","China","","rain forest",552,"point","21.918638","101.27397"
"http://antweb.org/api/v2/?occurrenceId=CAS:ANTWEB:casent0715875","casent0715875","formicidae","ponerinae","Anochetus","myops","Anochetus myops","","Yunnan","China","","Young rain forest",685,"point","21.858473","101.27686"
"http://antweb.org/api/v2/?occurrenceId=CAS:ANTWEB:casent0715876","casent0715876","formicidae","ponerinae","Anochetus","myops","Anochetus myops","","Yunnan","China","","Young rain forest",685,"point","21.858139","101.27597"
"http://antweb.org/api/v2/?occurrenceId=CAS:ANTWEB:casent0715877","casent0715877","formicidae","ponerinae","Anochetus","myops","Anochetus myops","","Yunnan","China","","rain forest",625,"point","21.916916","101.274414"
"http://antweb.org/api/v2/?occurrenceId=CAS:ANTWEB:casent0715878","casent0715878","formicidae","ponerinae","Anochetus","myops","Anochetus myops","","Yunnan","China","","rain forest",830,"point","21.961945","101.19984"
"http://antweb.org/api/v2/?occurrenceId=CAS:ANTWEB:casent0715879","casent0715879","formicidae","ponerinae","Anochetus","myops","Anochetus myops","","Yunnan","China","","rain forest",830,"point","21.961945","101.19984"
"http://antweb.org/api/v2/?occurrenceId=CAS:ANTWEB:casent0715880","casent0715880","formicidae","ponerinae","Anochetus","myops","Anochetus myops","","Yunnan","China","","rain forest",840,"point","21.960222","101.19933"
"http://antweb.org/api/v2/?occurrenceId=CAS:ANTWEB:casent0715881","casent0715881","formicidae","ponerinae","Anochetus","myops","Anochetus myops","","Yunnan","China","","rain forest",840,"point","21.960222","101.19933"
"http://antweb.org/api/v2/?occurrenceId=CAS:ANTWEB:casent0903979","casent0903979","formicidae","ponerinae","Anochetus","myops","Anochetus myops","Holotype of Anochetus myops","Perak","Malaysia","","",NA,NA,NA,NA
"http://antweb.org/api/v2/?occurrenceId=CAS:ANTWEB:fmnhins0002821918","fmnhins0002821918","formicidae","ponerinae","Anochetus","myops","Anochetus myops","","","","2014-01-01","thorny palm litter",305,NA,NA,NA
"http://antweb.org/api/v2/?occurrenceId=CAS:ANTWEB:jtl725845","jtl725845","formicidae","ponerinae","Anochetus","myops","Anochetus myops","","Sabah","Malaysia","2014-10-01","swamp forest ex sifted leaf litter",1060,"point","4.7136","116.88057"
"http://antweb.org/api/v2/?occurrenceId=CAS:ANTWEB:jtl725862","jtl725862","formicidae","ponerinae","Anochetus","myops","Anochetus myops","","Sabah","Malaysia","2014-10-01","wet forest ex sifted leaf litter",1010,"point","4.73356","116.87757"
