"url","catalogNumber","family","subfamily","genus","specificEpithet","scientific_name","typeStatus","stateProvince","country","dateIdentified","habitat","minimumElevationInMeters","geojson.type","decimal_latitude","decimal_longitude"
"http://antweb.org/api/v2/?occurrenceId=CAS:ANTWEB:casent0006944","casent0006944","formicidae","ponerinae","Anochetus","goodmani","Anochetus goodmani","paratype of Anochetus goodmani","Antsiranana","Madagascar","2004-03-09","tropical dry forest under stone",375,"point","-13.255","49.61667"
"http://antweb.org/api/v2/?occurrenceId=CAS:ANTWEB:casent0006945","casent0006945","formicidae","ponerinae","Anochetus","goodmani","Anochetus goodmani","paratype of Anochetus goodmani","Antsiranana","Madagascar","2004-03-09","tropical dry forest under stone",375,"point","-13.255","49.61667"
"http://antweb.org/api/v2/?occurrenceId=CAS:ANTWEB:casent0015320","casent0015320","formicidae","ponerinae","Anochetus","goodmani","Anochetus goodmani","","Toliara","Madagascar","2000-11-10","tropical dry forest sifted litter leaf mold, rotten wood",80,"point","-20.79528","44.147"
"http://antweb.org/api/v2/?occurrenceId=CAS:ANTWEB:casent0015325","casent0015325","formicidae","ponerinae","Anochetus","goodmani","Anochetus goodmani","","Toliara","Madagascar","2004-03-09","tropical dry forest sifted litter leaf mold, rotten wood",80,"point","-20.79528","44.147"
"http://antweb.org/api/v2/?occurrenceId=CAS:ANTWEB:casent0015325-d01","casent0015325-d01","formicidae","ponerinae","Anochetus","goodmani","Anochetus goodmani","","Toliara","Madagascar","","tropical dry forest sifted litter leaf mold, rotten wood",80,"point","-20.79528","44.147"
"http://antweb.org/api/v2/?occurrenceId=CAS:ANTWEB:casent0015325-d02","casent0015325-d02","formicidae","ponerinae","Anochetus","goodmani","Anochetus goodmani","","Toliara","Madagascar","","tropical dry forest sifted litter leaf mold, rotten wood",80,"point","-20.79528","44.147"
"http://antweb.org/api/v2/?occurrenceId=CAS:ANTWEB:casent0015326","casent0015326","formicidae","ponerinae","Anochetus","goodmani","Anochetus goodmani","","Toliara","Madagascar","2004-03-09","tropical dry forest sifted litter leaf mold, rotten wood",80,"point","-20.79528","44.147"
"http://antweb.org/api/v2/?occurrenceId=CAS:ANTWEB:casent0015326-d20","casent0015326-d20","formicidae","ponerinae","Anochetus","goodmani","Anochetus goodmani","","Toliara","Madagascar","","tropical dry forest sifted litter leaf mold, rotten wood",80,"point","-20.79528","44.147"
"http://antweb.org/api/v2/?occurrenceId=CAS:ANTWEB:casent0022239","casent0022239","formicidae","ponerinae","Anochetus","goodmani","Anochetus goodmani","","Mahajanga","Madagascar","2000-11-10","tropical dry forest sifted litter leaf mold, rotten wood",30,"point","-16.925","44.36833"
"http://antweb.org/api/v2/?occurrenceId=CAS:ANTWEB:casent0022239-d01","casent0022239-d01","formicidae","ponerinae","Anochetus","goodmani","Anochetus goodmani","","Mahajanga","Madagascar","","tropical dry forest sifted litter leaf mold, rotten wood",30,"point","-16.925","44.36833"
"http://antweb.org/api/v2/?occurrenceId=CAS:ANTWEB:casent0022239-d02","casent0022239-d02","formicidae","ponerinae","Anochetus","goodmani","Anochetus goodmani","","Mahajanga","Madagascar","","tropical dry forest sifted litter leaf mold, rotten wood",30,"point","-16.925","44.36833"
"http://antweb.org/api/v2/?occurrenceId=CAS:ANTWEB:casent0022239-d20","casent0022239-d20","formicidae","ponerinae","Anochetus","goodmani","Anochetus goodmani","","Mahajanga","Madagascar","","tropical dry forest sifted litter leaf mold, rotten wood",30,"point","-16.925","44.36833"
"http://antweb.org/api/v2/?occurrenceId=CAS:ANTWEB:casent0043718","casent0043718","formicidae","ponerinae","Anochetus","goodmani","Anochetus goodmani","","Antsiranana","Madagascar","2004-03-09","rainforest sifted litter leaf mold, rotten wood",425,"point","-13.11833","49.23"
"http://antweb.org/api/v2/?occurrenceId=CAS:ANTWEB:casent0043725","casent0043725","formicidae","ponerinae","Anochetus","goodmani","Anochetus goodmani","","Antsiranana","Madagascar","2004-03-09","rainforest sifted litter leaf mold, rotten wood",425,"point","-13.11833","49.23"
"http://antweb.org/api/v2/?occurrenceId=CAS:ANTWEB:casent0043725-d01","casent0043725-d01","formicidae","ponerinae","Anochetus","goodmani","Anochetus goodmani","","Antsiranana","Madagascar","","rainforest sifted litter leaf mold, rotten wood",425,"point","-13.11833","49.23"
"http://antweb.org/api/v2/?occurrenceId=CAS:ANTWEB:casent0043725-d02","casent0043725-d02","formicidae","ponerinae","Anochetus","goodmani","Anochetus goodmani","","Antsiranana","Madagascar","","rainforest sifted litter leaf mold, rotten wood",425,"point","-13.11833","49.23"
"http://antweb.org/api/v2/?occurrenceId=CAS:ANTWEB:casent0053785","casent0053785","formicidae","ponerinae","Anochetus","goodmani","Anochetus goodmani","","Antsiranana","Madagascar","2005-04-04","tropical dry forest ex rotten log",550,"point","-13.21167","49.55667"
"http://antweb.org/api/v2/?occurrenceId=CAS:ANTWEB:casent0053785-d01","casent0053785-d01","formicidae","ponerinae","Anochetus","goodmani","Anochetus goodmani","","Antsiranana","Madagascar","2005-06-08","tropical dry forest ex rotten log",550,"point","-13.21167","49.55667"
"http://antweb.org/api/v2/?occurrenceId=CAS:ANTWEB:casent0053785-d02","casent0053785-d02","formicidae","ponerinae","Anochetus","goodmani","Anochetus goodmani","","Antsiranana","Madagascar","","tropical dry forest ex rotten log",550,"point","-13.21167","49.55667"
"http://antweb.org/api/v2/?occurrenceId=CAS:ANTWEB:casent0053810","casent0053810","formicidae","ponerinae","Anochetus","goodmani","Anochetus goodmani","","Antsiranana","Madagascar","2005-04-06","tropical dry forest under stone",550,"point","-13.21167","49.55667"
"http://antweb.org/api/v2/?occurrenceId=CAS:ANTWEB:casent0053810-d01","casent0053810-d01","formicidae","ponerinae","Anochetus","goodmani","Anochetus goodmani","","Antsiranana","Madagascar","","tropical dry forest under stone",550,"point","-13.21167","49.55667"
"http://antweb.org/api/v2/?occurrenceId=CAS:ANTWEB:casent0053810-d02","casent0053810-d02","formicidae","ponerinae","Anochetus","goodmani","Anochetus goodmani","","Antsiranana","Madagascar","","tropical dry forest under stone",550,"point","-13.21167","49.55667"
"http://antweb.org/api/v2/?occurrenceId=CAS:ANTWEB:casent0053814","casent0053814","formicidae","ponerinae","Anochetus","goodmani","Anochetus goodmani","","Antsiranana","Madagascar","2005-04-04","tropical dry forest under stone",550,"point","-13.21167","49.55667"
"http://antweb.org/api/v2/?occurrenceId=CAS:ANTWEB:casent0053814-d01","casent0053814-d01","formicidae","ponerinae","Anochetus","goodmani","Anochetus goodmani","","Antsiranana","Madagascar","2005-06-08","tropical dry forest under stone",550,"point","-13.21167","49.55667"
"http://antweb.org/api/v2/?occurrenceId=CAS:ANTWEB:casent0053814-d02","casent0053814-d02","formicidae","ponerinae","Anochetus","goodmani","Anochetus goodmani","","Antsiranana","Madagascar","","tropical dry forest under stone",550,"point","-13.21167","49.55667"
"http://antweb.org/api/v2/?occurrenceId=CAS:ANTWEB:casent0053884","casent0053884","formicidae","ponerinae","Anochetus","goodmani","Anochetus goodmani","","Antsiranana","Madagascar","2005-04-04","tropical dry forest under stone",550,"point","-13.21167","49.55667"
"http://antweb.org/api/v2/?occurrenceId=CAS:ANTWEB:casent0053884-d01","casent0053884-d01","formicidae","ponerinae","Anochetus","goodmani","Anochetus goodmani","","Antsiranana","Madagascar","2005-06-08","tropical dry forest under stone",550,"point","-13.21167","49.55667"
"http://antweb.org/api/v2/?occurrenceId=CAS:ANTWEB:casent0053884-d02","casent0053884-d02","formicidae","ponerinae","Anochetus","goodmani","Anochetus goodmani","","Antsiranana","Madagascar","","tropical dry forest under stone",550,"point","-13.21167","49.55667"
"http://antweb.org/api/v2/?occurrenceId=CAS:ANTWEB:casent0053884-d40","casent0053884-d40","formicidae","ponerinae","Anochetus","goodmani","Anochetus goodmani","","Antsiranana","Madagascar","","tropical dry forest under stone",550,"point","-13.21167","49.55667"
"http://antweb.org/api/v2/?occurrenceId=CAS:ANTWEB:casent0067275","casent0067275","formicidae","ponerinae","Anochetus","goodmani","Anochetus goodmani","","Antsiranana","Madagascar","2004-03-09","tropical dry forest under stone",375,"point","-13.255","49.61667"
"http://antweb.org/api/v2/?occurrenceId=CAS:ANTWEB:casent0073311","casent0073311","formicidae","ponerinae","Anochetus","goodmani","Anochetus goodmani","","Antsiranana","Madagascar","2004-03-09","tropical dry forest",375,"point","-13.255","49.61667"
"http://antweb.org/api/v2/?occurrenceId=CAS:ANTWEB:casent0076275","casent0076275","formicidae","ponerinae","Anochetus","goodmani","Anochetus goodmani","","Antsiranana","Madagascar","2004-03-09","tropical dry forest under stone",375,"point","-13.255","49.61667"
"http://antweb.org/api/v2/?occurrenceId=CAS:ANTWEB:casent0076275-d01","casent0076275-d01","formicidae","ponerinae","Anochetus","goodmani","Anochetus goodmani","","Antsiranana","Madagascar","","tropical dry forest under stone",375,"point","-13.255","49.61667"
"http://antweb.org/api/v2/?occurrenceId=CAS:ANTWEB:casent0076507","casent0076507","formicidae","ponerinae","Anochetus","goodmani","Anochetus goodmani","","Antsiranana","Madagascar","2005-03-18","tropical dry forest under stone",550,"point","-13.21167","49.55667"
"http://antweb.org/api/v2/?occurrenceId=CAS:ANTWEB:casent0076507-d01","casent0076507-d01","formicidae","ponerinae","Anochetus","goodmani","Anochetus goodmani","","Antsiranana","Madagascar","","tropical dry forest under stone",550,"point","-13.21167","49.55667"
"http://antweb.org/api/v2/?occurrenceId=CAS:ANTWEB:casent0076507-d02","casent0076507-d02","formicidae","ponerinae","Anochetus","goodmani","Anochetus goodmani","","Antsiranana","Madagascar","","tropical dry forest under stone",550,"point","-13.21167","49.55667"
"http://antweb.org/api/v2/?occurrenceId=CAS:ANTWEB:casent0076507-d20","casent0076507-d20","formicidae","ponerinae","Anochetus","goodmani","Anochetus goodmani","","Antsiranana","Madagascar","","tropical dry forest under stone",550,"point","-13.21167","49.55667"
"http://antweb.org/api/v2/?occurrenceId=CAS:ANTWEB:casent0076665","casent0076665","formicidae","ponerinae","Anochetus","goodmani","Anochetus goodmani","","Antsiranana","Madagascar","2004-03-09","tropical dry forest under stone",550,"point","-13.21167","49.55667"
"http://antweb.org/api/v2/?occurrenceId=CAS:ANTWEB:casent0076665-d01","casent0076665-d01","formicidae","ponerinae","Anochetus","goodmani","Anochetus goodmani","","Antsiranana","Madagascar","","tropical dry forest under stone",550,"point","-13.21167","49.55667"
"http://antweb.org/api/v2/?occurrenceId=CAS:ANTWEB:casent0076665-d02","casent0076665-d02","formicidae","ponerinae","Anochetus","goodmani","Anochetus goodmani","","Antsiranana","Madagascar","","tropical dry forest under stone",550,"point","-13.21167","49.55667"
"http://antweb.org/api/v2/?occurrenceId=CAS:ANTWEB:casent0078075","casent0078075","formicidae","ponerinae","Anochetus","goodmani","Anochetus goodmani","","Mahajanga","Madagascar","2005-04-06","tropical dry forest",50,"point","-19.14194","44.828"
"http://antweb.org/api/v2/?occurrenceId=CAS:ANTWEB:casent0078075-d20","casent0078075-d20","formicidae","ponerinae","Anochetus","goodmani","Anochetus goodmani","","Mahajanga","Madagascar","","tropical dry forest",50,"point","-19.14194","44.828"
"http://antweb.org/api/v2/?occurrenceId=CAS:ANTWEB:casent0078075-d30","casent0078075-d30","formicidae","ponerinae","Anochetus","goodmani","Anochetus goodmani","","Mahajanga","Madagascar","","tropical dry forest",50,"point","-19.14194","44.828"
"http://antweb.org/api/v2/?occurrenceId=CAS:ANTWEB:casent0082131","casent0082131","formicidae","ponerinae","Anochetus","goodmani","Anochetus goodmani","","Diego-Suarez","Madagascar","2004-03-09","rainforest",960,"point","-12.51444","49.18139"
"http://antweb.org/api/v2/?occurrenceId=CAS:ANTWEB:casent0104543","casent0104543","formicidae","ponerinae","Anochetus","goodmani","Anochetus goodmani","","Antsiranana","Madagascar","2004-03-09","rainforest under stone",425,"point","-13.11833","49.23"
"http://antweb.org/api/v2/?occurrenceId=CAS:ANTWEB:casent0104543-d01","casent0104543-d01","formicidae","ponerinae","Anochetus","goodmani","Anochetus goodmani","","Antsiranana","Madagascar","","rainforest under stone",425,"point","-13.11833","49.23"
"http://antweb.org/api/v2/?occurrenceId=CAS:ANTWEB:casent0104543-d02","casent0104543-d02","formicidae","ponerinae","Anochetus","goodmani","Anochetus goodmani","","Antsiranana","Madagascar","","rainforest under stone",425,"point","-13.11833","49.23"
"http://antweb.org/api/v2/?occurrenceId=CAS:ANTWEB:casent0104548","casent0104548","formicidae","ponerinae","Anochetus","goodmani","Anochetus goodmani","paratype of Anochetus goodmani","Antsiranana","Madagascar","2004-03-09","tropical dry forest under stone",375,"point","-13.255","49.61667"
"http://antweb.org/api/v2/?occurrenceId=CAS:ANTWEB:casent0147619","casent0147619","formicidae","ponerinae","Anochetus","goodmani","Anochetus goodmani","","Toliara","Madagascar","2011-12-29","tropical dry forest",30,"point","-20.06855","44.659565"
"http://antweb.org/api/v2/?occurrenceId=CAS:ANTWEB:casent0147619-d01","casent0147619-d01","formicidae","ponerinae","Anochetus","goodmani","Anochetus goodmani","","Toliara","Madagascar","2011-12-29","tropical dry forest",30,"point","-20.06855","44.659565"
"http://antweb.org/api/v2/?occurrenceId=CAS:ANTWEB:casent0147683","casent0147683","formicidae","ponerinae","Anochetus","goodmani","Anochetus goodmani","","Toliara","Madagascar","2011-12-29","tropical dry forest",30,"point","-20.06915","44.660416"
"http://antweb.org/api/v2/?occurrenceId=CAS:ANTWEB:casent0147683-d01","casent0147683-d01","formicidae","ponerinae","Anochetus","goodmani","Anochetus goodmani","","Toliara","Madagascar","2011-12-29","tropical dry forest",30,"point","-20.06915","44.660416"
"http://antweb.org/api/v2/?occurrenceId=CAS:ANTWEB:casent0366794","casent0366794","formicidae","ponerinae","Anochetus","goodmani","Anochetus goodmani","","Antsiranana","Madagascar","","disturbed dry forest sifted litter",275,"point","-13.6648","47.98702"
"http://antweb.org/api/v2/?occurrenceId=CAS:ANTWEB:casent0366797","casent0366797","formicidae","ponerinae","Anochetus","goodmani","Anochetus goodmani","","Antsiranana","Madagascar","","disturbed dry forest sifted litter",275,"point","-13.6648","47.98702"
"http://antweb.org/api/v2/?occurrenceId=CAS:ANTWEB:casent0369288","casent0369288","formicidae","ponerinae","Anochetus","goodmani","Anochetus goodmani","","Antsiranana","Madagascar","","disturbed dry forest under stone",275,"point","-13.6648","47.98702"
"http://antweb.org/api/v2/?occurrenceId=CAS:ANTWEB:casent0369307","casent0369307","formicidae","ponerinae","Anochetus","goodmani","Anochetus goodmani","","Antsiranana","Madagascar","","disturbed dry forest ex soil",275,"point","-13.6648","47.98702"
"http://antweb.org/api/v2/?occurrenceId=CAS:ANTWEB:casent0369307-d11","casent0369307-d11","formicidae","ponerinae","Anochetus","goodmani","Anochetus goodmani","","Antsiranana","Madagascar","","disturbed dry forest ex soil",275,"point","-13.6648","47.98702"
"http://antweb.org/api/v2/?occurrenceId=CAS:ANTWEB:casent0369638","casent0369638","formicidae","ponerinae","Anochetus","goodmani","Anochetus goodmani","","Antsiranana","Madagascar","","disturbed dry forest ex soil",543,"point","-13.66296","47.97936"
"http://antweb.org/api/v2/?occurrenceId=CAS:ANTWEB:casent0369649","casent0369649","formicidae","ponerinae","Anochetus","goodmani","Anochetus goodmani","","Antsiranana","Madagascar","","disturbed dry forest ex soil",543,"point","-13.66296","47.97936"
"http://antweb.org/api/v2/?occurrenceId=CAS:ANTWEB:casent0370569","casent0370569","formicidae","ponerinae","Anochetus","goodmani","Anochetus goodmani","","Antsiranana","Madagascar","","disturbed dry forest ex soil",275,"point","-13.6648","47.98702"
"http://antweb.org/api/v2/?occurrenceId=CAS:ANTWEB:casent0370590","casent0370590","formicidae","ponerinae","Anochetus","goodmani","Anochetus goodmani","","Antsiranana","Madagascar","","disturbed dry forest under stone",275,"point","-13.6648","47.98702"
"http://antweb.org/api/v2/?occurrenceId=CAS:ANTWEB:casent0370590-d11","casent0370590-d11","formicidae","ponerinae","Anochetus","goodmani","Anochetus goodmani","","Antsiranana","Madagascar","","disturbed dry forest under stone",275,"point","-13.6648","47.98702"
"http://antweb.org/api/v2/?occurrenceId=CAS:ANTWEB:casent0373156","casent0373156","formicidae","ponerinae","Anochetus","goodmani","Anochetus goodmani","","Antsiranana","Madagascar","","Dry forest on tsingy ground forager s",98,"point","-12.90981","49.11057"
"http://antweb.org/api/v2/?occurrenceId=CAS:ANTWEB:casent0414220","casent0414220","formicidae","ponerinae","Anochetus","goodmani","Anochetus goodmani","","Antsiranana","Madagascar","2000-11-10","tropical dry forest",80,"point","-12.90889","49.10983"
"http://antweb.org/api/v2/?occurrenceId=CAS:ANTWEB:casent0416366","casent0416366","formicidae","ponerinae","Anochetus","goodmani","Anochetus goodmani","","Antsiranana","Madagascar","2000-11-10","tropical dry forest ground forager s",210,"point","-12.86361","49.22583"
"http://antweb.org/api/v2/?occurrenceId=CAS:ANTWEB:casent0416367","casent0416367","formicidae","ponerinae","Anochetus","goodmani","Anochetus goodmani","","Antsiranana","Madagascar","2000-11-10","rainforest ex rotten log",600,"point","-13.79861","48.16167"
"http://antweb.org/api/v2/?occurrenceId=CAS:ANTWEB:casent0416368","casent0416368","formicidae","ponerinae","Anochetus","goodmani","Anochetus goodmani","","Antsiranana","Madagascar","2000-11-10","rainforest ground forager s",600,"point","-13.79861","48.16167"
"http://antweb.org/api/v2/?occurrenceId=CAS:ANTWEB:casent0416369","casent0416369","formicidae","ponerinae","Anochetus","goodmani","Anochetus goodmani","","Antsiranana","Madagascar","2000-11-10","rainforest",600,"point","-13.79861","48.16167"
"http://antweb.org/api/v2/?occurrenceId=CAS:ANTWEB:casent0416370","casent0416370","formicidae","ponerinae","Anochetus","goodmani","Anochetus goodmani","","Antsiranana","Madagascar","2000-11-10","tropical dry forest",120,"point","-14.30889","47.91433"
"http://antweb.org/api/v2/?occurrenceId=CAS:ANTWEB:casent0416372","casent0416372","formicidae","ponerinae","Anochetus","goodmani","Anochetus goodmani","","Antsiranana","Madagascar","2004-03-09","tropical dry forest ground nest",80,"point","-12.90889","49.10983"
"http://antweb.org/api/v2/?occurrenceId=CAS:ANTWEB:casent0416372-d01","casent0416372-d01","formicidae","ponerinae","Anochetus","goodmani","Anochetus goodmani","","Antsiranana","Madagascar","","tropical dry forest ground nest",80,"point","-12.90889","49.10983"
"http://antweb.org/api/v2/?occurrenceId=CAS:ANTWEB:casent0416372-d02","casent0416372-d02","formicidae","ponerinae","Anochetus","goodmani","Anochetus goodmani","","Antsiranana","Madagascar","","tropical dry forest ground nest",80,"point","-12.90889","49.10983"
"http://antweb.org/api/v2/?occurrenceId=CAS:ANTWEB:casent0416373","casent0416373","formicidae","ponerinae","Anochetus","goodmani","Anochetus goodmani","","Antsiranana","Madagascar","2000-11-10","tropical dry forest ground nest",80,"point","-12.90889","49.10983"
"http://antweb.org/api/v2/?occurrenceId=CAS:ANTWEB:casent0416376","casent0416376","formicidae","ponerinae","Anochetus","goodmani","Anochetus goodmani","","Antsiranana","Madagascar","2000-11-10","tropical dry forest",80,"point","-12.90889","49.10983"
"http://antweb.org/api/v2/?occurrenceId=CAS:ANTWEB:casent0416378","casent0416378","formicidae","ponerinae","Anochetus","goodmani","Anochetus goodmani","","Antsiranana","Madagascar","2000-11-10","tropical dry forest",210,"point","-12.86361","49.22583"
"http://antweb.org/api/v2/?occurrenceId=CAS:ANTWEB:casent0416379","casent0416379","formicidae","ponerinae","Anochetus","goodmani","Anochetus goodmani","","Antsiranana","Madagascar","2000-11-10","tropical dry forest ground nest",210,"point","-12.86361","49.22583"
"http://antweb.org/api/v2/?occurrenceId=CAS:ANTWEB:casent0416382","casent0416382","formicidae","ponerinae","Anochetus","goodmani","Anochetus goodmani","","Antsiranana","Madagascar","2004-03-09","tropical dry forest ground nest",210,"point","-12.86361","49.22583"
"http://antweb.org/api/v2/?occurrenceId=CAS:ANTWEB:casent0416382-d01","casent0416382-d01","formicidae","ponerinae","Anochetus","goodmani","Anochetus goodmani","","Antsiranana","Madagascar","","tropical dry forest ground nest",210,"point","-12.86361","49.22583"
"http://antweb.org/api/v2/?occurrenceId=CAS:ANTWEB:casent0416382-d02","casent0416382-d02","formicidae","ponerinae","Anochetus","goodmani","Anochetus goodmani","","Antsiranana","Madagascar","","tropical dry forest ground nest",210,"point","-12.86361","49.22583"
"http://antweb.org/api/v2/?occurrenceId=CAS:ANTWEB:casent0416382-d20","casent0416382-d20","formicidae","ponerinae","Anochetus","goodmani","Anochetus goodmani","","Antsiranana","Madagascar","","tropical dry forest ground nest",210,"point","-12.86361","49.22583"
"http://antweb.org/api/v2/?occurrenceId=CAS:ANTWEB:casent0416382-d30","casent0416382-d30","formicidae","ponerinae","Anochetus","goodmani","Anochetus goodmani","","Antsiranana","Madagascar","","tropical dry forest ground nest",210,"point","-12.86361","49.22583"
"http://antweb.org/api/v2/?occurrenceId=CAS:ANTWEB:casent0416383","casent0416383","formicidae","ponerinae","Anochetus","goodmani","Anochetus goodmani","","Antsiranana","Madagascar","2000-11-10","tropical dry forest ground forager s",210,"point","-12.86361","49.22583"
"http://antweb.org/api/v2/?occurrenceId=CAS:ANTWEB:casent0416384","casent0416384","formicidae","ponerinae","Anochetus","goodmani","Anochetus goodmani","","Antsiranana","Madagascar","2000-11-10","tropical dry forest ground forager s",210,"point","-12.86361","49.22583"
"http://antweb.org/api/v2/?occurrenceId=CAS:ANTWEB:casent0416385","casent0416385","formicidae","ponerinae","Anochetus","goodmani","Anochetus goodmani","","Antsiranana","Madagascar","2000-11-10","tropical dry forest ground forager s",210,"point","-12.86361","49.22583"
"http://antweb.org/api/v2/?occurrenceId=CAS:ANTWEB:casent0416386","casent0416386","formicidae","ponerinae","Anochetus","goodmani","Anochetus goodmani","","Antsiranana","Madagascar","2000-11-10","rainforest",600,"point","-13.79861","48.16167"
"http://antweb.org/api/v2/?occurrenceId=CAS:ANTWEB:casent0428100","casent0428100","formicidae","ponerinae","Anochetus","goodmani","Anochetus goodmani","","Antsiranana","Madagascar","2004-03-09","tropical dry forest ground nest",80,"point","-12.90889","49.10983"
"http://antweb.org/api/v2/?occurrenceId=CAS:ANTWEB:casent0428100-d01","casent0428100-d01","formicidae","ponerinae","Anochetus","goodmani","Anochetus goodmani","","Antsiranana","Madagascar","","tropical dry forest ground nest",80,"point","-12.90889","49.10983"
"http://antweb.org/api/v2/?occurrenceId=CAS:ANTWEB:casent0428100-d02","casent0428100-d02","formicidae","ponerinae","Anochetus","goodmani","Anochetus goodmani","","Antsiranana","Madagascar","","tropical dry forest ground nest",80,"point","-12.90889","49.10983"
"http://antweb.org/api/v2/?occurrenceId=CAS:ANTWEB:casent0428101","casent0428101","formicidae","ponerinae","Anochetus","goodmani","Anochetus goodmani","","Antsiranana","Madagascar","2000-11-10","tropical dry forest ground nest",80,"point","-12.90889","49.10983"
"http://antweb.org/api/v2/?occurrenceId=CAS:ANTWEB:casent0428104","casent0428104","formicidae","ponerinae","Anochetus","goodmani","Anochetus goodmani","","Antsiranana","Madagascar","2000-11-10","tropical dry forest on low vegetation",80,"point","-12.90889","49.10983"
"http://antweb.org/api/v2/?occurrenceId=CAS:ANTWEB:casent0428105","casent0428105","formicidae","ponerinae","Anochetus","goodmani","Anochetus goodmani","","Antsiranana","Madagascar","2000-11-10","tropical dry forest ground nest",80,"point","-12.90889","49.10983"
"http://antweb.org/api/v2/?occurrenceId=CAS:ANTWEB:casent0428105-d01","casent0428105-d01","formicidae","ponerinae","Anochetus","goodmani","Anochetus goodmani","","Antsiranana","Madagascar","","tropical dry forest ground nest",80,"point","-12.90889","49.10983"
"http://antweb.org/api/v2/?occurrenceId=CAS:ANTWEB:casent0428105-d02","casent0428105-d02","formicidae","ponerinae","Anochetus","goodmani","Anochetus goodmani","","Antsiranana","Madagascar","","tropical dry forest ground nest",80,"point","-12.90889","49.10983"
"http://antweb.org/api/v2/?occurrenceId=CAS:ANTWEB:casent0428105-d20","casent0428105-d20","formicidae","ponerinae","Anochetus","goodmani","Anochetus goodmani","","Antsiranana","Madagascar","","tropical dry forest ground nest",80,"point","-12.90889","49.10983"
"http://antweb.org/api/v2/?occurrenceId=CAS:ANTWEB:casent0430488","casent0430488","formicidae","ponerinae","Anochetus","goodmani","Anochetus goodmani","","Mahajanga","Madagascar","2000-11-10","tropical dry forest ex rotten log",50,"point","-19.14194","44.828"
"http://antweb.org/api/v2/?occurrenceId=CAS:ANTWEB:casent0432933","casent0432933","formicidae","ponerinae","Anochetus","goodmani","Anochetus goodmani","","Mahajanga","Madagascar","2000-11-10","tropical dry forest sifted litter leaf mold, rotten wood",50,"point","-19.14194","44.828"
"http://antweb.org/api/v2/?occurrenceId=CAS:ANTWEB:casent0432938","casent0432938","formicidae","ponerinae","Anochetus","goodmani","Anochetus goodmani","","Mahajanga","Madagascar","2004-03-09","tropical dry forest sifted litter leaf mold, rotten wood",50,"point","-19.14194","44.828"
"http://antweb.org/api/v2/?occurrenceId=CAS:ANTWEB:casent0432938-d01","casent0432938-d01","formicidae","ponerinae","Anochetus","goodmani","Anochetus goodmani","","Mahajanga","Madagascar","","tropical dry forest sifted litter leaf mold, rotten wood",50,"point","-19.14194","44.828"
"http://antweb.org/api/v2/?occurrenceId=CAS:ANTWEB:casent0432938-d02","casent0432938-d02","formicidae","ponerinae","Anochetus","goodmani","Anochetus goodmani","","Mahajanga","Madagascar","","tropical dry forest sifted litter leaf mold, rotten wood",50,"point","-19.14194","44.828"
"http://antweb.org/api/v2/?occurrenceId=CAS:ANTWEB:casent0432954","casent0432954","formicidae","ponerinae","Anochetus","goodmani","Anochetus goodmani","","Mahajanga","Madagascar","2004-03-09","tropical dry forest ex rot pocket",50,"point","-19.14194","44.828"
"http://antweb.org/api/v2/?occurrenceId=CAS:ANTWEB:casent0432964","casent0432964","formicidae","ponerinae","Anochetus","goodmani","Anochetus goodmani","","Mahajanga","Madagascar","2004-03-09","tropical dry forest sifted litter leaf mold, rotten wood",50,"point","-19.14194","44.828"
"http://antweb.org/api/v2/?occurrenceId=CAS:ANTWEB:casent0432964-d01","casent0432964-d01","formicidae","ponerinae","Anochetus","goodmani","Anochetus goodmani","","Mahajanga","Madagascar","","tropical dry forest sifted litter leaf mold, rotten wood",50,"point","-19.14194","44.828"
"http://antweb.org/api/v2/?occurrenceId=CAS:ANTWEB:casent0439355","casent0439355","formicidae","ponerinae","Anochetus","goodmani","Anochetus goodmani","","Antsiranana","Madagascar","2000-11-10","tropical dry forest sifted litter leaf mold, rotten wood",80,"point","-12.90889","49.10983"
"http://antweb.org/api/v2/?occurrenceId=CAS:ANTWEB:casent0439972","casent0439972","formicidae","ponerinae","Anochetus","goodmani","Anochetus goodmani","","Antsiranana","Madagascar","2005-04-05","tropical dry forest sifted litter leaf mold, rotten wood",210,"point","-12.86361","49.22583"
"http://antweb.org/api/v2/?occurrenceId=CAS:ANTWEB:casent0443749","casent0443749","formicidae","ponerinae","Anochetus","goodmani","Anochetus goodmani","","Mahajanga","Madagascar","2004-03-09","tropical dry forest on Tsingy",100,"point","-19.13222","44.81467"
"http://antweb.org/api/v2/?occurrenceId=CAS:ANTWEB:casent0454531","casent0454531","formicidae","ponerinae","Anochetus","goodmani","Anochetus goodmani","","Antsiranana","Madagascar","2005-04-06","rainforest sifted litter leaf mold, rotten wood",600,"point","-13.79861","48.16167"
"http://antweb.org/api/v2/?occurrenceId=CAS:ANTWEB:casent0454545","casent0454545","formicidae","ponerinae","Anochetus","goodmani","Anochetus goodmani","","Antsiranana","Madagascar","2005-04-06","rainforest sifted litter leaf mold, rotten wood",600,"point","-13.79861","48.16167"
"http://antweb.org/api/v2/?occurrenceId=CAS:ANTWEB:casent0460216","casent0460216","formicidae","ponerinae","Anochetus","goodmani","Anochetus goodmani","","Antsiranana","Madagascar","2005-04-06","tropical dry forest sifted litter leaf mold, rotten wood",120,"point","-14.30889","47.91433"
"http://antweb.org/api/v2/?occurrenceId=CAS:ANTWEB:casent0460778","casent0460778","formicidae","ponerinae","Anochetus","goodmani","Anochetus goodmani","","Antsiranana","Madagascar","2005-04-06","tropical dry forest sifted litter leaf mold, rotten wood",180,"point","-12.32278","49.33817"
"http://antweb.org/api/v2/?occurrenceId=CAS:ANTWEB:casent0472827","casent0472827","formicidae","ponerinae","Anochetus","goodmani","Anochetus goodmani","","Mahajanga","Madagascar","2000-11-10","tropical dry forest on Tsingy sifted litter leaf mold, rotten wood",150,"point","-18.70944","44.71817"
"http://antweb.org/api/v2/?occurrenceId=CAS:ANTWEB:casent0472827-d01","casent0472827-d01","formicidae","ponerinae","Anochetus","goodmani","Anochetus goodmani","","Mahajanga","Madagascar","","tropical dry forest on Tsingy sifted litter leaf mold, rotten wood",150,"point","-18.70944","44.71817"
"http://antweb.org/api/v2/?occurrenceId=CAS:ANTWEB:casent0487595","casent0487595","formicidae","ponerinae","Anochetus","goodmani","Anochetus goodmani","","Antsiranana","Madagascar","2004-03-09","rainforest ground nest",425,"point","-13.11833","49.23"
"http://antweb.org/api/v2/?occurrenceId=CAS:ANTWEB:casent0487595-d01","casent0487595-d01","formicidae","ponerinae","Anochetus","goodmani","Anochetus goodmani","","Antsiranana","Madagascar","","rainforest ground nest",425,"point","-13.11833","49.23"
"http://antweb.org/api/v2/?occurrenceId=CAS:ANTWEB:casent0487595-d02","casent0487595-d02","formicidae","ponerinae","Anochetus","goodmani","Anochetus goodmani","","Antsiranana","Madagascar","","rainforest ground nest",425,"point","-13.11833","49.23"
"http://antweb.org/api/v2/?occurrenceId=CAS:ANTWEB:casent0487654","casent0487654","formicidae","ponerinae","Anochetus","goodmani","Anochetus goodmani","","Antsiranana","Madagascar","2004-03-09","rainforest ex rotten log",425,"point","-13.11833","49.23"
"http://antweb.org/api/v2/?occurrenceId=CAS:ANTWEB:casent0487654-d01","casent0487654-d01","formicidae","ponerinae","Anochetus","goodmani","Anochetus goodmani","","Antsiranana","Madagascar","","rainforest ex rotten log",425,"point","-13.11833","49.23"
"http://antweb.org/api/v2/?occurrenceId=CAS:ANTWEB:casent0487654-d02","casent0487654-d02","formicidae","ponerinae","Anochetus","goodmani","Anochetus goodmani","","Antsiranana","Madagascar","","rainforest ex rotten log",425,"point","-13.11833","49.23"
"http://antweb.org/api/v2/?occurrenceId=CAS:ANTWEB:casent0491024","casent0491024","formicidae","ponerinae","Anochetus","goodmani","Anochetus goodmani","","Mahajanga","Madagascar","2005-04-06","tropical dry forest ground forager s",30,"point","-16.925","44.36833"
"http://antweb.org/api/v2/?occurrenceId=CAS:ANTWEB:casent0498309","casent0498309","formicidae","ponerinae","Anochetus","goodmani","Anochetus goodmani","Holotype of Anochetus goodmani","Antsiranana","Madagascar","2004-03-09","tropical dry forest under stone",375,"point","-13.255","49.61667"
"http://antweb.org/api/v2/?occurrenceId=CAS:ANTWEB:casent0498310","casent0498310","formicidae","ponerinae","Anochetus","goodmani","Anochetus goodmani","paratype of Anochetus goodmani","Antsiranana","Madagascar","2004-03-09","tropical dry forest under stone",375,"point","-13.255","49.61667"
"http://antweb.org/api/v2/?occurrenceId=CAS:ANTWEB:casent0498310-d01","casent0498310-d01","formicidae","ponerinae","Anochetus","goodmani","Anochetus goodmani","","Antsiranana","Madagascar","","tropical dry forest under stone",375,"point","-13.255","49.61667"
"http://antweb.org/api/v2/?occurrenceId=CAS:ANTWEB:casent0498310-d02","casent0498310-d02","formicidae","ponerinae","Anochetus","goodmani","Anochetus goodmani","","Antsiranana","Madagascar","","tropical dry forest under stone",375,"point","-13.255","49.61667"
"http://antweb.org/api/v2/?occurrenceId=CAS:ANTWEB:casent0498311","casent0498311","formicidae","ponerinae","Anochetus","goodmani","Anochetus goodmani","paratype of Anochetus goodmani","Antsiranana","Madagascar","2004-03-09","tropical dry forest under stone",375,"point","-13.255","49.61667"
"http://antweb.org/api/v2/?occurrenceId=CAS:ANTWEB:casent0498451","casent0498451","formicidae","ponerinae","Anochetus","goodmani","Anochetus goodmani","","Antsiranana","Madagascar","2004-03-09","tropical dry forest ex rotten log",175,"point","-12.97","49.7"
"http://antweb.org/api/v2/?occurrenceId=CAS:ANTWEB:casent0498467","casent0498467","formicidae","ponerinae","Anochetus","goodmani","Anochetus goodmani","","Antsiranana","Madagascar","2004-03-09","tropical dry forest ground forager s",175,"point","-12.97","49.7"
"http://antweb.org/api/v2/?occurrenceId=CAS:ANTWEB:casent0498518","casent0498518","formicidae","ponerinae","Anochetus","goodmani","Anochetus goodmani","","Antsiranana","Madagascar","2004-03-09","tropical dry forest",175,"point","-12.97","49.7"
"http://antweb.org/api/v2/?occurrenceId=CAS:ANTWEB:casent0498548","casent0498548","formicidae","ponerinae","Anochetus","goodmani","Anochetus goodmani","","Antsiranana","Madagascar","2006-12-31","tropical dry forest ex rotten log",175,"point","-12.97","49.7"
"http://antweb.org/api/v2/?occurrenceId=CAS:ANTWEB:casent0498957","casent0498957","formicidae","ponerinae","Anochetus","goodmani","Anochetus goodmani","","Antsiranana","Madagascar","2004-03-09","rainforest under stone",425,"point","-13.11833","49.23"
"http://antweb.org/api/v2/?occurrenceId=CAS:ANTWEB:casent0498957-d01","casent0498957-d01","formicidae","ponerinae","Anochetus","goodmani","Anochetus goodmani","","Antsiranana","Madagascar","","rainforest under stone",425,"point","-13.11833","49.23"
"http://antweb.org/api/v2/?occurrenceId=CAS:ANTWEB:casent0498957-d02","casent0498957-d02","formicidae","ponerinae","Anochetus","goodmani","Anochetus goodmani","","Antsiranana","Madagascar","","rainforest under stone",425,"point","-13.11833","49.23"
"http://antweb.org/api/v2/?occurrenceId=CAS:ANTWEB:casent0498980","casent0498980","formicidae","ponerinae","Anochetus","goodmani","Anochetus goodmani","","Antsiranana","Madagascar","2004-03-09","rainforest under stone",425,"point","-13.11833","49.23"
"http://antweb.org/api/v2/?occurrenceId=CAS:ANTWEB:casent0498980-d01","casent0498980-d01","formicidae","ponerinae","Anochetus","goodmani","Anochetus goodmani","","Antsiranana","Madagascar","","rainforest under stone",425,"point","-13.11833","49.23"
"http://antweb.org/api/v2/?occurrenceId=CAS:ANTWEB:casent0498980-d02","casent0498980-d02","formicidae","ponerinae","Anochetus","goodmani","Anochetus goodmani","","Antsiranana","Madagascar","","rainforest under stone",425,"point","-13.11833","49.23"
"http://antweb.org/api/v2/?occurrenceId=CAS:ANTWEB:casent0499020","casent0499020","formicidae","ponerinae","Anochetus","goodmani","Anochetus goodmani","","Antsiranana","Madagascar","2005-03-18","rainforest under stone",425,"point","-13.11833","49.23"
"http://antweb.org/api/v2/?occurrenceId=CAS:ANTWEB:casent0499020-d01","casent0499020-d01","formicidae","ponerinae","Anochetus","goodmani","Anochetus goodmani","","Antsiranana","Madagascar","","rainforest under stone",425,"point","-13.11833","49.23"
"http://antweb.org/api/v2/?occurrenceId=CAS:ANTWEB:casent0499020-d02","casent0499020-d02","formicidae","ponerinae","Anochetus","goodmani","Anochetus goodmani","","Antsiranana","Madagascar","","rainforest under stone",425,"point","-13.11833","49.23"
"http://antweb.org/api/v2/?occurrenceId=CAS:ANTWEB:casent0499020-d20","casent0499020-d20","formicidae","ponerinae","Anochetus","goodmani","Anochetus goodmani","","Antsiranana","Madagascar","","rainforest under stone",425,"point","-13.11833","49.23"
"http://antweb.org/api/v2/?occurrenceId=CAS:ANTWEB:casent0499942","casent0499942","formicidae","ponerinae","Anochetus","goodmani","Anochetus goodmani","","Antsiranana","Madagascar","2004-03-09","tropical dry forest under stone",375,"point","-13.255","49.61667"
"http://antweb.org/api/v2/?occurrenceId=CAS:ANTWEB:casent0499942-d01","casent0499942-d01","formicidae","ponerinae","Anochetus","goodmani","Anochetus goodmani","","Antsiranana","Madagascar","","tropical dry forest under stone",375,"point","-13.255","49.61667"
"http://antweb.org/api/v2/?occurrenceId=CAS:ANTWEB:casent0499942-d02","casent0499942-d02","formicidae","ponerinae","Anochetus","goodmani","Anochetus goodmani","","Antsiranana","Madagascar","","tropical dry forest under stone",375,"point","-13.255","49.61667"
"http://antweb.org/api/v2/?occurrenceId=CAS:ANTWEB:casent0499942-d20","casent0499942-d20","formicidae","ponerinae","Anochetus","goodmani","Anochetus goodmani","","Antsiranana","Madagascar","","tropical dry forest under stone",375,"point","-13.255","49.61667"
"http://antweb.org/api/v2/?occurrenceId=CAS:ANTWEB:casent0505299","casent0505299","formicidae","ponerinae","Anochetus","goodmani","Anochetus goodmani","","Antsiranana","Madagascar","2004-03-09","tropical dry forest ground nest",210,"point","-12.86361","49.22583"
"http://antweb.org/api/v2/?occurrenceId=CAS:ANTWEB:mcz.3471w","mcz.3471w","formicidae","ponerinae","Anochetus","goodmani","Anochetus goodmani","","Antsiranana","Madagascar","2004-03-09","tsingy",170,"point","-12.90944","49.11"
"http://antweb.org/api/v2/?occurrenceId=CAS:ANTWEB:mcz.3472w","mcz.3472w","formicidae","ponerinae","Anochetus","goodmani","Anochetus goodmani","","Antsiranana","Madagascar","2004-03-09","tropical dry forest",150,"point","-12.90056","49.14722"
"http://antweb.org/api/v2/?occurrenceId=CAS:ANTWEB:mcz.3473w","mcz.3473w","formicidae","ponerinae","Anochetus","goodmani","Anochetus goodmani","","Antsiranana","Madagascar","2004-03-09","tropical dry forest",150,"point","-12.90056","49.14722"
