"url","catalogNumber","family","subfamily","genus","specificEpithet","scientific_name","typeStatus","stateProvince","country","dateIdentified","habitat","minimumElevationInMeters","geojson.type","decimal_latitude","decimal_longitude"
"http://antweb.org/api/v2/?occurrenceId=CAS:ANTWEB:casent0009059","casent0009059","formicidae","ponerinae","Anochetus","pubescens","Anochetus pubescens","","","Mayotte","2009-10-12","dry forest litter",NA,"point","-12.96667","45.16667"
"http://antweb.org/api/v2/?occurrenceId=CAS:ANTWEB:casent0009059-d01","casent0009059-d01","formicidae","ponerinae","Anochetus","pubescens","Anochetus pubescens","","","Mayotte","2009-10-12","dry forest litter",NA,"point","-12.96667","45.16667"
"http://antweb.org/api/v2/?occurrenceId=CAS:ANTWEB:casent0132423","casent0132423","formicidae","ponerinae","Anochetus","pubescens","Anochetus pubescens","","","Mayotte","2008-09-16","dry forest under stone",35,"point","-12.97839","45.17261"
"http://antweb.org/api/v2/?occurrenceId=CAS:ANTWEB:casent0132423-d01","casent0132423-d01","formicidae","ponerinae","Anochetus","pubescens","Anochetus pubescens","","","Mayotte","","dry forest under stone",35,"point","-12.97839","45.17261"
"http://antweb.org/api/v2/?occurrenceId=CAS:ANTWEB:casent0132423-d11","casent0132423-d11","formicidae","ponerinae","Anochetus","pubescens","Anochetus pubescens","","","Mayotte","","dry forest under stone",35,"point","-12.97839","45.17261"
"http://antweb.org/api/v2/?occurrenceId=CAS:ANTWEB:casent0135206","casent0135206","formicidae","ponerinae","Anochetus","pubescens","Anochetus pubescens","","Grande Comore","Comoros","2008-09-16","disturbed forest ex root mat, ground layer",795,"point","-11.82498","43.4374"
"http://antweb.org/api/v2/?occurrenceId=CAS:ANTWEB:casent0135206-d01","casent0135206-d01","formicidae","ponerinae","Anochetus","pubescens","Anochetus pubescens","","Grande Comore","Comoros","","disturbed forest ex root mat, ground layer",795,"point","-11.82498","43.4374"
"http://antweb.org/api/v2/?occurrenceId=CAS:ANTWEB:casent0135206-d11","casent0135206-d11","formicidae","ponerinae","Anochetus","pubescens","Anochetus pubescens","","Grande Comore","Comoros","","disturbed forest ex root mat, ground layer",795,"point","-11.82498","43.4374"
"http://antweb.org/api/v2/?occurrenceId=CAS:ANTWEB:casent0135206-d40","casent0135206-d40","formicidae","ponerinae","Anochetus","pubescens","Anochetus pubescens","","Grande Comore","Comoros","","disturbed forest ex root mat, ground layer",795,"point","-11.82498","43.4374"
"http://antweb.org/api/v2/?occurrenceId=CAS:ANTWEB:casent0135208","casent0135208","formicidae","ponerinae","Anochetus","pubescens","Anochetus pubescens","","Grande Comore","Comoros","2008-09-16","disturbed forest under moss, above ground",795,"point","-11.82498","43.4374"
"http://antweb.org/api/v2/?occurrenceId=CAS:ANTWEB:casent0135208-d01","casent0135208-d01","formicidae","ponerinae","Anochetus","pubescens","Anochetus pubescens","","Grande Comore","Comoros","","disturbed forest under moss, above ground",795,"point","-11.82498","43.4374"
"http://antweb.org/api/v2/?occurrenceId=CAS:ANTWEB:casent0135208-d11","casent0135208-d11","formicidae","ponerinae","Anochetus","pubescens","Anochetus pubescens","","Grande Comore","Comoros","","disturbed forest under moss, above ground",795,"point","-11.82498","43.4374"
"http://antweb.org/api/v2/?occurrenceId=CAS:ANTWEB:casent0136705","casent0136705","formicidae","ponerinae","Anochetus","pubescens","Anochetus pubescens","","Grande Comore","Comoros","2008-09-16","montane rainforest ground forager s",995,"point","-11.47578","43.34669"
"http://antweb.org/api/v2/?occurrenceId=CAS:ANTWEB:casent0136705-d01","casent0136705-d01","formicidae","ponerinae","Anochetus","pubescens","Anochetus pubescens","","Grande Comore","Comoros","","montane rainforest ground forager s",995,"point","-11.47578","43.34669"
"http://antweb.org/api/v2/?occurrenceId=CAS:ANTWEB:casent0136793","casent0136793","formicidae","ponerinae","Anochetus","pubescens","Anochetus pubescens","","","Mayotte","2008-09-16","dry forest under stone",35,"point","-12.97839","45.17261"
"http://antweb.org/api/v2/?occurrenceId=CAS:ANTWEB:casent0136793-d01","casent0136793-d01","formicidae","ponerinae","Anochetus","pubescens","Anochetus pubescens","","","Mayotte","","dry forest under stone",35,"point","-12.97839","45.17261"
"http://antweb.org/api/v2/?occurrenceId=CAS:ANTWEB:casent0136794","casent0136794","formicidae","ponerinae","Anochetus","pubescens","Anochetus pubescens","","","Mayotte","2008-12-31","dry forest under stone",35,"point","-12.97839","45.17261"
"http://antweb.org/api/v2/?occurrenceId=CAS:ANTWEB:casent0136795","casent0136795","formicidae","ponerinae","Anochetus","pubescens","Anochetus pubescens","","","Mayotte","2008-12-31","dry forest under stone",35,"point","-12.97839","45.17261"
"http://antweb.org/api/v2/?occurrenceId=CAS:ANTWEB:casent0136796","casent0136796","formicidae","ponerinae","Anochetus","pubescens","Anochetus pubescens","","","Mayotte","2008-12-31","dry forest under stone",35,"point","-12.97839","45.17261"
"http://antweb.org/api/v2/?occurrenceId=CAS:ANTWEB:casent0137096","casent0137096","formicidae","ponerinae","Anochetus","pubescens","Anochetus pubescens","","Grande Comore","Comoros","2008-09-16","montane rainforest sifted litter leaf mold, rotten wood",995,"point","-11.47578","43.34669"
"http://antweb.org/api/v2/?occurrenceId=CAS:ANTWEB:casent0137096-d01","casent0137096-d01","formicidae","ponerinae","Anochetus","pubescens","Anochetus pubescens","","Grande Comore","Comoros","","montane rainforest sifted litter leaf mold, rotten wood",995,"point","-11.47578","43.34669"
"http://antweb.org/api/v2/?occurrenceId=CAS:ANTWEB:casent0137159","casent0137159","formicidae","ponerinae","Anochetus","pubescens","Anochetus pubescens","","Grande Comore","Comoros","2008-12-31","montane rainforest sifted litter leaf mold, rotten wood",995,"point","-11.47578","43.34669"
"http://antweb.org/api/v2/?occurrenceId=CAS:ANTWEB:casent0137159-d01","casent0137159-d01","formicidae","ponerinae","Anochetus","pubescens","Anochetus pubescens","","Grande Comore","Comoros","","montane rainforest sifted litter leaf mold, rotten wood",995,"point","-11.47578","43.34669"
"http://antweb.org/api/v2/?occurrenceId=CAS:ANTWEB:casent0137448","casent0137448","formicidae","ponerinae","Anochetus","pubescens","Anochetus pubescens","","Grande Comore","Comoros","2008-12-31","montane rainforest sifted litter leaf mold, rotten wood",995,"point","-11.47578","43.34669"
"http://antweb.org/api/v2/?occurrenceId=CAS:ANTWEB:casent0137448-d01","casent0137448-d01","formicidae","ponerinae","Anochetus","pubescens","Anochetus pubescens","","Grande Comore","Comoros","","montane rainforest sifted litter leaf mold, rotten wood",995,"point","-11.47578","43.34669"
"http://antweb.org/api/v2/?occurrenceId=CAS:ANTWEB:casent0144450","casent0144450","formicidae","ponerinae","Anochetus","pubescens","Anochetus pubescens","","Moh li","Comoros","2008-12-31","rainforest sifted litter leaf mold, rotten wood",275,"point","-12.30668","43.66407"
"http://antweb.org/api/v2/?occurrenceId=CAS:ANTWEB:casent0144451","casent0144451","formicidae","ponerinae","Anochetus","pubescens","Anochetus pubescens","","Moh li","Comoros","2008-12-31","rainforest sifted litter leaf mold, rotten wood",275,"point","-12.30668","43.66407"
"http://antweb.org/api/v2/?occurrenceId=CAS:ANTWEB:casent0144451-d40","casent0144451-d40","formicidae","ponerinae","Anochetus","pubescens","Anochetus pubescens","","Moh li","Comoros","","rainforest sifted litter leaf mold, rotten wood",275,"point","-12.30668","43.66407"
"http://antweb.org/api/v2/?occurrenceId=CAS:ANTWEB:casent0144455","casent0144455","formicidae","ponerinae","Anochetus","pubescens","Anochetus pubescens","","Moh li","Comoros","2008-12-31","rainforest sifted litter leaf mold, rotten wood",275,"point","-12.30668","43.66407"
"http://antweb.org/api/v2/?occurrenceId=CAS:ANTWEB:casent0144455-d01","casent0144455-d01","formicidae","ponerinae","Anochetus","pubescens","Anochetus pubescens","","Moh li","Comoros","","rainforest sifted litter leaf mold, rotten wood",275,"point","-12.30668","43.66407"
"http://antweb.org/api/v2/?occurrenceId=CAS:ANTWEB:casent0146256","casent0146256","formicidae","ponerinae","Anochetus","pubescens","Anochetus pubescens","","Moh li","Comoros","2008-12-31","rainforest under stone",275,"point","-12.30668","43.66407"
"http://antweb.org/api/v2/?occurrenceId=CAS:ANTWEB:casent0146256-d01","casent0146256-d01","formicidae","ponerinae","Anochetus","pubescens","Anochetus pubescens","","Moh li","Comoros","","rainforest under stone",275,"point","-12.30668","43.66407"
"http://antweb.org/api/v2/?occurrenceId=CAS:ANTWEB:casent0146269","casent0146269","formicidae","ponerinae","Anochetus","pubescens","Anochetus pubescens","","Moh li","Comoros","2008-12-31","rainforest under stone",275,"point","-12.30668","43.66407"
"http://antweb.org/api/v2/?occurrenceId=CAS:ANTWEB:casent0147174","casent0147174","formicidae","ponerinae","Anochetus","pubescens","Anochetus pubescens","","Moh li","Comoros","2008-12-31","dry forest under stone",25,"point","-12.37915","43.85165"
"http://antweb.org/api/v2/?occurrenceId=CAS:ANTWEB:casent0147174-d01","casent0147174-d01","formicidae","ponerinae","Anochetus","pubescens","Anochetus pubescens","","Moh li","Comoros","","dry forest under stone",25,"point","-12.37915","43.85165"
"http://antweb.org/api/v2/?occurrenceId=CAS:ANTWEB:casent0147182","casent0147182","formicidae","ponerinae","Anochetus","pubescens","Anochetus pubescens","","Moh li","Comoros","2008-12-31","dry forest under stone",25,"point","-12.37915","43.85165"
"http://antweb.org/api/v2/?occurrenceId=CAS:ANTWEB:casent0147224","casent0147224","formicidae","ponerinae","Anochetus","pubescens","Anochetus pubescens","","Moh li","Comoros","2008-12-31","dry forest under stone",25,"point","-12.37915","43.85165"
"http://antweb.org/api/v2/?occurrenceId=CAS:ANTWEB:casent0147224-d01","casent0147224-d01","formicidae","ponerinae","Anochetus","pubescens","Anochetus pubescens","","Moh li","Comoros","","dry forest under stone",25,"point","-12.37915","43.85165"
"http://antweb.org/api/v2/?occurrenceId=CAS:ANTWEB:casent0147365","casent0147365","formicidae","ponerinae","Anochetus","pubescens","Anochetus pubescens","","Moh li","Comoros","2008-12-31","rainforest on low vegetation",500,"point","-12.30353","43.66827"
"http://antweb.org/api/v2/?occurrenceId=CAS:ANTWEB:casent0147557","casent0147557","formicidae","ponerinae","Anochetus","pubescens","Anochetus pubescens","","Moh li","Comoros","2009-10-12","rainforest",500,"point","-12.30353","43.66827"
"http://antweb.org/api/v2/?occurrenceId=CAS:ANTWEB:casent0147557-d01","casent0147557-d01","formicidae","ponerinae","Anochetus","pubescens","Anochetus pubescens","","Moh li","Comoros","2009-10-12","rainforest",500,"point","-12.30353","43.66827"
"http://antweb.org/api/v2/?occurrenceId=CAS:ANTWEB:casent0149116","casent0149116","formicidae","ponerinae","Anochetus","pubescens","Anochetus pubescens","","Moh li","Comoros","2008-12-31","dry forest sifted litter leaf mold, rotten wood",25,"point","-12.37915","43.85165"
"http://antweb.org/api/v2/?occurrenceId=CAS:ANTWEB:casent0149116-d01","casent0149116-d01","formicidae","ponerinae","Anochetus","pubescens","Anochetus pubescens","","Moh li","Comoros","","dry forest sifted litter leaf mold, rotten wood",25,"point","-12.37915","43.85165"
"http://antweb.org/api/v2/?occurrenceId=CAS:ANTWEB:casent0149135","casent0149135","formicidae","ponerinae","Anochetus","pubescens","Anochetus pubescens","","Moh li","Comoros","2008-12-31","dry forest sifted litter leaf mold, rotten wood",25,"point","-12.37915","43.85165"
"http://antweb.org/api/v2/?occurrenceId=CAS:ANTWEB:casent0149135-d01","casent0149135-d01","formicidae","ponerinae","Anochetus","pubescens","Anochetus pubescens","","Moh li","Comoros","","dry forest sifted litter leaf mold, rotten wood",25,"point","-12.37915","43.85165"
"http://antweb.org/api/v2/?occurrenceId=CAS:ANTWEB:casent0149136","casent0149136","formicidae","ponerinae","Anochetus","pubescens","Anochetus pubescens","","Moh li","Comoros","2008-12-31","dry forest sifted litter leaf mold, rotten wood",25,"point","-12.37915","43.85165"
"http://antweb.org/api/v2/?occurrenceId=CAS:ANTWEB:casent0149136-d01","casent0149136-d01","formicidae","ponerinae","Anochetus","pubescens","Anochetus pubescens","","Moh li","Comoros","","dry forest sifted litter leaf mold, rotten wood",25,"point","-12.37915","43.85165"
"http://antweb.org/api/v2/?occurrenceId=CAS:ANTWEB:casent0149138","casent0149138","formicidae","ponerinae","Anochetus","pubescens","Anochetus pubescens","","Moh li","Comoros","2008-12-31","rainforest sifted litter leaf mold, rotten wood",500,"point","-12.30353","43.66827"
"http://antweb.org/api/v2/?occurrenceId=CAS:ANTWEB:casent0149138-d01","casent0149138-d01","formicidae","ponerinae","Anochetus","pubescens","Anochetus pubescens","","Moh li","Comoros","","dry forest sifted litter leaf mold, rotten wood",25,"point","-12.37915","43.85165"
"http://antweb.org/api/v2/?occurrenceId=CAS:ANTWEB:casent0149432","casent0149432","formicidae","ponerinae","Anochetus","pubescens","Anochetus pubescens","","Moh li","Comoros","2008-12-31","rainforest sifted litter leaf mold, rotten wood",500,"point","-12.30353","43.66827"
"http://antweb.org/api/v2/?occurrenceId=CAS:ANTWEB:casent0149436","casent0149436","formicidae","ponerinae","Anochetus","pubescens","Anochetus pubescens","","Moh li","Comoros","2008-12-31","rainforest sifted litter leaf mold, rotten wood",500,"point","-12.30353","43.66827"
"http://antweb.org/api/v2/?occurrenceId=CAS:ANTWEB:casent0149436-d01","casent0149436-d01","formicidae","ponerinae","Anochetus","pubescens","Anochetus pubescens","","Moh li","Comoros","","rainforest sifted litter leaf mold, rotten wood",500,"point","-12.30353","43.66827"
"http://antweb.org/api/v2/?occurrenceId=CAS:ANTWEB:casent0149445","casent0149445","formicidae","ponerinae","Anochetus","pubescens","Anochetus pubescens","","Moh li","Comoros","2008-12-31","dry forest sifted litter leaf mold, rotten wood",25,"point","-12.37915","43.85165"
"http://antweb.org/api/v2/?occurrenceId=CAS:ANTWEB:casent0149445-d01","casent0149445-d01","formicidae","ponerinae","Anochetus","pubescens","Anochetus pubescens","","Moh li","Comoros","","rainforest sifted litter leaf mold, rotten wood",500,"point","-12.30353","43.66827"
