"url","catalogNumber","family","subfamily","genus","specificEpithet","scientific_name","typeStatus","stateProvince","country","dateIdentified","habitat","minimumElevationInMeters","geojson.type","decimal_latitude","decimal_longitude"
"http://antweb.org/api/v2/?occurrenceId=CAS:ANTWEB:casent0173533","casent0173533","formicidae","ponerinae","Anochetus","altisquamis","Anochetus altisquamis","","Itap a","Paraguay","2007-09-06","",NA,NA,NA,NA
"http://antweb.org/api/v2/?occurrenceId=CAS:ANTWEB:casent0260487","casent0260487","formicidae","ponerinae","Anochetus","altisquamis","Anochetus altisquamis","","Tucum n","Argentina","","tropical moist forest sifted litter leaf mold, rotten wood",820,"point","-26.63333","-65.23333"
"http://antweb.org/api/v2/?occurrenceId=CAS:ANTWEB:casent0746657","casent0746657","formicidae","ponerinae","Anochetus","altisquamis","Anochetus altisquamis","","Tucum n","Argentina","","wet subtropical forest",825,NA,NA,NA
"http://antweb.org/api/v2/?occurrenceId=CAS:ANTWEB:casent0746658","casent0746658","formicidae","ponerinae","Anochetus","altisquamis","Anochetus altisquamis","","Tucum n","Argentina","","wet subtropical forest",825,NA,NA,NA
"http://antweb.org/api/v2/?occurrenceId=CAS:ANTWEB:casent0902433","casent0902433","formicidae","ponerinae","Anochetus","altisquamis","Anochetus altisquamis","syntype of Anochetus altisquamis","Santa Catarina","Brazil","","",NA,NA,NA,NA
"http://antweb.org/api/v2/?occurrenceId=CAS:ANTWEB:casent0915154","casent0915154","formicidae","ponerinae","Anochetus","altisquamis","Anochetus altisquamis","syntype of Anochetus altisquamis fumata","Minas Gerais","Brazil","","",NA,NA,NA,NA
"http://antweb.org/api/v2/?occurrenceId=CAS:ANTWEB:casent0915885","casent0915885","formicidae","ponerinae","Anochetus","altisquamis","Anochetus altisquamis","syntype of Anochetus altisquamis","Santa Catarina","Brazil","","",NA,NA,NA,NA
