"url","catalogNumber","family","subfamily","genus","specificEpithet","scientific_name","typeStatus","stateProvince","country","dateIdentified","habitat","minimumElevationInMeters","geojson.type","decimal_latitude","decimal_longitude"
"http://antweb.org/api/v2/?occurrenceId=CAS:ANTWEB:anic32-016870","anic32-016870","formicidae","ponerinae","Anochetus","cato","Anochetus cato","","Central","Papua New Guinea","","Lowland rainforest Ex rotting log, strays",NA,"point","-9.25","147.083"
"http://antweb.org/api/v2/?occurrenceId=CAS:ANTWEB:anic32-016871","anic32-016871","formicidae","ponerinae","Anochetus","cato","Anochetus cato","","Central","Papua New Guinea","","Lowland rainforest Ex rtn. wood fragment",NA,"point","-9.25","147.083"
"http://antweb.org/api/v2/?occurrenceId=CAS:ANTWEB:anic32-016872","anic32-016872","formicidae","ponerinae","Anochetus","cato","Anochetus cato","","Central","Papua New Guinea","","Lowland rainforest Ex rotting log",NA,"point","-9.25","147.083"
"http://antweb.org/api/v2/?occurrenceId=CAS:ANTWEB:anic32-016873","anic32-016873","formicidae","ponerinae","Anochetus","cato","Anochetus cato","","Central","Papua New Guinea","","Rainforest Zoraptera stage, rotting log, strays",1200,"point","-8.36667","146.983"
"http://antweb.org/api/v2/?occurrenceId=CAS:ANTWEB:anic32-016874","anic32-016874","formicidae","ponerinae","Anochetus","cato","Anochetus cato","","Central","Papua New Guinea","","Rainforest Zoraptera stage, rotting log",1200,"point","-8.36667","146.983"
"http://antweb.org/api/v2/?occurrenceId=CAS:ANTWEB:anic32-016875","anic32-016875","formicidae","ponerinae","Anochetus","cato","Anochetus cato","","Central","Papua New Guinea","","Rainforest",350,"point","-9.5","147.417"
"http://antweb.org/api/v2/?occurrenceId=CAS:ANTWEB:anic32-016876","anic32-016876","formicidae","ponerinae","Anochetus","cato","Anochetus cato","","Central","Papua New Guinea","","Rainforest Ex rotting log",350,"point","-9.5","147.417"
"http://antweb.org/api/v2/?occurrenceId=CAS:ANTWEB:anic32-016877","anic32-016877","formicidae","ponerinae","Anochetus","cato","Anochetus cato","","East Sepik","Papua New Guinea","","Rainforest Ex rotting log",50,"point","-3.55","143.633"
"http://antweb.org/api/v2/?occurrenceId=CAS:ANTWEB:anic32-016878","anic32-016878","formicidae","ponerinae","Anochetus","cato","Anochetus cato","","East Sepik","Papua New Guinea","","Rainforest Ex small fragment rtn. wood",50,"point","-3.55","143.633"
"http://antweb.org/api/v2/?occurrenceId=CAS:ANTWEB:anic32-016879","anic32-016879","formicidae","ponerinae","Anochetus","cato","Anochetus cato","","Sandaun","Papua New Guinea","","Rainforest Ex rotting log",50,"point","-2.68333","141.3"
"http://antweb.org/api/v2/?occurrenceId=CAS:ANTWEB:anic32-016880","anic32-016880","formicidae","ponerinae","Anochetus","cato","Anochetus cato","","Morobe","Papua New Guinea","","Rainforest Ex rtn. wood piece",50,"point","-6.73333","147"
"http://antweb.org/api/v2/?occurrenceId=CAS:ANTWEB:anic32-016881","anic32-016881","formicidae","ponerinae","Anochetus","cato","Anochetus cato","","East Sepik","Papua New Guinea","","",50,"point","-3.55","143.633"
"http://antweb.org/api/v2/?occurrenceId=CAS:ANTWEB:anic32-016882","anic32-016882","formicidae","ponerinae","Anochetus","cato","Anochetus cato","","East Sepik","Papua New Guinea","","Rainforest Ex rtn. wood piece",150,"point","-3.7","143.05"
"http://antweb.org/api/v2/?occurrenceId=CAS:ANTWEB:anic32-016883","anic32-016883","formicidae","ponerinae","Anochetus","cato","Anochetus cato","","Morobe","Papua New Guinea","","Regen. rainforest Nest in old stump",NA,"point","-7.26667","146.65"
"http://antweb.org/api/v2/?occurrenceId=CAS:ANTWEB:anic32-016884","anic32-016884","formicidae","ponerinae","Anochetus","cato","Anochetus cato","","Morobe","Papua New Guinea","","Lowland rainforest In wet rotten log",NA,"point","-6.7","147.1"
"http://antweb.org/api/v2/?occurrenceId=CAS:ANTWEB:anic32-016885","anic32-016885","formicidae","ponerinae","Anochetus","cato","Anochetus cato","","Morobe","Papua New Guinea","","",NA,"point","-7.25","146.667"
"http://antweb.org/api/v2/?occurrenceId=CAS:ANTWEB:anic32-016886","anic32-016886","formicidae","ponerinae","Anochetus","cato","Anochetus cato","","San Cristobal","Solomon Islands","","",53,"point","-10.5","162.017"
"http://antweb.org/api/v2/?occurrenceId=CAS:ANTWEB:anic32-016887","anic32-016887","formicidae","ponerinae","Anochetus","cato","Anochetus cato","","","Solomon Islands","","Forest In log",304,"point","-10.4667","162"
"http://antweb.org/api/v2/?occurrenceId=CAS:ANTWEB:anic32-016888","anic32-016888","formicidae","ponerinae","Anochetus","cato","Anochetus cato","","unknown District PNG","Papua New Guinea","","Disturbed forest Under rock, in wet black soil",914,NA,NA,NA
"http://antweb.org/api/v2/?occurrenceId=CAS:ANTWEB:anic32-016889","anic32-016889","formicidae","ponerinae","Anochetus","cato","Anochetus cato","","Morobe","Papua New Guinea","","Summit of mountain Nest in under rotten log",1158,NA,NA,NA
"http://antweb.org/api/v2/?occurrenceId=CAS:ANTWEB:anic32-018663","anic32-018663","formicidae","ponerinae","Anochetus","cato","Anochetus cato","","East Sepik","Papua New Guinea","","Rainforest In soil, under wood",150,"point","-3.7","143.05"
"http://antweb.org/api/v2/?occurrenceId=CAS:ANTWEB:anic32-044215","anic32-044215","formicidae","ponerinae","Anochetus","cato","Anochetus cato","","Central","Papua New Guinea","","Rainforest Foragers",NA,"point","-9.2","147.233"
"http://antweb.org/api/v2/?occurrenceId=CAS:ANTWEB:casent0199868","casent0199868","formicidae","ponerinae","Anochetus","cato","Anochetus cato","","Makira-Ulawa","Solomon Islands","2011-12-31","1 rainforest sifted litter",840,"point","-10.59333","161.89166"
"http://antweb.org/api/v2/?occurrenceId=CAS:ANTWEB:casent0199873","casent0199873","formicidae","ponerinae","Anochetus","cato","Anochetus cato","","Makira-Ulawa","Solomon Islands","2011-12-31","primary rainforest",840,"point","-10.59333","161.89166"
"http://antweb.org/api/v2/?occurrenceId=CAS:ANTWEB:casent0260490","casent0260490","formicidae","ponerinae","Anochetus","cato","Anochetus cato","","","New Guinea","","rainforest ex rotten log",50,"point","-9.2","147.23334"
"http://antweb.org/api/v2/?occurrenceId=CAS:ANTWEB:casent0746660","casent0746660","formicidae","ponerinae","Anochetus","cato","Anochetus cato","type of Anochetus cato","West Papua","Indonesia","","",NA,NA,NA,NA
"http://antweb.org/api/v2/?occurrenceId=CAS:ANTWEB:casent0746661","casent0746661","formicidae","ponerinae","Anochetus","cato","Anochetus cato","","West Papua","Indonesia","","",NA,NA,NA,NA
"http://antweb.org/api/v2/?occurrenceId=CAS:ANTWEB:casent0746662","casent0746662","formicidae","ponerinae","Anochetus","cato","Anochetus cato","","West Papua","Indonesia","","",NA,NA,NA,NA
"http://antweb.org/api/v2/?occurrenceId=CAS:ANTWEB:casent0746663","casent0746663","formicidae","ponerinae","Anochetus","cato","Anochetus cato","","West Papua","Indonesia","","",NA,NA,NA,NA
"http://antweb.org/api/v2/?occurrenceId=CAS:ANTWEB:casent0902441","casent0902441","formicidae","ponerinae","Anochetus","cato","Anochetus cato","syntype of Anochetus cato subfasciatus","","Solomon Islands","","",NA,NA,NA,NA
"http://antweb.org/api/v2/?occurrenceId=CAS:ANTWEB:casent0902442","casent0902442","formicidae","ponerinae","Anochetus","cato","Anochetus cato","syntype of Anochetus rossi","West Papua","Indonesia","1942-06-24","",NA,NA,NA,NA
"http://antweb.org/api/v2/?occurrenceId=CAS:ANTWEB:castype06926-01","castype06926-01","formicidae","ponerinae","Anochetus","cato","Anochetus cato","","West Papua","Indonesia","2012-04-26","",NA,NA,NA,NA
"http://antweb.org/api/v2/?occurrenceId=CAS:ANTWEB:castype06926-02","castype06926-02","formicidae","ponerinae","Anochetus","cato","Anochetus cato","","West Papua","Indonesia","2012-04-26","",NA,NA,NA,NA
"http://antweb.org/api/v2/?occurrenceId=CAS:ANTWEB:castype06977-01","castype06977-01","formicidae","ponerinae","Anochetus","cato","Anochetus cato","","Morobe","New Guinea","2005-09-22","",NA,"point","-6.56667","147.85"
"http://antweb.org/api/v2/?occurrenceId=CAS:ANTWEB:castype06977-02","castype06977-02","formicidae","ponerinae","Anochetus","cato","Anochetus cato","","Morobe","New Guinea","2005-09-22","",NA,"point","-6.56667","147.85"
