"url","catalogNumber","family","subfamily","genus","specificEpithet","scientific_name","typeStatus","stateProvince","country","dateIdentified","habitat","minimumElevationInMeters","geojson.type","decimal_latitude","decimal_longitude"
"http://antweb.org/api/v2/?occurrenceId=CAS:ANTWEB:casent0068352","casent0068352","formicidae","ponerinae","Anochetus","pattersoni","Anochetus pattersoni","Holotype of Anochetus pattersoni","","Seychelles","2006-06-22","mostly Casuarinia with coco palms, exotic vegetation found after dark on concrete slab in abandoned settlement",5,"point","-9.39278","46.20389"
"http://antweb.org/api/v2/?occurrenceId=CAS:ANTWEB:casent0068352-d01","casent0068352-d01","formicidae","ponerinae","Anochetus","pattersoni","Anochetus pattersoni","","","Seychelles","2006-06-23","mostly Casuarinia with coco palms, exotic vegetation found after dark on concrete slab in abandoned settlement",5,"point","-9.39278","46.20389"
"http://antweb.org/api/v2/?occurrenceId=CAS:ANTWEB:casent0102280","casent0102280","formicidae","ponerinae","Anochetus","pattersoni","Anochetus pattersoni","","","Seychelles","","",NA,NA,NA,NA
"http://antweb.org/api/v2/?occurrenceId=CAS:ANTWEB:casent0103343","casent0103343","formicidae","ponerinae","Anochetus","pattersoni","Anochetus pattersoni","","","Seychelles","2004-03-09","",NA,NA,NA,NA
"http://antweb.org/api/v2/?occurrenceId=CAS:ANTWEB:casent0103344","casent0103344","formicidae","ponerinae","Anochetus","pattersoni","Anochetus pattersoni","","","Seychelles","2004-03-09","",NA,NA,NA,NA
"http://antweb.org/api/v2/?occurrenceId=CAS:ANTWEB:casent0137304","casent0137304","formicidae","ponerinae","Anochetus","pattersoni","Anochetus pattersoni","","","Seychelles","2008-10-03","coastal scrub under rotten log",2,"point","-9.39606","46.20465"
"http://antweb.org/api/v2/?occurrenceId=CAS:ANTWEB:casent0137304-d11","casent0137304-d11","formicidae","ponerinae","Anochetus","pattersoni","Anochetus pattersoni","","","Seychelles","","coastal scrub under rotten log",2,"point","-9.39606","46.20465"
"http://antweb.org/api/v2/?occurrenceId=CAS:ANTWEB:casent0172374","casent0172374","formicidae","ponerinae","Anochetus","pattersoni","Anochetus pattersoni","","","Seychelles","2007-02-05","",NA,NA,NA,NA
"http://antweb.org/api/v2/?occurrenceId=CAS:ANTWEB:casent0172375","casent0172375","formicidae","ponerinae","Anochetus","pattersoni","Anochetus pattersoni","","","Seychelles","2007-02-05","",NA,NA,NA,NA
"http://antweb.org/api/v2/?occurrenceId=CAS:ANTWEB:casent0172609","casent0172609","formicidae","ponerinae","Anochetus","pattersoni","Anochetus pattersoni","","","Seychelles","2004-03-09","",NA,NA,NA,NA
"http://antweb.org/api/v2/?occurrenceId=CAS:ANTWEB:casent0172610","casent0172610","formicidae","ponerinae","Anochetus","pattersoni","Anochetus pattersoni","","","Seychelles","2004-03-09","",NA,NA,NA,NA
"http://antweb.org/api/v2/?occurrenceId=CAS:ANTWEB:casent0172611","casent0172611","formicidae","ponerinae","Anochetus","pattersoni","Anochetus pattersoni","","","Seychelles","2004-03-09","",NA,NA,NA,NA
"http://antweb.org/api/v2/?occurrenceId=CAS:ANTWEB:casent0172611-d01","casent0172611-d01","formicidae","ponerinae","Anochetus","pattersoni","Anochetus pattersoni","","","Seychelles","","",NA,NA,NA,NA
"http://antweb.org/api/v2/?occurrenceId=CAS:ANTWEB:casent0172617","casent0172617","formicidae","ponerinae","Anochetus","pattersoni","Anochetus pattersoni","","","Seychelles","2004-03-09","",NA,NA,NA,NA
"http://antweb.org/api/v2/?occurrenceId=CAS:ANTWEB:casent0172617-d01","casent0172617-d01","formicidae","ponerinae","Anochetus","pattersoni","Anochetus pattersoni","","","Seychelles","","",NA,NA,NA,NA
"http://antweb.org/api/v2/?occurrenceId=CAS:ANTWEB:casent0191326","casent0191326","formicidae","ponerinae","Anochetus","pattersoni","Anochetus pattersoni","","","Seychelles","2008-12-31","",NA,NA,NA,NA
"http://antweb.org/api/v2/?occurrenceId=CAS:ANTWEB:casent0191328","casent0191328","formicidae","ponerinae","Anochetus","pattersoni","Anochetus pattersoni","","","Seychelles","2008-12-31","",NA,NA,NA,NA
"http://antweb.org/api/v2/?occurrenceId=CAS:ANTWEB:casent0191329","casent0191329","formicidae","ponerinae","Anochetus","pattersoni","Anochetus pattersoni","","","Seychelles","2008-12-31","",NA,NA,NA,NA
"http://antweb.org/api/v2/?occurrenceId=CAS:ANTWEB:casent0192282","casent0192282","formicidae","ponerinae","Anochetus","pattersoni","Anochetus pattersoni","","","Seychelles","2008-12-31","coastal scrub under rotten log",2,"point","-9.39606","46.20465"
"http://antweb.org/api/v2/?occurrenceId=CAS:ANTWEB:mcz.3680w","mcz.3680w","formicidae","ponerinae","Anochetus","pattersoni","Anochetus pattersoni","","","Seychelles","2006-07-29","",NA,NA,NA,NA
