"url","catalogNumber","family","subfamily","genus","specificEpithet","scientific_name","typeStatus","stateProvince","country","dateIdentified","habitat","minimumElevationInMeters","geojson.type","decimal_latitude","decimal_longitude"
"http://antweb.org/api/v2/?occurrenceId=CAS:ANTWEB:anic32-016869","anic32-016869","formicidae","ponerinae","Anochetus","agilis","Anochetus agilis","","","Singapore","","Degraded coastal hill forest On granite",NA,"point","1.38333","103.8"
"http://antweb.org/api/v2/?occurrenceId=CAS:ANTWEB:casent0281878","casent0281878","formicidae","ponerinae","Anochetus","agilis","Anochetus agilis","","Sabah","Malaysia","","",NA,NA,NA,NA
"http://antweb.org/api/v2/?occurrenceId=CAS:ANTWEB:casent0354418-d11","casent0354418-d11","formicidae","ponerinae","Anochetus","agilis","Anochetus agilis","","Jambi","Indonesia","","secondary forest",1200,"point","-2.08635","101.36499"
"http://antweb.org/api/v2/?occurrenceId=CAS:ANTWEB:casent0903984","casent0903984","formicidae","ponerinae","Anochetus","agilis","Anochetus agilis","Holotype of Anochetus agilis","","Indonesia","","",NA,NA,NA,NA
