"url","catalogNumber","family","subfamily","genus","specificEpithet","scientific_name","typeStatus","stateProvince","country","dateIdentified","habitat","minimumElevationInMeters","geojson.type","decimal_latitude","decimal_longitude"
"http://antweb.org/api/v2/?occurrenceId=CAS:ANTWEB:anic32-015884","anic32-015884","formicidae","ponerinae","Anochetus","avius","Anochetus avius","","Western Australia","Australia","","",NA,"point","-14.85","126.817"
"http://antweb.org/api/v2/?occurrenceId=CAS:ANTWEB:anic32-016070","anic32-016070","formicidae","ponerinae","Anochetus","avius","Anochetus avius","","Western Australia","Australia","","",NA,"point","-14.5833","125.75"
"http://antweb.org/api/v2/?occurrenceId=CAS:ANTWEB:anic32-044213","anic32-044213","formicidae","ponerinae","Anochetus","avius","Anochetus avius","","Western Australia","Australia","","",NA,"point","-14.5667","125.85"
"http://antweb.org/api/v2/?occurrenceId=CAS:ANTWEB:anic32-059557","anic32-059557","formicidae","ponerinae","Anochetus","avius","Anochetus avius","","Western Australia","Australia","","",NA,"point","-14.5667","125.85"
