"url","catalogNumber","family","subfamily","genus","specificEpithet","scientific_name","typeStatus","stateProvince","country","dateIdentified","habitat","minimumElevationInMeters","geojson.type","decimal_latitude","decimal_longitude"
"http://antweb.org/api/v2/?occurrenceId=CAS:ANTWEB:anic32-016936","anic32-016936","formicidae","ponerinae","Anochetus","longifossatus","Anochetus longifossatus","","North Central","Sri Lanka","","Forest Winker",NA,NA,NA,NA
"http://antweb.org/api/v2/?occurrenceId=CAS:ANTWEB:anic32-016937","anic32-016937","formicidae","ponerinae","Anochetus","longifossatus","Anochetus longifossatus","","Central","Sri Lanka","","",550,"point","7.25","80.6"
"http://antweb.org/api/v2/?occurrenceId=CAS:ANTWEB:casent0281880","casent0281880","formicidae","ponerinae","Anochetus","longifossatus","Anochetus longifossatus","","Uva","Sri Lanka","","",NA,NA,NA,NA
"http://antweb.org/api/v2/?occurrenceId=CAS:ANTWEB:casent0902444","casent0902444","formicidae","ponerinae","Anochetus","longifossatus","Anochetus longifossatus","syntype of Anochetus longifossatus butteli","","Sri Lanka","","",650,NA,NA,NA
"http://antweb.org/api/v2/?occurrenceId=CAS:ANTWEB:casent0907405","casent0907405","formicidae","ponerinae","Anochetus","longifossatus","Anochetus longifossatus","syntype of Anochetus longifossatus","","Sri Lanka","","",NA,NA,NA,NA
"http://antweb.org/api/v2/?occurrenceId=CAS:ANTWEB:casent0915889","casent0915889","formicidae","ponerinae","Anochetus","longifossatus","Anochetus longifossatus","syntype of Anochetus longifossatus","","Sri Lanka","","",NA,NA,NA,NA
