"url","catalogNumber","family","subfamily","genus","specificEpithet","scientific_name","typeStatus","stateProvince","country","dateIdentified","habitat","minimumElevationInMeters","geojson.type","decimal_latitude","decimal_longitude"
"http://antweb.org/api/v2/?occurrenceId=CAS:ANTWEB:anic32-002521","anic32-002521","formicidae","ponerinae","Anochetus","paripungens","Anochetus paripungens","","Northern Territory","Australia","","savannah woodland, creek bed termite nest at base of tree",NA,"point","-13.4333","130.483"
"http://antweb.org/api/v2/?occurrenceId=CAS:ANTWEB:anic32-015830","anic32-015830","formicidae","ponerinae","Anochetus","paripungens","Anochetus paripungens","","Northern Territory","Australia","","",NA,"point","-11.25","132.217"
"http://antweb.org/api/v2/?occurrenceId=CAS:ANTWEB:anic32-015832","anic32-015832","formicidae","ponerinae","Anochetus","paripungens","Anochetus paripungens","","Northern Territory","Australia","","",NA,"point","-12.2167","136.8"
"http://antweb.org/api/v2/?occurrenceId=CAS:ANTWEB:anic32-015853","anic32-015853","formicidae","ponerinae","Anochetus","paripungens","Anochetus paripungens","","Northern Territory","Australia","","",NA,"point","-12.4833","131.1"
"http://antweb.org/api/v2/?occurrenceId=CAS:ANTWEB:anic32-015892","anic32-015892","formicidae","ponerinae","Anochetus","paripungens","Anochetus paripungens","","Northern Territory","Australia","","Rainforest Berlesate",NA,"point","-12.7833","132.85"
"http://antweb.org/api/v2/?occurrenceId=CAS:ANTWEB:anic32-015955","anic32-015955","formicidae","ponerinae","Anochetus","paripungens","Anochetus paripungens","","Northern Territory","Australia","","",NA,"point","-12.45","130.85"
"http://antweb.org/api/v2/?occurrenceId=CAS:ANTWEB:anic32-016009","anic32-016009","formicidae","ponerinae","Anochetus","paripungens","Anochetus paripungens","paratype","Northern Territory","Australia","","",NA,"point","-12.45","131.05"
"http://antweb.org/api/v2/?occurrenceId=CAS:ANTWEB:anic32-016010","anic32-016010","formicidae","ponerinae","Anochetus","paripungens","Anochetus paripungens","","Northern Territory","Australia","","Rainforest Berlesate",NA,"point","-12.3833","130.95"
"http://antweb.org/api/v2/?occurrenceId=CAS:ANTWEB:anic32-016011","anic32-016011","formicidae","ponerinae","Anochetus","paripungens","Anochetus paripungens","","Northern Territory","Australia","","Rainforest In soil, under wood",NA,"point","-12.7833","132.85"
"http://antweb.org/api/v2/?occurrenceId=CAS:ANTWEB:anic32-016012","anic32-016012","formicidae","ponerinae","Anochetus","paripungens","Anochetus paripungens","","Northern Territory","Australia","","Rainforest Ex small rotting log",NA,"point","-12.7833","132.85"
"http://antweb.org/api/v2/?occurrenceId=CAS:ANTWEB:anic32-016028","anic32-016028","formicidae","ponerinae","Anochetus","paripungens","Anochetus paripungens","","Northern Territory","Australia","","Monsoon forest Sieved litter",NA,"point","-12.75","132.917"
"http://antweb.org/api/v2/?occurrenceId=CAS:ANTWEB:anic32-016029","anic32-016029","formicidae","ponerinae","Anochetus","paripungens","Anochetus paripungens","","Northern Territory","Australia","","Rainforest, dry site Berlesate, sieved litter",NA,"point","-12.75","132.883"
"http://antweb.org/api/v2/?occurrenceId=CAS:ANTWEB:anic32-016030","anic32-016030","formicidae","ponerinae","Anochetus","paripungens","Anochetus paripungens","","Northern Territory","Australia","","Rainforest Berlesate, stick brushing",NA,"point","-12.75","132.883"
"http://antweb.org/api/v2/?occurrenceId=CAS:ANTWEB:anic32-016031","anic32-016031","formicidae","ponerinae","Anochetus","paripungens","Anochetus paripungens","","Northern Territory","Australia","","Rainforest Sieved litter",NA,"point","-12.4167","130.917"
"http://antweb.org/api/v2/?occurrenceId=CAS:ANTWEB:anic32-016032","anic32-016032","formicidae","ponerinae","Anochetus","paripungens","Anochetus paripungens","","Northern Territory","Australia","","Rainforest Berlesate, sieved litter",NA,"point","-13.0333","133.083"
"http://antweb.org/api/v2/?occurrenceId=CAS:ANTWEB:anic32-016033","anic32-016033","formicidae","ponerinae","Anochetus","paripungens","Anochetus paripungens","","Northern Territory","Australia","","Rainforest Berlesate, sieved litter",NA,"point","-13.0333","133.083"
"http://antweb.org/api/v2/?occurrenceId=CAS:ANTWEB:anic32-016035","anic32-016035","formicidae","ponerinae","Anochetus","paripungens","Anochetus paripungens","","Northern Territory","Australia","","Rainforest Berlesate, stick brushing",NA,"point","-13.4833","132.467"
"http://antweb.org/api/v2/?occurrenceId=CAS:ANTWEB:anic32-016036","anic32-016036","formicidae","ponerinae","Anochetus","paripungens","Anochetus paripungens","","Northern Territory","Australia","","Rainforest Berlesate, sieved litter",NA,"point","-12.5833","131.333"
"http://antweb.org/api/v2/?occurrenceId=CAS:ANTWEB:casent0217510","casent0217510","formicidae","ponerinae","Anochetus","paripungens","Anochetus paripungens","paratype","Northern Territory","Australia","","gallery forest",NA,NA,NA,NA
"http://antweb.org/api/v2/?occurrenceId=CAS:ANTWEB:casent0260504","casent0260504","formicidae","ponerinae","Anochetus","paripungens","Anochetus paripungens","","Northern Territory","Australia","","dry closed-forest under rotten log",30,"point","-12.51667","132.83333"
"http://antweb.org/api/v2/?occurrenceId=CAS:ANTWEB:casent0746783","casent0746783","formicidae","ponerinae","Anochetus","paripungens","Anochetus paripungens","","Northern Territory","Australia","","",NA,NA,NA,NA
