"url","catalogNumber","family","subfamily","genus","specificEpithet","scientific_name","typeStatus","stateProvince","country","dateIdentified","habitat","minimumElevationInMeters","geojson.type","decimal_latitude","decimal_longitude"
"http://antweb.org/api/v2/?occurrenceId=CAS:ANTWEB:casent0003146","casent0003146","formicidae","ponerinae","Anochetus","bequaerti","Anochetus bequaerti","","","Democratic Republic of Congo","2008-07-31","",NA,NA,NA,NA
"http://antweb.org/api/v2/?occurrenceId=CAS:ANTWEB:casent0235368","casent0235368","formicidae","ponerinae","Anochetus","bequaerti","Anochetus bequaerti","","Lindi","Tanzania","2010-12-31","primary forest",138,"point","-9.62695","39.62964"
"http://antweb.org/api/v2/?occurrenceId=CAS:ANTWEB:casent0250435","casent0250435","formicidae","ponerinae","Anochetus","bequaerti","Anochetus bequaerti","","Pwani","Tanzania","2010-12-31","primary forest",499,"point","-8.23889","38.65023"
"http://antweb.org/api/v2/?occurrenceId=CAS:ANTWEB:casent0250436","casent0250436","formicidae","ponerinae","Anochetus","bequaerti","Anochetus bequaerti","","Pwani","Tanzania","2010-12-31","primary forest",499,"point","-8.23889","38.65023"
"http://antweb.org/api/v2/?occurrenceId=CAS:ANTWEB:casent0250437","casent0250437","formicidae","ponerinae","Anochetus","bequaerti","Anochetus bequaerti","","Lindi","Tanzania","2010-12-31","primary forest",270,"point","-9.03957","39.1201"
"http://antweb.org/api/v2/?occurrenceId=CAS:ANTWEB:casent0250438","casent0250438","formicidae","ponerinae","Anochetus","bequaerti","Anochetus bequaerti","","Lindi","Tanzania","2010-12-31","primary forest leaf litter",270,"point","-9.03957","39.1201"
"http://antweb.org/api/v2/?occurrenceId=CAS:ANTWEB:casent0250439","casent0250439","formicidae","ponerinae","Anochetus","bequaerti","Anochetus bequaerti","","Lindi","Tanzania","2010-12-31","primary forest",270,"point","-9.03957","39.1201"
"http://antweb.org/api/v2/?occurrenceId=CAS:ANTWEB:casent0251892","casent0251892","formicidae","ponerinae","Anochetus","bequaerti","Anochetus bequaerti","","Mpumalanga","South Africa","2015-10-01","Sekhukhune Mountain Bushveld",1376,"point","-25.04141","30.15223"
"http://antweb.org/api/v2/?occurrenceId=CAS:ANTWEB:casent0251893","casent0251893","formicidae","ponerinae","Anochetus","bequaerti","Anochetus bequaerti","","Limpopo","South Africa","2015-10-01","Lydenburgia - Euclea Open Woodland in Sekhukhune Mountain Bushveld",935,"point","-24.90867","30.09717"
"http://antweb.org/api/v2/?occurrenceId=CAS:ANTWEB:casent0260109","casent0260109","formicidae","ponerinae","Anochetus","bequaerti","Anochetus bequaerti","","Bundibugyo","Uganda","2012-10-28","mature swamp forest ex sifted leaf litter",680,"point","0.835428","30.15613"
"http://antweb.org/api/v2/?occurrenceId=CAS:ANTWEB:casent0260489","casent0260489","formicidae","ponerinae","Anochetus","bequaerti","Anochetus bequaerti","","","Ghana","1993-12-31","primary forest leaf litter",NA,NA,NA,NA
"http://antweb.org/api/v2/?occurrenceId=CAS:ANTWEB:casent0408411","casent0408411","formicidae","ponerinae","Anochetus","bequaerti","Anochetus bequaerti","","Prefecture Sangha-Mba r","Central African Republic","","rainforest sifted litter leaf mold, rotten wood",420,"point","3.005","16.19333"
"http://antweb.org/api/v2/?occurrenceId=CAS:ANTWEB:casent0408411-d11","casent0408411-d11","formicidae","ponerinae","Anochetus","bequaerti","Anochetus bequaerti","","Prefecture Sangha-Mba r","Central African Republic","","rainforest sifted litter leaf mold, rotten wood",420,"point","3.005","16.19333"
"http://antweb.org/api/v2/?occurrenceId=CAS:ANTWEB:casent0408411-d40","casent0408411-d40","formicidae","ponerinae","Anochetus","bequaerti","Anochetus bequaerti","","Prefecture Sangha-Mba r","Central African Republic","","rainforest sifted litter leaf mold, rotten wood",420,"point","3.005","16.19333"
"http://antweb.org/api/v2/?occurrenceId=CAS:ANTWEB:casent0629531","casent0629531","formicidae","ponerinae","Anochetus","bequaerti","Anochetus bequaerti","","Kabarole","Uganda","2012-10-28","mature wet forest ex sifted leaf litter",1510,"point","0.56427485","30.358759"
"http://antweb.org/api/v2/?occurrenceId=CAS:ANTWEB:casent0639665","casent0639665","formicidae","ponerinae","Anochetus","bequaerti","Anochetus bequaerti","","Bundibugyo","Uganda","2012-10-28","swamp forest ex sifted leaf litter",690,"point","0.85616547","30.165825"
"http://antweb.org/api/v2/?occurrenceId=CAS:ANTWEB:casent0639858","casent0639858","formicidae","ponerinae","Anochetus","bequaerti","Anochetus bequaerti","","Bundibugyo","Uganda","2012-10-28","mature wet forest ex sifted leaf litter",720,"point","0.80909455","30.0951"
"http://antweb.org/api/v2/?occurrenceId=CAS:ANTWEB:casent0711528","casent0711528","formicidae","ponerinae","Anochetus","bequaerti","Anochetus bequaerti","","Kibale NP","Uganda","2013-09-18","tropical wet forest sifted leaf litter",1500,"point","0.56151","30.35663"
"http://antweb.org/api/v2/?occurrenceId=CAS:ANTWEB:casent0711529","casent0711529","formicidae","ponerinae","Anochetus","bequaerti","Anochetus bequaerti","","Kibale NP","Uganda","2013-09-18","tropical wet forest sifted leaf litter",1500,"point","0.56151","30.35663"
"http://antweb.org/api/v2/?occurrenceId=CAS:ANTWEB:casent0711530","casent0711530","formicidae","ponerinae","Anochetus","bequaerti","Anochetus bequaerti","","Kibale NP","Uganda","2013-09-18","tropical wet forest sifted leaf litter",1500,"point","0.56151","30.35663"
"http://antweb.org/api/v2/?occurrenceId=CAS:ANTWEB:casent0712040","casent0712040","formicidae","ponerinae","Anochetus","bequaerti","Anochetus bequaerti","","Kibale NP","Uganda","2013-10-02","tropical wet forest sifted leaf litter",1500,"point","0.56151","30.35663"
"http://antweb.org/api/v2/?occurrenceId=CAS:ANTWEB:casent0902451","casent0902451","formicidae","ponerinae","Anochetus","bequaerti","Anochetus bequaerti","type of Anochetus bequaerti","","Zimbabwe","","",NA,NA,NA,NA
"http://antweb.org/api/v2/?occurrenceId=CAS:ANTWEB:casent0902452","casent0902452","formicidae","ponerinae","Anochetus","bequaerti","Anochetus bequaerti","type of Anochetus bequaerti","","Zimbabwe","","",NA,NA,NA,NA
"http://antweb.org/api/v2/?occurrenceId=CAS:ANTWEB:rmcaent000017738","rmcaent000017738","formicidae","ponerinae","Anochetus","bequaerti","Anochetus bequaerti","syntype of Anochetus bequaerti","","Democratic Republic of Congo","","",NA,NA,NA,NA
"http://antweb.org/api/v2/?occurrenceId=CAS:ANTWEB:sam-hym-c002518a","sam-hym-c002518a","formicidae","ponerinae","Anochetus","bequaerti","Anochetus bequaerti","","","Zimbabwe","","",NA,"point","-20.16667","28.71667"
"http://antweb.org/api/v2/?occurrenceId=CAS:ANTWEB:sam-hym-c002598a","sam-hym-c002598a","formicidae","ponerinae","Anochetus","bequaerti","Anochetus bequaerti","","KwaZulu-Natal","South Africa","1991-12-31","",NA,"point","-28.98333","31.75"
"http://antweb.org/api/v2/?occurrenceId=CAS:ANTWEB:sam-hym-c002598b","sam-hym-c002598b","formicidae","ponerinae","Anochetus","bequaerti","Anochetus bequaerti","","KwaZulu-Natal","South Africa","2004-03-09","",NA,"point","-28.98333","31.75"
