"url","catalogNumber","family","subfamily","genus","specificEpithet","scientific_name","typeStatus","stateProvince","country","dateIdentified","habitat","minimumElevationInMeters","geojson.type","decimal_latitude","decimal_longitude"
"http://antweb.org/api/v2/?occurrenceId=CAS:ANTWEB:anic32-016902","anic32-016902","formicidae","ponerinae","Anochetus","fricatus","Anochetus fricatus","","Morobe","Papua New Guinea","","Rainforest Leaf mould",NA,"point","-4.66667","123.2"
"http://antweb.org/api/v2/?occurrenceId=CAS:ANTWEB:anic32-016903","anic32-016903","formicidae","ponerinae","Anochetus","fricatus","Anochetus fricatus","","Morobe","Papua New Guinea","","Rainforest In soil at base of trees",853,NA,NA,NA
"http://antweb.org/api/v2/?occurrenceId=CAS:ANTWEB:anic32-016904","anic32-016904","formicidae","ponerinae","Anochetus","fricatus","Anochetus fricatus","","Morobe","Papua New Guinea","","Regen. rainforest Under rock",853,"point","-7.2","146.65"
"http://antweb.org/api/v2/?occurrenceId=CAS:ANTWEB:anic32-016905","anic32-016905","formicidae","ponerinae","Anochetus","fricatus","Anochetus fricatus","","Northern","Papua New Guinea","","",NA,NA,NA,NA
