"url","catalogNumber","family","subfamily","genus","specificEpithet","scientific_name","typeStatus","stateProvince","country","dateIdentified","habitat","minimumElevationInMeters","geojson.type","decimal_latitude","decimal_longitude"
"http://antweb.org/api/v2/?occurrenceId=CAS:ANTWEB:anic32-016934","anic32-016934","formicidae","ponerinae","Anochetus","levaillanti","Anochetus levaillanti","","Cape Prov.","South Africa","","",NA,"point","-33","26.2"
"http://antweb.org/api/v2/?occurrenceId=CAS:ANTWEB:anic32-016935","anic32-016935","formicidae","ponerinae","Anochetus","levaillanti","Anochetus levaillanti","","","Zimbabwe","","Dry, river forest Dam. sand",NA,NA,NA,NA
"http://antweb.org/api/v2/?occurrenceId=CAS:ANTWEB:casent0235826","casent0235826","formicidae","ponerinae","Anochetus","levaillanti","Anochetus levaillanti","","Gauteng","South Africa","2010-12-31","grassland",1400,"point","-25.7089","28.94265"
"http://antweb.org/api/v2/?occurrenceId=CAS:ANTWEB:casent0251894","casent0251894","formicidae","ponerinae","Anochetus","levaillanti","Anochetus levaillanti","","Mpumalanga","South Africa","2015-10-01","Sekhukhune Montane Grassland",1707,"point","-25.18086","30.13176"
"http://antweb.org/api/v2/?occurrenceId=CAS:ANTWEB:casent0746944","casent0746944","formicidae","ponerinae","Anochetus","levaillanti","Anochetus levaillanti","","Northern Cape","South Africa","","succulent karoo under stone",750,"point","-29.90067","17.761"
"http://antweb.org/api/v2/?occurrenceId=CAS:ANTWEB:casent0903983","casent0903983","formicidae","ponerinae","Anochetus","levaillanti","Anochetus levaillanti","syntype of Anochetus levaillanti","Gauteng","South Africa","","",NA,NA,NA,NA
"http://antweb.org/api/v2/?occurrenceId=CAS:ANTWEB:sam-hym-c007432a","sam-hym-c007432a","formicidae","ponerinae","Anochetus","levaillanti","Anochetus levaillanti","","Free State","South Africa","","",NA,"point","-30.26667","26.61667"
"http://antweb.org/api/v2/?occurrenceId=CAS:ANTWEB:sam-hym-c010862b","sam-hym-c010862b","formicidae","ponerinae","Anochetus","levaillanti","Anochetus levaillanti","","Northern Cape","South Africa","1997-12-31","",NA,"point","-29.63333","24.15"
