"url","catalogNumber","family","subfamily","genus","specificEpithet","scientific_name","typeStatus","stateProvince","country","dateIdentified","habitat","minimumElevationInMeters","geojson.type","decimal_latitude","decimal_longitude"
"http://antweb.org/api/v2/?occurrenceId=CAS:ANTWEB:anic32-016922","anic32-016922","formicidae","ponerinae","Anochetus","inermis","Anochetus inermis","","","Venezuela","","",NA,"point","8.95","-68.0667"
"http://antweb.org/api/v2/?occurrenceId=CAS:ANTWEB:casent0217507","casent0217507","formicidae","ponerinae","Anochetus","inermis","Anochetus inermis","","","Trinidad and Tobago","","",NA,NA,NA,NA
"http://antweb.org/api/v2/?occurrenceId=CAS:ANTWEB:casent0260496","casent0260496","formicidae","ponerinae","Anochetus","inermis","Anochetus inermis","","Magdalena","Colombia","","",NA,NA,NA,NA
"http://antweb.org/api/v2/?occurrenceId=CAS:ANTWEB:casent0746668","casent0746668","formicidae","ponerinae","Anochetus","inermis","Anochetus inermis","","Bolivar","Colombia","","",NA,NA,NA,NA
"http://antweb.org/api/v2/?occurrenceId=CAS:ANTWEB:casent0746669","casent0746669","formicidae","ponerinae","Anochetus","inermis","Anochetus inermis","","Bolivar","Colombia","","",NA,NA,NA,NA
"http://antweb.org/api/v2/?occurrenceId=CAS:ANTWEB:casent0746670","casent0746670","formicidae","ponerinae","Anochetus","inermis","Anochetus inermis","","Bolivar","Colombia","","",NA,NA,NA,NA
"http://antweb.org/api/v2/?occurrenceId=CAS:ANTWEB:casent0746671","casent0746671","formicidae","ponerinae","Anochetus","inermis","Anochetus inermis","","Bolivar","Colombia","","",NA,NA,NA,NA
"http://antweb.org/api/v2/?occurrenceId=CAS:ANTWEB:casent0746672","casent0746672","formicidae","ponerinae","Anochetus","inermis","Anochetus inermis","","Bolivar","Colombia","","",NA,NA,NA,NA
"http://antweb.org/api/v2/?occurrenceId=CAS:ANTWEB:casent0746673","casent0746673","formicidae","ponerinae","Anochetus","inermis","Anochetus inermis","","Bolivar","Colombia","","",NA,NA,NA,NA
"http://antweb.org/api/v2/?occurrenceId=CAS:ANTWEB:casent0907419","casent0907419","formicidae","ponerinae","Anochetus","inermis","Anochetus inermis","syntype of Anochetus inermis meinerti","","Martinique","","",NA,"point","14.6667","-61"
"http://antweb.org/api/v2/?occurrenceId=CAS:ANTWEB:jtlc000015060","jtlc000015060","formicidae","ponerinae","Anochetus","inermis","Anochetus inermis","","Aragua","Venezuela","2009-01-08","secondgrowth dry forest ex sifted leaf litter",70,"point","10.46009","-67.77643"
"http://antweb.org/api/v2/?occurrenceId=CAS:ANTWEB:jtlc000015061","jtlc000015061","formicidae","ponerinae","Anochetus","inermis","Anochetus inermis","","Aragua","Venezuela","2009-01-08","secondgrowth dry forest ex sifted leaf litter",70,"point","10.46009","-67.77643"
"http://antweb.org/api/v2/?occurrenceId=CAS:ANTWEB:jtlc000015064","jtlc000015064","formicidae","ponerinae","Anochetus","inermis","Anochetus inermis","","Aragua","Venezuela","2009-01-08","cacao plantation ex sifted leaf litter",20,"point","10.46097","-67.77406"
