"url","catalogNumber","family","subfamily","genus","specificEpithet","scientific_name","typeStatus","stateProvince","country","dateIdentified","habitat","minimumElevationInMeters","geojson.type","decimal_latitude","decimal_longitude"
"http://antweb.org/api/v2/?occurrenceId=CAS:ANTWEB:anic32-015855","anic32-015855","formicidae","ponerinae","Anochetus","renatae","Anochetus renatae","","Western Australia","Australia","","",NA,"point","-28.3167","118.533"
"http://antweb.org/api/v2/?occurrenceId=CAS:ANTWEB:anic32-015858","anic32-015858","formicidae","ponerinae","Anochetus","renatae","Anochetus renatae","","Western Australia","Australia","","Roadside",NA,"point","-26.6","118.467"
"http://antweb.org/api/v2/?occurrenceId=CAS:ANTWEB:anic32-015865","anic32-015865","formicidae","ponerinae","Anochetus","renatae","Anochetus renatae","","Western Australia","Australia","","",NA,"point","-31.3833","116.083"
"http://antweb.org/api/v2/?occurrenceId=CAS:ANTWEB:anic32-015972","anic32-015972","formicidae","ponerinae","Anochetus","renatae","Anochetus renatae","","Western Australia","Australia","","",NA,NA,NA,NA
"http://antweb.org/api/v2/?occurrenceId=CAS:ANTWEB:anic32-015973","anic32-015973","formicidae","ponerinae","Anochetus","renatae","Anochetus renatae","","Western Australia","Australia","","",NA,NA,NA,NA
"http://antweb.org/api/v2/?occurrenceId=CAS:ANTWEB:anic32-015974","anic32-015974","formicidae","ponerinae","Anochetus","renatae","Anochetus renatae","","Western Australia","Australia","","",NA,NA,NA,NA
"http://antweb.org/api/v2/?occurrenceId=CAS:ANTWEB:anic32-015975","anic32-015975","formicidae","ponerinae","Anochetus","renatae","Anochetus renatae","","Western Australia","Australia","","",NA,NA,NA,NA
"http://antweb.org/api/v2/?occurrenceId=CAS:ANTWEB:anic32-015976","anic32-015976","formicidae","ponerinae","Anochetus","renatae","Anochetus renatae","","Western Australia","Australia","","",NA,"point","-31.65","116.667"
"http://antweb.org/api/v2/?occurrenceId=CAS:ANTWEB:anic32-015977","anic32-015977","formicidae","ponerinae","Anochetus","renatae","Anochetus renatae","","Western Australia","Australia","","",NA,"point","-27.4333","117.9"
"http://antweb.org/api/v2/?occurrenceId=CAS:ANTWEB:anic32-016107","anic32-016107","formicidae","ponerinae","Anochetus","renatae","Anochetus renatae","","Western Australia","Australia","","",NA,"point","-26.6","118.467"
"http://antweb.org/api/v2/?occurrenceId=CAS:ANTWEB:anic32-029651","anic32-029651","formicidae","ponerinae","Anochetus","renatae","Anochetus renatae","","Western Australia","Australia","","Mulga",NA,"point","-28.4667","124"
"http://antweb.org/api/v2/?occurrenceId=CAS:ANTWEB:anic32-029652","anic32-029652","formicidae","ponerinae","Anochetus","renatae","Anochetus renatae","","Western Australia","Australia","","Mulga",NA,"point","-28.4667","124"
"http://antweb.org/api/v2/?occurrenceId=CAS:ANTWEB:anic32-059571","anic32-059571","formicidae","ponerinae","Anochetus","renatae","Anochetus renatae","","Western Australia","Australia","","",NA,NA,NA,NA
"http://antweb.org/api/v2/?occurrenceId=CAS:ANTWEB:antweb1008610","antweb1008610","formicidae","ponerinae","Anochetus","renatae","Anochetus renatae","","Western Australia","Australia","2014-08-12","",NA,NA,NA,NA
"http://antweb.org/api/v2/?occurrenceId=CAS:ANTWEB:jdm32-001757","jdm32-001757","formicidae","ponerinae","Anochetus","renatae","Anochetus renatae","","Western Australia","Australia","","",NA,NA,NA,NA
"http://antweb.org/api/v2/?occurrenceId=CAS:ANTWEB:jdm32-002677","jdm32-002677","formicidae","ponerinae","Anochetus","renatae","Anochetus renatae","","Western Australia","Australia","","native veg., rural environ. soil",NA,"point","-28.3","116.683"
"http://antweb.org/api/v2/?occurrenceId=CAS:ANTWEB:jdm32-002678","jdm32-002678","formicidae","ponerinae","Anochetus","renatae","Anochetus renatae","","Western Australia","Australia","","Mallee woodland light soil/clay Multiple entrance holes to nest in a line",NA,"point","-30.4411","117.153"
"http://antweb.org/api/v2/?occurrenceId=CAS:ANTWEB:jdm32-002679","jdm32-002679","formicidae","ponerinae","Anochetus","renatae","Anochetus renatae","","Western Australia","Australia","","Road verge heath remnant near paddocks limestone laterite",348,"point","-30.7308","116.23"
"http://antweb.org/api/v2/?occurrenceId=CAS:ANTWEB:jdm32-002682","jdm32-002682","formicidae","ponerinae","Anochetus","renatae","Anochetus renatae","","Western Australia","Australia","","",NA,NA,NA,NA
