"url","catalogNumber","family","subfamily","genus","specificEpithet","scientific_name","typeStatus","stateProvince","country","dateIdentified","habitat","minimumElevationInMeters","geojson.type","decimal_latitude","decimal_longitude"
"http://antweb.org/api/v2/?occurrenceId=CAS:ANTWEB:anic32-015875","anic32-015875","formicidae","ponerinae","Anochetus","veronicae","Anochetus veronicae","","Northern Territory","Australia","","",NA,"point","-20.5667","130.517"
"http://antweb.org/api/v2/?occurrenceId=CAS:ANTWEB:anic32-015885","anic32-015885","formicidae","ponerinae","Anochetus","veronicae","Anochetus veronicae","","Western Australia","Australia","","",NA,"point","-22.9167","120.083"
"http://antweb.org/api/v2/?occurrenceId=CAS:ANTWEB:anic32-015886","anic32-015886","formicidae","ponerinae","Anochetus","veronicae","Anochetus veronicae","","Western Australia","Australia","","",NA,"point","-14.3","126.633"
"http://antweb.org/api/v2/?occurrenceId=CAS:ANTWEB:anic32-015887","anic32-015887","formicidae","ponerinae","Anochetus","veronicae","Anochetus veronicae","","Western Australia","Australia","","Open woody savannah",NA,"point","-14.2833","126.617"
"http://antweb.org/api/v2/?occurrenceId=CAS:ANTWEB:anic32-015888","anic32-015888","formicidae","ponerinae","Anochetus","veronicae","Anochetus veronicae","","Northern Territory","Australia","","",NA,"point","-16.85","133.417"
"http://antweb.org/api/v2/?occurrenceId=CAS:ANTWEB:anic32-015889","anic32-015889","formicidae","ponerinae","Anochetus","veronicae","Anochetus veronicae","","Northern Territory","Australia","","",NA,"point","-12.45","130.833"
"http://antweb.org/api/v2/?occurrenceId=CAS:ANTWEB:anic32-015890","anic32-015890","formicidae","ponerinae","Anochetus","veronicae","Anochetus veronicae","","Northern Territory","Australia","","",NA,"point","-16.85","133.417"
"http://antweb.org/api/v2/?occurrenceId=CAS:ANTWEB:anic32-015891","anic32-015891","formicidae","ponerinae","Anochetus","veronicae","Anochetus veronicae","","Northern Territory","Australia","","",NA,"point","-17.7","133.667"
"http://antweb.org/api/v2/?occurrenceId=CAS:ANTWEB:anic32-016068","anic32-016068","formicidae","ponerinae","Anochetus","veronicae","Anochetus veronicae","","Western Australia","Australia","","Open woody savannah",NA,"point","-14.2833","126.617"
"http://antweb.org/api/v2/?occurrenceId=CAS:ANTWEB:anic32-044214","anic32-044214","formicidae","ponerinae","Anochetus","veronicae","Anochetus veronicae","","Western Australia","Australia","","",NA,"point","-14.3","126.633"
"http://antweb.org/api/v2/?occurrenceId=CAS:ANTWEB:anic32-059586","anic32-059586","formicidae","ponerinae","Anochetus","veronicae","Anochetus veronicae","","Northern Territory","Australia","","",NA,"point","-20.5667","130.517"
