"url","catalogNumber","family","subfamily","genus","specificEpithet","scientific_name","typeStatus","stateProvince","country","dateIdentified","habitat","minimumElevationInMeters","geojson.type","decimal_latitude","decimal_longitude"
"http://antweb.org/api/v2/?occurrenceId=CAS:ANTWEB:casent0178672","casent0178672","formicidae","ponerinae","Anochetus","simoni","Anochetus simoni","","Aragua","Venezuela","2005-12-31","El Platanal, Bosque Nublado Ex horjarasca",1100,"point","10.35","-67.82667"
"http://antweb.org/api/v2/?occurrenceId=CAS:ANTWEB:casent0260506","casent0260506","formicidae","ponerinae","Anochetus","simoni","Anochetus simoni","","Darien","Panama","","",1050,"point","7.71667","-77.71667"
"http://antweb.org/api/v2/?occurrenceId=CAS:ANTWEB:casent0746680","casent0746680","formicidae","ponerinae","Anochetus","simoni","Anochetus simoni","","Pinchincha","Ecuador","","",NA,NA,NA,NA
"http://antweb.org/api/v2/?occurrenceId=CAS:ANTWEB:casent0903986","casent0903986","formicidae","ponerinae","Anochetus","simoni","Anochetus simoni","syntype of Anochetus simoni","","Venezuela","","",NA,NA,NA,NA
"http://antweb.org/api/v2/?occurrenceId=CAS:ANTWEB:jtl-sv00089.06","jtl-sv00089.06","formicidae","ponerinae","Anochetus","simoni","Anochetus simoni","","Aragua","Venezuela","2014-11-22","montane wet forest ex sifted leaf litter",1500,"point","10.33801","-67.7027"
"http://antweb.org/api/v2/?occurrenceId=CAS:ANTWEB:jtl667976","jtl667976","formicidae","ponerinae","Anochetus","simoni","Anochetus simoni","","Aragua","Venezuela","2014-11-22","montane wet forest ex sifted leaf litter",1500,"point","10.33801","-67.7027"
"http://antweb.org/api/v2/?occurrenceId=CAS:ANTWEB:jtlc000015005","jtlc000015005","formicidae","ponerinae","Anochetus","simoni","Anochetus simoni","","Aragua","Venezuela","2009-01-08","montane wet forest nocturnal forager",1100,"point","10.34912","-67.68341"
"http://antweb.org/api/v2/?occurrenceId=CAS:ANTWEB:jtlc000015018","jtlc000015018","formicidae","ponerinae","Anochetus","simoni","Anochetus simoni","","Aragua","Venezuela","2009-01-08","montane wet forest ex sifted leaf litter",1140,"point","10.34756","-67.68787"
"http://antweb.org/api/v2/?occurrenceId=CAS:ANTWEB:jtlc000015234","jtlc000015234","formicidae","ponerinae","Anochetus","simoni","Anochetus simoni","","Aragua","Venezuela","2009-01-08","montane wet forest ex sifted leaf litter",1350,"point","10.35373","-67.68498"
"http://antweb.org/api/v2/?occurrenceId=CAS:ANTWEB:jtlc000015259","jtlc000015259","formicidae","ponerinae","Anochetus","simoni","Anochetus simoni","","Aragua","Venezuela","2009-01-08","montane wet forest ex sifted leaf litter",1500,"point","10.33801","-67.7027"
"http://antweb.org/api/v2/?occurrenceId=CAS:ANTWEB:lacm ent 141939","lacm ent 141939","formicidae","ponerinae","Anochetus","simoni","Anochetus simoni","","Trujillo","Venezuela","1998-12-18","",1160,"point","9.183333","-70.15"
