"url","catalogNumber","family","subfamily","genus","specificEpithet","scientific_name","typeStatus","stateProvince","country","dateIdentified","habitat","minimumElevationInMeters","geojson.type","decimal_latitude","decimal_longitude"
"http://antweb.org/api/v2/?occurrenceId=CAS:ANTWEB:casent0396142","casent0396142","formicidae","ponerinae","Anochetus","punctaticeps","Anochetus punctaticeps","","KwaZulu-Natal","South Africa","","coastal forest leaf litter",160,"point","-31.058483","30.174734"
"http://antweb.org/api/v2/?occurrenceId=CAS:ANTWEB:casent0746945","casent0746945","formicidae","ponerinae","Anochetus","punctaticeps","Anochetus punctaticeps","","Sud","Cameroon","","rainforest sifted litter leaf mold, rotten wood",290,"point","2.2825","10.20617"
"http://antweb.org/api/v2/?occurrenceId=CAS:ANTWEB:casent0915894","casent0915894","formicidae","ponerinae","Anochetus","punctaticeps","Anochetus punctaticeps","syntype of Anochetus punctaticeps","Eastern Cape","South Africa","","",NA,NA,NA,NA
"http://antweb.org/api/v2/?occurrenceId=CAS:ANTWEB:sam-hym-c007206a","sam-hym-c007206a","formicidae","ponerinae","Anochetus","punctaticeps","Anochetus punctaticeps","","Eastern Cape","South Africa","2004-03-09","in riverine kloof forest under stone",NA,"point","-33.35","26.5"
"http://antweb.org/api/v2/?occurrenceId=CAS:ANTWEB:sam-hym-c007206b","sam-hym-c007206b","formicidae","ponerinae","Anochetus","punctaticeps","Anochetus punctaticeps","","Eastern Cape","South Africa","2004-03-09","in riverine kloof forest under stone",NA,"point","-33.35","26.5"
