"url","catalogNumber","family","subfamily","genus","specificEpithet","scientific_name","typeStatus","stateProvince","country","dateIdentified","habitat","minimumElevationInMeters","geojson.type","decimal_latitude","decimal_longitude"
"http://antweb.org/api/v2/?occurrenceId=CAS:ANTWEB:anic32-002522","anic32-002522","formicidae","ponerinae","Anochetus","graeffei","Anochetus graeffei","","Northern Territory","Australia","","swampy savannah woodland under rotting log",NA,"point","-13.4333","130.483"
"http://antweb.org/api/v2/?occurrenceId=CAS:ANTWEB:anic32-002811","anic32-002811","formicidae","ponerinae","Anochetus","graeffei","Anochetus graeffei","","Northern Territory","Australia","","rainforest under stone",NA,"point","-12.8333","132.867"
"http://antweb.org/api/v2/?occurrenceId=CAS:ANTWEB:anic32-013482","anic32-013482","formicidae","ponerinae","Anochetus","graeffei","Anochetus graeffei","","Queensland","Australia","","Rainforest",50,"point","-17.4333","146"
"http://antweb.org/api/v2/?occurrenceId=CAS:ANTWEB:anic32-015841","anic32-015841","formicidae","ponerinae","Anochetus","graeffei","Anochetus graeffei","","New South Wales","Australia","","Dry sclerophyll Under rock",304,"point","-31.0833","150.95"
"http://antweb.org/api/v2/?occurrenceId=CAS:ANTWEB:anic32-015843","anic32-015843","formicidae","ponerinae","Anochetus","graeffei","Anochetus graeffei","","Queensland","Australia","","Dry sclerophyll Under rock",NA,"point","-27.4667","152.883"
"http://antweb.org/api/v2/?occurrenceId=CAS:ANTWEB:anic32-015844","anic32-015844","formicidae","ponerinae","Anochetus","graeffei","Anochetus graeffei","","Queensland","Australia","","Swamp Paperbark",NA,"point","-27.5833","152.917"
"http://antweb.org/api/v2/?occurrenceId=CAS:ANTWEB:anic32-015845","anic32-015845","formicidae","ponerinae","Anochetus","graeffei","Anochetus graeffei","","Queensland","Australia","","",121,"point","-27.4833","152.95"
"http://antweb.org/api/v2/?occurrenceId=CAS:ANTWEB:anic32-015847","anic32-015847","formicidae","ponerinae","Anochetus","graeffei","Anochetus graeffei","","Queensland","Australia","","Edge of rainforest",NA,"point","-17.4333","145.867"
"http://antweb.org/api/v2/?occurrenceId=CAS:ANTWEB:anic32-015850","anic32-015850","formicidae","ponerinae","Anochetus","graeffei","Anochetus graeffei","","Queensland","Australia","","Dry sclerophyll",NA,"point","-16.9167","145.767"
"http://antweb.org/api/v2/?occurrenceId=CAS:ANTWEB:anic32-015856","anic32-015856","formicidae","ponerinae","Anochetus","graeffei","Anochetus graeffei","","Queensland","Australia","","",NA,"point","-27.56","151.95"
"http://antweb.org/api/v2/?occurrenceId=CAS:ANTWEB:anic32-015857","anic32-015857","formicidae","ponerinae","Anochetus","graeffei","Anochetus graeffei","","Java","Indonesia","","",NA,"point","-6.9","107.6"
"http://antweb.org/api/v2/?occurrenceId=CAS:ANTWEB:anic32-015863","anic32-015863","formicidae","ponerinae","Anochetus","graeffei","Anochetus graeffei","","Queensland","Australia","","",NA,"point","-16.81","145.63"
"http://antweb.org/api/v2/?occurrenceId=CAS:ANTWEB:anic32-015864","anic32-015864","formicidae","ponerinae","Anochetus","graeffei","Anochetus graeffei","","Queensland","Australia","","",NA,"point","-16.81","145.63"
"http://antweb.org/api/v2/?occurrenceId=CAS:ANTWEB:anic32-015866","anic32-015866","formicidae","ponerinae","Anochetus","graeffei","Anochetus graeffei","","","South Africa","","",NA,"point","-26.0167","31.05"
"http://antweb.org/api/v2/?occurrenceId=CAS:ANTWEB:anic32-015880","anic32-015880","formicidae","ponerinae","Anochetus","graeffei","Anochetus graeffei","","Queensland","Australia","","Rainforest Stray foragers",NA,"point","-11.6858","142.701"
"http://antweb.org/api/v2/?occurrenceId=CAS:ANTWEB:anic32-015882","anic32-015882","formicidae","ponerinae","Anochetus","graeffei","Anochetus graeffei","","Western Australia","Australia","","",NA,"point","-14.3833","125.95"
"http://antweb.org/api/v2/?occurrenceId=CAS:ANTWEB:anic32-015934","anic32-015934","formicidae","ponerinae","Anochetus","graeffei","Anochetus graeffei","","Queensland","Australia","","Rainforest Berlesate, sieved litter",10,"point","-18.3667","146.217"
"http://antweb.org/api/v2/?occurrenceId=CAS:ANTWEB:anic32-015935","anic32-015935","formicidae","ponerinae","Anochetus","graeffei","Anochetus graeffei","","Queensland","Australia","","Dry rainforest Berlesate, sieved litter",20,"point","-23.1333","150.75"
"http://antweb.org/api/v2/?occurrenceId=CAS:ANTWEB:anic32-015936","anic32-015936","formicidae","ponerinae","Anochetus","graeffei","Anochetus graeffei","","Queensland","Australia","","Creek margin Berlesate, sieved litter",80,"point","-20.8","148.55"
"http://antweb.org/api/v2/?occurrenceId=CAS:ANTWEB:anic32-015937","anic32-015937","formicidae","ponerinae","Anochetus","graeffei","Anochetus graeffei","","Queensland","Australia","","",10,"point","-18.3667","146.217"
"http://antweb.org/api/v2/?occurrenceId=CAS:ANTWEB:anic32-015940","anic32-015940","formicidae","ponerinae","Anochetus","graeffei","Anochetus graeffei","","Queensland","Australia","","Open forest Berlesate, sieved litter",20,"point","-20.9167","149.05"
"http://antweb.org/api/v2/?occurrenceId=CAS:ANTWEB:anic32-015941","anic32-015941","formicidae","ponerinae","Anochetus","graeffei","Anochetus graeffei","","Queensland","Australia","","Rainforest Berlesate, sieved litter",800,"point","-16.1333","145.433"
"http://antweb.org/api/v2/?occurrenceId=CAS:ANTWEB:anic32-015942","anic32-015942","formicidae","ponerinae","Anochetus","graeffei","Anochetus graeffei","","Queensland","Australia","","Open forest sieved litter",480,"point","-20.8167","148.5"
"http://antweb.org/api/v2/?occurrenceId=CAS:ANTWEB:anic32-015952","anic32-015952","formicidae","ponerinae","Anochetus","graeffei","Anochetus graeffei","","Northern Territory","Australia","","Rainforest",NA,"point","-12.8333","132.867"
"http://antweb.org/api/v2/?occurrenceId=CAS:ANTWEB:anic32-015953","anic32-015953","formicidae","ponerinae","Anochetus","graeffei","Anochetus graeffei","","Northern Territory","Australia","","Rainforest",NA,"point","-12.8333","132.867"
"http://antweb.org/api/v2/?occurrenceId=CAS:ANTWEB:anic32-015954","anic32-015954","formicidae","ponerinae","Anochetus","graeffei","Anochetus graeffei","","Northern Territory","Australia","","",NA,"point","-12.8333","132.85"
"http://antweb.org/api/v2/?occurrenceId=CAS:ANTWEB:anic32-015956","anic32-015956","formicidae","ponerinae","Anochetus","graeffei","Anochetus graeffei","","Northern Territory","Australia","","",NA,"point","-12.4167","130.817"
"http://antweb.org/api/v2/?occurrenceId=CAS:ANTWEB:anic32-015957","anic32-015957","formicidae","ponerinae","Anochetus","graeffei","Anochetus graeffei","","Queensland","Australia","","",NA,"point","-27.4667","153.033"
"http://antweb.org/api/v2/?occurrenceId=CAS:ANTWEB:anic32-015958","anic32-015958","formicidae","ponerinae","Anochetus","graeffei","Anochetus graeffei","","Queensland","Australia","","",NA,"point","-27.4667","153.033"
"http://antweb.org/api/v2/?occurrenceId=CAS:ANTWEB:anic32-015959","anic32-015959","formicidae","ponerinae","Anochetus","graeffei","Anochetus graeffei","","Queensland","Australia","","",NA,"point","-27.4667","153.033"
"http://antweb.org/api/v2/?occurrenceId=CAS:ANTWEB:anic32-015961","anic32-015961","formicidae","ponerinae","Anochetus","graeffei","Anochetus graeffei","","Queensland","Australia","","",NA,"point","-27.56","151.95"
"http://antweb.org/api/v2/?occurrenceId=CAS:ANTWEB:anic32-015962","anic32-015962","formicidae","ponerinae","Anochetus","graeffei","Anochetus graeffei","","Queensland","Australia","","",NA,"point","-27.4833","152.95"
"http://antweb.org/api/v2/?occurrenceId=CAS:ANTWEB:anic32-015963","anic32-015963","formicidae","ponerinae","Anochetus","graeffei","Anochetus graeffei","","","Solomon Islands","","",NA,"point","-11.2833","159.783"
"http://antweb.org/api/v2/?occurrenceId=CAS:ANTWEB:anic32-015978","anic32-015978","formicidae","ponerinae","Anochetus","graeffei","Anochetus graeffei","","Queensland","Australia","","Rainforest litter Berlesate",NA,"point","-12.7167","143.283"
"http://antweb.org/api/v2/?occurrenceId=CAS:ANTWEB:anic32-015979","anic32-015979","formicidae","ponerinae","Anochetus","graeffei","Anochetus graeffei","","Queensland","Australia","","Rainforest litter Berlesate",NA,"point","-12.7122","143.31"
"http://antweb.org/api/v2/?occurrenceId=CAS:ANTWEB:anic32-015980","anic32-015980","formicidae","ponerinae","Anochetus","graeffei","Anochetus graeffei","","Queensland","Australia","","Open forest litter",NA,"point","-12.7167","143.267"
"http://antweb.org/api/v2/?occurrenceId=CAS:ANTWEB:anic32-015981","anic32-015981","formicidae","ponerinae","Anochetus","graeffei","Anochetus graeffei","","Queensland","Australia","","Rainforest, flood debris Berlesate",NA,"point","-12.7333","143.233"
"http://antweb.org/api/v2/?occurrenceId=CAS:ANTWEB:anic32-015983","anic32-015983","formicidae","ponerinae","Anochetus","graeffei","Anochetus graeffei","","Queensland","Australia","","Rainforest Berlesate, sieved litter",50,"point","-12.75","143.233"
"http://antweb.org/api/v2/?occurrenceId=CAS:ANTWEB:anic32-015984","anic32-015984","formicidae","ponerinae","Anochetus","graeffei","Anochetus graeffei","","Queensland","Australia","","Rainforest Berlesate",NA,"point","-12.7333","143.283"
"http://antweb.org/api/v2/?occurrenceId=CAS:ANTWEB:anic32-015985","anic32-015985","formicidae","ponerinae","Anochetus","graeffei","Anochetus graeffei","","Queensland","Australia","","Rainforest Berlesate, sieved litter",20,"point","-12.7333","143.283"
"http://antweb.org/api/v2/?occurrenceId=CAS:ANTWEB:anic32-015986","anic32-015986","formicidae","ponerinae","Anochetus","graeffei","Anochetus graeffei","","","India","","",NA,"point","28.6667","77.2167"
"http://antweb.org/api/v2/?occurrenceId=CAS:ANTWEB:anic32-015987","anic32-015987","formicidae","ponerinae","Anochetus","graeffei","Anochetus graeffei","","North Central","Sri Lanka","","Forest Berlesate",NA,NA,NA,NA
"http://antweb.org/api/v2/?occurrenceId=CAS:ANTWEB:anic32-015988","anic32-015988","formicidae","ponerinae","Anochetus","graeffei","Anochetus graeffei","","Selangor","Malaysia","","Rainforest Berlesate",243,NA,NA,NA
"http://antweb.org/api/v2/?occurrenceId=CAS:ANTWEB:anic32-015989","anic32-015989","formicidae","ponerinae","Anochetus","graeffei","Anochetus graeffei","","","Singapore","","Top of ridge, lallang grass Berlesate",NA,"point","1.25","103.8"
"http://antweb.org/api/v2/?occurrenceId=CAS:ANTWEB:anic32-015990","anic32-015990","formicidae","ponerinae","Anochetus","graeffei","Anochetus graeffei","","WC Carolines","Micronesia","","",NA,"point","7.35","143.867"
"http://antweb.org/api/v2/?occurrenceId=CAS:ANTWEB:anic32-015991","anic32-015991","formicidae","ponerinae","Anochetus","graeffei","Anochetus graeffei","","","Seychelles","","",NA,"point","-9.41667","46.3667"
"http://antweb.org/api/v2/?occurrenceId=CAS:ANTWEB:anic32-015992","anic32-015992","formicidae","ponerinae","Anochetus","graeffei","Anochetus graeffei","","","Seychelles","","",NA,"point","-9.48333","46.35"
"http://antweb.org/api/v2/?occurrenceId=CAS:ANTWEB:anic32-015993","anic32-015993","formicidae","ponerinae","Anochetus","graeffei","Anochetus graeffei","","","Micronesia","","",NA,"point","6.98333","152.567"
"http://antweb.org/api/v2/?occurrenceId=CAS:ANTWEB:anic32-015994","anic32-015994","formicidae","ponerinae","Anochetus","graeffei","Anochetus graeffei","","Morobe","Papua New Guinea","","",NA,"point","-7.25","146.667"
"http://antweb.org/api/v2/?occurrenceId=CAS:ANTWEB:anic32-015995","anic32-015995","formicidae","ponerinae","Anochetus","graeffei","Anochetus graeffei","","Manus","Papua New Guinea","","",NA,NA,NA,NA
"http://antweb.org/api/v2/?occurrenceId=CAS:ANTWEB:anic32-015996","anic32-015996","formicidae","ponerinae","Anochetus","graeffei","Anochetus graeffei","","Northern","Papua New Guinea","","",NA,NA,NA,NA
"http://antweb.org/api/v2/?occurrenceId=CAS:ANTWEB:anic32-015997","anic32-015997","formicidae","ponerinae","Anochetus","graeffei","Anochetus graeffei","","Queensland","Australia","","",900,"point","-17.6833","145.117"
"http://antweb.org/api/v2/?occurrenceId=CAS:ANTWEB:anic32-015998","anic32-015998","formicidae","ponerinae","Anochetus","graeffei","Anochetus graeffei","","Queensland","Australia","","",NA,"point","-16.81","145.63"
"http://antweb.org/api/v2/?occurrenceId=CAS:ANTWEB:anic32-015999","anic32-015999","formicidae","ponerinae","Anochetus","graeffei","Anochetus graeffei","","Queensland","Australia","","Rainforest Ground strays",NA,"point","-17.6167","145.817"
"http://antweb.org/api/v2/?occurrenceId=CAS:ANTWEB:anic32-016000","anic32-016000","formicidae","ponerinae","Anochetus","graeffei","Anochetus graeffei","","","Indonesia","","",NA,"point","-4.56667","129.917"
"http://antweb.org/api/v2/?occurrenceId=CAS:ANTWEB:anic32-016001","anic32-016001","formicidae","ponerinae","Anochetus","graeffei","Anochetus graeffei","","Queensland","Australia","","Rainforest",400,"point","-17.6667","145.8"
"http://antweb.org/api/v2/?occurrenceId=CAS:ANTWEB:anic32-016002","anic32-016002","formicidae","ponerinae","Anochetus","graeffei","Anochetus graeffei","","Queensland","Australia","","Rainforest Ex rotting log",80,"point","-17.9333","145.933"
"http://antweb.org/api/v2/?occurrenceId=CAS:ANTWEB:anic32-016003","anic32-016003","formicidae","ponerinae","Anochetus","graeffei","Anochetus graeffei","","Queensland","Australia","","Rainforest",NA,"point","-17.35","145.933"
"http://antweb.org/api/v2/?occurrenceId=CAS:ANTWEB:anic32-016004","anic32-016004","formicidae","ponerinae","Anochetus","graeffei","Anochetus graeffei","","Queensland","Australia","","Rainforest Ex rotting log",NA,"point","-17.9333","145.933"
"http://antweb.org/api/v2/?occurrenceId=CAS:ANTWEB:anic32-016005","anic32-016005","formicidae","ponerinae","Anochetus","graeffei","Anochetus graeffei","","Queensland","Australia","","",NA,"point","-16.9167","145.767"
"http://antweb.org/api/v2/?occurrenceId=CAS:ANTWEB:anic32-016006","anic32-016006","formicidae","ponerinae","Anochetus","graeffei","Anochetus graeffei","","Northern Territory","Australia","","Rainforest In soil, under wood",NA,"point","-12.7833","132.85"
"http://antweb.org/api/v2/?occurrenceId=CAS:ANTWEB:anic32-016007","anic32-016007","formicidae","ponerinae","Anochetus","graeffei","Anochetus graeffei","","Northern Territory","Australia","","Rainforest Berlesate",NA,"point","-12.7833","132.85"
"http://antweb.org/api/v2/?occurrenceId=CAS:ANTWEB:anic32-016008","anic32-016008","formicidae","ponerinae","Anochetus","graeffei","Anochetus graeffei","","Northern Territory","Australia","","Rainforest Under stone",NA,"point","-12.8333","132.867"
"http://antweb.org/api/v2/?occurrenceId=CAS:ANTWEB:anic32-016034","anic32-016034","formicidae","ponerinae","Anochetus","graeffei","Anochetus graeffei","","Northern Territory","Australia","","Rainforest Berlesate, sieved litter",NA,"point","-12.2","132.217"
"http://antweb.org/api/v2/?occurrenceId=CAS:ANTWEB:anic32-016042","anic32-016042","formicidae","ponerinae","Anochetus","graeffei","Anochetus graeffei","","Queensland","Australia","","Rainforest, litter Berlesate",NA,"point","-15.2667","144.983"
"http://antweb.org/api/v2/?occurrenceId=CAS:ANTWEB:anic32-016043","anic32-016043","formicidae","ponerinae","Anochetus","graeffei","Anochetus graeffei","","Queensland","Australia","","Woodland Berlesate",NA,"point","-15.2833","145.217"
"http://antweb.org/api/v2/?occurrenceId=CAS:ANTWEB:anic32-016044","anic32-016044","formicidae","ponerinae","Anochetus","graeffei","Anochetus graeffei","","Queensland","Australia","","Rainforest, on steep slope Berlesate",NA,"point","-16.0667","145.467"
"http://antweb.org/api/v2/?occurrenceId=CAS:ANTWEB:anic32-016045","anic32-016045","formicidae","ponerinae","Anochetus","graeffei","Anochetus graeffei","","Queensland","Australia","","Rainforest, on stony slope Berlesate",NA,"point","-16.0833","145.45"
"http://antweb.org/api/v2/?occurrenceId=CAS:ANTWEB:anic32-016046","anic32-016046","formicidae","ponerinae","Anochetus","graeffei","Anochetus graeffei","","","Cook Islands","","",NA,"point","-21.25","-159.717"
"http://antweb.org/api/v2/?occurrenceId=CAS:ANTWEB:anic32-016047","anic32-016047","formicidae","ponerinae","Anochetus","graeffei","Anochetus graeffei","","","Cook Islands","","",NA,"point","-21.25","-159.717"
"http://antweb.org/api/v2/?occurrenceId=CAS:ANTWEB:anic32-016048","anic32-016048","formicidae","ponerinae","Anochetus","graeffei","Anochetus graeffei","","","Cook Islands","","",NA,"point","-18.8667","-159.75"
"http://antweb.org/api/v2/?occurrenceId=CAS:ANTWEB:anic32-016049","anic32-016049","formicidae","ponerinae","Anochetus","graeffei","Anochetus graeffei","","Queensland","Australia","","Littoral, rainforest Berlesate",NA,"point","-16.0667","145.467"
"http://antweb.org/api/v2/?occurrenceId=CAS:ANTWEB:anic32-016050","anic32-016050","formicidae","ponerinae","Anochetus","graeffei","Anochetus graeffei","","","Cook Islands","","",NA,"point","-18.8667","-159.75"
"http://antweb.org/api/v2/?occurrenceId=CAS:ANTWEB:anic32-016053","anic32-016053","formicidae","ponerinae","Anochetus","graeffei","Anochetus graeffei","","Queensland","Australia","","",NA,"point","-17.5833","145.967"
"http://antweb.org/api/v2/?occurrenceId=CAS:ANTWEB:anic32-016054","anic32-016054","formicidae","ponerinae","Anochetus","graeffei","Anochetus graeffei","","Queensland","Australia","","",NA,"point","-17.5833","145.967"
"http://antweb.org/api/v2/?occurrenceId=CAS:ANTWEB:anic32-016055","anic32-016055","formicidae","ponerinae","Anochetus","graeffei","Anochetus graeffei","","Queensland","Australia","","",NA,"point","-25.9667","153.15"
"http://antweb.org/api/v2/?occurrenceId=CAS:ANTWEB:anic32-016056","anic32-016056","formicidae","ponerinae","Anochetus","graeffei","Anochetus graeffei","","Queensland","Australia","","",NA,"point","-17.5667","145.95"
"http://antweb.org/api/v2/?occurrenceId=CAS:ANTWEB:anic32-016061","anic32-016061","formicidae","ponerinae","Anochetus","graeffei","Anochetus graeffei","","Queensland","Australia","","",NA,"point","-19.3667","142.8"
"http://antweb.org/api/v2/?occurrenceId=CAS:ANTWEB:anic32-016062","anic32-016062","formicidae","ponerinae","Anochetus","graeffei","Anochetus graeffei","","Queensland","Australia","","",NA,"point","-18.15","145.617"
"http://antweb.org/api/v2/?occurrenceId=CAS:ANTWEB:anic32-016072","anic32-016072","formicidae","ponerinae","Anochetus","graeffei","Anochetus graeffei","","Northern Territory","Australia","","Rainforest",NA,"point","-12.7833","132.85"
"http://antweb.org/api/v2/?occurrenceId=CAS:ANTWEB:anic32-016075","anic32-016075","formicidae","ponerinae","Anochetus","graeffei","Anochetus graeffei","","Queensland","Australia","","",360,"point","-16.4667","145.3"
"http://antweb.org/api/v2/?occurrenceId=CAS:ANTWEB:anic32-016077","anic32-016077","formicidae","ponerinae","Anochetus","graeffei","Anochetus graeffei","","Queensland","Australia","","Rainforest Under stone",180,"point","-17.4333","145.85"
"http://antweb.org/api/v2/?occurrenceId=CAS:ANTWEB:anic32-016078","anic32-016078","formicidae","ponerinae","Anochetus","graeffei","Anochetus graeffei","","","Solomon Islands","","Forest Litter",NA,"point","-8.41667","159.667"
"http://antweb.org/api/v2/?occurrenceId=CAS:ANTWEB:anic32-016079","anic32-016079","formicidae","ponerinae","Anochetus","graeffei","Anochetus graeffei","","Guadalcanal","Solomon Islands","","",NA,"point","-9.43333","159.983"
"http://antweb.org/api/v2/?occurrenceId=CAS:ANTWEB:anic32-016080","anic32-016080","formicidae","ponerinae","Anochetus","graeffei","Anochetus graeffei","","Guadalcanal","Solomon Islands","","",NA,"point","-9.48333","159.983"
"http://antweb.org/api/v2/?occurrenceId=CAS:ANTWEB:anic32-016081","anic32-016081","formicidae","ponerinae","Anochetus","graeffei","Anochetus graeffei","","Queensland","Australia","","Dry flat sclerophyll Nest in termite mound",NA,"point","-16.9167","145.433"
"http://antweb.org/api/v2/?occurrenceId=CAS:ANTWEB:anic32-016082","anic32-016082","formicidae","ponerinae","Anochetus","graeffei","Anochetus graeffei","","Queensland","Australia","","No trees Under large rock",NA,"point","-20.0833","146.267"
"http://antweb.org/api/v2/?occurrenceId=CAS:ANTWEB:anic32-016083","anic32-016083","formicidae","ponerinae","Anochetus","graeffei","Anochetus graeffei","","Queensland","Australia","","Brigolow and box trees Nest under rock",NA,"point","-22.5","149.183"
"http://antweb.org/api/v2/?occurrenceId=CAS:ANTWEB:anic32-016084","anic32-016084","formicidae","ponerinae","Anochetus","graeffei","Anochetus graeffei","","Queensland","Australia","","Ranges, dry sclerophyll Under rock",NA,"point","-21.2833","148.95"
"http://antweb.org/api/v2/?occurrenceId=CAS:ANTWEB:anic32-016085","anic32-016085","formicidae","ponerinae","Anochetus","graeffei","Anochetus graeffei","","Queensland","Australia","","Dry grassy sclerophyll Under rock",NA,"point","-21.7","149.217"
"http://antweb.org/api/v2/?occurrenceId=CAS:ANTWEB:anic32-016086","anic32-016086","formicidae","ponerinae","Anochetus","graeffei","Anochetus graeffei","","Queensland","Australia","","In dry creek, dry grassy sclerophyll Under rock",NA,"point","-21.7","149.217"
"http://antweb.org/api/v2/?occurrenceId=CAS:ANTWEB:anic32-016087","anic32-016087","formicidae","ponerinae","Anochetus","graeffei","Anochetus graeffei","","Queensland","Australia","","Dry sclerophyll Under rock",NA,"point","-16.6833","145.333"
"http://antweb.org/api/v2/?occurrenceId=CAS:ANTWEB:anic32-016088","anic32-016088","formicidae","ponerinae","Anochetus","graeffei","Anochetus graeffei","","Queensland","Australia","","Red soil, thick vegetation Under volcanic rock",NA,NA,NA,NA
"http://antweb.org/api/v2/?occurrenceId=CAS:ANTWEB:anic32-016089","anic32-016089","formicidae","ponerinae","Anochetus","graeffei","Anochetus graeffei","","Queensland","Australia","","Titree scrub, swampy Nest in bank of soil",15,"point","-27.5833","152.917"
"http://antweb.org/api/v2/?occurrenceId=CAS:ANTWEB:anic32-016090","anic32-016090","formicidae","ponerinae","Anochetus","graeffei","Anochetus graeffei","","Queensland","Australia","","Dry, sandy sclerophyll Nest in wall of large species Rhytidoponera",NA,"point","-26.6667","150.183"
"http://antweb.org/api/v2/?occurrenceId=CAS:ANTWEB:anic32-016091","anic32-016091","formicidae","ponerinae","Anochetus","graeffei","Anochetus graeffei","","Queensland","Australia","","Dry sclerophyll Under rock",NA,"point","-17.6","145.483"
"http://antweb.org/api/v2/?occurrenceId=CAS:ANTWEB:anic32-016092","anic32-016092","formicidae","ponerinae","Anochetus","graeffei","Anochetus graeffei","","New South Wales","Australia","","Dry sclerophyll Under rocks, moist area",60,"point","-28.3333","153.4"
"http://antweb.org/api/v2/?occurrenceId=CAS:ANTWEB:anic32-016093","anic32-016093","formicidae","ponerinae","Anochetus","graeffei","Anochetus graeffei","","New South Wales","Australia","","Dry sclerophyll Under rock, volcanic soil ?",400,"point","-29.9","152.983"
"http://antweb.org/api/v2/?occurrenceId=CAS:ANTWEB:anic32-016094","anic32-016094","formicidae","ponerinae","Anochetus","graeffei","Anochetus graeffei","","Morobe","Papua New Guinea","","Road side, edge of rainforest Under rock",670,"point","-7.2","146.65"
"http://antweb.org/api/v2/?occurrenceId=CAS:ANTWEB:anic32-016095","anic32-016095","formicidae","ponerinae","Anochetus","graeffei","Anochetus graeffei","","Morobe","Papua New Guinea","","Hoop pine plantation Under rock",701,"point","-7.25","146.667"
"http://antweb.org/api/v2/?occurrenceId=CAS:ANTWEB:anic32-016096","anic32-016096","formicidae","ponerinae","Anochetus","graeffei","Anochetus graeffei","","Central","Papua New Guinea","","Lowland rainforest Under rough fibres of rattan",1,NA,NA,NA
"http://antweb.org/api/v2/?occurrenceId=CAS:ANTWEB:anic32-016097","anic32-016097","formicidae","ponerinae","Anochetus","graeffei","Anochetus graeffei","","New South Wales","Australia","","",121,"point","-28.3833","153.5"
"http://antweb.org/api/v2/?occurrenceId=CAS:ANTWEB:anic32-016098","anic32-016098","formicidae","ponerinae","Anochetus","graeffei","Anochetus graeffei","","New South Wales","Australia","","Dry sclerophyll Slopes, grassy",NA,"point","-29.75","152.933"
"http://antweb.org/api/v2/?occurrenceId=CAS:ANTWEB:anic32-016103","anic32-016103","formicidae","ponerinae","Anochetus","graeffei","Anochetus graeffei","","Queensland","Australia","","Thin gallery rainforest Under rock in creek bed",NA,"point","-19.5167","147.1"
"http://antweb.org/api/v2/?occurrenceId=CAS:ANTWEB:anic32-016104","anic32-016104","formicidae","ponerinae","Anochetus","graeffei","Anochetus graeffei","","Queensland","Australia","","Dry sclerophyll Under rock",NA,"point","-21.6167","149.217"
"http://antweb.org/api/v2/?occurrenceId=CAS:ANTWEB:anic32-016105","anic32-016105","formicidae","ponerinae","Anochetus","graeffei","Anochetus graeffei","","Queensland","Australia","","Dry sclerophyll Under rock",NA,"point","-16.7333","145.767"
"http://antweb.org/api/v2/?occurrenceId=CAS:ANTWEB:anic32-016106","anic32-016106","formicidae","ponerinae","Anochetus","graeffei","Anochetus graeffei","","New South Wales","Australia","","Wet sclerophyll Under rock",304,"point","-28.7333","152.617"
"http://antweb.org/api/v2/?occurrenceId=CAS:ANTWEB:anic32-016912","anic32-016912","formicidae","ponerinae","Anochetus","graeffei","Anochetus graeffei","","","New Caledonia","","Garden",NA,"point","-20.7167","164.933"
"http://antweb.org/api/v2/?occurrenceId=CAS:ANTWEB:anic32-016913","anic32-016913","formicidae","ponerinae","Anochetus","graeffei","Anochetus graeffei","","","New Caledonia","","Rainforest dist.",140,"point","-20.7333","164.867"
"http://antweb.org/api/v2/?occurrenceId=CAS:ANTWEB:anic32-016914","anic32-016914","formicidae","ponerinae","Anochetus","graeffei","Anochetus graeffei","","","New Caledonia","","Rainforest gully",40,"point","-20.7333","164.867"
"http://antweb.org/api/v2/?occurrenceId=CAS:ANTWEB:anic32-016915","anic32-016915","formicidae","ponerinae","Anochetus","graeffei","Anochetus graeffei","","","New Caledonia","","Rainforest",10,"point","-22.1667","166.917"
"http://antweb.org/api/v2/?occurrenceId=CAS:ANTWEB:anic32-016916","anic32-016916","formicidae","ponerinae","Anochetus","graeffei","Anochetus graeffei","","","New Caledonia","","Dry rainforest Under stone",40,"point","-21.7","166.117"
"http://antweb.org/api/v2/?occurrenceId=CAS:ANTWEB:anic32-016917","anic32-016917","formicidae","ponerinae","Anochetus","graeffei","Anochetus graeffei","","","New Caledonia","","Rainforest Under stone",100,"point","-20.5667","164.767"
"http://antweb.org/api/v2/?occurrenceId=CAS:ANTWEB:anic32-016918","anic32-016918","formicidae","ponerinae","Anochetus","graeffei","Anochetus graeffei","","","New Caledonia","","",400,"point","-22.3167","166.683"
"http://antweb.org/api/v2/?occurrenceId=CAS:ANTWEB:anic32-016942","anic32-016942","formicidae","ponerinae","Anochetus","graeffei","Anochetus graeffei","","Johore","Malaysia","","",NA,"point","2.5","102.817"
"http://antweb.org/api/v2/?occurrenceId=CAS:ANTWEB:anic32-030442","anic32-030442","formicidae","ponerinae","Anochetus","graeffei","Anochetus graeffei","","Queensland","Australia","","Eucalyptus open forest under stone",200,"point","-27.4667","152.967"
"http://antweb.org/api/v2/?occurrenceId=CAS:ANTWEB:anic32-051350","anic32-051350","formicidae","ponerinae","Anochetus","graeffei","Anochetus graeffei","","Queensland","Australia","","Deciduous vine thicket nest under stone",NA,"point","-18.1333","144.817"
"http://antweb.org/api/v2/?occurrenceId=CAS:ANTWEB:anic32-066249","anic32-066249","formicidae","ponerinae","Anochetus","graeffei","Anochetus graeffei","","","Indonesia","","plot-1",NA,"point","2.26667","97.3817"
"http://antweb.org/api/v2/?occurrenceId=CAS:ANTWEB:anic32-066250","anic32-066250","formicidae","ponerinae","Anochetus","graeffei","Anochetus graeffei","","","Indonesia","","forest on ground rotting twig",NA,"point","2.26667","97.3817"
"http://antweb.org/api/v2/?occurrenceId=CAS:ANTWEB:casent0010627","casent0010627","formicidae","ponerinae","Anochetus","graeffei","Anochetus graeffei","","Queensland","Australia","2004-03-09","",630,NA,NA,NA
"http://antweb.org/api/v2/?occurrenceId=CAS:ANTWEB:casent0118708-d11","casent0118708-d11","formicidae","ponerinae","Anochetus","graeffei","Anochetus graeffei","","Queensland","Australia","","rainforest sifted litter leaf mold, rotten wood",150,"point","-11.65933","142.72267"
"http://antweb.org/api/v2/?occurrenceId=CAS:ANTWEB:casent0171067","casent0171067","formicidae","ponerinae","Anochetus","graeffei","Anochetus graeffei","","Wainikeli","Fiji","","primary rainforest under stone, nesting",100,"point","-16.82833","-179.884"
"http://antweb.org/api/v2/?occurrenceId=CAS:ANTWEB:casent0171116","casent0171116","formicidae","ponerinae","Anochetus","graeffei","Anochetus graeffei","","Wainikeli","Fiji","","primary rainforest under stone, nesting",100,"point","-16.82833","-179.884"
"http://antweb.org/api/v2/?occurrenceId=CAS:ANTWEB:casent0172373","casent0172373","formicidae","ponerinae","Anochetus","graeffei","Anochetus graeffei","","Delhi","India","","",NA,NA,NA,NA
"http://antweb.org/api/v2/?occurrenceId=CAS:ANTWEB:casent0178350","casent0178350","formicidae","ponerinae","Anochetus","graeffei","Anochetus graeffei","","Pohnpei","Micronesia","2008-12-31","",NA,NA,NA,NA
"http://antweb.org/api/v2/?occurrenceId=CAS:ANTWEB:casent0178464","casent0178464","formicidae","ponerinae","Anochetus","graeffei","Anochetus graeffei","","Ngeremlengui","Palau","2008-01-14","upland forest litter, SE edge of swamp forest sifted from 1m leaf litter",NA,"point","7.52017","134.5471"
"http://antweb.org/api/v2/?occurrenceId=CAS:ANTWEB:casent0186012","casent0186012","formicidae","ponerinae","Anochetus","graeffei","Anochetus graeffei","","Kadavu","Fiji","","rainforest",200,"point","-19.057","178.16667"
"http://antweb.org/api/v2/?occurrenceId=CAS:ANTWEB:casent0186021","casent0186021","formicidae","ponerinae","Anochetus","graeffei","Anochetus graeffei","","Lomaiviti","Fiji","","primary rainforest under stone, nesting",440,"point","-17.2905","179.40433"
"http://antweb.org/api/v2/?occurrenceId=CAS:ANTWEB:casent0186022","casent0186022","formicidae","ponerinae","Anochetus","graeffei","Anochetus graeffei","","Kadavu","Fiji","","coastal forest",60,"point","-19.0775","178.121"
"http://antweb.org/api/v2/?occurrenceId=CAS:ANTWEB:casent0186028","casent0186028","formicidae","ponerinae","Anochetus","graeffei","Anochetus graeffei","","","Fiji","","lowland rainforest litter sifting",300,"point","-19.1217","177.995"
"http://antweb.org/api/v2/?occurrenceId=CAS:ANTWEB:casent0186029","casent0186029","formicidae","ponerinae","Anochetus","graeffei","Anochetus graeffei","","Namosi","Fiji","","disturbed forest",300,"point","-18.21861","178.01361"
"http://antweb.org/api/v2/?occurrenceId=CAS:ANTWEB:casent0186034","casent0186034","formicidae","ponerinae","Anochetus","graeffei","Anochetus graeffei","","Lomaiviti","Fiji","","primary rainforest in large wet log, nesting",420,"point","-17.29033","179.405"
"http://antweb.org/api/v2/?occurrenceId=CAS:ANTWEB:casent0186035","casent0186035","formicidae","ponerinae","Anochetus","graeffei","Anochetus graeffei","","Wainikeli","Fiji","","primary rainforest under stone, nesting",100,"point","-16.82833","-179.884"
"http://antweb.org/api/v2/?occurrenceId=CAS:ANTWEB:casent0186037","casent0186037","formicidae","ponerinae","Anochetus","graeffei","Anochetus graeffei","","Ba","Fiji","","disturbed forest",700,"point","-17.66667","177.5525"
"http://antweb.org/api/v2/?occurrenceId=CAS:ANTWEB:casent0186048","casent0186048","formicidae","ponerinae","Anochetus","graeffei","Anochetus graeffei","","Rewa","Fiji","","primary rainforest",300,"point","-18.01667","178.35"
"http://antweb.org/api/v2/?occurrenceId=CAS:ANTWEB:casent0186055","casent0186055","formicidae","ponerinae","Anochetus","graeffei","Anochetus graeffei","","Lau","Fiji","","coastal forest",75,"point","-18.566","179.89954"
"http://antweb.org/api/v2/?occurrenceId=CAS:ANTWEB:casent0186057","casent0186057","formicidae","ponerinae","Anochetus","graeffei","Anochetus graeffei","","Lomaiviti","Fiji","","primary rainforest litter sifting, ex. soil, leaf litter, decaying wood",465,"point","-17.29472","179.4065"
"http://antweb.org/api/v2/?occurrenceId=CAS:ANTWEB:casent0186058","casent0186058","formicidae","ponerinae","Anochetus","graeffei","Anochetus graeffei","","Lau","Fiji","","coastal forest",75,"point","-18.566","179.89954"
"http://antweb.org/api/v2/?occurrenceId=CAS:ANTWEB:casent0186059","casent0186059","formicidae","ponerinae","Anochetus","graeffei","Anochetus graeffei","","Wainikeli","Fiji","","primary rainforest under stone, nesting",100,"point","-16.82833","-179.884"
"http://antweb.org/api/v2/?occurrenceId=CAS:ANTWEB:casent0186061","casent0186061","formicidae","ponerinae","Anochetus","graeffei","Anochetus graeffei","","Cakaudrove","Fiji","","primary rainforest under stone",400,"point","-16.59275","179.7696"
"http://antweb.org/api/v2/?occurrenceId=CAS:ANTWEB:casent0186062","casent0186062","formicidae","ponerinae","Anochetus","graeffei","Anochetus graeffei","","Lomaiviti","Fiji","","primary rainforest litter sifting, ex. soil, leaf litter, decaying wood",465,"point","-17.29472","179.4065"
"http://antweb.org/api/v2/?occurrenceId=CAS:ANTWEB:casent0186068","casent0186068","formicidae","ponerinae","Anochetus","graeffei","Anochetus graeffei","","Cakaudrove","Fiji","","disturbed forest",300,"point","-16.71639","179.66333"
"http://antweb.org/api/v2/?occurrenceId=CAS:ANTWEB:casent0186070","casent0186070","formicidae","ponerinae","Anochetus","graeffei","Anochetus graeffei","","Lomaiviti","Fiji","","disturbed rainforest litter sifting, ex. soil, leaf litter, decaying wood",220,"point","-17.27533","179.37418"
"http://antweb.org/api/v2/?occurrenceId=CAS:ANTWEB:casent0186073","casent0186073","formicidae","ponerinae","Anochetus","graeffei","Anochetus graeffei","","Namosi","Fiji","","disturbed forest",300,"point","-18.21861","178.01361"
"http://antweb.org/api/v2/?occurrenceId=CAS:ANTWEB:casent0186081","casent0186081","formicidae","ponerinae","Anochetus","graeffei","Anochetus graeffei","","Namosi","Fiji","","disturbed forest",300,"point","-18.21861","178.01361"
"http://antweb.org/api/v2/?occurrenceId=CAS:ANTWEB:casent0186085","casent0186085","formicidae","ponerinae","Anochetus","graeffei","Anochetus graeffei","","Wainikeli","Fiji","","primary rainforest under stone, nesting",100,"point","-16.82833","-179.884"
"http://antweb.org/api/v2/?occurrenceId=CAS:ANTWEB:casent0186091","casent0186091","formicidae","ponerinae","Anochetus","graeffei","Anochetus graeffei","","Sera","Fiji","","disturbed forest",300,"point","-18.11","177.81667"
"http://antweb.org/api/v2/?occurrenceId=CAS:ANTWEB:casent0186100","casent0186100","formicidae","ponerinae","Anochetus","graeffei","Anochetus graeffei","","Serua","Fiji","","disturbed forest",300,"point","-18.22056","177.81667"
"http://antweb.org/api/v2/?occurrenceId=CAS:ANTWEB:casent0186101","casent0186101","formicidae","ponerinae","Anochetus","graeffei","Anochetus graeffei","","Sera","Fiji","","disturbed forest",300,"point","-18.11","177.81667"
"http://antweb.org/api/v2/?occurrenceId=CAS:ANTWEB:casent0186103","casent0186103","formicidae","ponerinae","Anochetus","graeffei","Anochetus graeffei","","Lomaiviti","Fiji","","rainforest",300,"point","-17.27222","179.38861"
"http://antweb.org/api/v2/?occurrenceId=CAS:ANTWEB:casent0186104","casent0186104","formicidae","ponerinae","Anochetus","graeffei","Anochetus graeffei","","Lomaiviti","Fiji","","disturbed rainforest under stone, nesting",115,"point","-17.26583","179.37"
"http://antweb.org/api/v2/?occurrenceId=CAS:ANTWEB:casent0186105","casent0186105","formicidae","ponerinae","Anochetus","graeffei","Anochetus graeffei","","Lomaiviti","Fiji","","primary rainforest under stone, nesting",440,"point","-17.2905","179.40433"
"http://antweb.org/api/v2/?occurrenceId=CAS:ANTWEB:casent0186106","casent0186106","formicidae","ponerinae","Anochetus","graeffei","Anochetus graeffei","","Vuda","Fiji","","disturbed forest",700,"point","-17.66667","177.56332"
"http://antweb.org/api/v2/?occurrenceId=CAS:ANTWEB:casent0186108","casent0186108","formicidae","ponerinae","Anochetus","graeffei","Anochetus graeffei","","Cakaudrove","Fiji","","primary rainforest under stone",400,"point","-16.59275","179.7696"
"http://antweb.org/api/v2/?occurrenceId=CAS:ANTWEB:casent0186111","casent0186111","formicidae","ponerinae","Anochetus","graeffei","Anochetus graeffei","","Namosi","Fiji","","disturbed forest",300,"point","-18.21861","178.01361"
"http://antweb.org/api/v2/?occurrenceId=CAS:ANTWEB:casent0186119","casent0186119","formicidae","ponerinae","Anochetus","graeffei","Anochetus graeffei","","Macuata","Fiji","","secondary forest",180,"point","-16.53319","179.01811"
"http://antweb.org/api/v2/?occurrenceId=CAS:ANTWEB:casent0186121","casent0186121","formicidae","ponerinae","Anochetus","graeffei","Anochetus graeffei","","Rewa","Fiji","","primary rainforest",300,"point","-18.01667","178.35"
"http://antweb.org/api/v2/?occurrenceId=CAS:ANTWEB:casent0186126","casent0186126","formicidae","ponerinae","Anochetus","graeffei","Anochetus graeffei","","Ba","Fiji","","disturbed forest",700,"point","-17.66667","177.5525"
"http://antweb.org/api/v2/?occurrenceId=CAS:ANTWEB:casent0186127","casent0186127","formicidae","ponerinae","Anochetus","graeffei","Anochetus graeffei","","Namosi","Fiji","","disturbed forest",300,"point","-18.21861","178.01361"
"http://antweb.org/api/v2/?occurrenceId=CAS:ANTWEB:casent0186128","casent0186128","formicidae","ponerinae","Anochetus","graeffei","Anochetus graeffei","","","Fiji","","disturbed forest",217,"point","-16.85456","-179.8895"
"http://antweb.org/api/v2/?occurrenceId=CAS:ANTWEB:casent0186139","casent0186139","formicidae","ponerinae","Anochetus","graeffei","Anochetus graeffei","","Lomaiviti","Fiji","","primary rainforest under stone, nesting",440,"point","-17.2905","179.40433"
"http://antweb.org/api/v2/?occurrenceId=CAS:ANTWEB:casent0186140","casent0186140","formicidae","ponerinae","Anochetus","graeffei","Anochetus graeffei","","Bua","Fiji","","primary rainforest",300,"point","-16.98333","178.72528"
"http://antweb.org/api/v2/?occurrenceId=CAS:ANTWEB:casent0186142","casent0186142","formicidae","ponerinae","Anochetus","graeffei","Anochetus graeffei","","","Fiji","","",300,"point","-19.1217","177.995"
"http://antweb.org/api/v2/?occurrenceId=CAS:ANTWEB:casent0186149","casent0186149","formicidae","ponerinae","Anochetus","graeffei","Anochetus graeffei","","Sera","Fiji","","disturbed forest",300,"point","-18.11","177.81667"
"http://antweb.org/api/v2/?occurrenceId=CAS:ANTWEB:casent0186152","casent0186152","formicidae","ponerinae","Anochetus","graeffei","Anochetus graeffei","","Wainikeli","Fiji","","primary rainforest under stone, nesting",100,"point","-16.82833","-179.884"
"http://antweb.org/api/v2/?occurrenceId=CAS:ANTWEB:casent0186158","casent0186158","formicidae","ponerinae","Anochetus","graeffei","Anochetus graeffei","","Ba","Fiji","","disturbed forest",700,"point","-17.66667","177.5525"
"http://antweb.org/api/v2/?occurrenceId=CAS:ANTWEB:casent0186161","casent0186161","formicidae","ponerinae","Anochetus","graeffei","Anochetus graeffei","","Cakaudrove","Fiji","","disturbed forest",300,"point","-16.46806","179.64362"
"http://antweb.org/api/v2/?occurrenceId=CAS:ANTWEB:casent0186162","casent0186162","formicidae","ponerinae","Anochetus","graeffei","Anochetus graeffei","","Wainikeli","Fiji","","primary rainforest under stone, nesting",100,"point","-16.82833","-179.884"
"http://antweb.org/api/v2/?occurrenceId=CAS:ANTWEB:casent0186172","casent0186172","formicidae","ponerinae","Anochetus","graeffei","Anochetus graeffei","","Sera","Fiji","","disturbed forest",300,"point","-18.11","177.81667"
"http://antweb.org/api/v2/?occurrenceId=CAS:ANTWEB:casent0186173","casent0186173","formicidae","ponerinae","Anochetus","graeffei","Anochetus graeffei","","Namosi","Fiji","","disturbed forest",200,"point","-18.16472","178.08945"
"http://antweb.org/api/v2/?occurrenceId=CAS:ANTWEB:casent0186184","casent0186184","formicidae","ponerinae","Anochetus","graeffei","Anochetus graeffei","","Namosi","Fiji","","primary rainforest",300,"point","-18.11667","178.25"
"http://antweb.org/api/v2/?occurrenceId=CAS:ANTWEB:casent0186188","casent0186188","formicidae","ponerinae","Anochetus","graeffei","Anochetus graeffei","","Cakaudrove","Fiji","","disturbed forest",300,"point","-16.62","179.83333"
"http://antweb.org/api/v2/?occurrenceId=CAS:ANTWEB:casent0186191","casent0186191","formicidae","ponerinae","Anochetus","graeffei","Anochetus graeffei","","Wainikeli","Fiji","","primary rainforest",160,"point","-16.82972","-179.88718"
"http://antweb.org/api/v2/?occurrenceId=CAS:ANTWEB:casent0186192","casent0186192","formicidae","ponerinae","Anochetus","graeffei","Anochetus graeffei","","Rewa","Fiji","","disturbed forest",300,"point","-18.08722","178.33139"
"http://antweb.org/api/v2/?occurrenceId=CAS:ANTWEB:casent0186194","casent0186194","formicidae","ponerinae","Anochetus","graeffei","Anochetus graeffei","","Cakaudrove","Fiji","","primary rainforest under stone",400,"point","-16.59275","179.7696"
"http://antweb.org/api/v2/?occurrenceId=CAS:ANTWEB:casent0186198","casent0186198","formicidae","ponerinae","Anochetus","graeffei","Anochetus graeffei","","Lomaiviti","Fiji","","primary rainforest litter sifting, ex. soil, leaf litter, decaying wood",465,"point","-17.29472","179.4065"
"http://antweb.org/api/v2/?occurrenceId=CAS:ANTWEB:casent0186202","casent0186202","formicidae","ponerinae","Anochetus","graeffei","Anochetus graeffei","","Lomaiviti","Fiji","","primary rainforest in large wet log, nesting",420,"point","-17.29033","179.405"
"http://antweb.org/api/v2/?occurrenceId=CAS:ANTWEB:casent0186204","casent0186204","formicidae","ponerinae","Anochetus","graeffei","Anochetus graeffei","","Cakaudrove","Fiji","","disturbed forest",300,"point","-16.46806","179.64362"
"http://antweb.org/api/v2/?occurrenceId=CAS:ANTWEB:casent0186205","casent0186205","formicidae","ponerinae","Anochetus","graeffei","Anochetus graeffei","","Namosi","Fiji","","primary rainforest",300,"point","-18.11667","178.25"
"http://antweb.org/api/v2/?occurrenceId=CAS:ANTWEB:casent0186210","casent0186210","formicidae","ponerinae","Anochetus","graeffei","Anochetus graeffei","","Naitaisri","Fiji","","primary rainforest",300,"point","-17.93361","178.26279"
"http://antweb.org/api/v2/?occurrenceId=CAS:ANTWEB:casent0186211","casent0186211","formicidae","ponerinae","Anochetus","graeffei","Anochetus graeffei","","Rewa","Fiji","","primary rainforest",200,"point","-18.08667","178.37862"
"http://antweb.org/api/v2/?occurrenceId=CAS:ANTWEB:casent0186216","casent0186216","formicidae","ponerinae","Anochetus","graeffei","Anochetus graeffei","","Cakaudrove","Fiji","","disturbed forest",300,"point","-16.68139","179.18806"
"http://antweb.org/api/v2/?occurrenceId=CAS:ANTWEB:casent0186220","casent0186220","formicidae","ponerinae","Anochetus","graeffei","Anochetus graeffei","","Serua","Fiji","","disturbed forest",300,"point","-18.22056","177.81667"
"http://antweb.org/api/v2/?occurrenceId=CAS:ANTWEB:casent0186224","casent0186224","formicidae","ponerinae","Anochetus","graeffei","Anochetus graeffei","","Lomaiviti","Fiji","","primary rainforest in large wet log, nesting",420,"point","-17.29033","179.405"
"http://antweb.org/api/v2/?occurrenceId=CAS:ANTWEB:casent0186226","casent0186226","formicidae","ponerinae","Anochetus","graeffei","Anochetus graeffei","","Namosi","Fiji","","primary rainforest",300,"point","-18.11667","178.25"
"http://antweb.org/api/v2/?occurrenceId=CAS:ANTWEB:casent0186227","casent0186227","formicidae","ponerinae","Anochetus","graeffei","Anochetus graeffei","","Wainikeli","Fiji","","primary rainforest under stone, nesting",100,"point","-16.82833","-179.884"
"http://antweb.org/api/v2/?occurrenceId=CAS:ANTWEB:casent0186228","casent0186228","formicidae","ponerinae","Anochetus","graeffei","Anochetus graeffei","","Lomaiviti","Fiji","","disturbed rainforest under stone, nesting",115,"point","-17.26583","179.37"
"http://antweb.org/api/v2/?occurrenceId=CAS:ANTWEB:casent0186234","casent0186234","formicidae","ponerinae","Anochetus","graeffei","Anochetus graeffei","","Lomaiviti","Fiji","","disturbed rainforest under stone, nesting",115,"point","-17.26583","179.37"
"http://antweb.org/api/v2/?occurrenceId=CAS:ANTWEB:casent0186238","casent0186238","formicidae","ponerinae","Anochetus","graeffei","Anochetus graeffei","","","Fiji","","disturbed forest",217,"point","-16.85456","-179.8895"
"http://antweb.org/api/v2/?occurrenceId=CAS:ANTWEB:casent0186240","casent0186240","formicidae","ponerinae","Anochetus","graeffei","Anochetus graeffei","","Cakaudrove","Fiji","","primary rainforest",300,"point","-16.8875","-179.96556"
"http://antweb.org/api/v2/?occurrenceId=CAS:ANTWEB:casent0186249","casent0186249","formicidae","ponerinae","Anochetus","graeffei","Anochetus graeffei","","Kadavu","Fiji","","coastal forest",60,"point","-19.0775","178.121"
"http://antweb.org/api/v2/?occurrenceId=CAS:ANTWEB:casent0186250","casent0186250","formicidae","ponerinae","Anochetus","graeffei","Anochetus graeffei","","Cakaudrove","Fiji","","primary rainforest under stone",400,"point","-16.59275","179.7696"
"http://antweb.org/api/v2/?occurrenceId=CAS:ANTWEB:casent0186252","casent0186252","formicidae","ponerinae","Anochetus","graeffei","Anochetus graeffei","","Ba","Fiji","","disturbed forest",700,"point","-17.66667","177.5525"
"http://antweb.org/api/v2/?occurrenceId=CAS:ANTWEB:casent0186253","casent0186253","formicidae","ponerinae","Anochetus","graeffei","Anochetus graeffei","","Wainikeli","Fiji","","primary rainforest",160,"point","-16.82972","-179.88718"
"http://antweb.org/api/v2/?occurrenceId=CAS:ANTWEB:casent0186259","casent0186259","formicidae","ponerinae","Anochetus","graeffei","Anochetus graeffei","","Macuata","Fiji","","secondary forest",180,"point","-16.53319","179.01811"
"http://antweb.org/api/v2/?occurrenceId=CAS:ANTWEB:casent0186267","casent0186267","formicidae","ponerinae","Anochetus","graeffei","Anochetus graeffei","","Cakaudrove","Fiji","","primary rainforest under stone",400,"point","-16.59275","179.7696"
"http://antweb.org/api/v2/?occurrenceId=CAS:ANTWEB:casent0186271","casent0186271","formicidae","ponerinae","Anochetus","graeffei","Anochetus graeffei","","Serua","Fiji","","disturbed forest",300,"point","-18.22056","177.81667"
"http://antweb.org/api/v2/?occurrenceId=CAS:ANTWEB:casent0186277","casent0186277","formicidae","ponerinae","Anochetus","graeffei","Anochetus graeffei","","Lomaiviti","Fiji","","disturbed rainforest litter sifting, ex. soil, leaf litter, decaying wood",220,"point","-17.27533","179.37418"
"http://antweb.org/api/v2/?occurrenceId=CAS:ANTWEB:casent0186279","casent0186279","formicidae","ponerinae","Anochetus","graeffei","Anochetus graeffei","","Kadavu","Fiji","","coastal forest in dead log, nesting",60,"point","-19.0775","178.121"
"http://antweb.org/api/v2/?occurrenceId=CAS:ANTWEB:casent0186295","casent0186295","formicidae","ponerinae","Anochetus","graeffei","Anochetus graeffei","","Wainikeli","Fiji","","primary rainforest under stone, nesting",100,"point","-16.82833","-179.884"
"http://antweb.org/api/v2/?occurrenceId=CAS:ANTWEB:casent0186299","casent0186299","formicidae","ponerinae","Anochetus","graeffei","Anochetus graeffei","","Lomaiviti","Fiji","","disturbed rainforest under stone, nesting",115,"point","-17.26583","179.37"
"http://antweb.org/api/v2/?occurrenceId=CAS:ANTWEB:casent0186301","casent0186301","formicidae","ponerinae","Anochetus","graeffei","Anochetus graeffei","","Lau","Fiji","","coastal forest",75,"point","-18.566","179.89954"
"http://antweb.org/api/v2/?occurrenceId=CAS:ANTWEB:casent0186302","casent0186302","formicidae","ponerinae","Anochetus","graeffei","Anochetus graeffei","","Ba","Fiji","","disturbed forest",700,"point","-17.66667","177.5525"
"http://antweb.org/api/v2/?occurrenceId=CAS:ANTWEB:casent0186305","casent0186305","formicidae","ponerinae","Anochetus","graeffei","Anochetus graeffei","","Macuata","Fiji","","secondary forest in log, nesting",180,"point","-16.53319","179.01811"
"http://antweb.org/api/v2/?occurrenceId=CAS:ANTWEB:casent0186306","casent0186306","formicidae","ponerinae","Anochetus","graeffei","Anochetus graeffei","","Namosi","Fiji","","primary rainforest",300,"point","-18.11667","178.25"
"http://antweb.org/api/v2/?occurrenceId=CAS:ANTWEB:casent0186314","casent0186314","formicidae","ponerinae","Anochetus","graeffei","Anochetus graeffei","","Kadavu","Fiji","","coastal forest in dead log, nesting",60,"point","-19.0775","178.121"
"http://antweb.org/api/v2/?occurrenceId=CAS:ANTWEB:casent0186317","casent0186317","formicidae","ponerinae","Anochetus","graeffei","Anochetus graeffei","","Lomaiviti","Fiji","","primary rainforest under stone, nesting",420,"point","-17.29033","179.405"
"http://antweb.org/api/v2/?occurrenceId=CAS:ANTWEB:casent0186319","casent0186319","formicidae","ponerinae","Anochetus","graeffei","Anochetus graeffei","","Lomaiviti","Fiji","","primary rainforest under stone, nesting",420,"point","-17.29033","179.405"
"http://antweb.org/api/v2/?occurrenceId=CAS:ANTWEB:casent0186327","casent0186327","formicidae","ponerinae","Anochetus","graeffei","Anochetus graeffei","","Wainikeli","Fiji","","primary rainforest under stone, nesting",100,"point","-16.82833","-179.884"
"http://antweb.org/api/v2/?occurrenceId=CAS:ANTWEB:casent0186330","casent0186330","formicidae","ponerinae","Anochetus","graeffei","Anochetus graeffei","","Cakaudrove","Fiji","","primary rainforest under stone",400,"point","-16.59275","179.7696"
"http://antweb.org/api/v2/?occurrenceId=CAS:ANTWEB:casent0186332","casent0186332","formicidae","ponerinae","Anochetus","graeffei","Anochetus graeffei","","Macuata","Fiji","","secondary forest in log, nesting",180,"point","-16.53319","179.01811"
"http://antweb.org/api/v2/?occurrenceId=CAS:ANTWEB:casent0186340","casent0186340","formicidae","ponerinae","Anochetus","graeffei","Anochetus graeffei","","Kadavu","Fiji","","coastal forest in dead log, nesting",60,"point","-19.0775","178.121"
"http://antweb.org/api/v2/?occurrenceId=CAS:ANTWEB:casent0186353","casent0186353","formicidae","ponerinae","Anochetus","graeffei","Anochetus graeffei","","Kadavu","Fiji","","coastal forest in dead log, nesting",60,"point","-19.0775","178.121"
"http://antweb.org/api/v2/?occurrenceId=CAS:ANTWEB:casent0186368","casent0186368","formicidae","ponerinae","Anochetus","graeffei","Anochetus graeffei","","Macuata","Fiji","","secondary forest in log, nesting",180,"point","-16.53319","179.01811"
"http://antweb.org/api/v2/?occurrenceId=CAS:ANTWEB:casent0186369","casent0186369","formicidae","ponerinae","Anochetus","graeffei","Anochetus graeffei","","Cakaudrove","Fiji","","logged forest",270,"point","-16.66848","179.00598"
"http://antweb.org/api/v2/?occurrenceId=CAS:ANTWEB:casent0186370","casent0186370","formicidae","ponerinae","Anochetus","graeffei","Anochetus graeffei","","Macuata","Fiji","","secondary forest",180,"point","-16.53319","179.01811"
"http://antweb.org/api/v2/?occurrenceId=CAS:ANTWEB:casent0186373","casent0186373","formicidae","ponerinae","Anochetus","graeffei","Anochetus graeffei","","Kadavu","Fiji","","coastal forest",60,"point","-19.0775","178.121"
"http://antweb.org/api/v2/?occurrenceId=CAS:ANTWEB:casent0186381","casent0186381","formicidae","ponerinae","Anochetus","graeffei","Anochetus graeffei","","Kadavu","Fiji","","coastal forest in dead log, nesting",60,"point","-19.0775","178.121"
"http://antweb.org/api/v2/?occurrenceId=CAS:ANTWEB:casent0186383","casent0186383","formicidae","ponerinae","Anochetus","graeffei","Anochetus graeffei","","Lomaiviti","Fiji","","rainforest",300,"point","-17.27222","179.38861"
"http://antweb.org/api/v2/?occurrenceId=CAS:ANTWEB:casent0186392","casent0186392","formicidae","ponerinae","Anochetus","graeffei","Anochetus graeffei","","Wainikeli","Fiji","","primary rainforest",160,"point","-16.82972","-179.88718"
"http://antweb.org/api/v2/?occurrenceId=CAS:ANTWEB:casent0186397","casent0186397","formicidae","ponerinae","Anochetus","graeffei","Anochetus graeffei","","Lau","Fiji","","coastal forest",75,"point","-18.566","179.89954"
"http://antweb.org/api/v2/?occurrenceId=CAS:ANTWEB:casent0186399","casent0186399","formicidae","ponerinae","Anochetus","graeffei","Anochetus graeffei","","","Fiji","","disturbed forest",235,"point","-16.85472","-179.89165"
"http://antweb.org/api/v2/?occurrenceId=CAS:ANTWEB:casent0186400","casent0186400","formicidae","ponerinae","Anochetus","graeffei","Anochetus graeffei","","Cakaudrove","Fiji","","secondary forest",391,"point","-16.5505","179.31236"
"http://antweb.org/api/v2/?occurrenceId=CAS:ANTWEB:casent0186401","casent0186401","formicidae","ponerinae","Anochetus","graeffei","Anochetus graeffei","","Kadavu","Fiji","","coastal forest in dead log, nesting",60,"point","-19.0775","178.121"
"http://antweb.org/api/v2/?occurrenceId=CAS:ANTWEB:casent0186416","casent0186416","formicidae","ponerinae","Anochetus","graeffei","Anochetus graeffei","","Lomaiviti","Fiji","","primary rainforest under stone, nesting",420,"point","-17.29033","179.405"
"http://antweb.org/api/v2/?occurrenceId=CAS:ANTWEB:casent0186420","casent0186420","formicidae","ponerinae","Anochetus","graeffei","Anochetus graeffei","","Cakaudrove","Fiji","","secondary forest",391,"point","-16.5505","179.31236"
"http://antweb.org/api/v2/?occurrenceId=CAS:ANTWEB:casent0186421","casent0186421","formicidae","ponerinae","Anochetus","graeffei","Anochetus graeffei","","Ba","Fiji","","disturbed forest",700,"point","-17.66667","177.5525"
"http://antweb.org/api/v2/?occurrenceId=CAS:ANTWEB:casent0186426","casent0186426","formicidae","ponerinae","Anochetus","graeffei","Anochetus graeffei","","Cakaudrove","Fiji","","secondary forest",391,"point","-16.5505","179.31236"
"http://antweb.org/api/v2/?occurrenceId=CAS:ANTWEB:casent0186429","casent0186429","formicidae","ponerinae","Anochetus","graeffei","Anochetus graeffei","","Lomaiviti","Fiji","","primary rainforest litter sifting, ex. soil, leaf litter, decaying wood",465,"point","-17.29472","179.4065"
"http://antweb.org/api/v2/?occurrenceId=CAS:ANTWEB:casent0186432","casent0186432","formicidae","ponerinae","Anochetus","graeffei","Anochetus graeffei","","Cakaudrove","Fiji","","primary rainforest under stone",400,"point","-16.59275","179.7696"
"http://antweb.org/api/v2/?occurrenceId=CAS:ANTWEB:casent0186434","casent0186434","formicidae","ponerinae","Anochetus","graeffei","Anochetus graeffei","","Cakaudrove","Fiji","","primary rainforest under stone",400,"point","-16.59275","179.7696"
"http://antweb.org/api/v2/?occurrenceId=CAS:ANTWEB:casent0186437","casent0186437","formicidae","ponerinae","Anochetus","graeffei","Anochetus graeffei","","Bua","Fiji","","primary rainforest on ground, foraging",152,"point","-16.80383","178.98643"
"http://antweb.org/api/v2/?occurrenceId=CAS:ANTWEB:casent0186441","casent0186441","formicidae","ponerinae","Anochetus","graeffei","Anochetus graeffei","","Kadavu","Fiji","","coastal forest",60,"point","-19.0775","178.121"
"http://antweb.org/api/v2/?occurrenceId=CAS:ANTWEB:casent0186442","casent0186442","formicidae","ponerinae","Anochetus","graeffei","Anochetus graeffei","","Lomaiviti","Fiji","","disturbed rainforest litter sifting, ex. soil, leaf litter, decaying wood",220,"point","-17.27533","179.37418"
"http://antweb.org/api/v2/?occurrenceId=CAS:ANTWEB:casent0186946","casent0186946","formicidae","ponerinae","Anochetus","graeffei","Anochetus graeffei","","","Fiji","","Pandanus Casaurina forest",55,"point","-18.16936","177.4847"
"http://antweb.org/api/v2/?occurrenceId=CAS:ANTWEB:casent0194565","casent0194565","formicidae","ponerinae","Anochetus","graeffei","Anochetus graeffei","","Lomaiviti","Fiji","","primary rainforest under stone, nesting",420,"point","-17.29033","179.405"
"http://antweb.org/api/v2/?occurrenceId=CAS:ANTWEB:casent0194579","casent0194579","formicidae","ponerinae","Anochetus","graeffei","Anochetus graeffei","","Lomaiviti","Fiji","","primary rainforest under stone, nesting",420,"point","-17.29033","179.405"
"http://antweb.org/api/v2/?occurrenceId=CAS:ANTWEB:casent0194580","casent0194580","formicidae","ponerinae","Anochetus","graeffei","Anochetus graeffei","","Lomaiviti","Fiji","","primary rainforest under stone, nesting",420,"point","-17.29033","179.405"
"http://antweb.org/api/v2/?occurrenceId=CAS:ANTWEB:casent0194590","casent0194590","formicidae","ponerinae","Anochetus","graeffei","Anochetus graeffei","","Wainikeli","Fiji","","primary rainforest under stone, nesting",100,"point","-16.82833","-179.884"
"http://antweb.org/api/v2/?occurrenceId=CAS:ANTWEB:casent0199788","casent0199788","formicidae","ponerinae","Anochetus","graeffei","Anochetus graeffei","","Makira-Ulawa","Solomon Islands","2011-12-31","1 rainforest under stone",724,"point","-10.575","161.90668"
"http://antweb.org/api/v2/?occurrenceId=CAS:ANTWEB:casent0260494","casent0260494","formicidae","ponerinae","Anochetus","graeffei","Anochetus graeffei","","Queensland","Australia","","Eucalyptus woodland under log",10,"point","-16.67067","145.56818"
"http://antweb.org/api/v2/?occurrenceId=CAS:ANTWEB:casent0616695","casent0616695","formicidae","ponerinae","Anochetus","graeffei","Anochetus graeffei","","Sabah","Malaysia","2011-02-22","tropical rainforest ex sifted leaf litter",515,"point","4.94447","117.78392"
"http://antweb.org/api/v2/?occurrenceId=CAS:ANTWEB:casent0635380","casent0635380","formicidae","ponerinae","Anochetus","graeffei","Anochetus graeffei","","Sabah","Malaysia","2014-10-01","mature wet forest ex sifted leaf litter",240,"point","4.74332","116.97303"
"http://antweb.org/api/v2/?occurrenceId=CAS:ANTWEB:casent0715882","casent0715882","formicidae","ponerinae","Anochetus","graeffei","Anochetus graeffei","","Yunnan","China","","Rubber plantation",705,"point","21.857666","101.27695"
"http://antweb.org/api/v2/?occurrenceId=CAS:ANTWEB:casent0715883","casent0715883","formicidae","ponerinae","Anochetus","graeffei","Anochetus graeffei","","Yunnan","China","","Rubber plantation",705,"point","21.857666","101.27695"
"http://antweb.org/api/v2/?occurrenceId=CAS:ANTWEB:casent0715884","casent0715884","formicidae","ponerinae","Anochetus","graeffei","Anochetus graeffei","","Yunnan","China","","limestone rain forest",640,"point","21.911806","101.282196"
"http://antweb.org/api/v2/?occurrenceId=CAS:ANTWEB:casent0715885","casent0715885","formicidae","ponerinae","Anochetus","graeffei","Anochetus graeffei","","Yunnan","China","","limestone rain forest",640,"point","21.911806","101.282196"
"http://antweb.org/api/v2/?occurrenceId=CAS:ANTWEB:casent0715886","casent0715886","formicidae","ponerinae","Anochetus","graeffei","Anochetus graeffei","","Yunnan","China","","2nd Generation Rubber plantation",600,"point","21.8875","101.265945"
"http://antweb.org/api/v2/?occurrenceId=CAS:ANTWEB:casent0715887","casent0715887","formicidae","ponerinae","Anochetus","graeffei","Anochetus graeffei","","Yunnan","China","","Rubber plantation",645,"point","21.930695","101.26945"
"http://antweb.org/api/v2/?occurrenceId=CAS:ANTWEB:casent0746666","casent0746666","formicidae","ponerinae","Anochetus","graeffei","Anochetus graeffei","","Queensland","Australia","","gum forest",762,NA,NA,NA
"http://antweb.org/api/v2/?occurrenceId=CAS:ANTWEB:casent0746667","casent0746667","formicidae","ponerinae","Anochetus","graeffei","Anochetus graeffei","","","India","","",1219,NA,NA,NA
"http://antweb.org/api/v2/?occurrenceId=CAS:ANTWEB:casent0903977","casent0903977","formicidae","ponerinae","Anochetus","graeffei","Anochetus graeffei","syntype of Anochetus punctiventris oceanicus","","New Caledonia","","",NA,NA,NA,NA
"http://antweb.org/api/v2/?occurrenceId=CAS:ANTWEB:casent0903978","casent0903978","formicidae","ponerinae","Anochetus","graeffei","Anochetus graeffei","syntype of Anochetus rudis","","Myanmar","","",NA,NA,NA,NA
"http://antweb.org/api/v2/?occurrenceId=CAS:ANTWEB:casent0907409","casent0907409","formicidae","ponerinae","Anochetus","graeffei","Anochetus graeffei","syntype of Anochetus punctiventris taylori","Tamil Nadu","India","","",NA,NA,NA,NA
"http://antweb.org/api/v2/?occurrenceId=CAS:ANTWEB:casent0915156","casent0915156","formicidae","ponerinae","Anochetus","graeffei","Anochetus graeffei","syntype of Anochetus minutus","","Malaysia","","",NA,NA,NA,NA
"http://antweb.org/api/v2/?occurrenceId=CAS:ANTWEB:casent0915887","casent0915887","formicidae","ponerinae","Anochetus","graeffei","Anochetus graeffei","Lectotype of Anochetus graeffei","","Samoa","","",NA,NA,NA,NA
"http://antweb.org/api/v2/?occurrenceId=CAS:ANTWEB:casent0915888","casent0915888","formicidae","ponerinae","Anochetus","graeffei","Anochetus graeffei","syntype of Anochetus punctiventris","West Bengal","India","","",NA,NA,NA,NA
"http://antweb.org/api/v2/?occurrenceId=CAS:ANTWEB:csironc0006","csironc0006","formicidae","ponerinae","Anochetus","graeffei","Anochetus graeffei","","Northern","New Caledonia","","primary rainforest litter",313,"point","-21.188944","165.26172"
"http://antweb.org/api/v2/?occurrenceId=CAS:ANTWEB:fmnhins0000052048","fmnhins0000052048","formicidae","ponerinae","Anochetus","graeffei","Anochetus graeffei","","","","","lots of T. albipes, no A. gracilipes great looking mushroom stinkhorn at N07 35.967 E134 33.957 some all-yellow tetramorium on top feeding",NA,NA,NA,NA
"http://antweb.org/api/v2/?occurrenceId=CAS:ANTWEB:fmnhins0000052070","fmnhins0000052070","formicidae","ponerinae","Anochetus","graeffei","Anochetus graeffei","","","","","on first rise near road, still plenty of Anoplolepis collected for 1hr.",NA,NA,NA,NA
"http://antweb.org/api/v2/?occurrenceId=CAS:ANTWEB:fmnhins0000052130","fmnhins0000052130","formicidae","ponerinae","Anochetus","graeffei","Anochetus graeffei","","","","","Davis-sifting birds-nest ferns incidental collections Solitary queen camponotus chloroticus alone in 1st birdsnest fern same one as I got the small, dark pheidole from C. chloroticus nest males",NA,NA,NA,NA
"http://antweb.org/api/v2/?occurrenceId=CAS:ANTWEB:fmnhins0000052144","fmnhins0000052144","formicidae","ponerinae","Anochetus","graeffei","Anochetus graeffei","","","","","Davis-sifting for about 1 hr, 5-6pm, fairly healthy forest big phicus, birdsnest ferns, Neisosperma, not so many Anoplolepis as on the S. side, but still a lot. some nest in birdsnest fern roots",NA,NA,NA,NA
"http://antweb.org/api/v2/?occurrenceId=CAS:ANTWEB:fmnhins0000052165","fmnhins0000052165","formicidae","ponerinae","Anochetus","graeffei","Anochetus graeffei","","","","","secondary agroforest lots of coconut, sandy soil, davis-sifting, PB bait, incidental collections 1hr.",NA,NA,NA,NA
"http://antweb.org/api/v2/?occurrenceId=CAS:ANTWEB:fmnhins0000052174","fmnhins0000052174","formicidae","ponerinae","Anochetus","graeffei","Anochetus graeffei","","","","","same as above, but for the next hour",NA,NA,NA,NA
"http://antweb.org/api/v2/?occurrenceId=CAS:ANTWEB:fmnhins0000052272","fmnhins0000052272","formicidae","ponerinae","Anochetus","graeffei","Anochetus graeffei","","","","","upland forest litter, SE edge of swamp forest",NA,NA,NA,NA
"http://antweb.org/api/v2/?occurrenceId=CAS:ANTWEB:fmnhins0000052333","fmnhins0000052333","formicidae","ponerinae","Anochetus","graeffei","Anochetus graeffei","","","","","- leaf litter 7cm deep",NA,NA,NA,NA
"http://antweb.org/api/v2/?occurrenceId=CAS:ANTWEB:fmnhins0000052486","fmnhins0000052486","formicidae","ponerinae","Anochetus","graeffei","Anochetus graeffei","","","","","along trail to waterfall",NA,NA,NA,NA
"http://antweb.org/api/v2/?occurrenceId=CAS:ANTWEB:fmnhins0000052817","fmnhins0000052817","formicidae","ponerinae","Anochetus","graeffei","Anochetus graeffei","","","","","old growth beginning of zone UP2H Camponotus maculates-group nest same stick in trail, as T. albipes nest, lots of T. albipes",189,NA,NA,NA
"http://antweb.org/api/v2/?occurrenceId=CAS:ANTWEB:fmnhins0000052899","fmnhins0000052899","formicidae","ponerinae","Anochetus","graeffei","Anochetus graeffei","","","","","Secondary Forest, disturbed, morning after heavy rain 2cm deep leaf litter Anoplolepis seen foraging nearby",NA,NA,NA,NA
"http://antweb.org/api/v2/?occurrenceId=CAS:ANTWEB:fmnhins0000064027","fmnhins0000064027","formicidae","ponerinae","Anochetus","graeffei","Anochetus graeffei","","","","","same as 3 last time Davis-sifting",NA,NA,NA,NA
"http://antweb.org/api/v2/?occurrenceId=CAS:ANTWEB:fmnhins0000064114","fmnhins0000064114","formicidae","ponerinae","Anochetus","graeffei","Anochetus graeffei","","","","","on first rise near road, still plenty of Anoplolepis collected for 1hr.",NA,NA,NA,NA
"http://antweb.org/api/v2/?occurrenceId=CAS:ANTWEB:fmnhins0000064123","fmnhins0000064123","formicidae","ponerinae","Anochetus","graeffei","Anochetus graeffei","","","","","2 - - in a saddle, moister than last site, 1hr collection",NA,NA,NA,NA
"http://antweb.org/api/v2/?occurrenceId=CAS:ANTWEB:fmnhins0000064144","fmnhins0000064144","formicidae","ponerinae","Anochetus","graeffei","Anochetus graeffei","","","","","ridge top, still lots of Anoplolepis",NA,NA,NA,NA
"http://antweb.org/api/v2/?occurrenceId=CAS:ANTWEB:fmnhins0000064306","fmnhins0000064306","formicidae","ponerinae","Anochetus","graeffei","Anochetus graeffei","","","","","Forest off road, some great big Phicus trees, a few birds nest ferns Davis-sifting, incidental collections, and PB bait. lots of Anoplolepis found Pyramica twice, once in Davis-sifted leaves/rottin",NA,NA,NA,NA
"http://antweb.org/api/v2/?occurrenceId=CAS:ANTWEB:fmnhins0000064332","fmnhins0000064332","formicidae","ponerinae","Anochetus","graeffei","Anochetus graeffei","","","","","Davis-sifted, incidental collections heard a solitary bib 3-4 times while sampling. No Answer. Also heard saw monkey",NA,NA,NA,NA
"http://antweb.org/api/v2/?occurrenceId=CAS:ANTWEB:fmnhins0000064350","fmnhins0000064350","formicidae","ponerinae","Anochetus","graeffei","Anochetus graeffei","","","","","Davis-sifting near site 4 5 from last time",NA,NA,NA,NA
"http://antweb.org/api/v2/?occurrenceId=CAS:ANTWEB:fmnhins0000064612","fmnhins0000064612","formicidae","ponerinae","Anochetus","graeffei","Anochetus graeffei","","","","","Anochetus under log near benches by state house also PB baiting around state house area, incidental collections",NA,NA,NA,NA
"http://antweb.org/api/v2/?occurrenceId=CAS:ANTWEB:fmnhins0000064662","fmnhins0000064662","formicidae","ponerinae","Anochetus","graeffei","Anochetus graeffei","","","","","More davis-sifting and incidental collecting, davis-sifted some birds-nest ferns",NA,NA,NA,NA
"http://antweb.org/api/v2/?occurrenceId=CAS:ANTWEB:fmnhins0000064698","fmnhins0000064698","formicidae","ponerinae","Anochetus","graeffei","Anochetus graeffei","","","","","Davis-sifting chopped up Neisosperma fruits old other litter, incidental collections sandy soil",NA,NA,NA,NA
"http://antweb.org/api/v2/?occurrenceId=CAS:ANTWEB:fmnhins0000064712","fmnhins0000064712","formicidae","ponerinae","Anochetus","graeffei","Anochetus graeffei","","","","","Davis-sifting birds-nest ferns incidental collections Solitary queen camponotus chloroticus alone in 1st birdsnest fern same one as I got the small, dark pheidole from C. chloroticus nest males",NA,NA,NA,NA
"http://antweb.org/api/v2/?occurrenceId=CAS:ANTWEB:fmnhins0000064788","fmnhins0000064788","formicidae","ponerinae","Anochetus","graeffei","Anochetus graeffei","","","","","Davis-sifting for about 1 hr, 5-6pm, fairly healthy forest big phicus, birdsnest ferns, Neisosperma, not so many Anoplolepis as on the S. side, but still a lot. some nest in birdsnest fern roots",NA,NA,NA,NA
"http://antweb.org/api/v2/?occurrenceId=CAS:ANTWEB:fmnhins0000064848","fmnhins0000064848","formicidae","ponerinae","Anochetus","graeffei","Anochetus graeffei","","","","","incidental collections, Davis-sifting near north end of island. No A. gracilipes",NA,NA,NA,NA
"http://antweb.org/api/v2/?occurrenceId=CAS:ANTWEB:fmnhins0000064921","fmnhins0000064921","formicidae","ponerinae","Anochetus","graeffei","Anochetus graeffei","","","","","secondary agroforest lots of coconut, sandy soil, davis-sifting, PB bait, incidental collections 1hr.",NA,NA,NA,NA
"http://antweb.org/api/v2/?occurrenceId=CAS:ANTWEB:fmnhins0000064933","fmnhins0000064933","formicidae","ponerinae","Anochetus","graeffei","Anochetus graeffei","","","","","some big Phicus trees around, good leaf litter some birds nest ferns not very strongly agroforest, but a few breadfruit trees around",NA,NA,NA,NA
"http://antweb.org/api/v2/?occurrenceId=CAS:ANTWEB:fmnhins0000064944","fmnhins0000064944","formicidae","ponerinae","Anochetus","graeffei","Anochetus graeffei","","","","","davis-sifting/incidentals up on the ridge typical rock island veg, incl. birds nest ferns. Lots of T. albipes around 1hr.",NA,NA,NA,NA
"http://antweb.org/api/v2/?occurrenceId=CAS:ANTWEB:fmnhins0000064973","fmnhins0000064973","formicidae","ponerinae","Anochetus","graeffei","Anochetus graeffei","","","","","Davis-sifting incidentals 1 hr. secondary forest, just off dirt rd. nest of funny poneroid in big log.",NA,NA,NA,NA
"http://antweb.org/api/v2/?occurrenceId=CAS:ANTWEB:fmnhins0000065039","fmnhins0000065039","formicidae","ponerinae","Anochetus","graeffei","Anochetus graeffei","","","","","",NA,NA,NA,NA
"http://antweb.org/api/v2/?occurrenceId=CAS:ANTWEB:fmnhins0000065043","fmnhins0000065043","formicidae","ponerinae","Anochetus","graeffei","Anochetus graeffei","","","","","upland forest near dirt road",NA,NA,NA,NA
"http://antweb.org/api/v2/?occurrenceId=CAS:ANTWEB:fmnhins0000065049","fmnhins0000065049","formicidae","ponerinae","Anochetus","graeffei","Anochetus graeffei","","","","","secondary upland forest Pandanus",NA,NA,NA,NA
"http://antweb.org/api/v2/?occurrenceId=CAS:ANTWEB:fmnhins0000065055","fmnhins0000065055","formicidae","ponerinae","Anochetus","graeffei","Anochetus graeffei","","","","","secondary swamp forest near NE coast of lake",NA,NA,NA,NA
"http://antweb.org/api/v2/?occurrenceId=CAS:ANTWEB:fmnhins0000065534","fmnhins0000065534","formicidae","ponerinae","Anochetus","graeffei","Anochetus graeffei","","","","","- leaf litter 7cm deep",NA,NA,NA,NA
"http://antweb.org/api/v2/?occurrenceId=CAS:ANTWEB:fmnhins0000106325","fmnhins0000106325","formicidae","ponerinae","Anochetus","graeffei","Anochetus graeffei","","","","","",NA,NA,NA,NA
"http://antweb.org/api/v2/?occurrenceId=CAS:ANTWEB:fmnhins0000122313","fmnhins0000122313","formicidae","ponerinae","Anochetus","graeffei","Anochetus graeffei","","","","","moist area",NA,NA,NA,NA
"http://antweb.org/api/v2/?occurrenceId=CAS:ANTWEB:fmnhins0002821919","fmnhins0002821919","formicidae","ponerinae","Anochetus","graeffei","Anochetus graeffei","","","","2014-01-01","edge of Sungai strm.",305,NA,NA,NA
"http://antweb.org/api/v2/?occurrenceId=CAS:ANTWEB:fmnhins0002821920","fmnhins0002821920","formicidae","ponerinae","Anochetus","graeffei","Anochetus graeffei","","","","2014-01-01","edge of Sungai strm.",305,NA,NA,NA
"http://antweb.org/api/v2/?occurrenceId=CAS:ANTWEB:jtlc000000406","jtlc000000406","formicidae","ponerinae","Anochetus","graeffei","Anochetus graeffei","","Goa","India","2001-10-16","2ndgrowth veg.",50,"point","15.55","73.76667"
"http://antweb.org/api/v2/?occurrenceId=CAS:ANTWEB:jtlc000000407","jtlc000000407","formicidae","ponerinae","Anochetus","graeffei","Anochetus graeffei","","Goa","India","2001-10-16","2ndgrowth veg.",50,"point","15.55","73.76667"
"http://antweb.org/api/v2/?occurrenceId=CAS:ANTWEB:jtlc000000506","jtlc000000506","formicidae","ponerinae","Anochetus","graeffei","Anochetus graeffei","","Goa","India","2001-10-16","2ndgrowth veg.",50,"point","15.55","73.76667"
"http://antweb.org/api/v2/?occurrenceId=CAS:ANTWEB:jtlc000000508","jtlc000000508","formicidae","ponerinae","Anochetus","graeffei","Anochetus graeffei","","Goa","India","2001-10-16","2ndgrowth veg.",50,"point","15.55","73.76667"
"http://antweb.org/api/v2/?occurrenceId=CAS:ANTWEB:jtlc000006830","jtlc000006830","formicidae","ponerinae","Anochetus","graeffei","Anochetus graeffei","","Queensland","Australia","2006-09-05","riparian forest ex sifted leaf litter",400,"point","-16.92145","145.58543"
"http://antweb.org/api/v2/?occurrenceId=CAS:ANTWEB:jtlc000008579","jtlc000008579","formicidae","ponerinae","Anochetus","graeffei","Anochetus graeffei","","Queensland","Australia","2006-08-18","lowland wet forest ex sifted leaf litter",50,"point","-16.81222","145.68611"
