"url","catalogNumber","family","subfamily","genus","specificEpithet","scientific_name","typeStatus","stateProvince","country","dateIdentified","habitat","minimumElevationInMeters","geojson.type","decimal_latitude","decimal_longitude"
"http://antweb.org/api/v2/?occurrenceId=CAS:ANTWEB:anic32-016955","anic32-016955","formicidae","ponerinae","Anochetus","pellucidus","Anochetus pellucidus","","","Ghana","","",NA,"point","6.21667","-0.366667"
"http://antweb.org/api/v2/?occurrenceId=CAS:ANTWEB:anic32-016956","anic32-016956","formicidae","ponerinae","Anochetus","pellucidus","Anochetus pellucidus","","Eastern Reg.","Ghana","","",NA,NA,NA,NA
"http://antweb.org/api/v2/?occurrenceId=CAS:ANTWEB:casent0010767","casent0010767","formicidae","ponerinae","Anochetus","pellucidus","Anochetus pellucidus","","Ogooue-Maritime","Gabon","2004-03-09","rainforest",640,"point","-2.2275","10.3945"
"http://antweb.org/api/v2/?occurrenceId=CAS:ANTWEB:casent0178260","casent0178260","formicidae","ponerinae","Anochetus","pellucidus","Anochetus pellucidus","","Western","Kenya","2003-12-31","",1600,"point","0.27","34.88"
"http://antweb.org/api/v2/?occurrenceId=CAS:ANTWEB:casent0403592","casent0403592","formicidae","ponerinae","Anochetus","pellucidus","Anochetus pellucidus","","Prefecture Sangha-Mba r","Central African Republic","2004-03-09","rainforest",360,"point","2.37067","16.1725"
"http://antweb.org/api/v2/?occurrenceId=CAS:ANTWEB:casent0746764","casent0746764","formicidae","ponerinae","Anochetus","pellucidus","Anochetus pellucidus","","Ogooue-Maritime","Gabon","","rainforest sifted litter leaf mold, rotten wood",630,"point","-2.23283","10.398"
"http://antweb.org/api/v2/?occurrenceId=CAS:ANTWEB:casent0903982","casent0903982","formicidae","ponerinae","Anochetus","pellucidus","Anochetus pellucidus","syntype of Anochetus pellucidus","","Cameroon","","",NA,NA,NA,NA
"http://antweb.org/api/v2/?occurrenceId=CAS:ANTWEB:casent0915165","casent0915165","formicidae","ponerinae","Anochetus","pellucidus","Anochetus pellucidus","syntype of Anochetus pellucidus aurifrons","","Congo","","",NA,NA,NA,NA
