"url","catalogNumber","family","subfamily","genus","specificEpithet","scientific_name","typeStatus","stateProvince","country","dateIdentified","habitat","minimumElevationInMeters","geojson.type","decimal_latitude","decimal_longitude"
"http://antweb.org/api/v2/?occurrenceId=CAS:ANTWEB:casent0235363","casent0235363","formicidae","ponerinae","Anochetus","obscuratus","Anochetus obscuratus","","Morogoro","Tanzania","2010-12-31","primary forest leaf litter",700,"point","-6.89388","37.90414"
"http://antweb.org/api/v2/?occurrenceId=CAS:ANTWEB:casent0250427","casent0250427","formicidae","ponerinae","Anochetus","obscuratus","Anochetus obscuratus","","Morogoro","Tanzania","2010-12-31","primary forest",700,"point","-6.89388","37.90414"
"http://antweb.org/api/v2/?occurrenceId=CAS:ANTWEB:casent0250428","casent0250428","formicidae","ponerinae","Anochetus","obscuratus","Anochetus obscuratus","","Morogoro","Tanzania","2010-12-31","primary forest",700,"point","-6.89388","37.90414"
"http://antweb.org/api/v2/?occurrenceId=CAS:ANTWEB:casent0250429","casent0250429","formicidae","ponerinae","Anochetus","obscuratus","Anochetus obscuratus","","Pwani","Tanzania","2010-12-31","primary forest",499,"point","-8.23889","38.65023"
"http://antweb.org/api/v2/?occurrenceId=CAS:ANTWEB:casent0250430","casent0250430","formicidae","ponerinae","Anochetus","obscuratus","Anochetus obscuratus","","Lindi","Tanzania","2010-12-31","primary forest",870,"point","-10.11569","39.18858"
"http://antweb.org/api/v2/?occurrenceId=CAS:ANTWEB:casent0403746","casent0403746","formicidae","ponerinae","Anochetus","obscuratus","Anochetus obscuratus","","Prefecture Sangha-Mba r","Central African Republic","2004-03-09","rainforest ex rotten log",420,"point","3.005","16.19333"
"http://antweb.org/api/v2/?occurrenceId=CAS:ANTWEB:casent0915163","casent0915163","formicidae","ponerinae","Anochetus","obscuratus","Anochetus obscuratus","syntype of Anochetus madagascarensis obscurata","","Tanzania","","",NA,NA,NA,NA
"http://antweb.org/api/v2/?occurrenceId=CAS:ANTWEB:casent0915164","casent0915164","formicidae","ponerinae","Anochetus","obscuratus","Anochetus obscuratus","syntype of Anochetus schoutedeni ustus","","Democratic Republic of Congo","","",NA,NA,NA,NA
"http://antweb.org/api/v2/?occurrenceId=CAS:ANTWEB:rmcaent000017741","rmcaent000017741","formicidae","ponerinae","Anochetus","obscuratus","Anochetus obscuratus","syntype of Anochetus schoutedeni","","Democratic Republic of Congo","","",NA,NA,NA,NA
"http://antweb.org/api/v2/?occurrenceId=CAS:ANTWEB:rmcaent000017742","rmcaent000017742","formicidae","ponerinae","Anochetus","obscuratus","Anochetus obscuratus","syntype of Anochetus schoutedeni ustus","","Democratic Republic of Congo","","",NA,NA,NA,NA
"http://antweb.org/api/v2/?occurrenceId=CAS:ANTWEB:sam-hym-c009619","sam-hym-c009619","formicidae","ponerinae","Anochetus","obscuratus","Anochetus obscuratus","","","Tanzania","1997-12-31","forest: montane",NA,"point","-3.91667","37.76667"
"http://antweb.org/api/v2/?occurrenceId=CAS:ANTWEB:sam-hym-c010189a","sam-hym-c010189a","formicidae","ponerinae","Anochetus","obscuratus","Anochetus obscuratus","","","Tanzania","1997-12-31","forest: montane on forest fringe",NA,"point","-3.91667","37.76667"
