"url","catalogNumber","family","subfamily","genus","specificEpithet","scientific_name","typeStatus","stateProvince","country","dateIdentified","habitat","minimumElevationInMeters","geojson.type","decimal_latitude","decimal_longitude"
"http://antweb.org/api/v2/?occurrenceId=CAS:ANTWEB:anic32-015788","anic32-015788","formicidae","ponerinae","Anochetus","armstrongi","Anochetus armstrongi","","New South Wales","Australia","","",NA,"point","-30.8833","147.067"
"http://antweb.org/api/v2/?occurrenceId=CAS:ANTWEB:anic32-015789","anic32-015789","formicidae","ponerinae","Anochetus","armstrongi","Anochetus armstrongi","","New South Wales","Australia","","",NA,"point","-30.8833","147.067"
"http://antweb.org/api/v2/?occurrenceId=CAS:ANTWEB:anic32-015790","anic32-015790","formicidae","ponerinae","Anochetus","armstrongi","Anochetus armstrongi","","New South Wales","Australia","","",NA,"point","-31.5667","147.2"
"http://antweb.org/api/v2/?occurrenceId=CAS:ANTWEB:anic32-015791","anic32-015791","formicidae","ponerinae","Anochetus","armstrongi","Anochetus armstrongi","","Victoria","Australia","","",NA,"point","-37.5167","145.75"
"http://antweb.org/api/v2/?occurrenceId=CAS:ANTWEB:anic32-015792","anic32-015792","formicidae","ponerinae","Anochetus","armstrongi","Anochetus armstrongi","","Victoria","Australia","","",NA,"point","-37.5167","145.75"
"http://antweb.org/api/v2/?occurrenceId=CAS:ANTWEB:anic32-015793","anic32-015793","formicidae","ponerinae","Anochetus","armstrongi","Anochetus armstrongi","","South Australia","Australia","","",NA,"point","-34.9833","138.717"
"http://antweb.org/api/v2/?occurrenceId=CAS:ANTWEB:anic32-015794","anic32-015794","formicidae","ponerinae","Anochetus","armstrongi","Anochetus armstrongi","","Victoria","Australia","","",NA,"point","-35.4667","143.267"
"http://antweb.org/api/v2/?occurrenceId=CAS:ANTWEB:anic32-015796","anic32-015796","formicidae","ponerinae","Anochetus","armstrongi","Anochetus armstrongi","","Victoria","Australia","","",NA,"point","-36","144.433"
"http://antweb.org/api/v2/?occurrenceId=CAS:ANTWEB:anic32-015797","anic32-015797","formicidae","ponerinae","Anochetus","armstrongi","Anochetus armstrongi","","New South Wales","Australia","","",NA,"point","-34.5833","142.733"
"http://antweb.org/api/v2/?occurrenceId=CAS:ANTWEB:anic32-015798","anic32-015798","formicidae","ponerinae","Anochetus","armstrongi","Anochetus armstrongi","","New South Wales","Australia","","",NA,"point","-31.9667","141.45"
"http://antweb.org/api/v2/?occurrenceId=CAS:ANTWEB:anic32-015799","anic32-015799","formicidae","ponerinae","Anochetus","armstrongi","Anochetus armstrongi","","New South Wales","Australia","","",NA,NA,NA,NA
"http://antweb.org/api/v2/?occurrenceId=CAS:ANTWEB:anic32-015800","anic32-015800","formicidae","ponerinae","Anochetus","armstrongi","Anochetus armstrongi","","New South Wales","Australia","","",NA,"point","-35.65","145.567"
"http://antweb.org/api/v2/?occurrenceId=CAS:ANTWEB:anic32-015801","anic32-015801","formicidae","ponerinae","Anochetus","armstrongi","Anochetus armstrongi","","New South Wales","Australia","","",NA,"point","-30.0833","145.933"
"http://antweb.org/api/v2/?occurrenceId=CAS:ANTWEB:anic32-015802","anic32-015802","formicidae","ponerinae","Anochetus","armstrongi","Anochetus armstrongi","","Queensland","Australia","","",NA,"point","-28.05","148.583"
"http://antweb.org/api/v2/?occurrenceId=CAS:ANTWEB:anic32-015803","anic32-015803","formicidae","ponerinae","Anochetus","armstrongi","Anochetus armstrongi","","Queensland","Australia","","",NA,"point","-28.35","148.817"
"http://antweb.org/api/v2/?occurrenceId=CAS:ANTWEB:anic32-015804","anic32-015804","formicidae","ponerinae","Anochetus","armstrongi","Anochetus armstrongi","","Queensland","Australia","","",NA,"point","-28.35","148.817"
"http://antweb.org/api/v2/?occurrenceId=CAS:ANTWEB:anic32-015805","anic32-015805","formicidae","ponerinae","Anochetus","armstrongi","Anochetus armstrongi","","Queensland","Australia","","",NA,NA,NA,NA
"http://antweb.org/api/v2/?occurrenceId=CAS:ANTWEB:anic32-015806","anic32-015806","formicidae","ponerinae","Anochetus","armstrongi","Anochetus armstrongi","","Queensland","Australia","","",NA,"point","-28.7667","151.85"
"http://antweb.org/api/v2/?occurrenceId=CAS:ANTWEB:anic32-015807","anic32-015807","formicidae","ponerinae","Anochetus","armstrongi","Anochetus armstrongi","","Queensland","Australia","","",NA,"point","-20.5167","145.7"
"http://antweb.org/api/v2/?occurrenceId=CAS:ANTWEB:anic32-015808","anic32-015808","formicidae","ponerinae","Anochetus","armstrongi","Anochetus armstrongi","","Queensland","Australia","","",NA,"point","-20.5167","145.7"
"http://antweb.org/api/v2/?occurrenceId=CAS:ANTWEB:anic32-015809","anic32-015809","formicidae","ponerinae","Anochetus","armstrongi","Anochetus armstrongi","","New South Wales","Australia","","",NA,"point","-31.4167","147.033"
"http://antweb.org/api/v2/?occurrenceId=CAS:ANTWEB:anic32-015810","anic32-015810","formicidae","ponerinae","Anochetus","armstrongi","Anochetus armstrongi","","New South Wales","Australia","","",NA,NA,NA,NA
"http://antweb.org/api/v2/?occurrenceId=CAS:ANTWEB:anic32-015811","anic32-015811","formicidae","ponerinae","Anochetus","armstrongi","Anochetus armstrongi","","New South Wales","Australia","","",NA,"point","-30.7333","147.867"
"http://antweb.org/api/v2/?occurrenceId=CAS:ANTWEB:anic32-015812","anic32-015812","formicidae","ponerinae","Anochetus","armstrongi","Anochetus armstrongi","","Queensland","Australia","","",NA,"point","-28.55","150.683"
"http://antweb.org/api/v2/?occurrenceId=CAS:ANTWEB:anic32-015813","anic32-015813","formicidae","ponerinae","Anochetus","armstrongi","Anochetus armstrongi","","New South Wales","Australia","","",NA,NA,NA,NA
"http://antweb.org/api/v2/?occurrenceId=CAS:ANTWEB:anic32-015814","anic32-015814","formicidae","ponerinae","Anochetus","armstrongi","Anochetus armstrongi","","New South Wales","Australia","","",NA,"point","-32.1167","147.25"
"http://antweb.org/api/v2/?occurrenceId=CAS:ANTWEB:anic32-015831","anic32-015831","formicidae","ponerinae","Anochetus","armstrongi","Anochetus armstrongi","","New South Wales","Australia","","Dry sclerophyll",NA,"point","-35.5","145.717"
"http://antweb.org/api/v2/?occurrenceId=CAS:ANTWEB:anic32-015837","anic32-015837","formicidae","ponerinae","Anochetus","armstrongi","Anochetus armstrongi","","New South Wales","Australia","","Callytris forest",NA,"point","-35.4667","146"
"http://antweb.org/api/v2/?occurrenceId=CAS:ANTWEB:anic32-015848","anic32-015848","formicidae","ponerinae","Anochetus","armstrongi","Anochetus armstrongi","","New South Wales","Australia","","",NA,"point","-31.5667","147.2"
"http://antweb.org/api/v2/?occurrenceId=CAS:ANTWEB:anic32-015849","anic32-015849","formicidae","ponerinae","Anochetus","armstrongi","Anochetus armstrongi","","New South Wales","Australia","","",NA,"point","-31.5667","147.2"
"http://antweb.org/api/v2/?occurrenceId=CAS:ANTWEB:anic32-015851","anic32-015851","formicidae","ponerinae","Anochetus","armstrongi","Anochetus armstrongi","","New South Wales","Australia","","Red soil, grass On the ground",NA,"point","-33.4833","145.533"
"http://antweb.org/api/v2/?occurrenceId=CAS:ANTWEB:anic32-015852","anic32-015852","formicidae","ponerinae","Anochetus","armstrongi","Anochetus armstrongi","","New South Wales","Australia","","",NA,"point","-31.5667","147.2"
"http://antweb.org/api/v2/?occurrenceId=CAS:ANTWEB:anic32-015854","anic32-015854","formicidae","ponerinae","Anochetus","armstrongi","Anochetus armstrongi","","New South Wales","Australia","","",NA,"point","-33.4833","145.533"
"http://antweb.org/api/v2/?occurrenceId=CAS:ANTWEB:anic32-015862","anic32-015862","formicidae","ponerinae","Anochetus","armstrongi","Anochetus armstrongi","","Queensland","Australia","","Sav., woodlands Under cow dung",NA,"point","-28.05","148.583"
"http://antweb.org/api/v2/?occurrenceId=CAS:ANTWEB:anic32-015873","anic32-015873","formicidae","ponerinae","Anochetus","armstrongi","Anochetus armstrongi","","Queensland","Australia","","Eucalyptus aff. normntonensis woodland",350,"point","-21.2","148.3"
"http://antweb.org/api/v2/?occurrenceId=CAS:ANTWEB:anic32-015879","anic32-015879","formicidae","ponerinae","Anochetus","armstrongi","Anochetus armstrongi","","South Australia","Australia","","Bluebush steppe Under stone",75,"point","-35.3833","139.483"
"http://antweb.org/api/v2/?occurrenceId=CAS:ANTWEB:anic32-015881","anic32-015881","formicidae","ponerinae","Anochetus","armstrongi","Anochetus armstrongi","","New South Wales","Australia","","",NA,NA,NA,NA
"http://antweb.org/api/v2/?occurrenceId=CAS:ANTWEB:anic32-015883","anic32-015883","formicidae","ponerinae","Anochetus","armstrongi","Anochetus armstrongi","","New South Wales","Australia","","",NA,"point","-30.3333","149.783"
"http://antweb.org/api/v2/?occurrenceId=CAS:ANTWEB:anic32-015943","anic32-015943","formicidae","ponerinae","Anochetus","armstrongi","Anochetus armstrongi","","Queensland","Australia","","Savannah woodland, red soil",NA,"point","-28.05","148.583"
"http://antweb.org/api/v2/?occurrenceId=CAS:ANTWEB:anic32-015944","anic32-015944","formicidae","ponerinae","Anochetus","armstrongi","Anochetus armstrongi","","Queensland","Australia","","Red soil, sandy woodland",NA,"point","-24.45","146.25"
"http://antweb.org/api/v2/?occurrenceId=CAS:ANTWEB:anic32-015945","anic32-015945","formicidae","ponerinae","Anochetus","armstrongi","Anochetus armstrongi","","Queensland","Australia","","Red soil plain Nest under old pad of cow dung",NA,"point","-28.05","148.583"
"http://antweb.org/api/v2/?occurrenceId=CAS:ANTWEB:anic32-015946","anic32-015946","formicidae","ponerinae","Anochetus","armstrongi","Anochetus armstrongi","","Queensland","Australia","","Red soil plain Under cow dung",NA,"point","-28.05","148.583"
"http://antweb.org/api/v2/?occurrenceId=CAS:ANTWEB:anic32-015947","anic32-015947","formicidae","ponerinae","Anochetus","armstrongi","Anochetus armstrongi","","Queensland","Australia","","Red soil, savannah woodland Forages from 1 nest",NA,"point","-28.05","148.583"
"http://antweb.org/api/v2/?occurrenceId=CAS:ANTWEB:anic32-015948","anic32-015948","formicidae","ponerinae","Anochetus","armstrongi","Anochetus armstrongi","","New South Wales","Australia","","Mallee foraging in litter",NA,"point","-33.0333","147.15"
"http://antweb.org/api/v2/?occurrenceId=CAS:ANTWEB:anic32-015949","anic32-015949","formicidae","ponerinae","Anochetus","armstrongi","Anochetus armstrongi","","South Australia","Australia","","Pasture Under rock",NA,"point","-31.95","138.417"
"http://antweb.org/api/v2/?occurrenceId=CAS:ANTWEB:anic32-015950","anic32-015950","formicidae","ponerinae","Anochetus","armstrongi","Anochetus armstrongi","","New South Wales","Australia","","Casuarina flats Shallow nest in soil",NA,"point","-33.7333","145.533"
"http://antweb.org/api/v2/?occurrenceId=CAS:ANTWEB:anic32-015951","anic32-015951","formicidae","ponerinae","Anochetus","armstrongi","Anochetus armstrongi","","South Australia","Australia","","Soft bush plain in railway reserve Under limestone rock",NA,"point","-34.1167","139.567"
"http://antweb.org/api/v2/?occurrenceId=CAS:ANTWEB:anic32-016037","anic32-016037","formicidae","ponerinae","Anochetus","armstrongi","Anochetus armstrongi","","New South Wales","Australia","","Paddock",NA,"point","-30.1833","145"
"http://antweb.org/api/v2/?occurrenceId=CAS:ANTWEB:anic32-016038","anic32-016038","formicidae","ponerinae","Anochetus","armstrongi","Anochetus armstrongi","","New South Wales","Australia","","Paddock",NA,"point","-30.1833","145"
"http://antweb.org/api/v2/?occurrenceId=CAS:ANTWEB:anic32-016051","anic32-016051","formicidae","ponerinae","Anochetus","armstrongi","Anochetus armstrongi","","New South Wales","Australia","","",NA,"point","-30.1833","145"
"http://antweb.org/api/v2/?occurrenceId=CAS:ANTWEB:anic32-016057","anic32-016057","formicidae","ponerinae","Anochetus","armstrongi","Anochetus armstrongi","","South Australia","Australia","","",NA,"point","-32.3833","135.517"
"http://antweb.org/api/v2/?occurrenceId=CAS:ANTWEB:anic32-016058","anic32-016058","formicidae","ponerinae","Anochetus","armstrongi","Anochetus armstrongi","","South Australia","Australia","","",NA,"point","-33.9833","139.6"
"http://antweb.org/api/v2/?occurrenceId=CAS:ANTWEB:anic32-016059","anic32-016059","formicidae","ponerinae","Anochetus","armstrongi","Anochetus armstrongi","","South Australia","Australia","","",NA,"point","-33.45","138.4"
"http://antweb.org/api/v2/?occurrenceId=CAS:ANTWEB:anic32-016060","anic32-016060","formicidae","ponerinae","Anochetus","armstrongi","Anochetus armstrongi","","Queensland","Australia","","",NA,"point","-28.0667","145.517"
"http://antweb.org/api/v2/?occurrenceId=CAS:ANTWEB:anic32-016063","anic32-016063","formicidae","ponerinae","Anochetus","armstrongi","Anochetus armstrongi","","South Australia","Australia","","",NA,"point","-31.3667","138.717"
"http://antweb.org/api/v2/?occurrenceId=CAS:ANTWEB:anic32-016064","anic32-016064","formicidae","ponerinae","Anochetus","armstrongi","Anochetus armstrongi","","South Australia","Australia","","",NA,"point","-31.3667","138.717"
"http://antweb.org/api/v2/?occurrenceId=CAS:ANTWEB:anic32-016102","anic32-016102","formicidae","ponerinae","Anochetus","armstrongi","Anochetus armstrongi","","New South Wales","Australia","","Red soil plain, black box Callytris Nest in soil",NA,"point","-33.4833","145.533"
"http://antweb.org/api/v2/?occurrenceId=CAS:ANTWEB:anic32-053432","anic32-053432","formicidae","ponerinae","Anochetus","armstrongi","Anochetus armstrongi","","South Australia","Australia","","",914,NA,NA,NA
"http://antweb.org/api/v2/?occurrenceId=CAS:ANTWEB:anict-111737","anict-111737","formicidae","ponerinae","Anochetus","armstrongi","Anochetus armstrongi","","South Australia","Australia","","Chenopod shrubland on floodplain Ground nest with small slit entrance and no mound",NA,"point","-34.0042","140.79"
"http://antweb.org/api/v2/?occurrenceId=CAS:ANTWEB:casent0172378","casent0172378","formicidae","ponerinae","Anochetus","armstrongi","Anochetus armstrongi","","South Australia","Australia","","savannah red soil under rock",914,NA,NA,NA
"http://antweb.org/api/v2/?occurrenceId=CAS:ANTWEB:casent0260488","casent0260488","formicidae","ponerinae","Anochetus","armstrongi","Anochetus armstrongi","","South Australia","Australia","","bluebush steppe under stone",75,"point","-35.38333","139.48334"
"http://antweb.org/api/v2/?occurrenceId=CAS:ANTWEB:casent0746659","casent0746659","formicidae","ponerinae","Anochetus","armstrongi","Anochetus armstrongi","","Victoria","Australia","","",NA,NA,NA,NA
"http://antweb.org/api/v2/?occurrenceId=CAS:ANTWEB:casent0902449","casent0902449","formicidae","ponerinae","Anochetus","armstrongi","Anochetus armstrongi","paratype of Anochetus armstrongi","New South Wales","Australia","","",NA,NA,NA,NA
"http://antweb.org/api/v2/?occurrenceId=CAS:ANTWEB:jdm32-002680","jdm32-002680","formicidae","ponerinae","Anochetus","armstrongi","Anochetus armstrongi","","Western Australia","Australia","","",NA,"point","-22.9","120.167"
"http://antweb.org/api/v2/?occurrenceId=CAS:ANTWEB:jdm32-002681","jdm32-002681","formicidae","ponerinae","Anochetus","armstrongi","Anochetus armstrongi","","Western Australia","Australia","","",NA,"point","-15.7667","128.733"
"http://antweb.org/api/v2/?occurrenceId=CAS:ANTWEB:jtlc000008641","jtlc000008641","formicidae","ponerinae","Anochetus","armstrongi","Anochetus armstrongi","","Queensland","Australia","2006-08-18","sclerophyl forest under dead wood",450,"point","-16.9901","145.50172"
"http://antweb.org/api/v2/?occurrenceId=CAS:ANTWEB:jtlc000008642","jtlc000008642","formicidae","ponerinae","Anochetus","armstrongi","Anochetus armstrongi","","Queensland","Australia","2006-08-18","sclerophyl forest under dead wood",450,"point","-16.9901","145.50172"
