"url","catalogNumber","family","subfamily","genus","specificEpithet","scientific_name","typeStatus","stateProvince","country","dateIdentified","habitat","minimumElevationInMeters"
"http://antweb.org/api/v2/?occurrenceId=CAS:ANTWEB:anic32-016906","anic32-016906","formicidae","ponerinae","Anochetus","gladiator","Anochetus gladiator","","Sulawesi as Celebes","Indonesia","","Rainforest Rot. wood",600
"http://antweb.org/api/v2/?occurrenceId=CAS:ANTWEB:casent0217505","casent0217505","formicidae","ponerinae","Anochetus","gladiator","Anochetus gladiator","","Sulawesi Tenggara","Indonesia","","2nd growth rainforest rot. wood",NA
"http://antweb.org/api/v2/?occurrenceId=CAS:ANTWEB:casent0746665","casent0746665","formicidae","ponerinae","Anochetus","gladiator","Anochetus gladiator","","","Indonesia","","",150
"http://antweb.org/api/v2/?occurrenceId=CAS:ANTWEB:casent0902436","casent0902436","formicidae","ponerinae","Anochetus","gladiator","Anochetus gladiator","syntype of Anochetus gladiator","","Indonesia","","",NA
"http://antweb.org/api/v2/?occurrenceId=CAS:ANTWEB:casent0915886","casent0915886","formicidae","ponerinae","Anochetus","gladiator","Anochetus gladiator","syntype of Stenomyrmex gladiator","West Papua","Indonesia","","",NA
