"url","catalogNumber","family","subfamily","genus","specificEpithet","scientific_name","typeStatus","stateProvince","country","dateIdentified","habitat","minimumElevationInMeters","geojson.type","decimal_latitude","decimal_longitude"
"http://antweb.org/api/v2/?occurrenceId=CAS:ANTWEB:anic32-016923","anic32-016923","formicidae","ponerinae","Anochetus","isolatus","Anochetus isolatus","","Guadalcanal","Solomon Islands","","",NA,"point","-9.81667","160.85"
"http://antweb.org/api/v2/?occurrenceId=CAS:ANTWEB:anic32-016924","anic32-016924","formicidae","ponerinae","Anochetus","isolatus","Anochetus isolatus","","Rennell Is.","Solomon Islands","","",NA,"point","-11.7167","160.4"
"http://antweb.org/api/v2/?occurrenceId=CAS:ANTWEB:anic32-016925","anic32-016925","formicidae","ponerinae","Anochetus","isolatus","Anochetus isolatus","","Guadalcanal","Solomon Islands","","",NA,"point","-9.48333","159.983"
"http://antweb.org/api/v2/?occurrenceId=CAS:ANTWEB:anic32-016926","anic32-016926","formicidae","ponerinae","Anochetus","isolatus","Anochetus isolatus","","Santa Cruz Islands","Solomon Islands","","",NA,NA,NA,NA
"http://antweb.org/api/v2/?occurrenceId=CAS:ANTWEB:anic32-016927","anic32-016927","formicidae","ponerinae","Anochetus","isolatus","Anochetus isolatus","","Queensland","Australia","","",NA,"point","-9.91667","144.083"
"http://antweb.org/api/v2/?occurrenceId=CAS:ANTWEB:anic32-016928","anic32-016928","formicidae","ponerinae","Anochetus","isolatus","Anochetus isolatus","","Queensland","Australia","","",NA,"point","-9.38333","142.617"
"http://antweb.org/api/v2/?occurrenceId=CAS:ANTWEB:anic32-016929","anic32-016929","formicidae","ponerinae","Anochetus","isolatus","Anochetus isolatus","","New Britain","Papua New Guinea","","Rainforest In rotten wood",NA,"point","-5.43333","150.45"
"http://antweb.org/api/v2/?occurrenceId=CAS:ANTWEB:anic32-016930","anic32-016930","formicidae","ponerinae","Anochetus","isolatus","Anochetus isolatus","","Queensland","Australia","","",NA,"point","-10.8","142.467"
"http://antweb.org/api/v2/?occurrenceId=CAS:ANTWEB:anic32-017041","anic32-017041","formicidae","ponerinae","Anochetus","isolatus","Anochetus isolatus","","Choiseul","Solomon Islands","","",NA,"point","-7.05","156.783"
"http://antweb.org/api/v2/?occurrenceId=CAS:ANTWEB:anic32-017043","anic32-017043","formicidae","ponerinae","Anochetus","isolatus","Anochetus isolatus","","San Cristobal","Solomon Islands","","Forest In log",304,"point","-10.4667","162"
"http://antweb.org/api/v2/?occurrenceId=CAS:ANTWEB:casent0281879","casent0281879","formicidae","ponerinae","Anochetus","isolatus","Anochetus isolatus","","","Indonesia","","",NA,NA,NA,NA
"http://antweb.org/api/v2/?occurrenceId=CAS:ANTWEB:casent0746674","casent0746674","formicidae","ponerinae","Anochetus","isolatus","Anochetus isolatus","","Negros Oriental","Philippines","","",1100,NA,NA,NA
"http://antweb.org/api/v2/?occurrenceId=CAS:ANTWEB:casent0907404","casent0907404","formicidae","ponerinae","Anochetus","isolatus","Anochetus isolatus","syntype of Anochetus isolatus","","Solomon Islands","1963-12-31","",NA,NA,NA,NA
