"url","catalogNumber","family","subfamily","genus","specificEpithet","scientific_name","typeStatus","stateProvince","country","dateIdentified","habitat","minimumElevationInMeters","geojson.type","decimal_latitude","decimal_longitude"
"http://antweb.org/api/v2/?occurrenceId=CAS:ANTWEB:anic32-016959","anic32-016959","formicidae","ponerinae","Anochetus","princeps","Anochetus princeps","","Sabah","Malaysia","","Rainforest Ex rotting log",NA,"point","5.83333","118.117"
"http://antweb.org/api/v2/?occurrenceId=CAS:ANTWEB:casent0217511","casent0217511","formicidae","ponerinae","Anochetus","princeps","Anochetus princeps","","","Malaysia","","",NA,NA,NA,NA
"http://antweb.org/api/v2/?occurrenceId=CAS:ANTWEB:casent0634783","casent0634783","formicidae","ponerinae","Anochetus","princeps","Anochetus princeps","","Sabah","Malaysia","2014-10-01","wet forest nest in clay bank",360,"point","4.7346","116.966"
"http://antweb.org/api/v2/?occurrenceId=CAS:ANTWEB:casent0634784","casent0634784","formicidae","ponerinae","Anochetus","princeps","Anochetus princeps","","Sabah","Malaysia","2014-10-01","wet forest nest in clay bank",360,"point","4.7346","116.966"
"http://antweb.org/api/v2/?occurrenceId=CAS:ANTWEB:casent0903980","casent0903980","formicidae","ponerinae","Anochetus","princeps","Anochetus princeps","syntype of Anochetus princeps","Java","Indonesia","","",NA,NA,NA,NA
"http://antweb.org/api/v2/?occurrenceId=CAS:ANTWEB:casent0907402","casent0907402","formicidae","ponerinae","Anochetus","princeps","Anochetus princeps","syntype of Anochetus jacobsoni","Central Java","Indonesia","","",NA,NA,NA,NA
"http://antweb.org/api/v2/?occurrenceId=CAS:ANTWEB:casent0907403","casent0907403","formicidae","ponerinae","Anochetus","princeps","Anochetus princeps","syntype of Anochetus jacobsoni taipingensis","","Malaysia","","",NA,NA,NA,NA
"http://antweb.org/api/v2/?occurrenceId=CAS:ANTWEB:casent0907408","casent0907408","formicidae","ponerinae","Anochetus","princeps","Anochetus princeps","syntype of Anochetus princeps laeta","Sumatra","Indonesia","","",NA,NA,NA,NA
