"url","catalogNumber","family","subfamily","genus","specificEpithet","scientific_name","typeStatus","stateProvince","country","dateIdentified","habitat","minimumElevationInMeters"
"http://antweb.org/api/v2/?occurrenceId=CAS:ANTWEB:casent0281012","casent0281012","formicidae","ponerinae","Anochetus","bytinskii","Anochetus bytinskii","Holotype","","Israel","","",NA
"http://antweb.org/api/v2/?occurrenceId=CAS:ANTWEB:casent0281024","casent0281024","formicidae","ponerinae","Anochetus","bytinskii","Anochetus bytinskii","paratype","","Israel","","",NA
"http://antweb.org/api/v2/?occurrenceId=CAS:ANTWEB:casent0281025","casent0281025","formicidae","ponerinae","Anochetus","bytinskii","Anochetus bytinskii","paratype","","Israel","","",NA
"http://antweb.org/api/v2/?occurrenceId=CAS:ANTWEB:casent0281026","casent0281026","formicidae","ponerinae","Anochetus","bytinskii","Anochetus bytinskii","paratype","","Israel","","",NA
