"url","catalogNumber","family","subfamily","genus","specificEpithet","scientific_name","typeStatus","stateProvince","country","dateIdentified","habitat","minimumElevationInMeters","geojson.type","decimal_latitude","decimal_longitude"
"http://antweb.org/api/v2/?occurrenceId=CAS:ANTWEB:anic32-016931","anic32-016931","formicidae","ponerinae","Anochetus","katonae","Anochetus katonae","","","Ghana","","Rainforest Berlesate",762,"point","6.16667","-0.6"
"http://antweb.org/api/v2/?occurrenceId=CAS:ANTWEB:anic32-016932","anic32-016932","formicidae","ponerinae","Anochetus","katonae","Anochetus katonae","","","Ghana","","",NA,"point","6.21667","-0.366667"
"http://antweb.org/api/v2/?occurrenceId=CAS:ANTWEB:anic32-016933","anic32-016933","formicidae","ponerinae","Anochetus","katonae","Anochetus katonae","","Eastern Reg.","Ghana","","Forest Berlesate",NA,"point","6.21667","-0.366667"
"http://antweb.org/api/v2/?occurrenceId=CAS:ANTWEB:blf2154 26 -1","blf2154 26 -1","formicidae","ponerinae","Anochetus","katonae","Anochetus katonae","","Ogooue-Maritime","Gabon","2004-03-09","rainforest sifted litter leaf mold, rotten wood",110,"point","-2.42267","10.54533"
"http://antweb.org/api/v2/?occurrenceId=CAS:ANTWEB:blf2276 27 -3","blf2276 27 -3","formicidae","ponerinae","Anochetus","katonae","Anochetus katonae","","Ogooue-Maritime","Gabon","2004-03-09","rainforest sifted litter leaf mold, rotten wood",630,"point","-2.23283","10.398"
"http://antweb.org/api/v2/?occurrenceId=CAS:ANTWEB:casent0003212","casent0003212","formicidae","ponerinae","Anochetus","katonae","Anochetus katonae","","Ogooue-Maritime","Gabon","2004-03-09","rainforest sifted litter leaf mold, rotten wood",110,"point","-2.42267","10.54533"
"http://antweb.org/api/v2/?occurrenceId=CAS:ANTWEB:casent0003213","casent0003213","formicidae","ponerinae","Anochetus","katonae","Anochetus katonae","","Ogooue-Maritime","Gabon","2000-11-10","rainforest sifted litter leaf mold, rotten wood",110,"point","-2.42267","10.54533"
"http://antweb.org/api/v2/?occurrenceId=CAS:ANTWEB:casent0004202","casent0004202","formicidae","ponerinae","Anochetus","katonae","Anochetus katonae","","Estuaire","Gabon","","littoral rainforest sifted litter leaf mold, rotten wood",10,"point","0.57667","9.335"
"http://antweb.org/api/v2/?occurrenceId=CAS:ANTWEB:casent0178258","casent0178258","formicidae","ponerinae","Anochetus","katonae","Anochetus katonae","","Western","Kenya","","Equatorial rainforest sifted litter between tree buttresses",1500,"point","0.335","34.874"
"http://antweb.org/api/v2/?occurrenceId=CAS:ANTWEB:casent0178259","casent0178259","formicidae","ponerinae","Anochetus","katonae","Anochetus katonae","","Western","Kenya","2008-04-25","",1600,"point","0.24","34.86"
"http://antweb.org/api/v2/?occurrenceId=CAS:ANTWEB:casent0217177","casent0217177","formicidae","ponerinae","Anochetus","katonae","Anochetus katonae","","Western","Kenya","2009-12-31","primary forest habitat Kakamega 2009 survey, leaf litter",1650,"point","0.32667","34.87083"
"http://antweb.org/api/v2/?occurrenceId=CAS:ANTWEB:casent0217178","casent0217178","formicidae","ponerinae","Anochetus","katonae","Anochetus katonae","","Western","Kenya","2009-12-31","primary forest habitat Kakamega 2009 survey, leaf litter",1650,"point","0.32667","34.87083"
"http://antweb.org/api/v2/?occurrenceId=CAS:ANTWEB:casent0235365","casent0235365","formicidae","ponerinae","Anochetus","katonae","Anochetus katonae","","Morogoro","Tanzania","2010-12-31","primary forest leaf litter",820,"point","-5.94905","37.68539"
"http://antweb.org/api/v2/?occurrenceId=CAS:ANTWEB:casent0250420","casent0250420","formicidae","ponerinae","Anochetus","katonae","Anochetus katonae","","Morogoro","Tanzania","2010-12-31","primary forest",820,"point","-5.94905","37.68539"
"http://antweb.org/api/v2/?occurrenceId=CAS:ANTWEB:casent0250421","casent0250421","formicidae","ponerinae","Anochetus","katonae","Anochetus katonae","","Tanga","Tanzania","2010-12-31","primary forest leaf litter",1000,"point","-5.57934","37.57971"
"http://antweb.org/api/v2/?occurrenceId=CAS:ANTWEB:casent0250422","casent0250422","formicidae","ponerinae","Anochetus","katonae","Anochetus katonae","","Tanga","Tanzania","2010-12-31","primary forest",1000,"point","-5.57934","37.57971"
"http://antweb.org/api/v2/?occurrenceId=CAS:ANTWEB:casent0250423","casent0250423","formicidae","ponerinae","Anochetus","katonae","Anochetus katonae","","Morogoro","Tanzania","2010-12-31","primary forest",700,"point","-6.89388","37.90414"
"http://antweb.org/api/v2/?occurrenceId=CAS:ANTWEB:casent0250424","casent0250424","formicidae","ponerinae","Anochetus","katonae","Anochetus katonae","","Morogoro","Tanzania","2010-12-31","primary forest leaf litter",700,"point","-6.89388","37.90414"
"http://antweb.org/api/v2/?occurrenceId=CAS:ANTWEB:casent0250425","casent0250425","formicidae","ponerinae","Anochetus","katonae","Anochetus katonae","","Morogoro","Tanzania","2010-12-31","primary forest",700,"point","-6.89388","37.90414"
"http://antweb.org/api/v2/?occurrenceId=CAS:ANTWEB:casent0250426","casent0250426","formicidae","ponerinae","Anochetus","katonae","Anochetus katonae","","Morogoro","Tanzania","2010-12-31","primary forest",700,"point","-6.89388","37.90414"
"http://antweb.org/api/v2/?occurrenceId=CAS:ANTWEB:casent0260112","casent0260112","formicidae","ponerinae","Anochetus","katonae","Anochetus katonae","","Bundibugyo","Uganda","2012-10-28","mature swamp forest ex sifted leaf litter",680,"point","0.835428","30.15613"
"http://antweb.org/api/v2/?occurrenceId=CAS:ANTWEB:casent0260497","casent0260497","formicidae","ponerinae","Anochetus","katonae","Anochetus katonae","","","Ghana","1993-12-31","secondary forest leaf litter",NA,NA,NA,NA
"http://antweb.org/api/v2/?occurrenceId=CAS:ANTWEB:casent0406769","casent0406769","formicidae","ponerinae","Anochetus","katonae","Anochetus katonae","","Prefecture Sangha-Mba r","Central African Republic","","rainforest sifted litter leaf mold, rotten wood",510,"point","3.03333","16.41"
"http://antweb.org/api/v2/?occurrenceId=CAS:ANTWEB:casent0406769-d40","casent0406769-d40","formicidae","ponerinae","Anochetus","katonae","Anochetus katonae","","Prefecture Sangha-Mba r","Central African Republic","","rainforest sifted litter leaf mold, rotten wood",510,"point","3.03333","16.41"
"http://antweb.org/api/v2/?occurrenceId=CAS:ANTWEB:casent0500363","casent0500363","formicidae","ponerinae","Anochetus","katonae","Anochetus katonae","","Ogooue-Maritime","Gabon","2003-07-23","rainforest sifted litter leaf mold, rotten wood",110,"point","-2.42267","10.54533"
"http://antweb.org/api/v2/?occurrenceId=CAS:ANTWEB:casent0619114","casent0619114","formicidae","ponerinae","Anochetus","katonae","Anochetus katonae","","Bundibugyo","Uganda","2012-10-28","mature swamp forest ex sifted leaf litter",680,"point","0.835428","30.15613"
"http://antweb.org/api/v2/?occurrenceId=CAS:ANTWEB:casent0629532","casent0629532","formicidae","ponerinae","Anochetus","katonae","Anochetus katonae","","Kabarole","Uganda","2012-10-28","mature wet forest ex sifted leaf litter",1510,"point","0.56427485","30.358759"
"http://antweb.org/api/v2/?occurrenceId=CAS:ANTWEB:casent0629633","casent0629633","formicidae","ponerinae","Anochetus","katonae","Anochetus katonae","","Kabarole","Uganda","2012-10-28","mature wet forest ex sifted leaf litter",1510,"point","0.56427485","30.358759"
"http://antweb.org/api/v2/?occurrenceId=CAS:ANTWEB:casent0639663","casent0639663","formicidae","ponerinae","Anochetus","katonae","Anochetus katonae","","Kabarole","Uganda","2012-10-28","mature wet forest ex sifted leaf litter",1520,"point","0.56427485","30.358759"
"http://antweb.org/api/v2/?occurrenceId=CAS:ANTWEB:casent0639664","casent0639664","formicidae","ponerinae","Anochetus","katonae","Anochetus katonae","","Kabarole","Uganda","2012-10-28","mature wet forest ex sifted leaf litter",1520,"point","0.56427485","30.358759"
"http://antweb.org/api/v2/?occurrenceId=CAS:ANTWEB:casent0639678","casent0639678","formicidae","ponerinae","Anochetus","katonae","Anochetus katonae","","Bundibugyo","Uganda","2012-10-28","swamp forest ex sifted leaf litter",690,"point","0.85616547","30.165825"
"http://antweb.org/api/v2/?occurrenceId=CAS:ANTWEB:casent0639869","casent0639869","formicidae","ponerinae","Anochetus","katonae","Anochetus katonae","","Bundibugyo","Uganda","2012-10-28","mature wet forest ex sifted leaf litter",720,"point","0.80909455","30.0951"
"http://antweb.org/api/v2/?occurrenceId=CAS:ANTWEB:casent0711531","casent0711531","formicidae","ponerinae","Anochetus","katonae","Anochetus katonae","","Kibale NP","Uganda","2013-09-18","tropical wet forest sifted leaf litter",1500,"point","0.56151","30.35663"
"http://antweb.org/api/v2/?occurrenceId=CAS:ANTWEB:casent0711532","casent0711532","formicidae","ponerinae","Anochetus","katonae","Anochetus katonae","","Kibale NP","Uganda","2013-09-18","tropical wet forest sifted leaf litter",1500,"point","0.56151","30.35663"
"http://antweb.org/api/v2/?occurrenceId=CAS:ANTWEB:casent0711533","casent0711533","formicidae","ponerinae","Anochetus","katonae","Anochetus katonae","","Kibale NP","Uganda","2013-09-18","tropical wet forest sifted leaf litter",1500,"point","0.56151","30.35663"
"http://antweb.org/api/v2/?occurrenceId=CAS:ANTWEB:casent0711534","casent0711534","formicidae","ponerinae","Anochetus","katonae","Anochetus katonae","","Kibale NP","Uganda","2013-09-18","tropical wet forest sifted leaf litter",1500,"point","0.56151","30.35663"
"http://antweb.org/api/v2/?occurrenceId=CAS:ANTWEB:casent0711535","casent0711535","formicidae","ponerinae","Anochetus","katonae","Anochetus katonae","","Kibale NP","Uganda","2013-09-18","tropical wet forest under elephant shit",1500,"point","0.56151","30.35663"
"http://antweb.org/api/v2/?occurrenceId=CAS:ANTWEB:casent0711536","casent0711536","formicidae","ponerinae","Anochetus","katonae","Anochetus katonae","","Kibale NP","Uganda","2013-09-18","tropical wet forest sifted leaf litter",1500,"point","0.56151","30.35663"
"http://antweb.org/api/v2/?occurrenceId=CAS:ANTWEB:casent0711537","casent0711537","formicidae","ponerinae","Anochetus","katonae","Anochetus katonae","","Kibale NP","Uganda","2013-09-18","tropical wet forest sifted leaf litter",1500,"point","0.56151","30.35663"
"http://antweb.org/api/v2/?occurrenceId=CAS:ANTWEB:casent0711538","casent0711538","formicidae","ponerinae","Anochetus","katonae","Anochetus katonae","","Kibale NP","Uganda","2013-09-18","tropical wet forest sifted leaf litter",1500,"point","0.56151","30.35663"
"http://antweb.org/api/v2/?occurrenceId=CAS:ANTWEB:casent0712041","casent0712041","formicidae","ponerinae","Anochetus","katonae","Anochetus katonae","","Kibale NP","Uganda","2013-10-02","tropical wet forest sifted leaf litter",1500,"point","0.56151","30.35663"
"http://antweb.org/api/v2/?occurrenceId=CAS:ANTWEB:casent0712115","casent0712115","formicidae","ponerinae","Anochetus","katonae","Anochetus katonae","","Kibale NP","Uganda","2013-10-02","tropical wet forest sifted leaf litter",1500,"point","0.56151","30.35663"
"http://antweb.org/api/v2/?occurrenceId=CAS:ANTWEB:casent0712172","casent0712172","formicidae","ponerinae","Anochetus","katonae","Anochetus katonae","","Kibale NP","Uganda","2013-10-02","tropical wet forest under elephant shit",1500,"point","0.56151","30.35663"
"http://antweb.org/api/v2/?occurrenceId=CAS:ANTWEB:casent0712183","casent0712183","formicidae","ponerinae","Anochetus","katonae","Anochetus katonae","","Kibale NP","Uganda","2013-10-02","tropical wet forest sifted leaf litter",1500,"point","0.56151","30.35663"
"http://antweb.org/api/v2/?occurrenceId=CAS:ANTWEB:casent0746942","casent0746942","formicidae","ponerinae","Anochetus","katonae","Anochetus katonae","","Antsiranana","Uganda","","",NA,NA,NA,NA
"http://antweb.org/api/v2/?occurrenceId=CAS:ANTWEB:casent0746943","casent0746943","formicidae","ponerinae","Anochetus","katonae","Anochetus katonae","","Sud-Ouest","Cameroon","","rainforest sifted litter leaf mold, rotten wood",110,"point","5.016","8.864"
"http://antweb.org/api/v2/?occurrenceId=CAS:ANTWEB:casent0907401","casent0907401","formicidae","ponerinae","Anochetus","katonae","Anochetus katonae","syntype of Anochetus katonae","","Tanzania","","",NA,NA,NA,NA
"http://antweb.org/api/v2/?occurrenceId=CAS:ANTWEB:casent0913748","casent0913748","formicidae","ponerinae","Anochetus","katonae","Anochetus katonae","syntype of Anochetus gnomulus","","Guinea","","",NA,NA,NA,NA
"http://antweb.org/api/v2/?occurrenceId=CAS:ANTWEB:casent0915157","casent0915157","formicidae","ponerinae","Anochetus","katonae","Anochetus katonae","syntype of Anochetus concinnus","","Mozambique","","",NA,NA,NA,NA
"http://antweb.org/api/v2/?occurrenceId=CAS:ANTWEB:casent0915158","casent0915158","formicidae","ponerinae","Anochetus","katonae","Anochetus katonae","syntype of Anochetus parvus","","Nigeria","","",NA,NA,NA,NA
"http://antweb.org/api/v2/?occurrenceId=CAS:ANTWEB:casent0915159","casent0915159","formicidae","ponerinae","Anochetus","katonae","Anochetus katonae","syntype of Anochetus parvus longiceps","","Cameroon","","",NA,NA,NA,NA
"http://antweb.org/api/v2/?occurrenceId=CAS:ANTWEB:casent0915160","casent0915160","formicidae","ponerinae","Anochetus","katonae","Anochetus katonae","syntype of Anochetus punctatus","","Mozambique","","",NA,NA,NA,NA
"http://antweb.org/api/v2/?occurrenceId=CAS:ANTWEB:casent0915161","casent0915161","formicidae","ponerinae","Anochetus","katonae","Anochetus katonae","syntype of Anochetus punctatus occidentalis","","Cameroon","","",NA,NA,NA,NA
"http://antweb.org/api/v2/?occurrenceId=CAS:ANTWEB:casent0915495","casent0915495","formicidae","ponerinae","Anochetus","katonae","Anochetus katonae","syntype of Anochetus lamottei","","Guinea","","savane",NA,NA,NA,NA
"http://antweb.org/api/v2/?occurrenceId=CAS:ANTWEB:jtl686930","jtl686930","formicidae","ponerinae","Anochetus","katonae","Anochetus katonae","","Kabarole","Uganda","2012-10-28","mature wet forest under stone",1510,"point","0.553113","30.362684"
"http://antweb.org/api/v2/?occurrenceId=CAS:ANTWEB:sam-hym-c008608a","sam-hym-c008608a","formicidae","ponerinae","Anochetus","katonae","Anochetus katonae","","","Tanzania","1997-12-31","forest: montane",1600,"point","-3.88333","37.81667"
