"url","catalogNumber","family","subfamily","genus","specificEpithet","scientific_name","typeStatus","stateProvince","country","dateIdentified","habitat","minimumElevationInMeters","geojson.type","decimal_latitude","decimal_longitude"
"http://antweb.org/api/v2/?occurrenceId=CAS:ANTWEB:anic32-016969","anic32-016969","formicidae","ponerinae","Anochetus","variegatus","Anochetus variegatus","","East Sepik","Papua New Guinea","","Rainforest Berlesate",50,"point","-3.55","143.633"
"http://antweb.org/api/v2/?occurrenceId=CAS:ANTWEB:anic32-016970","anic32-016970","formicidae","ponerinae","Anochetus","variegatus","Anochetus variegatus","","Morobe","Papua New Guinea","","Relict rainforest In dead twig on ground",914,NA,NA,NA
"http://antweb.org/api/v2/?occurrenceId=CAS:ANTWEB:casent0260511","casent0260511","formicidae","ponerinae","Anochetus","variegatus","Anochetus variegatus","","East Sepik","New Guinea","","lowland rainforest ground forager s",1150,"point","-5.5","144.1667"
"http://antweb.org/api/v2/?occurrenceId=CAS:ANTWEB:casent0434470","casent0434470","formicidae","ponerinae","Anochetus","variegatus","Anochetus variegatus","","","New Guinea","","rainforest litter",100,"point","-5.13861","145.77611"
"http://antweb.org/api/v2/?occurrenceId=CAS:ANTWEB:casent0434470-d11","casent0434470-d11","formicidae","ponerinae","Anochetus","variegatus","Anochetus variegatus","","","New Guinea","","rainforest litter",100,"point","-5.13861","145.77611"
"http://antweb.org/api/v2/?occurrenceId=CAS:ANTWEB:casent0434470-d40","casent0434470-d40","formicidae","ponerinae","Anochetus","variegatus","Anochetus variegatus","","","New Guinea","","rainforest litter",100,"point","-5.13861","145.77611"
"http://antweb.org/api/v2/?occurrenceId=CAS:ANTWEB:casent0434474","casent0434474","formicidae","ponerinae","Anochetus","variegatus","Anochetus variegatus","","","New Guinea","","rainforest litter",100,"point","-5.13861","145.77611"
"http://antweb.org/api/v2/?occurrenceId=CAS:ANTWEB:casent0434474-d40","casent0434474-d40","formicidae","ponerinae","Anochetus","variegatus","Anochetus variegatus","","","New Guinea","","rainforest litter",100,"point","-5.13861","145.77611"
"http://antweb.org/api/v2/?occurrenceId=CAS:ANTWEB:casent0902437","casent0902437","formicidae","ponerinae","Anochetus","variegatus","Anochetus variegatus","Holotype of Anochetus cato variegatus","","New Guinea","","",320,NA,NA,NA
