"url","catalogNumber","family","subfamily","genus","specificEpithet","scientific_name","typeStatus","stateProvince","country","dateIdentified","habitat","minimumElevationInMeters","geojson.type","decimal_latitude","decimal_longitude"
"http://antweb.org/api/v2/?occurrenceId=CAS:ANTWEB:anic32-015827","anic32-015827","formicidae","ponerinae","Anochetus","rectangularis","Anochetus rectangularis","","Northern Territory","Australia","","Ground strays collected at night",NA,"point","-11.0167","136.75"
"http://antweb.org/api/v2/?occurrenceId=CAS:ANTWEB:anic32-015829","anic32-015829","formicidae","ponerinae","Anochetus","rectangularis","Anochetus rectangularis","","Queensland","Australia","","Dry sclerophyll",300,"point","-23.6167","150.4"
"http://antweb.org/api/v2/?occurrenceId=CAS:ANTWEB:anic32-015840","anic32-015840","formicidae","ponerinae","Anochetus","rectangularis","Anochetus rectangularis","","Queensland","Australia","","",NA,"point","-17.4833","140.833"
"http://antweb.org/api/v2/?occurrenceId=CAS:ANTWEB:anic32-015842","anic32-015842","formicidae","ponerinae","Anochetus","rectangularis","Anochetus rectangularis","","New South Wales","Australia","","",NA,"point","-31.65","150.667"
"http://antweb.org/api/v2/?occurrenceId=CAS:ANTWEB:anic32-015859","anic32-015859","formicidae","ponerinae","Anochetus","rectangularis","Anochetus rectangularis","","New South Wales","Australia","","",NA,"point","-31.65","150.667"
"http://antweb.org/api/v2/?occurrenceId=CAS:ANTWEB:anic32-015860","anic32-015860","formicidae","ponerinae","Anochetus","rectangularis","Anochetus rectangularis","","Queensland","Australia","","On deserted g. Detectus mound",NA,"point","-27.5833","152.917"
"http://antweb.org/api/v2/?occurrenceId=CAS:ANTWEB:anic32-016013","anic32-016013","formicidae","ponerinae","Anochetus","rectangularis","Anochetus rectangularis","","Queensland","Australia","","Savanna",450,"point","-17.0667","145.067"
"http://antweb.org/api/v2/?occurrenceId=CAS:ANTWEB:anic32-016014","anic32-016014","formicidae","ponerinae","Anochetus","rectangularis","Anochetus rectangularis","","Queensland","Australia","","Savanna",450,"point","-17.0667","145.067"
"http://antweb.org/api/v2/?occurrenceId=CAS:ANTWEB:anic32-016015","anic32-016015","formicidae","ponerinae","Anochetus","rectangularis","Anochetus rectangularis","","New South Wales","Australia","","",NA,"point","-36.9167","149.25"
"http://antweb.org/api/v2/?occurrenceId=CAS:ANTWEB:anic32-016016","anic32-016016","formicidae","ponerinae","Anochetus","rectangularis","Anochetus rectangularis","","Queensland","Australia","","",NA,"point","-27.4667","153.033"
"http://antweb.org/api/v2/?occurrenceId=CAS:ANTWEB:anic32-016017","anic32-016017","formicidae","ponerinae","Anochetus","rectangularis","Anochetus rectangularis","","Queensland","Australia","","",NA,"point","-20.3667","145.65"
"http://antweb.org/api/v2/?occurrenceId=CAS:ANTWEB:anic32-016018","anic32-016018","formicidae","ponerinae","Anochetus","rectangularis","Anochetus rectangularis","","Queensland","Australia","","",NA,"point","-20.1667","146.15"
"http://antweb.org/api/v2/?occurrenceId=CAS:ANTWEB:anic32-016019","anic32-016019","formicidae","ponerinae","Anochetus","rectangularis","Anochetus rectangularis","","Queensland","Australia","","",NA,"point","-25.7333","152.7"
"http://antweb.org/api/v2/?occurrenceId=CAS:ANTWEB:anic32-016020","anic32-016020","formicidae","ponerinae","Anochetus","rectangularis","Anochetus rectangularis","","Queensland","Australia","","",NA,"point","-19.2667","146.817"
"http://antweb.org/api/v2/?occurrenceId=CAS:ANTWEB:anic32-016021","anic32-016021","formicidae","ponerinae","Anochetus","rectangularis","Anochetus rectangularis","","Queensland","Australia","","",NA,"point","-20.3667","145.65"
"http://antweb.org/api/v2/?occurrenceId=CAS:ANTWEB:anic32-016022","anic32-016022","formicidae","ponerinae","Anochetus","rectangularis","Anochetus rectangularis","","New South Wales","Australia","","",NA,"point","-36.9167","149.25"
"http://antweb.org/api/v2/?occurrenceId=CAS:ANTWEB:anic32-016023","anic32-016023","formicidae","ponerinae","Anochetus","rectangularis","Anochetus rectangularis","","Northern Territory","Australia","","Eucalyptus savanna",NA,"point","-12.7833","132.85"
"http://antweb.org/api/v2/?occurrenceId=CAS:ANTWEB:anic32-016024","anic32-016024","formicidae","ponerinae","Anochetus","rectangularis","Anochetus rectangularis","","Queensland","Australia","","",NA,"point","-27.4667","153.033"
"http://antweb.org/api/v2/?occurrenceId=CAS:ANTWEB:anic32-016025","anic32-016025","formicidae","ponerinae","Anochetus","rectangularis","Anochetus rectangularis","","Northern Territory","Australia","","Scarp base",NA,"point","-12.3833","132.95"
"http://antweb.org/api/v2/?occurrenceId=CAS:ANTWEB:anic32-016026","anic32-016026","formicidae","ponerinae","Anochetus","rectangularis","Anochetus rectangularis","","Queensland","Australia","","",NA,"point","-25.6833","152.7"
"http://antweb.org/api/v2/?occurrenceId=CAS:ANTWEB:anic32-016027","anic32-016027","formicidae","ponerinae","Anochetus","rectangularis","Anochetus rectangularis","","Queensland","Australia","","",NA,"point","-10.6833","142.15"
"http://antweb.org/api/v2/?occurrenceId=CAS:ANTWEB:anic32-016052","anic32-016052","formicidae","ponerinae","Anochetus","rectangularis","Anochetus rectangularis","","Northern Territory","Australia","","",NA,"point","-14.5833","132.383"
"http://antweb.org/api/v2/?occurrenceId=CAS:ANTWEB:anic32-016100","anic32-016100","formicidae","ponerinae","Anochetus","rectangularis","Anochetus rectangularis","","Queensland","Australia","","Dry sclerophyll Nest on mound of abandoned Irid. purpureus",15,"point","-27.5833","152.917"
"http://antweb.org/api/v2/?occurrenceId=CAS:ANTWEB:anic32-016101","anic32-016101","formicidae","ponerinae","Anochetus","rectangularis","Anochetus rectangularis","","Queensland","Australia","","Savannah woodland Under large rock",NA,"point","-20.0833","146.267"
"http://antweb.org/api/v2/?occurrenceId=CAS:ANTWEB:anic32-030440","anic32-030440","formicidae","ponerinae","Anochetus","rectangularis","Anochetus rectangularis","","Queensland","Australia","","Eucalyptus woodland nest in soil",160,"point","-13.7333","143.2"
"http://antweb.org/api/v2/?occurrenceId=CAS:ANTWEB:anic32-030441","anic32-030441","formicidae","ponerinae","Anochetus","rectangularis","Anochetus rectangularis","","Queensland","Australia","","Eucalyptus open woodland ex termite mound",160,"point","-13.7333","143.2"
"http://antweb.org/api/v2/?occurrenceId=CAS:ANTWEB:anic32-043548","anic32-043548","formicidae","ponerinae","Anochetus","rectangularis","Anochetus rectangularis","","Queensland","Australia","","",NA,"point","-13.65","142.667"
"http://antweb.org/api/v2/?occurrenceId=CAS:ANTWEB:anic32-045594","anic32-045594","formicidae","ponerinae","Anochetus","rectangularis","Anochetus rectangularis","","Queensland","Australia","","Rainforest edge random foragers",5,"point","-18.2833","146.1"
"http://antweb.org/api/v2/?occurrenceId=CAS:ANTWEB:anic32-050586","anic32-050586","formicidae","ponerinae","Anochetus","rectangularis","Anochetus rectangularis","","Northern Territory","Australia","","",NA,"point","-12.6667","132"
"http://antweb.org/api/v2/?occurrenceId=CAS:ANTWEB:anic32-066527","anic32-066527","formicidae","ponerinae","Anochetus","rectangularis","Anochetus rectangularis","","Northern Territory","Australia","","",NA,"point","-13.7167","136.5"
"http://antweb.org/api/v2/?occurrenceId=CAS:ANTWEB:antweb1008609","antweb1008609","formicidae","ponerinae","Anochetus","rectangularis","Anochetus rectangularis","","Western Australia","Australia","2006-12-31","",NA,NA,NA,NA
"http://antweb.org/api/v2/?occurrenceId=CAS:ANTWEB:casent0172379","casent0172379","formicidae","ponerinae","Anochetus","rectangularis","Anochetus rectangularis","","Queensland","Australia","","collected in dry sclerophyll",300,"point","-23.37","150.24"
"http://antweb.org/api/v2/?occurrenceId=CAS:ANTWEB:casent0260505","casent0260505","formicidae","ponerinae","Anochetus","rectangularis","Anochetus rectangularis","","Queensland","Australia","2005-12-31","Eucalyptus open-woodland under rotten log",160,"point","-13.73333","143.2"
"http://antweb.org/api/v2/?occurrenceId=CAS:ANTWEB:casent0746677","casent0746677","formicidae","ponerinae","Anochetus","rectangularis","Anochetus rectangularis","","Queensland","Australia","","",500,NA,NA,NA
"http://antweb.org/api/v2/?occurrenceId=CAS:ANTWEB:casent0746678","casent0746678","formicidae","ponerinae","Anochetus","rectangularis","Anochetus rectangularis","","Queensland","Australia","","",500,NA,NA,NA
"http://antweb.org/api/v2/?occurrenceId=CAS:ANTWEB:casent0746679","casent0746679","formicidae","ponerinae","Anochetus","rectangularis","Anochetus rectangularis","","Queensland","Australia","","",500,NA,NA,NA
"http://antweb.org/api/v2/?occurrenceId=CAS:ANTWEB:casent0907410","casent0907410","formicidae","ponerinae","Anochetus","rectangularis","Anochetus rectangularis","syntype of Anochetus rectangularis","Queensland","Australia","","",NA,NA,NA,NA
"http://antweb.org/api/v2/?occurrenceId=CAS:ANTWEB:casent0915895","casent0915895","formicidae","ponerinae","Anochetus","rectangularis","Anochetus rectangularis","syntype of Anochetus rectangularis","Queensland","Australia","","",NA,NA,NA,NA
