"url","catalogNumber","family","subfamily","genus","specificEpithet","scientific_name","typeStatus","stateProvince","country","dateIdentified","habitat","minimumElevationInMeters","geojson.type","decimal_latitude","decimal_longitude"
"http://antweb.org/api/v2/?occurrenceId=CAS:ANTWEB:casent0217032","casent0217032","formicidae","leptanillinae","Anomalomyrma","boltoni","Anomalomyrma boltoni","paratype","Perak","Malaysia","","",590,"point","4.37","101.33333"
"http://antweb.org/api/v2/?occurrenceId=CAS:ANTWEB:casent0217032-d01","casent0217032-d01","formicidae","leptanillinae","Anomalomyrma","boltoni","Anomalomyrma boltoni","paratype","Perak","Malaysia","","",590,"point","4.37","101.33333"
"http://antweb.org/api/v2/?occurrenceId=CAS:ANTWEB:casent0217035","casent0217035","formicidae","leptanillinae","Anomalomyrma","boltoni","Anomalomyrma boltoni","Holotype","Perak","Malaysia","","",590,"point","4.37","101.33333"
"http://antweb.org/api/v2/?occurrenceId=CAS:ANTWEB:casent0217035-d01","casent0217035-d01","formicidae","leptanillinae","Anomalomyrma","boltoni","Anomalomyrma boltoni","Holotype","Perak","Malaysia","","",590,"point","4.37","101.33333"
