"url","catalogNumber","family","subfamily","genus","specificEpithet","scientific_name","typeStatus","stateProvince","country","dateIdentified","habitat","minimumElevationInMeters","geojson.type","decimal_latitude","decimal_longitude"
"http://antweb.org/api/v2/?occurrenceId=CAS:ANTWEB:anic32-015041","anic32-015041","formicidae","dolichoderinae","Anonychomyrma","gilberti","Anonychomyrma gilberti","syntype","Queensland","Australia","","",NA,"point","-21.15","149.183"
"http://antweb.org/api/v2/?occurrenceId=CAS:ANTWEB:anic32-030364","anic32-030364","formicidae","dolichoderinae","Anonychomyrma","gilberti","Anonychomyrma gilberti","","Queensland","Australia","","Rainforest",600,"point","-16.0833","145.433"
"http://antweb.org/api/v2/?occurrenceId=CAS:ANTWEB:anic32-030365","anic32-030365","formicidae","dolichoderinae","Anonychomyrma","gilberti","Anonychomyrma gilberti","","Queensland","Australia","","Rainforest",10,"point","-16.0333","145.45"
"http://antweb.org/api/v2/?occurrenceId=CAS:ANTWEB:anic32-030366","anic32-030366","formicidae","dolichoderinae","Anonychomyrma","gilberti","Anonychomyrma gilberti","","Queensland","Australia","","Rainforest on tree trunk",530,"point","-13.7333","143.333"
"http://antweb.org/api/v2/?occurrenceId=CAS:ANTWEB:anic32-064004","anic32-064004","formicidae","dolichoderinae","Anonychomyrma","gilberti","Anonychomyrma gilberti","","Queensland","Australia","","Tropical rainforest Tending flowers on tree trunks",NA,"point","-16.1667","145.417"
"http://antweb.org/api/v2/?occurrenceId=CAS:ANTWEB:casent0006102","casent0006102","formicidae","dolichoderinae","Anonychomyrma","gilberti","Anonychomyrma gilberti","","Queensland","Australia","2000-11-10","",NA,"point","-13.75","143.2833"
"http://antweb.org/api/v2/?occurrenceId=CAS:ANTWEB:casent0069883","casent0069883","formicidae","dolichoderinae","Anonychomyrma","gilberti","Anonychomyrma gilberti","","Queensland","Australia","2004-03-09","rainforest on tree trunk",530,"point","-13.73333","143.33333"
"http://antweb.org/api/v2/?occurrenceId=CAS:ANTWEB:casent0106003","casent0106003","formicidae","dolichoderinae","Anonychomyrma","gilberti","Anonychomyrma gilberti","","Queensland","Australia","","rainforest on tree trunk",530,"point","-13.73333","143.33333"
"http://antweb.org/api/v2/?occurrenceId=CAS:ANTWEB:casent0106003-d01","casent0106003-d01","formicidae","dolichoderinae","Anonychomyrma","gilberti","Anonychomyrma gilberti","","Queensland","Australia","","rainforest on tree trunk",530,"point","-13.73333","143.33333"
"http://antweb.org/api/v2/?occurrenceId=CAS:ANTWEB:casent0106003-d11","casent0106003-d11","formicidae","dolichoderinae","Anonychomyrma","gilberti","Anonychomyrma gilberti","","Queensland","Australia","","rainforest on tree trunk",530,"point","-13.73333","143.33333"
"http://antweb.org/api/v2/?occurrenceId=CAS:ANTWEB:casent0249517","casent0249517","formicidae","dolichoderinae","Anonychomyrma","gilberti","Anonychomyrma gilberti","","Queensland","Australia","","",NA,NA,NA,NA
"http://antweb.org/api/v2/?occurrenceId=CAS:ANTWEB:casent0902995","casent0902995","formicidae","dolichoderinae","Anonychomyrma","gilberti","Anonychomyrma gilberti","syntype of Anonychomyrma gilberti","Queensland","Australia","","",NA,NA,NA,NA
"http://antweb.org/api/v2/?occurrenceId=CAS:ANTWEB:casent0909528","casent0909528","formicidae","dolichoderinae","Anonychomyrma","gilberti","Anonychomyrma gilberti","syntype of Anonychomyrma gilberti","Queensland","Australia","","",NA,NA,NA,NA
