"url","catalogNumber","family","subfamily","genus","specificEpithet","scientific_name","typeStatus","stateProvince","country","dateIdentified","habitat","minimumElevationInMeters","geojson.type","decimal_latitude","decimal_longitude"
"http://antweb.org/api/v2/?occurrenceId=CAS:ANTWEB:casent0219919","casent0219919","formicidae","dolichoderinae","Anonychomyrma","dimorpha","Anonychomyrma dimorpha","","Makira-Ulawa","Solomon Islands","2011-01-01","1 rainforest",724,"point","-10.575","161.90668"
"http://antweb.org/api/v2/?occurrenceId=CAS:ANTWEB:casent0902993","casent0902993","formicidae","dolichoderinae","Anonychomyrma","dimorpha","Anonychomyrma dimorpha","type of Anonychomyrma dimorpha","","Indonesia","","",NA,NA,NA,NA
"http://antweb.org/api/v2/?occurrenceId=CAS:ANTWEB:casent0905044","casent0905044","formicidae","dolichoderinae","Anonychomyrma","dimorpha","Anonychomyrma dimorpha","syntype of Anonychomyrma dimorpha","West Sepik","New Guinea","","",NA,NA,NA,NA
"http://antweb.org/api/v2/?occurrenceId=CAS:ANTWEB:casent0905790","casent0905790","formicidae","dolichoderinae","Anonychomyrma","dimorpha","Anonychomyrma dimorpha","syntype of Anonychomyrma dimorpha","","New Guinea","","",NA,NA,NA,NA
