"url","catalogNumber","family","subfamily","genus","specificEpithet","scientific_name","typeStatus","stateProvince","country","dateIdentified","habitat","minimumElevationInMeters","geojson.type","decimal_latitude","decimal_longitude"
"http://antweb.org/api/v2/?occurrenceId=CAS:ANTWEB:anic32-024128","anic32-024128","formicidae","dolichoderinae","Anonychomyrma","scrutator","Anonychomyrma scrutator","","Morobe","Papua New Guinea","","",NA,"point","-6.73333","147.05"
"http://antweb.org/api/v2/?occurrenceId=CAS:ANTWEB:anic32-024129","anic32-024129","formicidae","dolichoderinae","Anonychomyrma","scrutator","Anonychomyrma scrutator","","Southern Highlands","Papua New Guinea","","",822,"point","-6.4","143.333"
"http://antweb.org/api/v2/?occurrenceId=CAS:ANTWEB:anic32-024130","anic32-024130","formicidae","dolichoderinae","Anonychomyrma","scrutator","Anonychomyrma scrutator","","Morobe","Papua New Guinea","","",1100,"point","-7.3","146.75"
"http://antweb.org/api/v2/?occurrenceId=CAS:ANTWEB:anic32-024131","anic32-024131","formicidae","dolichoderinae","Anonychomyrma","scrutator","Anonychomyrma scrutator","","Morobe","Papua New Guinea","","",1100,"point","-7.3","146.75"
"http://antweb.org/api/v2/?occurrenceId=CAS:ANTWEB:anic32-024132","anic32-024132","formicidae","dolichoderinae","Anonychomyrma","scrutator","Anonychomyrma scrutator","","Morobe","Papua New Guinea","","",1100,"point","-7.3","146.75"
"http://antweb.org/api/v2/?occurrenceId=CAS:ANTWEB:anic32-024133","anic32-024133","formicidae","dolichoderinae","Anonychomyrma","scrutator","Anonychomyrma scrutator","","Morobe","Papua New Guinea","","",1100,"point","-7.3","146.75"
"http://antweb.org/api/v2/?occurrenceId=CAS:ANTWEB:anic32-024134","anic32-024134","formicidae","dolichoderinae","Anonychomyrma","scrutator","Anonychomyrma scrutator","","Morobe","Papua New Guinea","","",1100,"point","-7.3","146.75"
"http://antweb.org/api/v2/?occurrenceId=CAS:ANTWEB:anic32-024135","anic32-024135","formicidae","dolichoderinae","Anonychomyrma","scrutator","Anonychomyrma scrutator","","Morobe","Papua New Guinea","","",1100,"point","-7.3","146.75"
"http://antweb.org/api/v2/?occurrenceId=CAS:ANTWEB:anic32-024136","anic32-024136","formicidae","dolichoderinae","Anonychomyrma","scrutator","Anonychomyrma scrutator","","Morobe","Papua New Guinea","","",1100,"point","-7.3","146.75"
"http://antweb.org/api/v2/?occurrenceId=CAS:ANTWEB:anic32-024137","anic32-024137","formicidae","dolichoderinae","Anonychomyrma","scrutator","Anonychomyrma scrutator","","Morobe","Papua New Guinea","","",1100,"point","-7.3","146.75"
"http://antweb.org/api/v2/?occurrenceId=CAS:ANTWEB:anic32-024138","anic32-024138","formicidae","dolichoderinae","Anonychomyrma","scrutator","Anonychomyrma scrutator","","Morobe","Papua New Guinea","","",1100,"point","-7.3","146.75"
"http://antweb.org/api/v2/?occurrenceId=CAS:ANTWEB:anic32-024139","anic32-024139","formicidae","dolichoderinae","Anonychomyrma","scrutator","Anonychomyrma scrutator","","Morobe","Papua New Guinea","","",1100,"point","-7.3","146.75"
"http://antweb.org/api/v2/?occurrenceId=CAS:ANTWEB:anic32-030363","anic32-030363","formicidae","dolichoderinae","Anonychomyrma","scrutator","Anonychomyrma scrutator","","Queensland","Australia","","Rainforest",530,"point","-13.7333","143.333"
"http://antweb.org/api/v2/?occurrenceId=CAS:ANTWEB:casent0249518","casent0249518","formicidae","dolichoderinae","Anonychomyrma","scrutator","Anonychomyrma scrutator","","","New Guinea","","montane rainforest",1200,"point","-4.66667","145.95"
"http://antweb.org/api/v2/?occurrenceId=CAS:ANTWEB:casent0901922","casent0901922","formicidae","dolichoderinae","Anonychomyrma","scrutator","Anonychomyrma scrutator","syntype of Anonychomyrma scrutator","Maluku","Indonesia","","",NA,NA,NA,NA
"http://antweb.org/api/v2/?occurrenceId=CAS:ANTWEB:casent0909562","casent0909562","formicidae","dolichoderinae","Anonychomyrma","scrutator","Anonychomyrma scrutator","syntype of Anonychomyrma scrutator batesi","","Indonesia","","",NA,NA,NA,NA
"http://antweb.org/api/v2/?occurrenceId=CAS:ANTWEB:lacm ent 142698","lacm ent 142698","formicidae","dolichoderinae","Anonychomyrma","scrutator","Anonychomyrma scrutator","","Irian Jaya","Indonesia","1999-12-31","lowland secondary rainforest foragers on shrubs and vines",61,"point","-3.04","136.38"
