"url","catalogNumber","family","subfamily","genus","specificEpithet","scientific_name","typeStatus","stateProvince","country","dateIdentified","habitat","minimumElevationInMeters","geojson.type","decimal_latitude","decimal_longitude"
"http://antweb.org/api/v2/?occurrenceId=CAS:ANTWEB:anic32-001334","anic32-001334","formicidae","dolichoderinae","Anonychomyrma","nitidiceps","Anonychomyrma nitidiceps","","Tasmania","Australia","","Edge of rainforest under rock",NA,"point","-41.4333","147.967"
"http://antweb.org/api/v2/?occurrenceId=CAS:ANTWEB:anic32-001335","anic32-001335","formicidae","dolichoderinae","Anonychomyrma","nitidiceps","Anonychomyrma nitidiceps","","Tasmania","Australia","","Dry coastal sclerophyll under rock",NA,"point","-41.3","148.3"
"http://antweb.org/api/v2/?occurrenceId=CAS:ANTWEB:anic32-001336","anic32-001336","formicidae","dolichoderinae","Anonychomyrma","nitidiceps","Anonychomyrma nitidiceps","","Tasmania","Australia","","Open paddock between granite rocks",NA,"point","-41.3833","147.417"
"http://antweb.org/api/v2/?occurrenceId=CAS:ANTWEB:anic32-001337","anic32-001337","formicidae","dolichoderinae","Anonychomyrma","nitidiceps","Anonychomyrma nitidiceps","","Tasmania","Australia","","summit heath between rocks",NA,"point","-42.9","147.233"
"http://antweb.org/api/v2/?occurrenceId=CAS:ANTWEB:anic32-001338","anic32-001338","formicidae","dolichoderinae","Anonychomyrma","nitidiceps","Anonychomyrma nitidiceps","","Tasmania","Australia","","Coastal scrub under bark",NA,"point","-42.85","147.617"
"http://antweb.org/api/v2/?occurrenceId=CAS:ANTWEB:anic32-001339","anic32-001339","formicidae","dolichoderinae","Anonychomyrma","nitidiceps","Anonychomyrma nitidiceps","","Tasmania","Australia","","Dry sclerophyll under rock",NA,"point","-41.9333","146.967"
"http://antweb.org/api/v2/?occurrenceId=CAS:ANTWEB:anic32-001340","anic32-001340","formicidae","dolichoderinae","Anonychomyrma","nitidiceps","Anonychomyrma nitidiceps","","Tasmania","Australia","","dry sclerophyll on tree trunck",NA,"point","-43.15","147.35"
"http://antweb.org/api/v2/?occurrenceId=CAS:ANTWEB:anic32-001341","anic32-001341","formicidae","dolichoderinae","Anonychomyrma","nitidiceps","Anonychomyrma nitidiceps","","Tasmania","Australia","","Wet sclerophyll between rocks",NA,"point","-41.2333","146.4"
"http://antweb.org/api/v2/?occurrenceId=CAS:ANTWEB:anic32-001342","anic32-001342","formicidae","dolichoderinae","Anonychomyrma","nitidiceps","Anonychomyrma nitidiceps","","Tasmania","Australia","","Alpine scrub under rock",NA,"point","-41.7833","146.7"
"http://antweb.org/api/v2/?occurrenceId=CAS:ANTWEB:anic32-001344","anic32-001344","formicidae","dolichoderinae","Anonychomyrma","nitidiceps","Anonychomyrma nitidiceps","","Tasmania","Australia","","Dry sclerophyll under log",NA,"point","-42.15","147.233"
"http://antweb.org/api/v2/?occurrenceId=CAS:ANTWEB:anic32-001345","anic32-001345","formicidae","dolichoderinae","Anonychomyrma","nitidiceps","Anonychomyrma nitidiceps","","Tasmania","Australia","","Beach in sand",NA,"point","-39.65","144.067"
"http://antweb.org/api/v2/?occurrenceId=CAS:ANTWEB:anic32-001347","anic32-001347","formicidae","dolichoderinae","Anonychomyrma","nitidiceps","Anonychomyrma nitidiceps","","Tasmania","Australia","","Alpine scrub under rock",NA,"point","-41.7833","146.7"
"http://antweb.org/api/v2/?occurrenceId=CAS:ANTWEB:anic32-001348","anic32-001348","formicidae","dolichoderinae","Anonychomyrma","nitidiceps","Anonychomyrma nitidiceps","","Tasmania","Australia","","Under tall E. glabulus trees",NA,"point","-41.35","146.417"
"http://antweb.org/api/v2/?occurrenceId=CAS:ANTWEB:anic32-001349","anic32-001349","formicidae","dolichoderinae","Anonychomyrma","nitidiceps","Anonychomyrma nitidiceps","","Tasmania","Australia","","Coastal heath nest in dead Euc. branch",NA,"point","-39.9667","148.2"
"http://antweb.org/api/v2/?occurrenceId=CAS:ANTWEB:anic32-001350","anic32-001350","formicidae","dolichoderinae","Anonychomyrma","nitidiceps","Anonychomyrma nitidiceps","","Tasmania","Australia","","Dry sclerophyll under rock at base of Eucalyptus",NA,"point","-42.9833","147.333"
"http://antweb.org/api/v2/?occurrenceId=CAS:ANTWEB:anic32-001351","anic32-001351","formicidae","dolichoderinae","Anonychomyrma","nitidiceps","Anonychomyrma nitidiceps","","Tasmania","Australia","","Dry sclerophyll under rock",NA,"point","-41.3167","146.4"
"http://antweb.org/api/v2/?occurrenceId=CAS:ANTWEB:anic32-014960","anic32-014960","formicidae","dolichoderinae","Anonychomyrma","nitidiceps","Anonychomyrma nitidiceps","syntype","Victoria","Australia","","",NA,NA,NA,NA
"http://antweb.org/api/v2/?occurrenceId=CAS:ANTWEB:casent0909543","casent0909543","formicidae","dolichoderinae","Anonychomyrma","nitidiceps","Anonychomyrma nitidiceps","syntype of Anonychomyrma nitidiceps","Victoria","Australia","","",NA,NA,NA,NA
"http://antweb.org/api/v2/?occurrenceId=CAS:ANTWEB:jdm32-000019","jdm32-000019","formicidae","dolichoderinae","Anonychomyrma","nitidiceps","Anonychomyrma nitidiceps","","Western Australia","Australia","","mixed native/exotic vegetation, rural environ. tree-trunk",NA,"point","-34.5667","118.6"
"http://antweb.org/api/v2/?occurrenceId=CAS:ANTWEB:jdm32-000020","jdm32-000020","formicidae","dolichoderinae","Anonychomyrma","nitidiceps","Anonychomyrma nitidiceps","","Western Australia","Australia","","native veg., rural environ soil/tree-trunk",NA,"point","-32.4167","116.3"
"http://antweb.org/api/v2/?occurrenceId=CAS:ANTWEB:jdm32-000021","jdm32-000021","formicidae","dolichoderinae","Anonychomyrma","nitidiceps","Anonychomyrma nitidiceps","","Western Australia","Australia","","native veg., rural environ. rotting wood",NA,"point","-32.4667","116.45"
"http://antweb.org/api/v2/?occurrenceId=CAS:ANTWEB:jdm32-000022","jdm32-000022","formicidae","dolichoderinae","Anonychomyrma","nitidiceps","Anonychomyrma nitidiceps","","Western Australia","Australia","","Banksia-Nuytsia sandplain on Banksia trunk",NA,"point","-33.8369","121.854"
"http://antweb.org/api/v2/?occurrenceId=CAS:ANTWEB:jdm32-000023","jdm32-000023","formicidae","dolichoderinae","Anonychomyrma","nitidiceps","Anonychomyrma nitidiceps","","Western Australia","Australia","","remnant native veg., on road verge nest under rock",NA,"point","-34.5472","118.019"
"http://antweb.org/api/v2/?occurrenceId=CAS:ANTWEB:jdm32-000024","jdm32-000024","formicidae","dolichoderinae","Anonychomyrma","nitidiceps","Anonychomyrma nitidiceps","","Western Australia","Australia","","Degraded tuart Eucalyptus gomphocephala woodland with ground cover of exotic weeds",NA,"point","-32.25","115.783"
"http://antweb.org/api/v2/?occurrenceId=CAS:ANTWEB:jdm32-000025","jdm32-000025","formicidae","dolichoderinae","Anonychomyrma","nitidiceps","Anonychomyrma nitidiceps","","Western Australia","Australia","","Marri E. calophylla",NA,"point","-32.1","116.117"
"http://antweb.org/api/v2/?occurrenceId=CAS:ANTWEB:jdm32-000026","jdm32-000026","formicidae","dolichoderinae","Anonychomyrma","nitidiceps","Anonychomyrma nitidiceps","","Western Australia","Australia","","Marri E. calophylla",NA,"point","-32.1","116.117"
"http://antweb.org/api/v2/?occurrenceId=CAS:ANTWEB:jdm32-000027","jdm32-000027","formicidae","dolichoderinae","Anonychomyrma","nitidiceps","Anonychomyrma nitidiceps","","Western Australia","Australia","","Marri E. calophylla",NA,"point","-32.1","116.117"
"http://antweb.org/api/v2/?occurrenceId=CAS:ANTWEB:jdm32-000028","jdm32-000028","formicidae","dolichoderinae","Anonychomyrma","nitidiceps","Anonychomyrma nitidiceps","","Western Australia","Australia","","Marri E. calophylla",NA,"point","-32.1","116.117"
"http://antweb.org/api/v2/?occurrenceId=CAS:ANTWEB:jdm32-000029","jdm32-000029","formicidae","dolichoderinae","Anonychomyrma","nitidiceps","Anonychomyrma nitidiceps","","Western Australia","Australia","","Marri E. calophylla",NA,"point","-32.1","116.117"
"http://antweb.org/api/v2/?occurrenceId=CAS:ANTWEB:jdm32-000030","jdm32-000030","formicidae","dolichoderinae","Anonychomyrma","nitidiceps","Anonychomyrma nitidiceps","","Western Australia","Australia","","Marri E. calophylla",NA,"point","-32.1","116.117"
"http://antweb.org/api/v2/?occurrenceId=CAS:ANTWEB:jdm32-000031","jdm32-000031","formicidae","dolichoderinae","Anonychomyrma","nitidiceps","Anonychomyrma nitidiceps","","Western Australia","Australia","","Marri E. calophylla",NA,"point","-32.1","116.117"
"http://antweb.org/api/v2/?occurrenceId=CAS:ANTWEB:jdm32-000032","jdm32-000032","formicidae","dolichoderinae","Anonychomyrma","nitidiceps","Anonychomyrma nitidiceps","","Western Australia","Australia","","Marri E. calophylla",NA,"point","-32.1","116.117"
"http://antweb.org/api/v2/?occurrenceId=CAS:ANTWEB:jdm32-000033","jdm32-000033","formicidae","dolichoderinae","Anonychomyrma","nitidiceps","Anonychomyrma nitidiceps","","Western Australia","Australia","","Marri E. calophylla",NA,"point","-32.1","116.117"
"http://antweb.org/api/v2/?occurrenceId=CAS:ANTWEB:jdm32-000034","jdm32-000034","formicidae","dolichoderinae","Anonychomyrma","nitidiceps","Anonychomyrma nitidiceps","","Western Australia","Australia","","Marri E. calophylla",NA,"point","-32.1","116.117"
"http://antweb.org/api/v2/?occurrenceId=CAS:ANTWEB:jdm32-000035","jdm32-000035","formicidae","dolichoderinae","Anonychomyrma","nitidiceps","Anonychomyrma nitidiceps","","Western Australia","Australia","","Marri E. calophylla",NA,"point","-32.1","116.117"
"http://antweb.org/api/v2/?occurrenceId=CAS:ANTWEB:jdm32-000036","jdm32-000036","formicidae","dolichoderinae","Anonychomyrma","nitidiceps","Anonychomyrma nitidiceps","","Western Australia","Australia","","Marri E. calophylla",NA,"point","-32.1","116.117"
"http://antweb.org/api/v2/?occurrenceId=CAS:ANTWEB:jdm32-000037","jdm32-000037","formicidae","dolichoderinae","Anonychomyrma","nitidiceps","Anonychomyrma nitidiceps","","Western Australia","Australia","","Marri E. calophylla",NA,"point","-32.1","116.117"
"http://antweb.org/api/v2/?occurrenceId=CAS:ANTWEB:jdm32-000038","jdm32-000038","formicidae","dolichoderinae","Anonychomyrma","nitidiceps","Anonychomyrma nitidiceps","","Western Australia","Australia","","Marri E. calophylla",NA,"point","-32.1","116.117"
"http://antweb.org/api/v2/?occurrenceId=CAS:ANTWEB:jdm32-000039","jdm32-000039","formicidae","dolichoderinae","Anonychomyrma","nitidiceps","Anonychomyrma nitidiceps","","Western Australia","Australia","","",NA,"point","-31.95","115.85"
"http://antweb.org/api/v2/?occurrenceId=CAS:ANTWEB:jdm32-000040","jdm32-000040","formicidae","dolichoderinae","Anonychomyrma","nitidiceps","Anonychomyrma nitidiceps","","Western Australia","Australia","","",NA,"point","-31.95","115.85"
"http://antweb.org/api/v2/?occurrenceId=CAS:ANTWEB:jdm32-000041","jdm32-000041","formicidae","dolichoderinae","Anonychomyrma","nitidiceps","Anonychomyrma nitidiceps","","Western Australia","Australia","","",NA,"point","-31.95","115.85"
"http://antweb.org/api/v2/?occurrenceId=CAS:ANTWEB:jdm32-000042","jdm32-000042","formicidae","dolichoderinae","Anonychomyrma","nitidiceps","Anonychomyrma nitidiceps","","Western Australia","Australia","","",NA,"point","-31.95","115.85"
"http://antweb.org/api/v2/?occurrenceId=CAS:ANTWEB:jdm32-000043","jdm32-000043","formicidae","dolichoderinae","Anonychomyrma","nitidiceps","Anonychomyrma nitidiceps","","Western Australia","Australia","","",NA,"point","-33.8333","117.15"
"http://antweb.org/api/v2/?occurrenceId=CAS:ANTWEB:jdm32-000044","jdm32-000044","formicidae","dolichoderinae","Anonychomyrma","nitidiceps","Anonychomyrma nitidiceps","","Western Australia","Australia","","",NA,"point","-33.8333","117.15"
"http://antweb.org/api/v2/?occurrenceId=CAS:ANTWEB:jdm32-000045","jdm32-000045","formicidae","dolichoderinae","Anonychomyrma","nitidiceps","Anonychomyrma nitidiceps","","Western Australia","Australia","","",NA,"point","-33.8333","117.15"
"http://antweb.org/api/v2/?occurrenceId=CAS:ANTWEB:jdm32-000046","jdm32-000046","formicidae","dolichoderinae","Anonychomyrma","nitidiceps","Anonychomyrma nitidiceps","","Western Australia","Australia","","",NA,"point","-33.8333","117.15"
"http://antweb.org/api/v2/?occurrenceId=CAS:ANTWEB:jdm32-000047","jdm32-000047","formicidae","dolichoderinae","Anonychomyrma","nitidiceps","Anonychomyrma nitidiceps","","Western Australia","Australia","","",NA,"point","-33.8333","117.15"
"http://antweb.org/api/v2/?occurrenceId=CAS:ANTWEB:jdm32-000048","jdm32-000048","formicidae","dolichoderinae","Anonychomyrma","nitidiceps","Anonychomyrma nitidiceps","","Western Australia","Australia","","",NA,"point","-33.8333","117.15"
"http://antweb.org/api/v2/?occurrenceId=CAS:ANTWEB:jdm32-000049","jdm32-000049","formicidae","dolichoderinae","Anonychomyrma","nitidiceps","Anonychomyrma nitidiceps","","Western Australia","Australia","","",NA,"point","-33.8333","117.15"
"http://antweb.org/api/v2/?occurrenceId=CAS:ANTWEB:jdm32-000050","jdm32-000050","formicidae","dolichoderinae","Anonychomyrma","nitidiceps","Anonychomyrma nitidiceps","","Western Australia","Australia","","",NA,"point","-33.8333","117.15"
"http://antweb.org/api/v2/?occurrenceId=CAS:ANTWEB:jdm32-000051","jdm32-000051","formicidae","dolichoderinae","Anonychomyrma","nitidiceps","Anonychomyrma nitidiceps","","Western Australia","Australia","","",NA,"point","-32.7167","116.067"
"http://antweb.org/api/v2/?occurrenceId=CAS:ANTWEB:jdm32-000052","jdm32-000052","formicidae","dolichoderinae","Anonychomyrma","nitidiceps","Anonychomyrma nitidiceps","","Western Australia","Australia","","",NA,"point","-32.7167","116.067"
"http://antweb.org/api/v2/?occurrenceId=CAS:ANTWEB:jdm32-000053","jdm32-000053","formicidae","dolichoderinae","Anonychomyrma","nitidiceps","Anonychomyrma nitidiceps","","Western Australia","Australia","","",NA,"point","-32.7167","116.067"
"http://antweb.org/api/v2/?occurrenceId=CAS:ANTWEB:jdm32-000054","jdm32-000054","formicidae","dolichoderinae","Anonychomyrma","nitidiceps","Anonychomyrma nitidiceps","","Western Australia","Australia","","",NA,"point","-34.3167","115.15"
"http://antweb.org/api/v2/?occurrenceId=CAS:ANTWEB:jdm32-000055","jdm32-000055","formicidae","dolichoderinae","Anonychomyrma","nitidiceps","Anonychomyrma nitidiceps","","Western Australia","Australia","","",NA,"point","-34.3167","115.15"
"http://antweb.org/api/v2/?occurrenceId=CAS:ANTWEB:jdm32-000056","jdm32-000056","formicidae","dolichoderinae","Anonychomyrma","nitidiceps","Anonychomyrma nitidiceps","","Western Australia","Australia","","",NA,"point","-34.3167","115.15"
"http://antweb.org/api/v2/?occurrenceId=CAS:ANTWEB:jdm32-000057","jdm32-000057","formicidae","dolichoderinae","Anonychomyrma","nitidiceps","Anonychomyrma nitidiceps","","Western Australia","Australia","","",NA,"point","-34.3167","115.15"
"http://antweb.org/api/v2/?occurrenceId=CAS:ANTWEB:jdm32-000058","jdm32-000058","formicidae","dolichoderinae","Anonychomyrma","nitidiceps","Anonychomyrma nitidiceps","","Western Australia","Australia","","",NA,"point","-34.3167","115.15"
"http://antweb.org/api/v2/?occurrenceId=CAS:ANTWEB:jdm32-000059","jdm32-000059","formicidae","dolichoderinae","Anonychomyrma","nitidiceps","Anonychomyrma nitidiceps","","Western Australia","Australia","","",NA,"point","-34.3167","115.15"
"http://antweb.org/api/v2/?occurrenceId=CAS:ANTWEB:jdm32-000060","jdm32-000060","formicidae","dolichoderinae","Anonychomyrma","nitidiceps","Anonychomyrma nitidiceps","","Western Australia","Australia","","",NA,NA,NA,NA
"http://antweb.org/api/v2/?occurrenceId=CAS:ANTWEB:jdm32-000061","jdm32-000061","formicidae","dolichoderinae","Anonychomyrma","nitidiceps","Anonychomyrma nitidiceps","","Western Australia","Australia","","",NA,NA,NA,NA
"http://antweb.org/api/v2/?occurrenceId=CAS:ANTWEB:jdm32-000062","jdm32-000062","formicidae","dolichoderinae","Anonychomyrma","nitidiceps","Anonychomyrma nitidiceps","","Western Australia","Australia","","",NA,NA,NA,NA
"http://antweb.org/api/v2/?occurrenceId=CAS:ANTWEB:jdm32-000063","jdm32-000063","formicidae","dolichoderinae","Anonychomyrma","nitidiceps","Anonychomyrma nitidiceps","","Western Australia","Australia","","",NA,"point","-34.25","116.15"
"http://antweb.org/api/v2/?occurrenceId=CAS:ANTWEB:jdm32-000064","jdm32-000064","formicidae","dolichoderinae","Anonychomyrma","nitidiceps","Anonychomyrma nitidiceps","","Western Australia","Australia","","",NA,"point","-34.2667","116.633"
"http://antweb.org/api/v2/?occurrenceId=CAS:ANTWEB:jdm32-000065","jdm32-000065","formicidae","dolichoderinae","Anonychomyrma","nitidiceps","Anonychomyrma nitidiceps","","Western Australia","Australia","","",NA,"point","-34.2667","116.633"
