"url","catalogNumber","family","subfamily","genus","specificEpithet","scientific_name","typeStatus","stateProvince","country","dateIdentified","habitat","minimumElevationInMeters","geojson.type","decimal_latitude","decimal_longitude"
"http://antweb.org/api/v2/?occurrenceId=CAS:ANTWEB:anic32-001333","anic32-001333","formicidae","dolichoderinae","Anonychomyrma","itinerans","Anonychomyrma itinerans","","Tasmania","Australia","","wet coastal scrub under rock",NA,"point","-40.75","144.95"
"http://antweb.org/api/v2/?occurrenceId=CAS:ANTWEB:anic32-007957","anic32-007957","formicidae","dolichoderinae","Anonychomyrma","itinerans","Anonychomyrma itinerans","","Australian Capital Territory","Australia","","",NA,"point","-35.3","149.133"
"http://antweb.org/api/v2/?occurrenceId=CAS:ANTWEB:anic32-007958","anic32-007958","formicidae","dolichoderinae","Anonychomyrma","itinerans","Anonychomyrma itinerans","","Australian Capital Territory","Australia","","",NA,"point","-35.3833","148.767"
"http://antweb.org/api/v2/?occurrenceId=CAS:ANTWEB:anic32-007959","anic32-007959","formicidae","dolichoderinae","Anonychomyrma","itinerans","Anonychomyrma itinerans","","New South Wales","Australia","","",NA,"point","-35.6167","148.117"
"http://antweb.org/api/v2/?occurrenceId=CAS:ANTWEB:anic32-007960","anic32-007960","formicidae","dolichoderinae","Anonychomyrma","itinerans","Anonychomyrma itinerans","","Australian Capital Territory","Australia","","",NA,"point","-35.3833","149.117"
"http://antweb.org/api/v2/?occurrenceId=CAS:ANTWEB:anic32-007961","anic32-007961","formicidae","dolichoderinae","Anonychomyrma","itinerans","Anonychomyrma itinerans","","New South Wales","Australia","","",NA,"point","-35.6167","148.117"
"http://antweb.org/api/v2/?occurrenceId=CAS:ANTWEB:anic32-007962","anic32-007962","formicidae","dolichoderinae","Anonychomyrma","itinerans","Anonychomyrma itinerans","","New South Wales","Australia","","",NA,"point","-35.9","148.583"
"http://antweb.org/api/v2/?occurrenceId=CAS:ANTWEB:anic32-015057","anic32-015057","formicidae","dolichoderinae","Anonychomyrma","itinerans","Anonychomyrma itinerans","syntype","Queensland","Australia","","",NA,"point","-21.15","149.183"
"http://antweb.org/api/v2/?occurrenceId=CAS:ANTWEB:anic32-035221","anic32-035221","formicidae","dolichoderinae","Anonychomyrma","itinerans","Anonychomyrma itinerans","","Western Australia","Australia","","",NA,"point","-35","117.867"
"http://antweb.org/api/v2/?occurrenceId=CAS:ANTWEB:casent0009959","casent0009959","formicidae","dolichoderinae","Anonychomyrma","itinerans","Anonychomyrma itinerans","","Western Australia","Australia","2007-02-12","",NA,NA,NA,NA
"http://antweb.org/api/v2/?occurrenceId=CAS:ANTWEB:casent0009959-d01","casent0009959-d01","formicidae","dolichoderinae","Anonychomyrma","itinerans","Anonychomyrma itinerans","","Western Australia","Australia","","",NA,NA,NA,NA
"http://antweb.org/api/v2/?occurrenceId=CAS:ANTWEB:casent0009959-d11","casent0009959-d11","formicidae","dolichoderinae","Anonychomyrma","itinerans","Anonychomyrma itinerans","","Western Australia","Australia","","",NA,NA,NA,NA
"http://antweb.org/api/v2/?occurrenceId=CAS:ANTWEB:casent0249512","casent0249512","formicidae","dolichoderinae","Anonychomyrma","itinerans","Anonychomyrma itinerans","","New South Wales","Australia","","dry sclerophyll",100,"point","-33.76667","151.15"
"http://antweb.org/api/v2/?occurrenceId=CAS:ANTWEB:casent0902994","casent0902994","formicidae","dolichoderinae","Anonychomyrma","itinerans","Anonychomyrma itinerans","syntype of Anonychomyrma itinerans","","","","",NA,NA,NA,NA
"http://antweb.org/api/v2/?occurrenceId=CAS:ANTWEB:casent0909541","casent0909541","formicidae","dolichoderinae","Anonychomyrma","itinerans","Anonychomyrma itinerans","syntype of Anonychomyrma itinerans ballaratensis","","Australia","","",NA,NA,NA,NA
"http://antweb.org/api/v2/?occurrenceId=CAS:ANTWEB:casent0909542","casent0909542","formicidae","dolichoderinae","Anonychomyrma","itinerans","Anonychomyrma itinerans","syntype of Anonychomyrma itinerans depilis","Queensland","Australia","","",NA,NA,NA,NA
"http://antweb.org/api/v2/?occurrenceId=CAS:ANTWEB:casent0909544","casent0909544","formicidae","dolichoderinae","Anonychomyrma","itinerans","Anonychomyrma itinerans","syntype of Anonychomyrma itinerans perthensis","Western Australia","Australia","","",NA,NA,NA,NA
"http://antweb.org/api/v2/?occurrenceId=CAS:ANTWEB:jdm32-000001","jdm32-000001","formicidae","dolichoderinae","Anonychomyrma","itinerans","Anonychomyrma itinerans","","Western Australia","Australia","","native vegetation rural environment soil",NA,"point","-34.9667","117.35"
"http://antweb.org/api/v2/?occurrenceId=CAS:ANTWEB:jdm32-000002","jdm32-000002","formicidae","dolichoderinae","Anonychomyrma","itinerans","Anonychomyrma itinerans","","Western Australia","Australia","","mixed native/exotic vegetation uncleared bush block urban soil",NA,"point","-32.0833","115.817"
"http://antweb.org/api/v2/?occurrenceId=CAS:ANTWEB:jdm32-000003","jdm32-000003","formicidae","dolichoderinae","Anonychomyrma","itinerans","Anonychomyrma itinerans","","Western Australia","Australia","","Banksia open woodland Adenanthos understorey white quartz sand",NA,"point","-31.78","115.947"
"http://antweb.org/api/v2/?occurrenceId=CAS:ANTWEB:jdm32-000004","jdm32-000004","formicidae","dolichoderinae","Anonychomyrma","itinerans","Anonychomyrma itinerans","","Western Australia","Australia","","Banksia woodland white soil, mid-afternoon",NA,"point","-32.1739","115.679"
"http://antweb.org/api/v2/?occurrenceId=CAS:ANTWEB:jdm32-000005","jdm32-000005","formicidae","dolichoderinae","Anonychomyrma","itinerans","Anonychomyrma itinerans","","Western Australia","Australia","","tall forest E. diversicolor under stones, leaf, twig litter",NA,"point","-34.4406","116.044"
"http://antweb.org/api/v2/?occurrenceId=CAS:ANTWEB:jdm32-000006","jdm32-000006","formicidae","dolichoderinae","Anonychomyrma","itinerans","Anonychomyrma itinerans","","Western Australia","Australia","","Coastal heath, near lighthouse",NA,"point","-31.35","115.5"
"http://antweb.org/api/v2/?occurrenceId=CAS:ANTWEB:jdm32-000007","jdm32-000007","formicidae","dolichoderinae","Anonychomyrma","itinerans","Anonychomyrma itinerans","","Western Australia","Australia","","Jarrah-Marri woodland under rock, lateritic soil",NA,"point","-32.0667","116.033"
"http://antweb.org/api/v2/?occurrenceId=CAS:ANTWEB:jdm32-000008","jdm32-000008","formicidae","dolichoderinae","Anonychomyrma","itinerans","Anonychomyrma itinerans","","Western Australia","Australia","","",NA,"point","-33.8333","117.15"
"http://antweb.org/api/v2/?occurrenceId=CAS:ANTWEB:jdm32-000009","jdm32-000009","formicidae","dolichoderinae","Anonychomyrma","itinerans","Anonychomyrma itinerans","","Western Australia","Australia","","",NA,"point","-34.25","116.15"
"http://antweb.org/api/v2/?occurrenceId=CAS:ANTWEB:jdm32-000010","jdm32-000010","formicidae","dolichoderinae","Anonychomyrma","itinerans","Anonychomyrma itinerans","","Western Australia","Australia","","",NA,"point","-34.25","116.15"
"http://antweb.org/api/v2/?occurrenceId=CAS:ANTWEB:jdm32-000011","jdm32-000011","formicidae","dolichoderinae","Anonychomyrma","itinerans","Anonychomyrma itinerans","","Western Australia","Australia","","",NA,"point","-31.95","115.767"
"http://antweb.org/api/v2/?occurrenceId=CAS:ANTWEB:jdm32-000012","jdm32-000012","formicidae","dolichoderinae","Anonychomyrma","itinerans","Anonychomyrma itinerans","","Western Australia","Australia","","",NA,"point","-31.95","115.767"
"http://antweb.org/api/v2/?occurrenceId=CAS:ANTWEB:jdm32-000013","jdm32-000013","formicidae","dolichoderinae","Anonychomyrma","itinerans","Anonychomyrma itinerans","","Western Australia","Australia","","",NA,NA,NA,NA
"http://antweb.org/api/v2/?occurrenceId=CAS:ANTWEB:jdm32-000014","jdm32-000014","formicidae","dolichoderinae","Anonychomyrma","itinerans","Anonychomyrma itinerans","","Western Australia","Australia","","",NA,NA,NA,NA
"http://antweb.org/api/v2/?occurrenceId=CAS:ANTWEB:jdm32-000015","jdm32-000015","formicidae","dolichoderinae","Anonychomyrma","itinerans","Anonychomyrma itinerans","","Western Australia","Australia","","",NA,"point","-32.3333","116.05"
"http://antweb.org/api/v2/?occurrenceId=CAS:ANTWEB:jdm32-000016","jdm32-000016","formicidae","dolichoderinae","Anonychomyrma","itinerans","Anonychomyrma itinerans","","Western Australia","Australia","","",NA,"point","-31.9333","115.783"
"http://antweb.org/api/v2/?occurrenceId=CAS:ANTWEB:jdm32-000017","jdm32-000017","formicidae","dolichoderinae","Anonychomyrma","itinerans","Anonychomyrma itinerans","","Western Australia","Australia","","",NA,"point","-31.9333","115.783"
"http://antweb.org/api/v2/?occurrenceId=CAS:ANTWEB:jdm32-000018","jdm32-000018","formicidae","dolichoderinae","Anonychomyrma","itinerans","Anonychomyrma itinerans","","Western Australia","Australia","","",NA,"point","-30.1667","115.2"
"http://antweb.org/api/v2/?occurrenceId=CAS:ANTWEB:jdm32-000066","jdm32-000066","formicidae","dolichoderinae","Anonychomyrma","itinerans","Anonychomyrma itinerans","","Western Australia","Australia","","",NA,"point","-32.3333","116.05"
"http://antweb.org/api/v2/?occurrenceId=CAS:ANTWEB:jdm32-000067","jdm32-000067","formicidae","dolichoderinae","Anonychomyrma","itinerans","Anonychomyrma itinerans","","Western Australia","Australia","","",NA,"point","-32.3333","116.05"
