"url","catalogNumber","family","subfamily","genus","specificEpithet","scientific_name","typeStatus","stateProvince","country","dateIdentified","habitat","minimumElevationInMeters","geojson.type","decimal_latitude","decimal_longitude"
"http://antweb.org/api/v2/?occurrenceId=CAS:ANTWEB:casent0106259","casent0106259","formicidae","formicinae","Anoplolepis","custodiens","Anoplolepis custodiens","","","Swaziland","2010-12-31","grassland ground foragers",1520,"point","-26.13333","31.13333"
"http://antweb.org/api/v2/?occurrenceId=CAS:ANTWEB:casent0106259-d01","casent0106259-d01","formicidae","formicinae","Anoplolepis","custodiens","Anoplolepis custodiens","","","Swaziland","2010-12-31","grassland ground foragers",1520,"point","-26.13333","31.13333"
"http://antweb.org/api/v2/?occurrenceId=CAS:ANTWEB:casent0106259-d11","casent0106259-d11","formicidae","formicinae","Anoplolepis","custodiens","Anoplolepis custodiens","","","Swaziland","2010-12-31","grassland ground foragers",1520,"point","-26.13333","31.13333"
"http://antweb.org/api/v2/?occurrenceId=CAS:ANTWEB:casent0170532","casent0170532","formicidae","formicinae","Anoplolepis","custodiens","Anoplolepis custodiens","","KwaZulu-Natal","South Africa","2004-03-09","grassland under stone",1550,"point","-29.695","29.92333"
"http://antweb.org/api/v2/?occurrenceId=CAS:ANTWEB:casent0170533","casent0170533","formicidae","formicinae","Anoplolepis","custodiens","Anoplolepis custodiens","","KwaZulu-Natal","South Africa","2004-03-09","grassland under stone",1550,"point","-29.695","29.92333"
"http://antweb.org/api/v2/?occurrenceId=CAS:ANTWEB:casent0170534","casent0170534","formicidae","formicinae","Anoplolepis","custodiens","Anoplolepis custodiens","","KwaZulu-Natal","South Africa","2004-03-09","grassland under stone",1550,"point","-29.695","29.92333"
"http://antweb.org/api/v2/?occurrenceId=CAS:ANTWEB:casent0170535","casent0170535","formicidae","formicinae","Anoplolepis","custodiens","Anoplolepis custodiens","","KwaZulu-Natal","South Africa","2004-03-09","grassland under stone",1550,"point","-29.695","29.92333"
"http://antweb.org/api/v2/?occurrenceId=CAS:ANTWEB:casent0170536","casent0170536","formicidae","formicinae","Anoplolepis","custodiens","Anoplolepis custodiens","","KwaZulu-Natal","South Africa","2004-03-09","grassland under stone",1550,"point","-29.695","29.92333"
"http://antweb.org/api/v2/?occurrenceId=CAS:ANTWEB:casent0170537","casent0170537","formicidae","formicinae","Anoplolepis","custodiens","Anoplolepis custodiens","","KwaZulu-Natal","South Africa","2004-03-09","grassland under stone",1550,"point","-29.695","29.92333"
"http://antweb.org/api/v2/?occurrenceId=CAS:ANTWEB:casent0170537-d01","casent0170537-d01","formicidae","formicinae","Anoplolepis","custodiens","Anoplolepis custodiens","","KwaZulu-Natal","South Africa","2004-03-09","grassland under stone",1550,"point","-29.695","29.92333"
"http://antweb.org/api/v2/?occurrenceId=CAS:ANTWEB:casent0170537-d11","casent0170537-d11","formicidae","formicinae","Anoplolepis","custodiens","Anoplolepis custodiens","","KwaZulu-Natal","South Africa","2004-03-09","grassland under stone",1550,"point","-29.695","29.92333"
"http://antweb.org/api/v2/?occurrenceId=CAS:ANTWEB:casent0220454","casent0220454","formicidae","formicinae","Anoplolepis","custodiens","Anoplolepis custodiens","","Western Cape","South Africa","","fynbos ground foragers",480,"point","-34.28333","19.05"
"http://antweb.org/api/v2/?occurrenceId=CAS:ANTWEB:casent0235366","casent0235366","formicidae","formicinae","Anoplolepis","custodiens","Anoplolepis custodiens","","Mtwara","Tanzania","2010-12-31","Miombo woodland/forest",170,"point","-11.00842","39.39007"
"http://antweb.org/api/v2/?occurrenceId=CAS:ANTWEB:casent0235828","casent0235828","formicidae","formicinae","Anoplolepis","custodiens","Anoplolepis custodiens","","Gauteng","South Africa","2010-12-31","grassland",1487,"point","-25.87004","28.27567"
"http://antweb.org/api/v2/?occurrenceId=CAS:ANTWEB:casent0249925","casent0249925","formicidae","formicinae","Anoplolepis","custodiens","Anoplolepis custodiens","","KwaZulu-Natal","South Africa","","grassland ground nest",1320,"point","-30.53333","29.41667"
"http://antweb.org/api/v2/?occurrenceId=CAS:ANTWEB:casent0249926","casent0249926","formicidae","formicinae","Anoplolepis","custodiens","Anoplolepis custodiens","","KwaZulu-Natal","South Africa","","grassland ground nest",1320,"point","-30.53333","29.41667"
"http://antweb.org/api/v2/?occurrenceId=CAS:ANTWEB:casent0260160","casent0260160","formicidae","formicinae","Anoplolepis","custodiens","Anoplolepis custodiens","","Limpopo","South Africa","2010-12-31","Bushveld/grassland",1080,"point","-24.96006","30.08021"
"http://antweb.org/api/v2/?occurrenceId=CAS:ANTWEB:casent0260161","casent0260161","formicidae","formicinae","Anoplolepis","custodiens","Anoplolepis custodiens","","Limpopo","South Africa","2010-12-31","Bushveld/grassland",1080,"point","-24.96006","30.08021"
"http://antweb.org/api/v2/?occurrenceId=CAS:ANTWEB:casent0903233","casent0903233","formicidae","formicinae","Anoplolepis","custodiens","Anoplolepis custodiens","Holotype of Anoplolepis custodiens","KwaZulu-Natal","South Africa","","",NA,NA,NA,NA
"http://antweb.org/api/v2/?occurrenceId=CAS:ANTWEB:casent0905133","casent0905133","formicidae","formicinae","Anoplolepis","custodiens","Anoplolepis custodiens","syntype of Anoplolepis custodiens pilipes","","Ethiopia","","",NA,NA,NA,NA
"http://antweb.org/api/v2/?occurrenceId=CAS:ANTWEB:casent0905134","casent0905134","formicidae","formicinae","Anoplolepis","custodiens","Anoplolepis custodiens","syntype of Anoplolepis custodiens detrita","","Somalia","","",NA,NA,NA,NA
"http://antweb.org/api/v2/?occurrenceId=CAS:ANTWEB:casent0905135","casent0905135","formicidae","formicinae","Anoplolepis","custodiens","Anoplolepis custodiens","syntype of Anoplolepis custodiens hirsuta","","Somalia","","",NA,NA,NA,NA
