"url","catalogNumber","family","subfamily","genus","specificEpithet","scientific_name","typeStatus","stateProvince","country","dateIdentified","habitat","minimumElevationInMeters","geojson.type","decimal_latitude","decimal_longitude"
"http://antweb.org/api/v2/?occurrenceId=CAS:ANTWEB:casent0742297","casent0742297","formicidae","formicinae","Anoplolepis","fallax","Anoplolepis fallax","","Western Cape","South Africa","","Fynbos, riparian vegetation",NA,"point","-33.299667","3.00025"
"http://antweb.org/api/v2/?occurrenceId=CAS:ANTWEB:casent0742328","casent0742328","formicidae","formicinae","Anoplolepis","fallax","Anoplolepis fallax","","Western Cape","South Africa","","Fynbos, riparian vegetation",NA,"point","-33.299667","3.00025"
"http://antweb.org/api/v2/?occurrenceId=CAS:ANTWEB:casent0742329","casent0742329","formicidae","formicinae","Anoplolepis","fallax","Anoplolepis fallax","","Western Cape","South Africa","","Fynbos, riparian vegetation",NA,"point","-33.299667","3.00025"
"http://antweb.org/api/v2/?occurrenceId=CAS:ANTWEB:casent0903235","casent0903235","formicidae","formicinae","Anoplolepis","fallax","Anoplolepis fallax","syntype of Anoplolepis fallax","Cape","South Africa","","",NA,NA,NA,NA
"http://antweb.org/api/v2/?occurrenceId=CAS:ANTWEB:casent0903236","casent0903236","formicidae","formicinae","Anoplolepis","fallax","Anoplolepis fallax","","KwaZulu-Natal","South Africa","","",NA,NA,NA,NA
"http://antweb.org/api/v2/?occurrenceId=CAS:ANTWEB:casent0909843","casent0909843","formicidae","formicinae","Anoplolepis","fallax","Anoplolepis fallax","syntype of Anoplolepis fallax","Cape","South Africa","","",NA,NA,NA,NA
"http://antweb.org/api/v2/?occurrenceId=CAS:ANTWEB:casent0915705","casent0915705","formicidae","formicinae","Anoplolepis","fallax","Anoplolepis fallax","syntype of Plagiolepis fallax","Cape","South Africa","","",NA,NA,NA,NA
