"url","catalogNumber","family","subfamily","genus","specificEpithet","scientific_name","typeStatus","stateProvince","country","dateIdentified","habitat","minimumElevationInMeters","geojson.type","decimal_latitude","decimal_longitude"
"http://antweb.org/api/v2/?occurrenceId=CAS:ANTWEB:casent0000072","casent0000072","formicidae","formicinae","Anoplolepis","steingroeveri","Anoplolepis steingroeveri","","Eastern Cape","South Africa","2005-02-10","low dune",NA,NA,NA,NA
"http://antweb.org/api/v2/?occurrenceId=CAS:ANTWEB:casent0000073","casent0000073","formicidae","formicinae","Anoplolepis","steingroeveri","Anoplolepis steingroeveri","","Eastern Cape","South Africa","2005-02-10","low dune",NA,NA,NA,NA
"http://antweb.org/api/v2/?occurrenceId=CAS:ANTWEB:casent0000074","casent0000074","formicidae","formicinae","Anoplolepis","steingroeveri","Anoplolepis steingroeveri","","Eastern Cape","South Africa","2005-02-10","aloe scrub",NA,NA,NA,NA
"http://antweb.org/api/v2/?occurrenceId=CAS:ANTWEB:casent0101803","casent0101803","formicidae","formicinae","Anoplolepis","steingroeveri","Anoplolepis steingroeveri","","","R union","","",NA,NA,NA,NA
"http://antweb.org/api/v2/?occurrenceId=CAS:ANTWEB:casent0217598","casent0217598","formicidae","formicinae","Anoplolepis","steingroeveri","Anoplolepis steingroeveri","","","South Africa","2010-12-31","",NA,NA,NA,NA
"http://antweb.org/api/v2/?occurrenceId=CAS:ANTWEB:casent0249927","casent0249927","formicidae","formicinae","Anoplolepis","steingroeveri","Anoplolepis steingroeveri","","Eastern Cape","South Africa","","",NA,"point","-30.5","25.75"
"http://antweb.org/api/v2/?occurrenceId=CAS:ANTWEB:casent0249928","casent0249928","formicidae","formicinae","Anoplolepis","steingroeveri","Anoplolepis steingroeveri","","Eastern Cape","South Africa","","",NA,"point","-30.5","25.75"
"http://antweb.org/api/v2/?occurrenceId=CAS:ANTWEB:casent0903232","casent0903232","formicidae","formicinae","Anoplolepis","steingroeveri","Anoplolepis steingroeveri","type of Anoplolepis steingroeveri","Eastern Cape","South Africa","","",NA,NA,NA,NA
"http://antweb.org/api/v2/?occurrenceId=CAS:ANTWEB:casent0909841","casent0909841","formicidae","formicinae","Anoplolepis","steingroeveri","Anoplolepis steingroeveri","syntype of Plagiolepis braunsi","Eastern Cape","South Africa","","",NA,NA,NA,NA
"http://antweb.org/api/v2/?occurrenceId=CAS:ANTWEB:casent0909842","casent0909842","formicidae","formicinae","Anoplolepis","steingroeveri","Anoplolepis steingroeveri","syntype of Anoplolepis steingroeveri","","Namibia","","",NA,NA,NA,NA
"http://antweb.org/api/v2/?occurrenceId=CAS:ANTWEB:casent0912364","casent0912364","formicidae","formicinae","Anoplolepis","steingroeveri","Anoplolepis steingroeveri","syntype of Anoplolepis steingroeveri parsonsi","","South Africa","","",NA,NA,NA,NA
"http://antweb.org/api/v2/?occurrenceId=CAS:ANTWEB:casent0912365","casent0912365","formicidae","formicinae","Anoplolepis","steingroeveri","Anoplolepis steingroeveri","syntype of Anoplolepis steingroeveri parsonsi","","South Africa","","",NA,NA,NA,NA
"http://antweb.org/api/v2/?occurrenceId=CAS:ANTWEB:kg02043f","kg02043f","formicidae","formicinae","Anoplolepis","steingroeveri","Anoplolepis steingroeveri","","North-West","Botswana","2015-09-01","",NA,"point","-18.567244","24.065195"
