"url","catalogNumber","family","subfamily","genus","specificEpithet","scientific_name","typeStatus","stateProvince","country","dateIdentified","habitat","minimumElevationInMeters"
"http://antweb.org/api/v2/?occurrenceId=CAS:ANTWEB:casent0280952","casent0280952","formicidae","myrmicinae","Aphaenogaster","japonica","Aphaenogaster japonica","","","Japan","","",900
"http://antweb.org/api/v2/?occurrenceId=CAS:ANTWEB:casent0907700","casent0907700","formicidae","myrmicinae","Aphaenogaster","japonica","Aphaenogaster japonica","syntype of Aphaenogaster japonica","Hokkaido","Japan","","",NA
"http://antweb.org/api/v2/?occurrenceId=CAS:ANTWEB:fmnhins0002821961","fmnhins0002821961","formicidae","myrmicinae","Aphaenogaster","japonica","Aphaenogaster japonica","","","","2014-01-01","mixed warm temperate forest, fungi on mossy logs",700
"http://antweb.org/api/v2/?occurrenceId=CAS:ANTWEB:fmnhins0002821962","fmnhins0002821962","formicidae","myrmicinae","Aphaenogaster","japonica","Aphaenogaster japonica","","","","2014-01-01","mixed warm temperate forest, fungi on mossy logs",700
"http://antweb.org/api/v2/?occurrenceId=CAS:ANTWEB:fmnhins0002821963","fmnhins0002821963","formicidae","myrmicinae","Aphaenogaster","japonica","Aphaenogaster japonica","","","","2014-01-01","mixed warm temperate forest, fungi on mossy logs",700
"http://antweb.org/api/v2/?occurrenceId=CAS:ANTWEB:fmnhins0002821964","fmnhins0002821964","formicidae","myrmicinae","Aphaenogaster","japonica","Aphaenogaster japonica","","","","2014-01-01","mixed warm temperate forest, fungi on mossy logs",700
"http://antweb.org/api/v2/?occurrenceId=CAS:ANTWEB:fmnhins0002821965","fmnhins0002821965","formicidae","myrmicinae","Aphaenogaster","japonica","Aphaenogaster japonica","","","","2014-01-01","mixed warm temperate forest, fungi on mossy logs",700
"http://antweb.org/api/v2/?occurrenceId=CAS:ANTWEB:fmnhins0002821966","fmnhins0002821966","formicidae","myrmicinae","Aphaenogaster","japonica","Aphaenogaster japonica","","","","2014-01-01","mixed warm temperate forest, fungi on mossy logs",700
"http://antweb.org/api/v2/?occurrenceId=CAS:ANTWEB:fmnhins0002821967","fmnhins0002821967","formicidae","myrmicinae","Aphaenogaster","japonica","Aphaenogaster japonica","","","","2014-01-01","mixed warm temperate forest, fungi on mossy logs",700
