"url","catalogNumber","family","subfamily","genus","specificEpithet","scientific_name","typeStatus","stateProvince","country","dateIdentified","habitat","minimumElevationInMeters","geojson.type","decimal_latitude","decimal_longitude"
"http://antweb.org/api/v2/?occurrenceId=CAS:ANTWEB:casent0280958","casent0280958","formicidae","myrmicinae","Aphaenogaster","epirotes","Aphaenogaster epirotes","","","Greece","1994-12-31","",NA,NA,NA,NA
"http://antweb.org/api/v2/?occurrenceId=CAS:ANTWEB:casent0281535","casent0281535","formicidae","myrmicinae","Aphaenogaster","epirotes","Aphaenogaster epirotes","","Central Greece","Greece","2012-12-31","",836,"point","38.44","22.23"
"http://antweb.org/api/v2/?occurrenceId=CAS:ANTWEB:casent0904156","casent0904156","formicidae","myrmicinae","Aphaenogaster","epirotes","Aphaenogaster epirotes","syntype of Aphaenogaster epirotes","","Greece","","",NA,NA,NA,NA
"http://antweb.org/api/v2/?occurrenceId=CAS:ANTWEB:lbc-gr00343","lbc-gr00343","formicidae","myrmicinae","Aphaenogaster","epirotes","Aphaenogaster epirotes","","Macedonia","Greece","","Aristotle Park lawn",539,"point","40.51666","23.73333"
"http://antweb.org/api/v2/?occurrenceId=CAS:ANTWEB:lbc-gr00397","lbc-gr00397","formicidae","myrmicinae","Aphaenogaster","epirotes","Aphaenogaster epirotes","","Central Greece","Greece","","",836,"point","38.73333","22.38333"
"http://antweb.org/api/v2/?occurrenceId=CAS:ANTWEB:lbc-gr01090","lbc-gr01090","formicidae","myrmicinae","Aphaenogaster","epirotes","Aphaenogaster epirotes","","Aegean Islands","Greece","","",NA,"point","37.7","26.63333"
"http://antweb.org/api/v2/?occurrenceId=CAS:ANTWEB:lbc-gr01091","lbc-gr01091","formicidae","myrmicinae","Aphaenogaster","epirotes","Aphaenogaster epirotes","","Ionian Islands","Greece","","old olive forest under stone",162,"point","39.75","19.78333"
"http://antweb.org/api/v2/?occurrenceId=CAS:ANTWEB:lbc-gr01126","lbc-gr01126","formicidae","myrmicinae","Aphaenogaster","epirotes","Aphaenogaster epirotes","","Ionian Islands","Greece","","old olive forest under stone",632,"point","39.73333","19.83333"
"http://antweb.org/api/v2/?occurrenceId=CAS:ANTWEB:lbc-gr01127","lbc-gr01127","formicidae","myrmicinae","Aphaenogaster","epirotes","Aphaenogaster epirotes","","Ionian Islands","Greece","","alpine zone under stone",736,"point","39.73333","19.85"
"http://antweb.org/api/v2/?occurrenceId=CAS:ANTWEB:lbc-gr01298","lbc-gr01298","formicidae","myrmicinae","Aphaenogaster","epirotes","Aphaenogaster epirotes","","Peloponnese","Greece","","mountain deciduous forest under stone",697,"point","37.63333","22.55"
"http://antweb.org/api/v2/?occurrenceId=CAS:ANTWEB:lbc-gr01308","lbc-gr01308","formicidae","myrmicinae","Aphaenogaster","epirotes","Aphaenogaster epirotes","","Peloponnese","Greece","","mountain deciduous forest under stone",982,"point","37.61666","22.3"
"http://antweb.org/api/v2/?occurrenceId=CAS:ANTWEB:lbc-gr01424","lbc-gr01424","formicidae","myrmicinae","Aphaenogaster","epirotes","Aphaenogaster epirotes","","Ionian Islands","Greece","","",13,"point","38.12813","20.79509"
"http://antweb.org/api/v2/?occurrenceId=CAS:ANTWEB:lbc-gr01528","lbc-gr01528","formicidae","myrmicinae","Aphaenogaster","epirotes","Aphaenogaster epirotes","","Ionian Islands","Greece","","",13,"point","39.7918","19.8181"
