"url","catalogNumber","family","subfamily","genus","specificEpithet","scientific_name","typeStatus","stateProvince","country","dateIdentified","habitat","minimumElevationInMeters","geojson.type","decimal_latitude","decimal_longitude"
"http://antweb.org/api/v2/?occurrenceId=CAS:ANTWEB:anic32-024617","anic32-024617","formicidae","myrmicinae","Aphaenogaster","lustrans","Aphaenogaster lustrans","","Central","Papua New Guinea","","Lowland Rainforest on ground",650,"point","-9.3","147.567"
"http://antweb.org/api/v2/?occurrenceId=CAS:ANTWEB:anic32-024618","anic32-024618","formicidae","myrmicinae","Aphaenogaster","lustrans","Aphaenogaster lustrans","","Central","Papua New Guinea","","",NA,"point","-10.1833","149.367"
"http://antweb.org/api/v2/?occurrenceId=CAS:ANTWEB:anic32-024619","anic32-024619","formicidae","myrmicinae","Aphaenogaster","lustrans","Aphaenogaster lustrans","","Milne Bay","Papua New Guinea","","",NA,"point","-10.3667","150.5"
"http://antweb.org/api/v2/?occurrenceId=CAS:ANTWEB:castype06885","castype06885","formicidae","myrmicinae","Aphaenogaster","lustrans","Aphaenogaster lustrans","","","New Guinea","2004-03-09","",NA,NA,NA,NA
