"url","catalogNumber","family","subfamily","genus","specificEpithet","scientific_name","typeStatus","stateProvince","country","dateIdentified","habitat","minimumElevationInMeters","geojson.type","decimal_latitude","decimal_longitude"
"http://antweb.org/api/v2/?occurrenceId=CAS:ANTWEB:casent0179599","casent0179599","formicidae","myrmicinae","Aphaenogaster","balcanica","Aphaenogaster balcanica","","","Croatia","2013-06-25","inside city trail of foragers on stony street",95,"point","42.76639","16.89861"
"http://antweb.org/api/v2/?occurrenceId=CAS:ANTWEB:casent0249413","casent0249413","formicidae","myrmicinae","Aphaenogaster","balcanica","Aphaenogaster balcanica","","","Greece","2014-02-14","from sand dunes",1,"point","38.15865","21.36734"
"http://antweb.org/api/v2/?occurrenceId=CAS:ANTWEB:casent0281583","casent0281583","formicidae","myrmicinae","Aphaenogaster","balcanica","Aphaenogaster balcanica","","","","","",NA,NA,NA,NA
"http://antweb.org/api/v2/?occurrenceId=CAS:ANTWEB:casent0904160","casent0904160","formicidae","myrmicinae","Aphaenogaster","balcanica","Aphaenogaster balcanica","syntype of Stenamma testaceopilosa balcanica","","Turkey","","",NA,NA,NA,NA
"http://antweb.org/api/v2/?occurrenceId=CAS:ANTWEB:casent0904182","casent0904182","formicidae","myrmicinae","Aphaenogaster","balcanica","Aphaenogaster balcanica","syntype of Aphaenogaster testaceopilosa semipolita melitensis","","Malta","2014-02-26","",NA,NA,NA,NA
"http://antweb.org/api/v2/?occurrenceId=CAS:ANTWEB:casent0904183","casent0904183","formicidae","myrmicinae","Aphaenogaster","balcanica","Aphaenogaster balcanica","syntype of Aphaenogaster testaceopilosa semipolita ionia","","Albania","2013-06-25","",NA,NA,NA,NA
"http://antweb.org/api/v2/?occurrenceId=CAS:ANTWEB:casent0906114","casent0906114","formicidae","myrmicinae","Aphaenogaster","balcanica","Aphaenogaster balcanica","","Central Macedonia","Greece","2012-12-31","",6,"point","40.02","23.21"
"http://antweb.org/api/v2/?occurrenceId=CAS:ANTWEB:casent0914225","casent0914225","formicidae","myrmicinae","Aphaenogaster","balcanica","Aphaenogaster balcanica","","Ionian Islands","Greece","2014-02-28","",179,"point","39.75048","19.80568"
"http://antweb.org/api/v2/?occurrenceId=CAS:ANTWEB:lbc-gr00232","lbc-gr00232","formicidae","myrmicinae","Aphaenogaster","balcanica","Aphaenogaster balcanica","","Macedonia","Greece","","summer resort in a pine forest on ground",281,"point","40.05","23.35"
"http://antweb.org/api/v2/?occurrenceId=CAS:ANTWEB:lbc-gr00364","lbc-gr00364","formicidae","myrmicinae","Aphaenogaster","balcanica","Aphaenogaster balcanica","","Macedonia","Greece","","pine forest on ground",96,"point","40.08333","23.33333"
"http://antweb.org/api/v2/?occurrenceId=CAS:ANTWEB:lbc-gr00377","lbc-gr00377","formicidae","myrmicinae","Aphaenogaster","balcanica","Aphaenogaster balcanica","","Macedonia","Greece","","pine forest and roadsides on ground",6,"point","40.03333","23.35"
"http://antweb.org/api/v2/?occurrenceId=CAS:ANTWEB:lbc-gr00410","lbc-gr00410","formicidae","myrmicinae","Aphaenogaster","balcanica","Aphaenogaster balcanica","","Sterea Ellas","Greece","","",1130,"point","38.53333","22.53333"
"http://antweb.org/api/v2/?occurrenceId=CAS:ANTWEB:lbc-gr01058","lbc-gr01058","formicidae","myrmicinae","Aphaenogaster","balcanica","Aphaenogaster balcanica","","Ionian Islands","Greece","","old olive forest on ground",88,"point","39.75","19.65"
"http://antweb.org/api/v2/?occurrenceId=CAS:ANTWEB:lbc-gr01093","lbc-gr01093","formicidae","myrmicinae","Aphaenogaster","balcanica","Aphaenogaster balcanica","","Ionian Islands","Greece","","old olive forest on ground",311,"point","39.73333","19.78333"
"http://antweb.org/api/v2/?occurrenceId=CAS:ANTWEB:lbc-gr01210","lbc-gr01210","formicidae","myrmicinae","Aphaenogaster","balcanica","Aphaenogaster balcanica","","Ionian Islands","Greece","","urban area in fly",28,"point","39.75","19.63333"
"http://antweb.org/api/v2/?occurrenceId=CAS:ANTWEB:lbc-gr01211","lbc-gr01211","formicidae","myrmicinae","Aphaenogaster","balcanica","Aphaenogaster balcanica","","Ionian Islands","Greece","","urban area in fly",28,"point","39.75","19.63333"
"http://antweb.org/api/v2/?occurrenceId=CAS:ANTWEB:lbc-gr01233","lbc-gr01233","formicidae","myrmicinae","Aphaenogaster","balcanica","Aphaenogaster balcanica","","Peloponnese","Greece","","pine forest on ground",597,"point","38.01666","22.98333"
"http://antweb.org/api/v2/?occurrenceId=CAS:ANTWEB:lbc-gr01244","lbc-gr01244","formicidae","myrmicinae","Aphaenogaster","balcanica","Aphaenogaster balcanica","","Peloponnese","Greece","","pine forest on ground",910,"point","37.78333","22.4"
"http://antweb.org/api/v2/?occurrenceId=CAS:ANTWEB:lbc-gr01284","lbc-gr01284","formicidae","myrmicinae","Aphaenogaster","balcanica","Aphaenogaster balcanica","","Peloponnese","Greece","","coniferous forest under stone",1232,"point","38.03333","22.38333"
"http://antweb.org/api/v2/?occurrenceId=CAS:ANTWEB:lbc-gr01301","lbc-gr01301","formicidae","myrmicinae","Aphaenogaster","balcanica","Aphaenogaster balcanica","","Peloponnese","Greece","","deciduous forest on ground",844,"point","37.61666","22.53333"
"http://antweb.org/api/v2/?occurrenceId=CAS:ANTWEB:lbc-gr01307","lbc-gr01307","formicidae","myrmicinae","Aphaenogaster","balcanica","Aphaenogaster balcanica","","Peloponnese","Greece","","coniferous forest on ground",1163,"point","47.268333","22.26666"
"http://antweb.org/api/v2/?occurrenceId=CAS:ANTWEB:lbc-gr01331","lbc-gr01331","formicidae","myrmicinae","Aphaenogaster","balcanica","Aphaenogaster balcanica","","Ionian Islands","Greece","","urban area garden",28,"point","39.75","19.63333"
"http://antweb.org/api/v2/?occurrenceId=CAS:ANTWEB:lbc-gr01423","lbc-gr01423","formicidae","myrmicinae","Aphaenogaster","balcanica","Aphaenogaster balcanica","","Ionian Islands","Greece","","",62,"point","38.14936","20.77029"
"http://antweb.org/api/v2/?occurrenceId=CAS:ANTWEB:lbc-gr01556","lbc-gr01556","formicidae","myrmicinae","Aphaenogaster","balcanica","Aphaenogaster balcanica","","Sterea Ellas","Greece","","",17,"point","35.8693","23.284"
