"url","catalogNumber","family","subfamily","genus","specificEpithet","scientific_name","typeStatus","stateProvince","country","dateIdentified","habitat","minimumElevationInMeters","geojson.type","decimal_latitude","decimal_longitude"
"http://antweb.org/api/v2/?occurrenceId=CAS:ANTWEB:casent0280948","casent0280948","formicidae","myrmicinae","Aphaenogaster","beccarii","Aphaenogaster beccarii","","Karnataka","India","","",NA,NA,NA,NA
"http://antweb.org/api/v2/?occurrenceId=CAS:ANTWEB:casent0715923","casent0715923","formicidae","myrmicinae","Aphaenogaster","beccarii","Aphaenogaster beccarii","","Yunnan","China","","rain forest",820,"point","21.961","101.20028"
"http://antweb.org/api/v2/?occurrenceId=CAS:ANTWEB:casent0715924","casent0715924","formicidae","myrmicinae","Aphaenogaster","beccarii","Aphaenogaster beccarii","","Yunnan","China","","rain forest",840,"point","21.960222","101.19933"
"http://antweb.org/api/v2/?occurrenceId=CAS:ANTWEB:casent0715925","casent0715925","formicidae","myrmicinae","Aphaenogaster","beccarii","Aphaenogaster beccarii","","Yunnan","China","","rain forest",840,"point","21.960222","101.19933"
"http://antweb.org/api/v2/?occurrenceId=CAS:ANTWEB:casent0715926","casent0715926","formicidae","myrmicinae","Aphaenogaster","beccarii","Aphaenogaster beccarii","","Yunnan","China","","rain forest",815,"point","21.962694","101.20145"
"http://antweb.org/api/v2/?occurrenceId=CAS:ANTWEB:casent0715927","casent0715927","formicidae","myrmicinae","Aphaenogaster","beccarii","Aphaenogaster beccarii","","Yunnan","China","","rain forest",815,"point","21.962694","101.20145"
"http://antweb.org/api/v2/?occurrenceId=CAS:ANTWEB:casent0715928","casent0715928","formicidae","myrmicinae","Aphaenogaster","beccarii","Aphaenogaster beccarii","","Yunnan","China","","rain forest",550,"point","21.918638","101.27239"
"http://antweb.org/api/v2/?occurrenceId=CAS:ANTWEB:casent0715929","casent0715929","formicidae","myrmicinae","Aphaenogaster","beccarii","Aphaenogaster beccarii","","Yunnan","China","","Old rain forest",655,"point","21.919971","101.23964"
"http://antweb.org/api/v2/?occurrenceId=CAS:ANTWEB:casent0715930","casent0715930","formicidae","myrmicinae","Aphaenogaster","beccarii","Aphaenogaster beccarii","","Yunnan","China","","rain forest",581,"point","21.917555","101.27075"
"http://antweb.org/api/v2/?occurrenceId=CAS:ANTWEB:casent0715931","casent0715931","formicidae","myrmicinae","Aphaenogaster","beccarii","Aphaenogaster beccarii","","Yunnan","China","","rain forest",581,"point","21.917555","101.27075"
"http://antweb.org/api/v2/?occurrenceId=CAS:ANTWEB:casent0715932","casent0715932","formicidae","myrmicinae","Aphaenogaster","beccarii","Aphaenogaster beccarii","","Yunnan","China","","Dense rain forest",615,"point","21.91625","101.27392"
"http://antweb.org/api/v2/?occurrenceId=CAS:ANTWEB:casent0715933","casent0715933","formicidae","myrmicinae","Aphaenogaster","beccarii","Aphaenogaster beccarii","","Yunnan","China","","rain forest",830,"point","21.961945","101.19984"
"http://antweb.org/api/v2/?occurrenceId=CAS:ANTWEB:casent0715934","casent0715934","formicidae","myrmicinae","Aphaenogaster","beccarii","Aphaenogaster beccarii","","Yunnan","China","","Young rain forest",685,"point","21.858139","101.27597"
"http://antweb.org/api/v2/?occurrenceId=CAS:ANTWEB:casent0715935","casent0715935","formicidae","myrmicinae","Aphaenogaster","beccarii","Aphaenogaster beccarii","","Yunnan","China","","rain forest",820,"point","21.961","101.20028"
"http://antweb.org/api/v2/?occurrenceId=CAS:ANTWEB:casent0735984","casent0735984","formicidae","myrmicinae","Aphaenogaster","beccarii","Aphaenogaster beccarii","","Yunnan","China","","rain forest",820,"point","21.961","101.20028"
"http://antweb.org/api/v2/?occurrenceId=CAS:ANTWEB:casent0904186","casent0904186","formicidae","myrmicinae","Aphaenogaster","beccarii","Aphaenogaster beccarii","syntype of Aphaenogaster beccarii","","","","",NA,NA,NA,NA
