"url","catalogNumber","family","subfamily","genus","specificEpithet","scientific_name","typeStatus","stateProvince","country","dateIdentified","habitat","minimumElevationInMeters","geojson.type","decimal_latitude","decimal_longitude"
"http://antweb.org/api/v2/?occurrenceId=CAS:ANTWEB:casent0179868","casent0179868","formicidae","myrmicinae","Aphaenogaster","cecconii","Aphaenogaster cecconii","","","Greece","","",NA,"point","35.31667","24.28333"
"http://antweb.org/api/v2/?occurrenceId=CAS:ANTWEB:casent0904184","casent0904184","formicidae","myrmicinae","Aphaenogaster","cecconii","Aphaenogaster cecconii","Holotype of Aphaenogaster cecconii","Crete","Greece","","",NA,NA,NA,NA
"http://antweb.org/api/v2/?occurrenceId=CAS:ANTWEB:lbc-gr00057","lbc-gr00057","formicidae","myrmicinae","Aphaenogaster","cecconii","Aphaenogaster cecconii","","Crete","Greece","","frygana with limestone rocks cavern in limestone rock",95,"point","35.31666","24.28333"
"http://antweb.org/api/v2/?occurrenceId=CAS:ANTWEB:lbc-gr00421","lbc-gr00421","formicidae","myrmicinae","Aphaenogaster","cecconii","Aphaenogaster cecconii","","Crete","Greece","","limestone gorge wall of gorge",320,"point","35.43333","23.98333"
"http://antweb.org/api/v2/?occurrenceId=CAS:ANTWEB:lbc-gr00519","lbc-gr00519","formicidae","myrmicinae","Aphaenogaster","cecconii","Aphaenogaster cecconii","","Crete","Greece","","limestone gorge with Platanus trees wall of gorge",160,"point","35.43333","24.1"
"http://antweb.org/api/v2/?occurrenceId=CAS:ANTWEB:lbc-gr00520","lbc-gr00520","formicidae","myrmicinae","Aphaenogaster","cecconii","Aphaenogaster cecconii","","Crete","Greece","","ancient ruins inside ancient church",186,"point","35.46666","24.11666"
"http://antweb.org/api/v2/?occurrenceId=CAS:ANTWEB:lbc-gr00845","lbc-gr00845","formicidae","myrmicinae","Aphaenogaster","cecconii","Aphaenogaster cecconii","","Crete","Greece","","limestone gorge wall of gorge",158,"point","35.18333","24.45"
"http://antweb.org/api/v2/?occurrenceId=CAS:ANTWEB:lbc-gr00990","lbc-gr00990","formicidae","myrmicinae","Aphaenogaster","cecconii","Aphaenogaster cecconii","","Crete","Greece","","deciduous forest with springs in ancient tombs",197,"point","35.28333","24.33333"
"http://antweb.org/api/v2/?occurrenceId=CAS:ANTWEB:lbc-gr01330","lbc-gr01330","formicidae","myrmicinae","Aphaenogaster","cecconii","Aphaenogaster cecconii","","Crete","Greece","","limestone gorge with deciduous trees and shrubs under stone",234,"point","35.2","24.16666"
