"url","catalogNumber","family","subfamily","genus","specificEpithet","scientific_name","typeStatus","stateProvince","country","dateIdentified","habitat","minimumElevationInMeters"
"http://antweb.org/api/v2/?occurrenceId=CAS:ANTWEB:casent0280963","casent0280963","formicidae","myrmicinae","Aphaenogaster","crocea","Aphaenogaster crocea","","","Gibraltar","","",NA
"http://antweb.org/api/v2/?occurrenceId=CAS:ANTWEB:casent0907681","casent0907681","formicidae","myrmicinae","Aphaenogaster","crocea","Aphaenogaster crocea","syntype of Aphaenogaster crocea splendidoides","","Algeria","","",NA
"http://antweb.org/api/v2/?occurrenceId=CAS:ANTWEB:casent0907682","casent0907682","formicidae","myrmicinae","Aphaenogaster","crocea","Aphaenogaster crocea","syntype of Aphaenogaster crocea croceoides","","Algeria","","",1300
"http://antweb.org/api/v2/?occurrenceId=CAS:ANTWEB:casent0913108","casent0913108","formicidae","myrmicinae","Aphaenogaster","crocea","Aphaenogaster crocea","syntype of Aphaenogaster crocea lenis","","Tunisia","","",NA
"http://antweb.org/api/v2/?occurrenceId=CAS:ANTWEB:casent0916076","casent0916076","formicidae","myrmicinae","Aphaenogaster","crocea","Aphaenogaster crocea","syntype of Aphaenogaster crocea","","Algeria","","",NA
