"url","catalogNumber","family","subfamily","genus","specificEpithet","scientific_name","typeStatus","stateProvince","country","dateIdentified","habitat","minimumElevationInMeters","geojson.type","decimal_latitude","decimal_longitude"
"http://antweb.org/api/v2/?occurrenceId=CAS:ANTWEB:casent0103560","casent0103560","formicidae","myrmicinae","Aphaenogaster","ashmeadi","Aphaenogaster ashmeadi","","Florida","United States","2004-03-09","xeric oak hammock",NA,"point","30.51667","-86.91667"
"http://antweb.org/api/v2/?occurrenceId=CAS:ANTWEB:casent0103563","casent0103563","formicidae","myrmicinae","Aphaenogaster","ashmeadi","Aphaenogaster ashmeadi","","Florida","United States","2004-03-09","",NA,"point","29.71667","-82.4"
"http://antweb.org/api/v2/?occurrenceId=CAS:ANTWEB:casent0103566","casent0103566","formicidae","myrmicinae","Aphaenogaster","ashmeadi","Aphaenogaster ashmeadi","","Florida","United States","2004-03-09","floodplain hammock",NA,NA,NA,NA
"http://antweb.org/api/v2/?occurrenceId=CAS:ANTWEB:casent0104853","casent0104853","formicidae","myrmicinae","Aphaenogaster","ashmeadi","Aphaenogaster ashmeadi","","Florida","United States","2005-12-31","sandhill",NA,NA,NA,NA
"http://antweb.org/api/v2/?occurrenceId=CAS:ANTWEB:casent0104854","casent0104854","formicidae","myrmicinae","Aphaenogaster","ashmeadi","Aphaenogaster ashmeadi","","Florida","United States","2005-12-31","sandhill",NA,NA,NA,NA
"http://antweb.org/api/v2/?occurrenceId=CAS:ANTWEB:casent0105716","casent0105716","formicidae","myrmicinae","Aphaenogaster","ashmeadi","Aphaenogaster ashmeadi","","Florida","United States","","",NA,NA,NA,NA
"http://antweb.org/api/v2/?occurrenceId=CAS:ANTWEB:casent0281182","casent0281182","formicidae","myrmicinae","Aphaenogaster","ashmeadi","Aphaenogaster ashmeadi","","South Carolina","United States","2012-12-31","Pine forest",NA,"point","33.32538","-81.58587"
"http://antweb.org/api/v2/?occurrenceId=CAS:ANTWEB:fmnhins0000106883","fmnhins0000106883","formicidae","myrmicinae","Aphaenogaster","ashmeadi","Aphaenogaster ashmeadi","","","","","Mixed hardwood forest",NA,NA,NA,NA
"http://antweb.org/api/v2/?occurrenceId=CAS:ANTWEB:fmnhins0000106884","fmnhins0000106884","formicidae","myrmicinae","Aphaenogaster","ashmeadi","Aphaenogaster ashmeadi","","","","","mixed hardwood forest",NA,NA,NA,NA
"http://antweb.org/api/v2/?occurrenceId=CAS:ANTWEB:fmnhins0000106885","fmnhins0000106885","formicidae","myrmicinae","Aphaenogaster","ashmeadi","Aphaenogaster ashmeadi","","","","","mixed hardwood forest",NA,NA,NA,NA
"http://antweb.org/api/v2/?occurrenceId=CAS:ANTWEB:fmnhins0000106886","fmnhins0000106886","formicidae","myrmicinae","Aphaenogaster","ashmeadi","Aphaenogaster ashmeadi","","","","","",NA,NA,NA,NA
