"url","catalogNumber","family","subfamily","genus","specificEpithet","scientific_name","typeStatus","stateProvince","country","dateIdentified","habitat","minimumElevationInMeters","geojson.type","decimal_latitude","decimal_longitude"
"http://antweb.org/api/v2/?occurrenceId=CAS:ANTWEB:anic32-000392","anic32-000392","formicidae","myrmicinae","Aphaenogaster","barbigula","Aphaenogaster barbigula","","South Australia","Australia","","mallee woodland nocturnal foragers",NA,"point","-32.7167","134.833"
"http://antweb.org/api/v2/?occurrenceId=CAS:ANTWEB:anic32-000524","anic32-000524","formicidae","myrmicinae","Aphaenogaster","barbigula","Aphaenogaster barbigula","","Queensland","Australia","","Grassland, a few trees, brown sandy soil Nest: large deep pit",NA,"point","-28.05","148.583"
"http://antweb.org/api/v2/?occurrenceId=CAS:ANTWEB:anic32-000720","anic32-000720","formicidae","myrmicinae","Aphaenogaster","barbigula","Aphaenogaster barbigula","","South Australia","Australia","","",NA,"point","-35.8833","139.983"
"http://antweb.org/api/v2/?occurrenceId=CAS:ANTWEB:anic32-000819","anic32-000819","formicidae","myrmicinae","Aphaenogaster","barbigula","Aphaenogaster barbigula","","South Australia","Australia","","Mallee In sand, cones",NA,"point","-33.9333","138.167"
"http://antweb.org/api/v2/?occurrenceId=CAS:ANTWEB:anic32-000828","anic32-000828","formicidae","myrmicinae","Aphaenogaster","barbigula","Aphaenogaster barbigula","","New South Wales","Australia","","Mallee",NA,NA,NA,NA
"http://antweb.org/api/v2/?occurrenceId=CAS:ANTWEB:anic32-000829","anic32-000829","formicidae","myrmicinae","Aphaenogaster","barbigula","Aphaenogaster barbigula","","New South Wales","Australia","","Mallee, thick pine country Typical nest",198,"point","-33.0333","147.15"
"http://antweb.org/api/v2/?occurrenceId=CAS:ANTWEB:anic32-000834","anic32-000834","formicidae","myrmicinae","Aphaenogaster","barbigula","Aphaenogaster barbigula","","South Australia","Australia","","Sandy scrub, grassland",NA,"point","-34.9833","137.4"
"http://antweb.org/api/v2/?occurrenceId=CAS:ANTWEB:anic32-000841","anic32-000841","formicidae","myrmicinae","Aphaenogaster","barbigula","Aphaenogaster barbigula","","South Australia","Australia","","Mallee scrub Deep cone nest in sand",NA,"point","-33.85","138.483"
"http://antweb.org/api/v2/?occurrenceId=CAS:ANTWEB:anic32-000845","anic32-000845","formicidae","myrmicinae","Aphaenogaster","barbigula","Aphaenogaster barbigula","","New South Wales","Australia","","Mallee",NA,"point","-32.8333","141.45"
"http://antweb.org/api/v2/?occurrenceId=CAS:ANTWEB:anic32-000851","anic32-000851","formicidae","myrmicinae","Aphaenogaster","barbigula","Aphaenogaster barbigula","","New South Wales","Australia","","Callytris forest, ridge Deep cones in red sandy soil",NA,"point","-35.6833","145.917"
"http://antweb.org/api/v2/?occurrenceId=CAS:ANTWEB:anic32-000856","anic32-000856","formicidae","myrmicinae","Aphaenogaster","barbigula","Aphaenogaster barbigula","","South Australia","Australia","","Callytris and scrub, golf course Deep cones in sand",NA,"point","-34.5833","138.517"
"http://antweb.org/api/v2/?occurrenceId=CAS:ANTWEB:anic32-000866","anic32-000866","formicidae","myrmicinae","Aphaenogaster","barbigula","Aphaenogaster barbigula","","Queensland","Australia","","Pine box timber Red sand",NA,"point","-28.05","148.583"
"http://antweb.org/api/v2/?occurrenceId=CAS:ANTWEB:anic32-000870","anic32-000870","formicidae","myrmicinae","Aphaenogaster","barbigula","Aphaenogaster barbigula","","Queensland","Australia","","",NA,"point","-26.5333","146.2"
"http://antweb.org/api/v2/?occurrenceId=CAS:ANTWEB:anic32-000884","anic32-000884","formicidae","myrmicinae","Aphaenogaster","barbigula","Aphaenogaster barbigula","","South Australia","Australia","","",NA,"point","-31.2667","135.233"
"http://antweb.org/api/v2/?occurrenceId=CAS:ANTWEB:anic32-001060","anic32-001060","formicidae","myrmicinae","Aphaenogaster","barbigula","Aphaenogaster barbigula","","Victoria","Australia","","",NA,"point","-35.1333","143.3"
"http://antweb.org/api/v2/?occurrenceId=CAS:ANTWEB:anic32-001073","anic32-001073","formicidae","myrmicinae","Aphaenogaster","barbigula","Aphaenogaster barbigula","","New South Wales","Australia","","",NA,"point","-33.1333","141.717"
"http://antweb.org/api/v2/?occurrenceId=CAS:ANTWEB:anic32-001078","anic32-001078","formicidae","myrmicinae","Aphaenogaster","barbigula","Aphaenogaster barbigula","","Victoria","Australia","","Mallee",NA,"point","-34.7","142.783"
"http://antweb.org/api/v2/?occurrenceId=CAS:ANTWEB:anic32-001079","anic32-001079","formicidae","myrmicinae","Aphaenogaster","barbigula","Aphaenogaster barbigula","","Queensland","Australia","","Red soil plain, savanna woodland Nest: deep smooth cylinder",NA,NA,NA,NA
"http://antweb.org/api/v2/?occurrenceId=CAS:ANTWEB:anic32-001095","anic32-001095","formicidae","myrmicinae","Aphaenogaster","barbigula","Aphaenogaster barbigula","","New South Wales","Australia","","Mallee Deep cone with big rim",NA,"point","-33.5833","145.533"
"http://antweb.org/api/v2/?occurrenceId=CAS:ANTWEB:anic32-001096","anic32-001096","formicidae","myrmicinae","Aphaenogaster","barbigula","Aphaenogaster barbigula","","South Australia","Australia","","Mallee Nest in sand",NA,"point","-35.25","139.467"
"http://antweb.org/api/v2/?occurrenceId=CAS:ANTWEB:anic32-001101","anic32-001101","formicidae","myrmicinae","Aphaenogaster","barbigula","Aphaenogaster barbigula","","South Australia","Australia","","",NA,"point","-33.4","135.917"
"http://antweb.org/api/v2/?occurrenceId=CAS:ANTWEB:anic32-001103","anic32-001103","formicidae","myrmicinae","Aphaenogaster","barbigula","Aphaenogaster barbigula","","South Australia","Australia","","",NA,NA,NA,NA
"http://antweb.org/api/v2/?occurrenceId=CAS:ANTWEB:anic32-001104","anic32-001104","formicidae","myrmicinae","Aphaenogaster","barbigula","Aphaenogaster barbigula","","South Australia","Australia","","",NA,"point","-31.2667","135.233"
"http://antweb.org/api/v2/?occurrenceId=CAS:ANTWEB:anic32-001105","anic32-001105","formicidae","myrmicinae","Aphaenogaster","barbigula","Aphaenogaster barbigula","","Victoria","Australia","","",NA,"point","-36.7667","144.283"
"http://antweb.org/api/v2/?occurrenceId=CAS:ANTWEB:anic32-001106","anic32-001106","formicidae","myrmicinae","Aphaenogaster","barbigula","Aphaenogaster barbigula","","South Australia","Australia","","Mallee",NA,"point","-34.9833","139.817"
"http://antweb.org/api/v2/?occurrenceId=CAS:ANTWEB:anic32-001107","anic32-001107","formicidae","myrmicinae","Aphaenogaster","barbigula","Aphaenogaster barbigula","","New South Wales","Australia","","",NA,"point","-35.5333","144.95"
"http://antweb.org/api/v2/?occurrenceId=CAS:ANTWEB:anic32-001108","anic32-001108","formicidae","myrmicinae","Aphaenogaster","barbigula","Aphaenogaster barbigula","","South Australia","Australia","","",NA,"point","-35.5333","139.417"
"http://antweb.org/api/v2/?occurrenceId=CAS:ANTWEB:anic32-001110","anic32-001110","formicidae","myrmicinae","Aphaenogaster","barbigula","Aphaenogaster barbigula","","South Australia","Australia","","",NA,NA,NA,NA
"http://antweb.org/api/v2/?occurrenceId=CAS:ANTWEB:anic32-001112","anic32-001112","formicidae","myrmicinae","Aphaenogaster","barbigula","Aphaenogaster barbigula","","South Australia","Australia","","",NA,"point","-34.75","137.3"
"http://antweb.org/api/v2/?occurrenceId=CAS:ANTWEB:anic32-001114","anic32-001114","formicidae","myrmicinae","Aphaenogaster","barbigula","Aphaenogaster barbigula","","Victoria","Australia","","",NA,"point","-35.0667","142.317"
"http://antweb.org/api/v2/?occurrenceId=CAS:ANTWEB:anic32-001121","anic32-001121","formicidae","myrmicinae","Aphaenogaster","barbigula","Aphaenogaster barbigula","","South Australia","Australia","","Mallee and Triodia on sand dune Ground nest with funnel-shaped entrance",NA,"point","-34.0661","140.644"
"http://antweb.org/api/v2/?occurrenceId=CAS:ANTWEB:anic32-001124","anic32-001124","formicidae","myrmicinae","Aphaenogaster","barbigula","Aphaenogaster barbigula","","New South Wales","Australia","","Callytris Deep funnels in sand",NA,"point","-34.2167","146.017"
"http://antweb.org/api/v2/?occurrenceId=CAS:ANTWEB:anic32-001127","anic32-001127","formicidae","myrmicinae","Aphaenogaster","barbigula","Aphaenogaster barbigula","","South Australia","Australia","","Callytris, dunes In red sand",NA,"point","-27.9167","135.45"
"http://antweb.org/api/v2/?occurrenceId=CAS:ANTWEB:anic32-001134","anic32-001134","formicidae","myrmicinae","Aphaenogaster","barbigula","Aphaenogaster barbigula","","New South Wales","Australia","","Flat Callytris forest, red soil Deep funnel",NA,"point","-34.0667","146.217"
"http://antweb.org/api/v2/?occurrenceId=CAS:ANTWEB:anic32-001135","anic32-001135","formicidae","myrmicinae","Aphaenogaster","barbigula","Aphaenogaster barbigula","","New South Wales","Australia","","Callytris forest",NA,"point","-35.6833","145.917"
"http://antweb.org/api/v2/?occurrenceId=CAS:ANTWEB:anic32-001137","anic32-001137","formicidae","myrmicinae","Aphaenogaster","barbigula","Aphaenogaster barbigula","","Queensland","Australia","","Sclerophyll, Callytris, mulga Craters in deep red sand",NA,"point","-28.05","148.283"
"http://antweb.org/api/v2/?occurrenceId=CAS:ANTWEB:anic32-001139","anic32-001139","formicidae","myrmicinae","Aphaenogaster","barbigula","Aphaenogaster barbigula","","New South Wales","Australia","","Mallee scrub Craters",NA,"point","-33.5833","145.533"
"http://antweb.org/api/v2/?occurrenceId=CAS:ANTWEB:anic32-001140","anic32-001140","formicidae","myrmicinae","Aphaenogaster","barbigula","Aphaenogaster barbigula","","New South Wales","Australia","","Callytris forest Deep cones in soft red sandy soil",NA,"point","-35.6833","145.917"
"http://antweb.org/api/v2/?occurrenceId=CAS:ANTWEB:anic32-002753","anic32-002753","formicidae","myrmicinae","Aphaenogaster","barbigula","Aphaenogaster barbigula","","Victoria","Australia","","",NA,"point","-36.7667","144.283"
"http://antweb.org/api/v2/?occurrenceId=CAS:ANTWEB:anic32-023564","anic32-023564","formicidae","myrmicinae","Aphaenogaster","barbigula","Aphaenogaster barbigula","","South Australia","Australia","","Mallee Stray ground foragers",NA,"point","-35.2","139.15"
"http://antweb.org/api/v2/?occurrenceId=CAS:ANTWEB:anic32-023579","anic32-023579","formicidae","myrmicinae","Aphaenogaster","barbigula","Aphaenogaster barbigula","","South Australia","Australia","","Mallee and Triodia on sand dune Funnel entrance",NA,"point","-33.86","140.71"
"http://antweb.org/api/v2/?occurrenceId=CAS:ANTWEB:anic32-023580","anic32-023580","formicidae","myrmicinae","Aphaenogaster","barbigula","Aphaenogaster barbigula","","South Australia","Australia","","Mallee and Triodia on sand dune Ground nest with large funnel",NA,"point","-33.86","140.71"
"http://antweb.org/api/v2/?occurrenceId=CAS:ANTWEB:anic32-023583","anic32-023583","formicidae","myrmicinae","Aphaenogaster","barbigula","Aphaenogaster barbigula","","South Australia","Australia","","Mallee and Triodia on sand dune Ground nest with large funnel",NA,"point","-33.86","140.71"
"http://antweb.org/api/v2/?occurrenceId=CAS:ANTWEB:casent0280943","casent0280943","formicidae","myrmicinae","Aphaenogaster","barbigula","Aphaenogaster barbigula","","Victoria","Australia","","",NA,NA,NA,NA
"http://antweb.org/api/v2/?occurrenceId=CAS:ANTWEB:mczct-109678","mczct-109678","formicidae","myrmicinae","Aphaenogaster","barbigula","Aphaenogaster barbigula","paralectotype","South Australia","Australia","","",NA,"point","-34.9333","138.6"
"http://antweb.org/api/v2/?occurrenceId=CAS:ANTWEB:mczct-109679","mczct-109679","formicidae","myrmicinae","Aphaenogaster","barbigula","Aphaenogaster barbigula","paralectotype","New South Wales","Australia","","",NA,"point","-34.6","146.417"
"http://antweb.org/api/v2/?occurrenceId=CAS:ANTWEB:mczct-109681","mczct-109681","formicidae","myrmicinae","Aphaenogaster","barbigula","Aphaenogaster barbigula","","South Australia","Australia","","Spinifex, Atriplex",NA,"point","-33.4667","137.583"
"http://antweb.org/api/v2/?occurrenceId=CAS:ANTWEB:mczct-207555","mczct-207555","formicidae","myrmicinae","Aphaenogaster","barbigula","Aphaenogaster barbigula","paralectotype","Victoria","Australia","","",NA,"point","-35.5","142.85"
"http://antweb.org/api/v2/?occurrenceId=CAS:ANTWEB:mczct-207556","mczct-207556","formicidae","myrmicinae","Aphaenogaster","barbigula","Aphaenogaster barbigula","paralectotype","South Australia","Australia","","",NA,"point","-35.6833","139.333"
