"url","catalogNumber","family","subfamily","genus","specificEpithet","scientific_name","typeStatus","stateProvince","country","dateIdentified","habitat","minimumElevationInMeters","geojson.type","decimal_latitude","decimal_longitude"
"http://antweb.org/api/v2/?occurrenceId=CAS:ANTWEB:casent0048677","casent0048677","formicidae","myrmicinae","Aphaenogaster","gonacantha","Aphaenogaster gonacantha","","Toamasina","Madagascar","2006-12-31","rainforest",600,"point","-15.28833","49.54833"
"http://antweb.org/api/v2/?occurrenceId=CAS:ANTWEB:casent0048677-d01","casent0048677-d01","formicidae","myrmicinae","Aphaenogaster","gonacantha","Aphaenogaster gonacantha","","Toamasina","Madagascar","","rainforest",600,"point","-15.28833","49.54833"
"http://antweb.org/api/v2/?occurrenceId=CAS:ANTWEB:casent0049808","casent0049808","formicidae","myrmicinae","Aphaenogaster","gonacantha","Aphaenogaster gonacantha","","Toamasina","Madagascar","2008-01-31","rainforest",600,"point","-15.28833","49.54833"
"http://antweb.org/api/v2/?occurrenceId=CAS:ANTWEB:casent0049808-d01","casent0049808-d01","formicidae","myrmicinae","Aphaenogaster","gonacantha","Aphaenogaster gonacantha","","Toamasina","Madagascar","2008-01-31","rainforest",600,"point","-15.28833","49.54833"
"http://antweb.org/api/v2/?occurrenceId=CAS:ANTWEB:casent0049889","casent0049889","formicidae","myrmicinae","Aphaenogaster","gonacantha","Aphaenogaster gonacantha","","Toamasina","Madagascar","2006-12-31","rainforest",470,"point","-15.18833","49.615"
"http://antweb.org/api/v2/?occurrenceId=CAS:ANTWEB:casent0049889-d01","casent0049889-d01","formicidae","myrmicinae","Aphaenogaster","gonacantha","Aphaenogaster gonacantha","","Toamasina","Madagascar","","rainforest",470,"point","-15.18833","49.615"
"http://antweb.org/api/v2/?occurrenceId=CAS:ANTWEB:casent0057287","casent0057287","formicidae","myrmicinae","Aphaenogaster","gonacantha","Aphaenogaster gonacantha","","Antsiranana","Madagascar","2008-01-31","rainforest",240,"point","-14.67933","50.18367"
"http://antweb.org/api/v2/?occurrenceId=CAS:ANTWEB:casent0057287-d02","casent0057287-d02","formicidae","myrmicinae","Aphaenogaster","gonacantha","Aphaenogaster gonacantha","","Antsiranana","Madagascar","2008-01-31","rainforest",240,"point","-14.67933","50.18367"
"http://antweb.org/api/v2/?occurrenceId=CAS:ANTWEB:casent0101899","casent0101899","formicidae","myrmicinae","Aphaenogaster","gonacantha","Aphaenogaster gonacantha","syntype of Ischnomyrmex gonacantha","Toamasina","Madagascar","","",NA,NA,NA,NA
"http://antweb.org/api/v2/?occurrenceId=CAS:ANTWEB:casent0102038","casent0102038","formicidae","myrmicinae","Aphaenogaster","gonacantha","Aphaenogaster gonacantha","syntype of Ischnomyrmex gonacantha","Toamasina","Madagascar","","",NA,NA,NA,NA
"http://antweb.org/api/v2/?occurrenceId=CAS:ANTWEB:casent0102039","casent0102039","formicidae","myrmicinae","Aphaenogaster","gonacantha","Aphaenogaster gonacantha","syntype of Ischnomyrmex gonacantha","Toamasina","Madagascar","","",NA,NA,NA,NA
"http://antweb.org/api/v2/?occurrenceId=CAS:ANTWEB:casent0102040","casent0102040","formicidae","myrmicinae","Aphaenogaster","gonacantha","Aphaenogaster gonacantha","syntype of Ischnomyrmex gonacantha","Toamasina","Madagascar","","",NA,NA,NA,NA
"http://antweb.org/api/v2/?occurrenceId=CAS:ANTWEB:casent0102041","casent0102041","formicidae","myrmicinae","Aphaenogaster","gonacantha","Aphaenogaster gonacantha","","","Madagascar","","",NA,NA,NA,NA
"http://antweb.org/api/v2/?occurrenceId=CAS:ANTWEB:casent0107368","casent0107368","formicidae","myrmicinae","Aphaenogaster","gonacantha","Aphaenogaster gonacantha","","Antsiranana","Madagascar","2006-12-31","rainforest ground forager s",240,"point","-14.67933","50.18367"
"http://antweb.org/api/v2/?occurrenceId=CAS:ANTWEB:casent0107368-d01","casent0107368-d01","formicidae","myrmicinae","Aphaenogaster","gonacantha","Aphaenogaster gonacantha","","Antsiranana","Madagascar","","rainforest ground forager s",240,"point","-14.67933","50.18367"
"http://antweb.org/api/v2/?occurrenceId=CAS:ANTWEB:casent0107561","casent0107561","formicidae","myrmicinae","Aphaenogaster","gonacantha","Aphaenogaster gonacantha","","Antsiranana","Madagascar","2008-01-31","rainforest ex rotten log",240,"point","-14.67933","50.18367"
"http://antweb.org/api/v2/?occurrenceId=CAS:ANTWEB:casent0107561-d01","casent0107561-d01","formicidae","myrmicinae","Aphaenogaster","gonacantha","Aphaenogaster gonacantha","","Antsiranana","Madagascar","2008-01-31","rainforest ex rotten log",240,"point","-14.67933","50.18367"
"http://antweb.org/api/v2/?occurrenceId=CAS:ANTWEB:casent0107561-d02","casent0107561-d02","formicidae","myrmicinae","Aphaenogaster","gonacantha","Aphaenogaster gonacantha","","Antsiranana","Madagascar","2008-01-31","rainforest ex rotten log",240,"point","-14.67933","50.18367"
"http://antweb.org/api/v2/?occurrenceId=CAS:ANTWEB:casent0107561-d03","casent0107561-d03","formicidae","myrmicinae","Aphaenogaster","gonacantha","Aphaenogaster gonacantha","","Antsiranana","Madagascar","2008-01-31","rainforest ex rotten log",240,"point","-14.67933","50.18367"
"http://antweb.org/api/v2/?occurrenceId=CAS:ANTWEB:casent0107566","casent0107566","formicidae","myrmicinae","Aphaenogaster","gonacantha","Aphaenogaster gonacantha","","Antsiranana","Madagascar","2008-01-31","rainforest ex rotten log",240,"point","-14.67933","50.18367"
"http://antweb.org/api/v2/?occurrenceId=CAS:ANTWEB:casent0107566-d01","casent0107566-d01","formicidae","myrmicinae","Aphaenogaster","gonacantha","Aphaenogaster gonacantha","","Antsiranana","Madagascar","2008-01-31","rainforest ex rotten log",240,"point","-14.67933","50.18367"
"http://antweb.org/api/v2/?occurrenceId=CAS:ANTWEB:casent0107566-d02","casent0107566-d02","formicidae","myrmicinae","Aphaenogaster","gonacantha","Aphaenogaster gonacantha","","Antsiranana","Madagascar","2008-01-31","rainforest ex rotten log",240,"point","-14.67933","50.18367"
"http://antweb.org/api/v2/?occurrenceId=CAS:ANTWEB:casent0107566-d03","casent0107566-d03","formicidae","myrmicinae","Aphaenogaster","gonacantha","Aphaenogaster gonacantha","","Antsiranana","Madagascar","2008-01-31","rainforest ex rotten log",240,"point","-14.67933","50.18367"
"http://antweb.org/api/v2/?occurrenceId=CAS:ANTWEB:casent0107567","casent0107567","formicidae","myrmicinae","Aphaenogaster","gonacantha","Aphaenogaster gonacantha","","Antsiranana","Madagascar","2008-01-31","rainforest ex rotten log",240,"point","-14.67933","50.18367"
"http://antweb.org/api/v2/?occurrenceId=CAS:ANTWEB:casent0107567-d01","casent0107567-d01","formicidae","myrmicinae","Aphaenogaster","gonacantha","Aphaenogaster gonacantha","","Antsiranana","Madagascar","2008-01-31","rainforest ex rotten log",240,"point","-14.67933","50.18367"
"http://antweb.org/api/v2/?occurrenceId=CAS:ANTWEB:casent0107567-d02","casent0107567-d02","formicidae","myrmicinae","Aphaenogaster","gonacantha","Aphaenogaster gonacantha","","Antsiranana","Madagascar","2008-01-31","rainforest ex rotten log",240,"point","-14.67933","50.18367"
"http://antweb.org/api/v2/?occurrenceId=CAS:ANTWEB:casent0107567-d03","casent0107567-d03","formicidae","myrmicinae","Aphaenogaster","gonacantha","Aphaenogaster gonacantha","","Antsiranana","Madagascar","2008-01-31","rainforest ex rotten log",240,"point","-14.67933","50.18367"
"http://antweb.org/api/v2/?occurrenceId=CAS:ANTWEB:casent0170915","casent0170915","formicidae","myrmicinae","Aphaenogaster","gonacantha","Aphaenogaster gonacantha","","","Madagascar","2008-12-31","secondary rainforest in old log",25,NA,NA,NA
"http://antweb.org/api/v2/?occurrenceId=CAS:ANTWEB:casent0170916","casent0170916","formicidae","myrmicinae","Aphaenogaster","gonacantha","Aphaenogaster gonacantha","","","Madagascar","2008-12-31","littoral forest nest 2m high in tree",15,"point","-15.30694","50.45417"
"http://antweb.org/api/v2/?occurrenceId=CAS:ANTWEB:casent0495516","casent0495516","formicidae","myrmicinae","Aphaenogaster","gonacantha","Aphaenogaster gonacantha","","Toamasina","Madagascar","2004-03-09","rainforest",600,"point","-15.28833","49.54833"
"http://antweb.org/api/v2/?occurrenceId=CAS:ANTWEB:casent0495536","casent0495536","formicidae","myrmicinae","Aphaenogaster","gonacantha","Aphaenogaster gonacantha","","Toamasina","Madagascar","2006-12-31","rainforest ex rotten log",470,"point","-15.18833","49.615"
"http://antweb.org/api/v2/?occurrenceId=CAS:ANTWEB:casent0495536-d01","casent0495536-d01","formicidae","myrmicinae","Aphaenogaster","gonacantha","Aphaenogaster gonacantha","","Toamasina","Madagascar","","rainforest ex rotten log",470,"point","-15.18833","49.615"
"http://antweb.org/api/v2/?occurrenceId=CAS:ANTWEB:casent0497021","casent0497021","formicidae","myrmicinae","Aphaenogaster","gonacantha","Aphaenogaster gonacantha","","Toamasina","Madagascar","2008-05-15","rainforest ex dead branch above ground",470,"point","-15.18833","49.615"
"http://antweb.org/api/v2/?occurrenceId=CAS:ANTWEB:casent0497021-d01","casent0497021-d01","formicidae","myrmicinae","Aphaenogaster","gonacantha","Aphaenogaster gonacantha","","Toamasina","Madagascar","","rainforest ex dead branch above ground",470,"point","-15.18833","49.615"
"http://antweb.org/api/v2/?occurrenceId=CAS:ANTWEB:casent0497022","casent0497022","formicidae","myrmicinae","Aphaenogaster","gonacantha","Aphaenogaster gonacantha","","Toamasina","Madagascar","2004-03-09","rainforest ex dead branch above ground",470,"point","-15.18833","49.615"
"http://antweb.org/api/v2/?occurrenceId=CAS:ANTWEB:casent0497022-d01","casent0497022-d01","formicidae","myrmicinae","Aphaenogaster","gonacantha","Aphaenogaster gonacantha","","Toamasina","Madagascar","","rainforest ex dead branch above ground",470,"point","-15.18833","49.615"
"http://antweb.org/api/v2/?occurrenceId=CAS:ANTWEB:casent0497023","casent0497023","formicidae","myrmicinae","Aphaenogaster","gonacantha","Aphaenogaster gonacantha","","Toamasina","Madagascar","2008-05-15","rainforest ex dead branch above ground",470,"point","-15.18833","49.615"
"http://antweb.org/api/v2/?occurrenceId=CAS:ANTWEB:casent0497024","casent0497024","formicidae","myrmicinae","Aphaenogaster","gonacantha","Aphaenogaster gonacantha","","Toamasina","Madagascar","2008-12-31","rainforest ex dead branch above ground",470,"point","-15.18833","49.615"
"http://antweb.org/api/v2/?occurrenceId=CAS:ANTWEB:casent0497024-d01","casent0497024-d01","formicidae","myrmicinae","Aphaenogaster","gonacantha","Aphaenogaster gonacantha","","Toamasina","Madagascar","","rainforest ex dead branch above ground",470,"point","-15.18833","49.615"
"http://antweb.org/api/v2/?occurrenceId=CAS:ANTWEB:mcz.23209w","mcz.23209w","formicidae","myrmicinae","Aphaenogaster","gonacantha","Aphaenogaster gonacantha","","","Madagascar","2008-12-31","primary rainforest",30,"point","-15.20806","50.28889"
"http://antweb.org/api/v2/?occurrenceId=CAS:ANTWEB:mcz.4388w","mcz.4388w","formicidae","myrmicinae","Aphaenogaster","gonacantha","Aphaenogaster gonacantha","","","Madagascar","2008-12-31","lowland secondary forest foraging on ground",20,"point","-15.36667","50.43333"
"http://antweb.org/api/v2/?occurrenceId=CAS:ANTWEB:mcz.4413w","mcz.4413w","formicidae","myrmicinae","Aphaenogaster","gonacantha","Aphaenogaster gonacantha","","","Madagascar","2008-12-31","secondary rainforest foraging on ground",100,"point","-18.79194","49.08667"
"http://antweb.org/api/v2/?occurrenceId=CAS:ANTWEB:mcz.4429w","mcz.4429w","formicidae","myrmicinae","Aphaenogaster","gonacantha","Aphaenogaster gonacantha","","Antsiranana","Madagascar","2008-12-31","secoondary forest foraging on ground",50,"point","-14.93806","50.26167"
"http://antweb.org/api/v2/?occurrenceId=CAS:ANTWEB:mcz.4443w","mcz.4443w","formicidae","myrmicinae","Aphaenogaster","gonacantha","Aphaenogaster gonacantha","","","Madagascar","2008-12-31","secondary rainforest foraging on ground",50,"point","-14.66667","50.21667"
"http://antweb.org/api/v2/?occurrenceId=CAS:ANTWEB:mcz.4450w","mcz.4450w","formicidae","myrmicinae","Aphaenogaster","gonacantha","Aphaenogaster gonacantha","","","Madagascar","2008-12-31","secondary rainforest foraging on ground",50,"point","-14.66667","50.21667"
"http://antweb.org/api/v2/?occurrenceId=CAS:ANTWEB:mcz.4464w","mcz.4464w","formicidae","myrmicinae","Aphaenogaster","gonacantha","Aphaenogaster gonacantha","","Antsiranana","Madagascar","2008-12-31","secondary forest foraging on ground",50,"point","-14.93806","50.26167"
"http://antweb.org/api/v2/?occurrenceId=CAS:ANTWEB:mcz10975.4385w","mcz10975.4385w","formicidae","myrmicinae","Aphaenogaster","gonacantha","Aphaenogaster gonacantha","","Mahajanga","Madagascar","2008-12-31","tropical dry forest ground nest",80,"point","-16.31667","46.81667"
"http://antweb.org/api/v2/?occurrenceId=CAS:ANTWEB:mcz153.12135w","mcz153.12135w","formicidae","myrmicinae","Aphaenogaster","gonacantha","Aphaenogaster gonacantha","","Antsiranana","Madagascar","2008-12-31","lowland rainforest going up a tree",25,"point","-15.69694","50.27028"
"http://antweb.org/api/v2/?occurrenceId=CAS:ANTWEB:mcz253.4403w","mcz253.4403w","formicidae","myrmicinae","Aphaenogaster","gonacantha","Aphaenogaster gonacantha","","","Madagascar","2008-12-31","lowland rainforest nest between tree roots above ground",125,"point","-15.69361","50.18139"
"http://antweb.org/api/v2/?occurrenceId=CAS:ANTWEB:mcz632.11219w","mcz632.11219w","formicidae","myrmicinae","Aphaenogaster","gonacantha","Aphaenogaster gonacantha","","","Madagascar","2008-12-31","littoral forest nest 3m up in tree",15,"point","-15.30694","50.45417"
"http://antweb.org/api/v2/?occurrenceId=CAS:ANTWEB:mcz699.23255w","mcz699.23255w","formicidae","myrmicinae","Aphaenogaster","gonacantha","Aphaenogaster gonacantha","","","Madagascar","2008-12-31","secondary rainforest in old log",25,NA,NA,NA
