"url","catalogNumber","family","subfamily","genus","specificEpithet","scientific_name","typeStatus","stateProvince","country","dateIdentified","habitat","minimumElevationInMeters","geojson.type","decimal_latitude","decimal_longitude"
"http://antweb.org/api/v2/?occurrenceId=CAS:ANTWEB:casent0100712","casent0100712","formicidae","myrmicinae","Aphaenogaster","lamellidens","Aphaenogaster lamellidens","","Louisiana","United States","2004-03-09","dead loblolly Pine 1-2 bark",NA,NA,NA,NA
"http://antweb.org/api/v2/?occurrenceId=CAS:ANTWEB:casent0103589","casent0103589","formicidae","myrmicinae","Aphaenogaster","lamellidens","Aphaenogaster lamellidens","","Florida","United States","2004-03-09","sandhill/bluffs",NA,"point","30.566668","-84.933334"
"http://antweb.org/api/v2/?occurrenceId=CAS:ANTWEB:casent0103592","casent0103592","formicidae","myrmicinae","Aphaenogaster","lamellidens","Aphaenogaster lamellidens","","Florida","United States","2004-03-09","",NA,"point","28.71667","-82.56667"
"http://antweb.org/api/v2/?occurrenceId=CAS:ANTWEB:casent0103593","casent0103593","formicidae","myrmicinae","Aphaenogaster","lamellidens","Aphaenogaster lamellidens","","Florida","United States","2004-03-09","",NA,"point","28.71667","-82.56667"
"http://antweb.org/api/v2/?occurrenceId=CAS:ANTWEB:casent0105570","casent0105570","formicidae","myrmicinae","Aphaenogaster","lamellidens","Aphaenogaster lamellidens","","South Carolina","United States","","",NA,NA,NA,NA
"http://antweb.org/api/v2/?occurrenceId=CAS:ANTWEB:casent0248203","casent0248203","formicidae","myrmicinae","Aphaenogaster","lamellidens","Aphaenogaster lamellidens","","Tennessee","United States","","Moist hardwood forest",240,"point","36.06016","-86.80032"
"http://antweb.org/api/v2/?occurrenceId=CAS:ANTWEB:casent0248203-d01","casent0248203-d01","formicidae","myrmicinae","Aphaenogaster","lamellidens","Aphaenogaster lamellidens","","Tennessee","United States","","Moist hardwood forest",240,"point","36.06016","-86.80032"
"http://antweb.org/api/v2/?occurrenceId=CAS:ANTWEB:casent0248213","casent0248213","formicidae","myrmicinae","Aphaenogaster","lamellidens","Aphaenogaster lamellidens","","Tennessee","United States","","Hardwoods in lawn",165,"point","36.11451","-86.79277"
"http://antweb.org/api/v2/?occurrenceId=CAS:ANTWEB:casent0900413","casent0900413","formicidae","myrmicinae","Aphaenogaster","lamellidens","Aphaenogaster lamellidens","syntype of Aphaenogaster lamellidens","Virginia","United States","2012-12-31","",NA,NA,NA,NA
"http://antweb.org/api/v2/?occurrenceId=CAS:ANTWEB:casent0914470","casent0914470","formicidae","myrmicinae","Aphaenogaster","lamellidens","Aphaenogaster lamellidens","","Virginia","United States","","mixed hardwood forest under bark, standing dead piine, brood, males in nest",93,"point","38.58694","77.36611"
"http://antweb.org/api/v2/?occurrenceId=CAS:ANTWEB:casent0919793","casent0919793","formicidae","myrmicinae","Aphaenogaster","lamellidens","Aphaenogaster lamellidens","syntype of Aphaenogaster lamellidens","Virginia","United States","","",NA,NA,NA,NA
"http://antweb.org/api/v2/?occurrenceId=CAS:ANTWEB:fmnhins0000046077","fmnhins0000046077","formicidae","myrmicinae","Aphaenogaster","lamellidens","Aphaenogaster lamellidens","","","","2008-01-01","",NA,NA,NA,NA
"http://antweb.org/api/v2/?occurrenceId=CAS:ANTWEB:fmnhins0000049623","fmnhins0000049623","formicidae","myrmicinae","Aphaenogaster","lamellidens","Aphaenogaster lamellidens","","","","","",NA,NA,NA,NA
"http://antweb.org/api/v2/?occurrenceId=CAS:ANTWEB:fmnhins0000049624","fmnhins0000049624","formicidae","myrmicinae","Aphaenogaster","lamellidens","Aphaenogaster lamellidens","","","","","",NA,NA,NA,NA
"http://antweb.org/api/v2/?occurrenceId=CAS:ANTWEB:fmnhins0000049625","fmnhins0000049625","formicidae","myrmicinae","Aphaenogaster","lamellidens","Aphaenogaster lamellidens","","","","","",NA,NA,NA,NA
"http://antweb.org/api/v2/?occurrenceId=CAS:ANTWEB:fmnhins0000049626","fmnhins0000049626","formicidae","myrmicinae","Aphaenogaster","lamellidens","Aphaenogaster lamellidens","","","","","",NA,NA,NA,NA
"http://antweb.org/api/v2/?occurrenceId=CAS:ANTWEB:fmnhins0000049627","fmnhins0000049627","formicidae","myrmicinae","Aphaenogaster","lamellidens","Aphaenogaster lamellidens","","","","","",NA,NA,NA,NA
"http://antweb.org/api/v2/?occurrenceId=CAS:ANTWEB:fmnhins0000049628","fmnhins0000049628","formicidae","myrmicinae","Aphaenogaster","lamellidens","Aphaenogaster lamellidens","","","","","",NA,NA,NA,NA
"http://antweb.org/api/v2/?occurrenceId=CAS:ANTWEB:fmnhins0000049629","fmnhins0000049629","formicidae","myrmicinae","Aphaenogaster","lamellidens","Aphaenogaster lamellidens","","","","","",NA,NA,NA,NA
"http://antweb.org/api/v2/?occurrenceId=CAS:ANTWEB:fmnhins0000049630","fmnhins0000049630","formicidae","myrmicinae","Aphaenogaster","lamellidens","Aphaenogaster lamellidens","","","","","",NA,NA,NA,NA
"http://antweb.org/api/v2/?occurrenceId=CAS:ANTWEB:fmnhins0000049631","fmnhins0000049631","formicidae","myrmicinae","Aphaenogaster","lamellidens","Aphaenogaster lamellidens","","","","1991-01-01","",NA,NA,NA,NA
"http://antweb.org/api/v2/?occurrenceId=CAS:ANTWEB:fmnhins0000062928","fmnhins0000062928","formicidae","myrmicinae","Aphaenogaster","lamellidens","Aphaenogaster lamellidens","","","","","",NA,NA,NA,NA
"http://antweb.org/api/v2/?occurrenceId=CAS:ANTWEB:fmnhins0000106643","fmnhins0000106643","formicidae","myrmicinae","Aphaenogaster","lamellidens","Aphaenogaster lamellidens","","","","","Cypress swamp",NA,NA,NA,NA
"http://antweb.org/api/v2/?occurrenceId=CAS:ANTWEB:fmnhins0000106644","fmnhins0000106644","formicidae","myrmicinae","Aphaenogaster","lamellidens","Aphaenogaster lamellidens","","","","","Mixed deciduous forest",213,NA,NA,NA
"http://antweb.org/api/v2/?occurrenceId=CAS:ANTWEB:fmnhins0000106645","fmnhins0000106645","formicidae","myrmicinae","Aphaenogaster","lamellidens","Aphaenogaster lamellidens","","","","","Oak-hickory forest",NA,NA,NA,NA
"http://antweb.org/api/v2/?occurrenceId=CAS:ANTWEB:fmnhins0000106646","fmnhins0000106646","formicidae","myrmicinae","Aphaenogaster","lamellidens","Aphaenogaster lamellidens","","","","","Mixed deciduous forest",213,NA,NA,NA
"http://antweb.org/api/v2/?occurrenceId=CAS:ANTWEB:fmnhins0000106647","fmnhins0000106647","formicidae","myrmicinae","Aphaenogaster","lamellidens","Aphaenogaster lamellidens","","","","","",NA,NA,NA,NA
"http://antweb.org/api/v2/?occurrenceId=CAS:ANTWEB:fmnhins0000120498","fmnhins0000120498","formicidae","myrmicinae","Aphaenogaster","lamellidens","Aphaenogaster lamellidens","","","","","",NA,NA,NA,NA
"http://antweb.org/api/v2/?occurrenceId=CAS:ANTWEB:jtl016382","jtl016382","formicidae","myrmicinae","Aphaenogaster","lamellidens","Aphaenogaster lamellidens","","Florida","United States","1991-03-14","oak/palm hammock on dead oak trunk",5,"point","27.26667","-82.28333"
"http://antweb.org/api/v2/?occurrenceId=CAS:ANTWEB:lacm ent 141129","lacm ent 141129","formicidae","myrmicinae","Aphaenogaster","lamellidens","Aphaenogaster lamellidens","","North Carolina","United States","1998-05-24","piedmont woodland",175,"point","36.15","-79.066666"
"http://antweb.org/api/v2/?occurrenceId=CAS:ANTWEB:lacm ent 141130","lacm ent 141130","formicidae","myrmicinae","Aphaenogaster","lamellidens","Aphaenogaster lamellidens","","North Carolina","United States","1998-05-24","piedmont woodland",175,"point","36.15","-79.066666"
