"url","catalogNumber","family","subfamily","genus","specificEpithet","scientific_name","typeStatus","stateProvince","country","dateIdentified","habitat","minimumElevationInMeters","geojson.type","decimal_latitude","decimal_longitude"
"http://antweb.org/api/v2/?occurrenceId=CAS:ANTWEB:alas188688","alas188688","formicidae","myrmicinae","Aphaenogaster","araneoides","Aphaenogaster araneoides","","Heredia","Costa Rica","2000-06-06","LEP Hojarasca",50,"point","10.425819","-84.043175"
"http://antweb.org/api/v2/?occurrenceId=CAS:ANTWEB:alas188689","alas188689","formicidae","myrmicinae","Aphaenogaster","araneoides","Aphaenogaster araneoides","","Heredia","Costa Rica","2000-06-06","Lindero Sur Hojarasca",50,"point","10.409556","-84.021255"
"http://antweb.org/api/v2/?occurrenceId=CAS:ANTWEB:alas378378","alas378378","formicidae","myrmicinae","Aphaenogaster","araneoides","Aphaenogaster araneoides","","Heredia","Costa Rica","2004-01-01","CC 1250m. Copa de arbol",50,"point","10.414448","-84.01222"
"http://antweb.org/api/v2/?occurrenceId=CAS:ANTWEB:alas378379","alas378379","formicidae","myrmicinae","Aphaenogaster","araneoides","Aphaenogaster araneoides","","Heredia","Costa Rica","2004-01-01","CC 1200m. Copa de arbol",50,"point","10.414794","-84.012215"
"http://antweb.org/api/v2/?occurrenceId=CAS:ANTWEB:casent0102145","casent0102145","formicidae","myrmicinae","Aphaenogaster","araneoides","Aphaenogaster araneoides","","","Costa Rica","","",NA,NA,NA,NA
"http://antweb.org/api/v2/?occurrenceId=CAS:ANTWEB:casent0106242","casent0106242","formicidae","myrmicinae","Aphaenogaster","araneoides","Aphaenogaster araneoides","","El Progreso","Guatemala","2010-12-31","tropical dry forest under stone",800,"point","14.93333","-90.2"
"http://antweb.org/api/v2/?occurrenceId=CAS:ANTWEB:casent0106242-d01","casent0106242-d01","formicidae","myrmicinae","Aphaenogaster","araneoides","Aphaenogaster araneoides","","El Progreso","Guatemala","2010-12-31","tropical dry forest under stone",800,"point","14.93333","-90.2"
"http://antweb.org/api/v2/?occurrenceId=CAS:ANTWEB:casent0106242-d11","casent0106242-d11","formicidae","myrmicinae","Aphaenogaster","araneoides","Aphaenogaster araneoides","","El Progreso","Guatemala","2010-12-31","tropical dry forest under stone",800,"point","14.93333","-90.2"
"http://antweb.org/api/v2/?occurrenceId=CAS:ANTWEB:casent0907711","casent0907711","formicidae","myrmicinae","Aphaenogaster","araneoides","Aphaenogaster araneoides","Lectotype of Aphaenogaster phalangium brevicollis","","Panama","","",1524,NA,NA,NA
"http://antweb.org/api/v2/?occurrenceId=CAS:ANTWEB:fmnhins0000062986","fmnhins0000062986","formicidae","myrmicinae","Aphaenogaster","araneoides","Aphaenogaster araneoides","","","","","tropical rain forest, clay soil",50,NA,NA,NA
"http://antweb.org/api/v2/?occurrenceId=CAS:ANTWEB:inb0003231415","inb0003231415","formicidae","myrmicinae","Aphaenogaster","araneoides","Aphaenogaster araneoides","","Heredia","Costa Rica","2004-04-20","montane wet forest",500,"point","10.33333","-84.06667"
"http://antweb.org/api/v2/?occurrenceId=CAS:ANTWEB:inb0003231798","inb0003231798","formicidae","myrmicinae","Aphaenogaster","araneoides","Aphaenogaster araneoides","","Heredia","Costa Rica","2004-04-20","montane wet forest",500,"point","10.33333","-84.06667"
"http://antweb.org/api/v2/?occurrenceId=CAS:ANTWEB:inb0003236851","inb0003236851","formicidae","myrmicinae","Aphaenogaster","araneoides","Aphaenogaster araneoides","","Heredia","Costa Rica","2004-04-20","montane wet forest",500,"point","10.33333","-84.06667"
"http://antweb.org/api/v2/?occurrenceId=CAS:ANTWEB:inb0003237048","inb0003237048","formicidae","myrmicinae","Aphaenogaster","araneoides","Aphaenogaster araneoides","","Heredia","Costa Rica","2004-04-20","montane wet forest",500,"point","10.33333","-84.06667"
"http://antweb.org/api/v2/?occurrenceId=CAS:ANTWEB:inb0003237173","inb0003237173","formicidae","myrmicinae","Aphaenogaster","araneoides","Aphaenogaster araneoides","","Heredia","Costa Rica","2004-04-20","montane wet forest",500,"point","10.33333","-84.06667"
"http://antweb.org/api/v2/?occurrenceId=CAS:ANTWEB:inb0003237176","inb0003237176","formicidae","myrmicinae","Aphaenogaster","araneoides","Aphaenogaster araneoides","","Heredia","Costa Rica","2004-04-20","montane wet forest",500,"point","10.33333","-84.06667"
"http://antweb.org/api/v2/?occurrenceId=CAS:ANTWEB:inb0003237365","inb0003237365","formicidae","myrmicinae","Aphaenogaster","araneoides","Aphaenogaster araneoides","","Heredia","Costa Rica","2004-04-20","montane wet forest",500,"point","10.33333","-84.06667"
"http://antweb.org/api/v2/?occurrenceId=CAS:ANTWEB:inb0003237598","inb0003237598","formicidae","myrmicinae","Aphaenogaster","araneoides","Aphaenogaster araneoides","","Heredia","Costa Rica","2004-04-20","montane wet forest",500,"point","10.33333","-84.06667"
"http://antweb.org/api/v2/?occurrenceId=CAS:ANTWEB:inb0003238554","inb0003238554","formicidae","myrmicinae","Aphaenogaster","araneoides","Aphaenogaster araneoides","","Heredia","Costa Rica","2004-04-20","montane wet forest",500,"point","10.33333","-84.06667"
"http://antweb.org/api/v2/?occurrenceId=CAS:ANTWEB:inb0003238848","inb0003238848","formicidae","myrmicinae","Aphaenogaster","araneoides","Aphaenogaster araneoides","","Heredia","Costa Rica","2004-04-20","montane wet forest",500,"point","10.33333","-84.06667"
"http://antweb.org/api/v2/?occurrenceId=CAS:ANTWEB:inb0003239527","inb0003239527","formicidae","myrmicinae","Aphaenogaster","araneoides","Aphaenogaster araneoides","","Heredia","Costa Rica","2004-04-20","montane wet forest",500,"point","10.33333","-84.06667"
"http://antweb.org/api/v2/?occurrenceId=CAS:ANTWEB:inb0003239673","inb0003239673","formicidae","myrmicinae","Aphaenogaster","araneoides","Aphaenogaster araneoides","","Heredia","Costa Rica","2004-04-20","montane wet forest",500,"point","10.33333","-84.06667"
"http://antweb.org/api/v2/?occurrenceId=CAS:ANTWEB:inb0003239844","inb0003239844","formicidae","myrmicinae","Aphaenogaster","araneoides","Aphaenogaster araneoides","","Heredia","Costa Rica","2004-04-20","montane wet forest",500,"point","10.33333","-84.06667"
"http://antweb.org/api/v2/?occurrenceId=CAS:ANTWEB:inb0003239988","inb0003239988","formicidae","myrmicinae","Aphaenogaster","araneoides","Aphaenogaster araneoides","","Heredia","Costa Rica","2004-04-20","montane wet forest",500,"point","10.33333","-84.06667"
"http://antweb.org/api/v2/?occurrenceId=CAS:ANTWEB:inb0003240848","inb0003240848","formicidae","myrmicinae","Aphaenogaster","araneoides","Aphaenogaster araneoides","","Heredia","Costa Rica","2004-04-20","montane wet forest bajo de M/04",500,"point","10.33333","-84.06667"
"http://antweb.org/api/v2/?occurrenceId=CAS:ANTWEB:inb0003240898","inb0003240898","formicidae","myrmicinae","Aphaenogaster","araneoides","Aphaenogaster araneoides","","Heredia","Costa Rica","2004-04-20","montane wet forest bajo de M/04",500,"point","10.33333","-84.06667"
"http://antweb.org/api/v2/?occurrenceId=CAS:ANTWEB:inb0003240941","inb0003240941","formicidae","myrmicinae","Aphaenogaster","araneoides","Aphaenogaster araneoides","","Heredia","Costa Rica","2004-04-20","montane wet forest bajo de M/06",500,"point","10.33333","-84.06667"
"http://antweb.org/api/v2/?occurrenceId=CAS:ANTWEB:inb0003241234","inb0003241234","formicidae","myrmicinae","Aphaenogaster","araneoides","Aphaenogaster araneoides","","Heredia","Costa Rica","2004-04-20","montane wet forest bajo de M/06",500,"point","10.33333","-84.06667"
"http://antweb.org/api/v2/?occurrenceId=CAS:ANTWEB:inb0003242524","inb0003242524","formicidae","myrmicinae","Aphaenogaster","araneoides","Aphaenogaster araneoides","","Heredia","Costa Rica","2004-04-20","montane wet forest bajo de M/01",500,"point","10.33333","-84.06667"
"http://antweb.org/api/v2/?occurrenceId=CAS:ANTWEB:inb0003242706","inb0003242706","formicidae","myrmicinae","Aphaenogaster","araneoides","Aphaenogaster araneoides","","Heredia","Costa Rica","2004-04-20","montane wet forest bajo de M/02",500,"point","10.33333","-84.06667"
"http://antweb.org/api/v2/?occurrenceId=CAS:ANTWEB:inb0003606282","inb0003606282","formicidae","myrmicinae","Aphaenogaster","araneoides","Aphaenogaster araneoides","","Heredia","Costa Rica","2004-04-20","montane wet forest",500,"point","10.33333","-84.06667"
"http://antweb.org/api/v2/?occurrenceId=CAS:ANTWEB:inb0003608359","inb0003608359","formicidae","myrmicinae","Aphaenogaster","araneoides","Aphaenogaster araneoides","","Heredia","Costa Rica","2004-04-20","montane wet forest Sobre Vegetacion",500,"point","10.33333","-84.06667"
"http://antweb.org/api/v2/?occurrenceId=CAS:ANTWEB:inb0003617060","inb0003617060","formicidae","myrmicinae","Aphaenogaster","araneoides","Aphaenogaster araneoides","","Heredia","Costa Rica","2005-04-15","montane wet forest",300,"point","10.35","-84.05"
"http://antweb.org/api/v2/?occurrenceId=CAS:ANTWEB:inb0003617126","inb0003617126","formicidae","myrmicinae","Aphaenogaster","araneoides","Aphaenogaster araneoides","","Heredia","Costa Rica","2005-04-15","montane wet forest",300,"point","10.35","-84.05"
"http://antweb.org/api/v2/?occurrenceId=CAS:ANTWEB:inb0003617743","inb0003617743","formicidae","myrmicinae","Aphaenogaster","araneoides","Aphaenogaster araneoides","","Heredia","Costa Rica","2004-06-16","mature wet forest",50,"point","10.421159","-84.02036"
"http://antweb.org/api/v2/?occurrenceId=CAS:ANTWEB:inb0003617772","inb0003617772","formicidae","myrmicinae","Aphaenogaster","araneoides","Aphaenogaster araneoides","","Heredia","Costa Rica","2004-06-16","mature wet forest ex sifted leaf litter",50,"point","10.416789","-84.01787"
"http://antweb.org/api/v2/?occurrenceId=CAS:ANTWEB:inb0003617858","inb0003617858","formicidae","myrmicinae","Aphaenogaster","araneoides","Aphaenogaster araneoides","","Heredia","Costa Rica","2004-06-16","mature wet forest",50,"point","10.416716","-84.01792"
"http://antweb.org/api/v2/?occurrenceId=CAS:ANTWEB:inb0003617864","inb0003617864","formicidae","myrmicinae","Aphaenogaster","araneoides","Aphaenogaster araneoides","","Heredia","Costa Rica","2004-06-16","mature wet forest",50,"point","10.416641","-84.017975"
"http://antweb.org/api/v2/?occurrenceId=CAS:ANTWEB:inb0003617879","inb0003617879","formicidae","myrmicinae","Aphaenogaster","araneoides","Aphaenogaster araneoides","","Heredia","Costa Rica","2004-06-16","mature wet forest",50,"point","10.41642","-84.018135"
"http://antweb.org/api/v2/?occurrenceId=CAS:ANTWEB:inb0003617893","inb0003617893","formicidae","myrmicinae","Aphaenogaster","araneoides","Aphaenogaster araneoides","","Heredia","Costa Rica","2004-06-16","mature wet forest",50,"point","10.416199","-84.018295"
"http://antweb.org/api/v2/?occurrenceId=CAS:ANTWEB:inb0003618130","inb0003618130","formicidae","myrmicinae","Aphaenogaster","araneoides","Aphaenogaster araneoides","","Heredia","Costa Rica","2004-06-17","mature wet forest",50,"point","10.415177","-84.023544"
"http://antweb.org/api/v2/?occurrenceId=CAS:ANTWEB:inb0003618417","inb0003618417","formicidae","myrmicinae","Aphaenogaster","araneoides","Aphaenogaster araneoides","","Heredia","Costa Rica","2004-06-17","mature wet forest",50,"point","10.416361","-84.02382"
"http://antweb.org/api/v2/?occurrenceId=CAS:ANTWEB:inb0003618422","inb0003618422","formicidae","myrmicinae","Aphaenogaster","araneoides","Aphaenogaster araneoides","","Heredia","Costa Rica","2004-06-17","mature wet forest",50,"point","10.416214","-84.023926"
"http://antweb.org/api/v2/?occurrenceId=CAS:ANTWEB:inb0003618427","inb0003618427","formicidae","myrmicinae","Aphaenogaster","araneoides","Aphaenogaster araneoides","","Heredia","Costa Rica","2004-06-17","mature wet forest",50,"point","10.41614","-84.02398"
"http://antweb.org/api/v2/?occurrenceId=CAS:ANTWEB:inb0003618891","inb0003618891","formicidae","myrmicinae","Aphaenogaster","araneoides","Aphaenogaster araneoides","","Heredia","Costa Rica","2005-04-15","montane wet forest bajo de M/08",300,"point","10.35","-84.05"
"http://antweb.org/api/v2/?occurrenceId=CAS:ANTWEB:inb0003618964","inb0003618964","formicidae","myrmicinae","Aphaenogaster","araneoides","Aphaenogaster araneoides","","Heredia","Costa Rica","2005-04-15","montane wet forest bajo de M/15",300,"point","10.35","-84.05"
"http://antweb.org/api/v2/?occurrenceId=CAS:ANTWEB:inb0003619135","inb0003619135","formicidae","myrmicinae","Aphaenogaster","araneoides","Aphaenogaster araneoides","","Heredia","Costa Rica","2005-04-15","montane wet forest bajo de M/16",300,"point","10.35","-84.05"
"http://antweb.org/api/v2/?occurrenceId=CAS:ANTWEB:inb0003619189","inb0003619189","formicidae","myrmicinae","Aphaenogaster","araneoides","Aphaenogaster araneoides","","Heredia","Costa Rica","2005-04-15","montane wet forest bajo de M/17",300,"point","10.35","-84.05"
"http://antweb.org/api/v2/?occurrenceId=CAS:ANTWEB:inb0003619453","inb0003619453","formicidae","myrmicinae","Aphaenogaster","araneoides","Aphaenogaster araneoides","","Heredia","Costa Rica","2005-04-15","montane wet forest bajo de M/08",300,"point","10.35","-84.05"
"http://antweb.org/api/v2/?occurrenceId=CAS:ANTWEB:inb0003619579","inb0003619579","formicidae","myrmicinae","Aphaenogaster","araneoides","Aphaenogaster araneoides","","Heredia","Costa Rica","2005-04-15","montane wet forest bajo de M/14",300,"point","10.35","-84.05"
"http://antweb.org/api/v2/?occurrenceId=CAS:ANTWEB:inb0003619629","inb0003619629","formicidae","myrmicinae","Aphaenogaster","araneoides","Aphaenogaster araneoides","","Heredia","Costa Rica","2005-04-15","montane wet forest bajo de M/15",300,"point","10.35","-84.05"
"http://antweb.org/api/v2/?occurrenceId=CAS:ANTWEB:inb0003619683","inb0003619683","formicidae","myrmicinae","Aphaenogaster","araneoides","Aphaenogaster araneoides","","Heredia","Costa Rica","2005-04-15","montane wet forest bajo de M/16",300,"point","10.35","-84.05"
"http://antweb.org/api/v2/?occurrenceId=CAS:ANTWEB:inb0003620061","inb0003620061","formicidae","myrmicinae","Aphaenogaster","araneoides","Aphaenogaster araneoides","","Heredia","Costa Rica","2005-04-15","montane wet forest bajo de M/15",300,"point","10.35","-84.05"
"http://antweb.org/api/v2/?occurrenceId=CAS:ANTWEB:inb0003624710","inb0003624710","formicidae","myrmicinae","Aphaenogaster","araneoides","Aphaenogaster araneoides","","Heredia","Costa Rica","2005-04-15","montane wet forest Sobre Vegetacion",300,"point","10.35","-84.05"
"http://antweb.org/api/v2/?occurrenceId=CAS:ANTWEB:inb0003646377","inb0003646377","formicidae","myrmicinae","Aphaenogaster","araneoides","Aphaenogaster araneoides","","Heredia","Costa Rica","2007-08-16","mature wet forest ex sifted leaf litter",300,"point","10.333865","-84.04783"
"http://antweb.org/api/v2/?occurrenceId=CAS:ANTWEB:inb0003655340","inb0003655340","formicidae","myrmicinae","Aphaenogaster","araneoides","Aphaenogaster araneoides","","Heredia","Costa Rica","2005-04-22","mature wet forest ex sifted leaf litter",160,"point","10.402998","-84.04109"
"http://antweb.org/api/v2/?occurrenceId=CAS:ANTWEB:inb0003657620","inb0003657620","formicidae","myrmicinae","Aphaenogaster","araneoides","Aphaenogaster araneoides","","Heredia","Costa Rica","2005-04-15","montane wet forest Sobre Vegetacion",500,"point","10.33333","-84.06667"
"http://antweb.org/api/v2/?occurrenceId=CAS:ANTWEB:inb0003677102","inb0003677102","formicidae","myrmicinae","Aphaenogaster","araneoides","Aphaenogaster araneoides","","Heredia","Costa Rica","2005-11-15","mature wet forest ex sifted leaf litter",50,"point","10.418948","-84.02309"
"http://antweb.org/api/v2/?occurrenceId=CAS:ANTWEB:inb0003679854","inb0003679854","formicidae","myrmicinae","Aphaenogaster","araneoides","Aphaenogaster araneoides","","Heredia","Costa Rica","2006-04-19","mature wet forest ex sifted leaf litter",500,"point","10.305202","-84.057846"
"http://antweb.org/api/v2/?occurrenceId=CAS:ANTWEB:inb0003680584","inb0003680584","formicidae","myrmicinae","Aphaenogaster","araneoides","Aphaenogaster araneoides","","Heredia","Costa Rica","2006-04-19","mature wet forest ex sifted leaf litter",50,"point","10.414738","-84.02499"
"http://antweb.org/api/v2/?occurrenceId=CAS:ANTWEB:inb0003687061","inb0003687061","formicidae","myrmicinae","Aphaenogaster","araneoides","Aphaenogaster araneoides","","Heredia","Costa Rica","2006-06-20","mature wet forest ex sifted leaf litter",160,"point","10.404349","-84.0423"
"http://antweb.org/api/v2/?occurrenceId=CAS:ANTWEB:inb0003690470","inb0003690470","formicidae","myrmicinae","Aphaenogaster","araneoides","Aphaenogaster araneoides","","Heredia","Costa Rica","2006-09-05","mature wet forest ex sifted leaf litter",160,"point","10.403776","-84.042885"
"http://antweb.org/api/v2/?occurrenceId=CAS:ANTWEB:inb0003690507","inb0003690507","formicidae","myrmicinae","Aphaenogaster","araneoides","Aphaenogaster araneoides","","Heredia","Costa Rica","2006-09-05","mature wet forest ex sifted leaf litter",160,"point","10.403585","-84.04308"
"http://antweb.org/api/v2/?occurrenceId=CAS:ANTWEB:inb0003693099","inb0003693099","formicidae","myrmicinae","Aphaenogaster","araneoides","Aphaenogaster araneoides","","Heredia","Costa Rica","2007-08-16","mature wet forest ex sifted leaf litter",50,"point","10.4167185","-84.01905"
"http://antweb.org/api/v2/?occurrenceId=CAS:ANTWEB:inb0003694731","inb0003694731","formicidae","myrmicinae","Aphaenogaster","araneoides","Aphaenogaster araneoides","","Heredia","Costa Rica","2006-11-02","mature wet forest ex sifted leaf litter",500,"point","10.311546","-84.055664"
"http://antweb.org/api/v2/?occurrenceId=CAS:ANTWEB:inb0003696838","inb0003696838","formicidae","myrmicinae","Aphaenogaster","araneoides","Aphaenogaster araneoides","","Heredia","Costa Rica","2006-12-18","mature wet forest ex sifted leaf litter",160,"point","10.405567","-84.04235"
"http://antweb.org/api/v2/?occurrenceId=CAS:ANTWEB:inb0003697781","inb0003697781","formicidae","myrmicinae","Aphaenogaster","araneoides","Aphaenogaster araneoides","","Heredia","Costa Rica","2007-04-03","mature wet forest ex sifted leaf litter",300,"point","10.331674","-84.04724"
"http://antweb.org/api/v2/?occurrenceId=CAS:ANTWEB:inb0003698026","inb0003698026","formicidae","myrmicinae","Aphaenogaster","araneoides","Aphaenogaster araneoides","","Heredia","Costa Rica","2007-04-03","mature wet forest ex sifted leaf litter",160,"point","10.404628","-84.03423"
"http://antweb.org/api/v2/?occurrenceId=CAS:ANTWEB:inb0003698209","inb0003698209","formicidae","myrmicinae","Aphaenogaster","araneoides","Aphaenogaster araneoides","","Heredia","Costa Rica","2007-04-03","mature wet forest ex sifted leaf litter",160,"point","10.407796","-84.04006"
"http://antweb.org/api/v2/?occurrenceId=CAS:ANTWEB:inb0003698467","inb0003698467","formicidae","myrmicinae","Aphaenogaster","araneoides","Aphaenogaster araneoides","","Heredia","Costa Rica","2007-08-16","mature wet forest ex sifted leaf litter",500,"point","10.308804","-84.060585"
"http://antweb.org/api/v2/?occurrenceId=CAS:ANTWEB:inb0003698821","inb0003698821","formicidae","myrmicinae","Aphaenogaster","araneoides","Aphaenogaster araneoides","","Heredia","Costa Rica","2007-08-16","mature wet forest ex sifted leaf litter",500,"point","10.307912","-84.058395"
"http://antweb.org/api/v2/?occurrenceId=CAS:ANTWEB:inb0003699142","inb0003699142","formicidae","myrmicinae","Aphaenogaster","araneoides","Aphaenogaster araneoides","","Heredia","Costa Rica","2007-08-16","mature wet forest ex sifted leaf litter",50,"point","10.410878","-84.01987"
"http://antweb.org/api/v2/?occurrenceId=CAS:ANTWEB:inb0003699266","inb0003699266","formicidae","myrmicinae","Aphaenogaster","araneoides","Aphaenogaster araneoides","","Heredia","Costa Rica","2007-08-16","mature wet forest ex sifted leaf litter",160,"point","10.404493","-84.03307"
"http://antweb.org/api/v2/?occurrenceId=CAS:ANTWEB:inb0003699866","inb0003699866","formicidae","myrmicinae","Aphaenogaster","araneoides","Aphaenogaster araneoides","","Heredia","Costa Rica","2007-08-16","mature wet forest ex sifted leaf litter",500,"point","10.304311","-84.05557"
"http://antweb.org/api/v2/?occurrenceId=CAS:ANTWEB:inb0004099836","inb0004099836","formicidae","myrmicinae","Aphaenogaster","araneoides","Aphaenogaster araneoides","","Heredia","Costa Rica","2007-10-01","mature wet forest ex sifted leaf litter",50,"point","10.414949","-84.021454"
"http://antweb.org/api/v2/?occurrenceId=CAS:ANTWEB:inb0004100758","inb0004100758","formicidae","myrmicinae","Aphaenogaster","araneoides","Aphaenogaster araneoides","","Heredia","Costa Rica","2007-10-01","mature wet forest ex sifted leaf litter",500,"point","10.309751","-84.05339"
"http://antweb.org/api/v2/?occurrenceId=CAS:ANTWEB:inb0004100879","inb0004100879","formicidae","myrmicinae","Aphaenogaster","araneoides","Aphaenogaster araneoides","","Heredia","Costa Rica","2007-10-01","mature wet forest ex sifted leaf litter",500,"point","10.309747","-84.054115"
"http://antweb.org/api/v2/?occurrenceId=CAS:ANTWEB:inb0004100945","inb0004100945","formicidae","myrmicinae","Aphaenogaster","araneoides","Aphaenogaster araneoides","","Heredia","Costa Rica","2007-10-01","mature wet forest ex sifted leaf litter",500,"point","10.311516","-84.06086"
"http://antweb.org/api/v2/?occurrenceId=CAS:ANTWEB:inb0004100964","inb0004100964","formicidae","myrmicinae","Aphaenogaster","araneoides","Aphaenogaster araneoides","","Heredia","Costa Rica","2007-10-01","mature wet forest ex sifted leaf litter",500,"point","10.311516","-84.06094"
"http://antweb.org/api/v2/?occurrenceId=CAS:ANTWEB:inb0004100992","inb0004100992","formicidae","myrmicinae","Aphaenogaster","araneoides","Aphaenogaster araneoides","","Heredia","Costa Rica","2007-10-01","mature wet forest ex sifted leaf litter",500,"point","10.311515","-84.061035"
"http://antweb.org/api/v2/?occurrenceId=CAS:ANTWEB:inbiocri000158565","inbiocri000158565","formicidae","myrmicinae","Aphaenogaster","araneoides","Aphaenogaster araneoides","","Alajuela","Costa Rica","1998-07-08","",900,"point","10.28333","-84.56667"
"http://antweb.org/api/v2/?occurrenceId=CAS:ANTWEB:inbiocri000159337","inbiocri000159337","formicidae","myrmicinae","Aphaenogaster","araneoides","Aphaenogaster araneoides","","Alajuela","Costa Rica","1998-07-08","",900,"point","10.28333","-84.56667"
"http://antweb.org/api/v2/?occurrenceId=CAS:ANTWEB:inbiocri001218029","inbiocri001218029","formicidae","myrmicinae","Aphaenogaster","araneoides","Aphaenogaster araneoides","","Heredia","Costa Rica","","wet forest ex sifted leaf litter",50,"point","10.419679","-84.013565"
"http://antweb.org/api/v2/?occurrenceId=CAS:ANTWEB:inbiocri001218080","inbiocri001218080","formicidae","myrmicinae","Aphaenogaster","araneoides","Aphaenogaster araneoides","","Heredia","Costa Rica","","",50,"point","10.433333","-84.01667"
"http://antweb.org/api/v2/?occurrenceId=CAS:ANTWEB:inbiocri001218083","inbiocri001218083","formicidae","myrmicinae","Aphaenogaster","araneoides","Aphaenogaster araneoides","","Heredia","Costa Rica","","",50,"point","10.433333","-84.01667"
"http://antweb.org/api/v2/?occurrenceId=CAS:ANTWEB:inbiocri001223529","inbiocri001223529","formicidae","myrmicinae","Aphaenogaster","araneoides","Aphaenogaster araneoides","","Heredia","Costa Rica","1998-05-22","SSE at GIS 1200.",50,"point","10.420117","-84.002014"
"http://antweb.org/api/v2/?occurrenceId=CAS:ANTWEB:inbiocri001237945","inbiocri001237945","formicidae","myrmicinae","Aphaenogaster","araneoides","Aphaenogaster araneoides","","Heredia","Costa Rica","1993-03-21","",50,"point","10.43333","-84.01667"
"http://antweb.org/api/v2/?occurrenceId=CAS:ANTWEB:inbiocri001237946","inbiocri001237946","formicidae","myrmicinae","Aphaenogaster","araneoides","Aphaenogaster araneoides","","Heredia","Costa Rica","1993-03-21","",50,"point","10.43333","-84.01667"
"http://antweb.org/api/v2/?occurrenceId=CAS:ANTWEB:inbiocri001237947","inbiocri001237947","formicidae","myrmicinae","Aphaenogaster","araneoides","Aphaenogaster araneoides","","Heredia","Costa Rica","1993-03-21","",50,"point","10.43333","-84.01667"
"http://antweb.org/api/v2/?occurrenceId=CAS:ANTWEB:inbiocri001237967","inbiocri001237967","formicidae","myrmicinae","Aphaenogaster","araneoides","Aphaenogaster araneoides","","Heredia","Costa Rica","1993-03-21","",50,"point","10.433333","-84.01667"
"http://antweb.org/api/v2/?occurrenceId=CAS:ANTWEB:inbiocri001238003","inbiocri001238003","formicidae","myrmicinae","Aphaenogaster","araneoides","Aphaenogaster araneoides","","Heredia","Costa Rica","1993-03-21","",50,"point","10.43333","-84.01667"
"http://antweb.org/api/v2/?occurrenceId=CAS:ANTWEB:inbiocri001240803","inbiocri001240803","formicidae","myrmicinae","Aphaenogaster","araneoides","Aphaenogaster araneoides","","Heredia","Costa Rica","1994-05-13","CCL 400 m",50,"point","10.424867","-84.0048"
"http://antweb.org/api/v2/?occurrenceId=CAS:ANTWEB:inbiocri001241447","inbiocri001241447","formicidae","myrmicinae","Aphaenogaster","araneoides","Aphaenogaster araneoides","","Heredia","Costa Rica","1994-05-13","La Selva",50,"point","10.4242525","-84.00839"
"http://antweb.org/api/v2/?occurrenceId=CAS:ANTWEB:inbiocri001245771","inbiocri001245771","formicidae","myrmicinae","Aphaenogaster","araneoides","Aphaenogaster araneoides","","Heredia","Costa Rica","1995-07-29","La Selva",50,"point","10.43333","-84.01667"
"http://antweb.org/api/v2/?occurrenceId=CAS:ANTWEB:inbiocri001267890","inbiocri001267890","formicidae","myrmicinae","Aphaenogaster","araneoides","Aphaenogaster araneoides","","Heredia","Costa Rica","1994-05-13","SAT 600 m",50,"point","10.4314575","-84.01783"
"http://antweb.org/api/v2/?occurrenceId=CAS:ANTWEB:inbiocri001268123","inbiocri001268123","formicidae","myrmicinae","Aphaenogaster","araneoides","Aphaenogaster araneoides","","Heredia","Costa Rica","1994-05-13","Arboleda.",50,"point","10.429905","-84.0108"
"http://antweb.org/api/v2/?occurrenceId=CAS:ANTWEB:inbiocri001268124","inbiocri001268124","formicidae","myrmicinae","Aphaenogaster","araneoides","Aphaenogaster araneoides","","Heredia","Costa Rica","1994-05-13","Arboleda.",50,"point","10.429905","-84.0108"
"http://antweb.org/api/v2/?occurrenceId=CAS:ANTWEB:inbiocri001268125","inbiocri001268125","formicidae","myrmicinae","Aphaenogaster","araneoides","Aphaenogaster araneoides","","Heredia","Costa Rica","1994-05-13","Arboleda.",50,"point","10.429905","-84.0108"
"http://antweb.org/api/v2/?occurrenceId=CAS:ANTWEB:inbiocri001268126","inbiocri001268126","formicidae","myrmicinae","Aphaenogaster","araneoides","Aphaenogaster araneoides","","Heredia","Costa Rica","1994-05-13","Arboleda.",50,"point","10.429905","-84.0108"
"http://antweb.org/api/v2/?occurrenceId=CAS:ANTWEB:inbiocri001268127","inbiocri001268127","formicidae","myrmicinae","Aphaenogaster","araneoides","Aphaenogaster araneoides","","Heredia","Costa Rica","1994-05-13","Arboleda.",50,"point","10.429905","-84.0108"
"http://antweb.org/api/v2/?occurrenceId=CAS:ANTWEB:inbiocri001268128","inbiocri001268128","formicidae","myrmicinae","Aphaenogaster","araneoides","Aphaenogaster araneoides","","Heredia","Costa Rica","1994-05-13","Arboleda.",50,"point","10.429905","-84.0108"
"http://antweb.org/api/v2/?occurrenceId=CAS:ANTWEB:inbiocri001269233","inbiocri001269233","formicidae","myrmicinae","Aphaenogaster","araneoides","Aphaenogaster araneoides","","Heredia","Costa Rica","1994-05-13","CCL300m",50,"point","10.425191","-84.00399"
"http://antweb.org/api/v2/?occurrenceId=CAS:ANTWEB:inbiocri001274446","inbiocri001274446","formicidae","myrmicinae","Aphaenogaster","araneoides","Aphaenogaster araneoides","","Heredia","Costa Rica","1993-05-15","CCL 300",50,"point","10.425191","-84.00399"
"http://antweb.org/api/v2/?occurrenceId=CAS:ANTWEB:inbiocri001274447","inbiocri001274447","formicidae","myrmicinae","Aphaenogaster","araneoides","Aphaenogaster araneoides","","Heredia","Costa Rica","1993-05-15","CCL 300",50,"point","10.425191","-84.00399"
"http://antweb.org/api/v2/?occurrenceId=CAS:ANTWEB:inbiocri001274555","inbiocri001274555","formicidae","myrmicinae","Aphaenogaster","araneoides","Aphaenogaster araneoides","","Heredia","Costa Rica","1993-05-15","Arboleda",50,"point","10.429905","-84.0108"
"http://antweb.org/api/v2/?occurrenceId=CAS:ANTWEB:inbiocri001274556","inbiocri001274556","formicidae","myrmicinae","Aphaenogaster","araneoides","Aphaenogaster araneoides","","Heredia","Costa Rica","1993-05-15","Arboleda",50,"point","10.429905","-84.0108"
"http://antweb.org/api/v2/?occurrenceId=CAS:ANTWEB:inbiocri001274557","inbiocri001274557","formicidae","myrmicinae","Aphaenogaster","araneoides","Aphaenogaster araneoides","","Heredia","Costa Rica","1993-05-15","Arboleda",50,"point","10.429905","-84.0108"
"http://antweb.org/api/v2/?occurrenceId=CAS:ANTWEB:inbiocri001274558","inbiocri001274558","formicidae","myrmicinae","Aphaenogaster","araneoides","Aphaenogaster araneoides","","Heredia","Costa Rica","1993-05-15","Arboleda",50,"point","10.429905","-84.0108"
"http://antweb.org/api/v2/?occurrenceId=CAS:ANTWEB:inbiocri001274892","inbiocri001274892","formicidae","myrmicinae","Aphaenogaster","araneoides","Aphaenogaster araneoides","","Heredia","Costa Rica","1993-05-15","",50,"point","10.425128","-84.00173"
"http://antweb.org/api/v2/?occurrenceId=CAS:ANTWEB:inbiocri001274941","inbiocri001274941","formicidae","myrmicinae","Aphaenogaster","araneoides","Aphaenogaster araneoides","","Heredia","Costa Rica","1993-05-15","CCL 300",50,"point","10.425191","-84.00399"
"http://antweb.org/api/v2/?occurrenceId=CAS:ANTWEB:inbiocri001274942","inbiocri001274942","formicidae","myrmicinae","Aphaenogaster","araneoides","Aphaenogaster araneoides","","Heredia","Costa Rica","1993-05-15","CCL 300",50,"point","10.425191","-84.00399"
"http://antweb.org/api/v2/?occurrenceId=CAS:ANTWEB:inbiocri001275259","inbiocri001275259","formicidae","myrmicinae","Aphaenogaster","araneoides","Aphaenogaster araneoides","","Heredia","Costa Rica","1993-05-15","",50,"point","10.430527","-84.006165"
"http://antweb.org/api/v2/?occurrenceId=CAS:ANTWEB:inbiocri001276555","inbiocri001276555","formicidae","myrmicinae","Aphaenogaster","araneoides","Aphaenogaster araneoides","","Heredia","Costa Rica","1993-09-07","CCL 300",50,"point","10.425191","-84.00399"
"http://antweb.org/api/v2/?occurrenceId=CAS:ANTWEB:inbiocri001276608","inbiocri001276608","formicidae","myrmicinae","Aphaenogaster","araneoides","Aphaenogaster araneoides","","Heredia","Costa Rica","1993-09-07","Arboleda",50,"point","10.429905","-84.0108"
"http://antweb.org/api/v2/?occurrenceId=CAS:ANTWEB:inbiocri001276609","inbiocri001276609","formicidae","myrmicinae","Aphaenogaster","araneoides","Aphaenogaster araneoides","","Heredia","Costa Rica","1993-09-07","Arboleda",50,"point","10.429905","-84.0108"
"http://antweb.org/api/v2/?occurrenceId=CAS:ANTWEB:inbiocri001280723","inbiocri001280723","formicidae","myrmicinae","Aphaenogaster","araneoides","Aphaenogaster araneoides","","Puntarenas","Costa Rica","1998-05-22","",1200,"point","8.783334","-83.05"
"http://antweb.org/api/v2/?occurrenceId=CAS:ANTWEB:inbiocri001280724","inbiocri001280724","formicidae","myrmicinae","Aphaenogaster","araneoides","Aphaenogaster araneoides","","Puntarenas","Costa Rica","1998-05-22","",1200,"point","8.783334","-83.05"
"http://antweb.org/api/v2/?occurrenceId=CAS:ANTWEB:inbiocri001280725","inbiocri001280725","formicidae","myrmicinae","Aphaenogaster","araneoides","Aphaenogaster araneoides","","Puntarenas","Costa Rica","1998-05-22","",1200,"point","8.783334","-83.05"
"http://antweb.org/api/v2/?occurrenceId=CAS:ANTWEB:inbiocri001280726","inbiocri001280726","formicidae","myrmicinae","Aphaenogaster","araneoides","Aphaenogaster araneoides","","Puntarenas","Costa Rica","1998-05-22","",1200,"point","8.783334","-83.05"
"http://antweb.org/api/v2/?occurrenceId=CAS:ANTWEB:inbiocri001281167","inbiocri001281167","formicidae","myrmicinae","Aphaenogaster","araneoides","Aphaenogaster araneoides","","Heredia","Costa Rica","1998-05-22","",50,"point","10.433333","-84.01667"
"http://antweb.org/api/v2/?occurrenceId=CAS:ANTWEB:inbiocri001282457","inbiocri001282457","formicidae","myrmicinae","Aphaenogaster","araneoides","Aphaenogaster araneoides","","Alajuela","Costa Rica","1998-05-22","Wet forest Ex sifted leaf litter",830,"point","10.30877","-84.7165"
"http://antweb.org/api/v2/?occurrenceId=CAS:ANTWEB:inbiocri001282458","inbiocri001282458","formicidae","myrmicinae","Aphaenogaster","araneoides","Aphaenogaster araneoides","","Alajuela","Costa Rica","1998-05-22","Wet forest Ex sifted leaf litter",830,"point","10.30877","-84.7165"
"http://antweb.org/api/v2/?occurrenceId=CAS:ANTWEB:inbiocri001282817","inbiocri001282817","formicidae","myrmicinae","Aphaenogaster","araneoides","Aphaenogaster araneoides","","Guanacaste","Costa Rica","1998-05-22","",600,"point","10.96667","-85.5"
"http://antweb.org/api/v2/?occurrenceId=CAS:ANTWEB:inbiocri001282926","inbiocri001282926","formicidae","myrmicinae","Aphaenogaster","araneoides","Aphaenogaster araneoides","","Puntarenas","Costa Rica","1998-05-22","",1400,"point","10.3","-84.8"
"http://antweb.org/api/v2/?occurrenceId=CAS:ANTWEB:inbiocri001282927","inbiocri001282927","formicidae","myrmicinae","Aphaenogaster","araneoides","Aphaenogaster araneoides","","Puntarenas","Costa Rica","1998-05-22","",1400,"point","10.3","-84.8"
"http://antweb.org/api/v2/?occurrenceId=CAS:ANTWEB:inbiocri001282928","inbiocri001282928","formicidae","myrmicinae","Aphaenogaster","araneoides","Aphaenogaster araneoides","","Puntarenas","Costa Rica","1998-05-22","",1400,"point","10.3","-84.8"
"http://antweb.org/api/v2/?occurrenceId=CAS:ANTWEB:inbiocri001282988","inbiocri001282988","formicidae","myrmicinae","Aphaenogaster","araneoides","Aphaenogaster araneoides","","Alajuela","Costa Rica","1998-05-22","",800,"point","10.31667","-84.71667"
"http://antweb.org/api/v2/?occurrenceId=CAS:ANTWEB:inbiocri002719946","inbiocri002719946","formicidae","myrmicinae","Aphaenogaster","araneoides","Aphaenogaster araneoides","","Heredia","Costa Rica","2000-01-01","CCL Hojarasca",50,"point","10.42545","-84.00344"
"http://antweb.org/api/v2/?occurrenceId=CAS:ANTWEB:inbiocri002720547","inbiocri002720547","formicidae","myrmicinae","Aphaenogaster","araneoides","Aphaenogaster araneoides","","Heredia","Costa Rica","2000-01-01","SCH Hojarasca",50,"point","10.43692","-84.01373"
"http://antweb.org/api/v2/?occurrenceId=CAS:ANTWEB:inbiocri002728204","inbiocri002728204","formicidae","myrmicinae","Aphaenogaster","araneoides","Aphaenogaster araneoides","","Heredia","Costa Rica","2000-06-10","lowland rainforest ex sifted leaf litter",50,"point","10.433333","-84.01667"
"http://antweb.org/api/v2/?occurrenceId=CAS:ANTWEB:jtl0000169","jtl0000169","formicidae","myrmicinae","Aphaenogaster","araneoides","Aphaenogaster araneoides","","Lim n","Costa Rica","","",5,"point","10.53333","-83.51667"
"http://antweb.org/api/v2/?occurrenceId=CAS:ANTWEB:jtl008423","jtl008423","formicidae","myrmicinae","Aphaenogaster","araneoides","Aphaenogaster araneoides","","Heredia","Costa Rica","1995-02-21","arboretum wet forest",50,"point","10.433333","-84.01667"
"http://antweb.org/api/v2/?occurrenceId=CAS:ANTWEB:jtl020131","jtl020131","formicidae","myrmicinae","Aphaenogaster","araneoides","Aphaenogaster araneoides","","Puntarenas","Costa Rica","1998-10-23","",1200,"point","8.78333","-82.96667"
"http://antweb.org/api/v2/?occurrenceId=CAS:ANTWEB:jtl053743","jtl053743","formicidae","myrmicinae","Aphaenogaster","araneoides","Aphaenogaster araneoides","","Puntarenas","Costa Rica","2002-09-28","",1380,"point","8.933333","-82.85"
"http://antweb.org/api/v2/?occurrenceId=CAS:ANTWEB:jtl053744","jtl053744","formicidae","myrmicinae","Aphaenogaster","araneoides","Aphaenogaster araneoides","","Bocas del Toro","Panama","2002-09-28","",800,"point","8.78333","-82.18333"
"http://antweb.org/api/v2/?occurrenceId=CAS:ANTWEB:jtl054897","jtl054897","formicidae","myrmicinae","Aphaenogaster","araneoides","Aphaenogaster araneoides","syntypes brevicollis","Chiriqu","Panama","2002-11-27","",1000,"point","8.8","-82.55"
"http://antweb.org/api/v2/?occurrenceId=CAS:ANTWEB:jtl054901","jtl054901","formicidae","myrmicinae","Aphaenogaster","araneoides","Aphaenogaster araneoides","","Lim n","Costa Rica","2002-11-13","",50,"point","10.633333","-83.73333"
"http://antweb.org/api/v2/?occurrenceId=CAS:ANTWEB:jtl054902","jtl054902","formicidae","myrmicinae","Aphaenogaster","araneoides","Aphaenogaster araneoides","","Lim n","Costa Rica","2002-11-13","",50,"point","10.583333","-83.51667"
"http://antweb.org/api/v2/?occurrenceId=CAS:ANTWEB:jtl054903","jtl054903","formicidae","myrmicinae","Aphaenogaster","araneoides","Aphaenogaster araneoides","","Puntarenas","Costa Rica","2002-11-13","",1200,"point","8.883333","-82.78333"
"http://antweb.org/api/v2/?occurrenceId=CAS:ANTWEB:jtl054908","jtl054908","formicidae","myrmicinae","Aphaenogaster","araneoides","Aphaenogaster araneoides","","Puntarenas","Costa Rica","2002-11-13","",1300,"point","8.9","-82.78333"
"http://antweb.org/api/v2/?occurrenceId=CAS:ANTWEB:jtl054912","jtl054912","formicidae","myrmicinae","Aphaenogaster","araneoides","Aphaenogaster araneoides","","Heredia","Costa Rica","2002-11-13","",50,"point","10.633333","-84"
"http://antweb.org/api/v2/?occurrenceId=CAS:ANTWEB:jtl054913","jtl054913","formicidae","myrmicinae","Aphaenogaster","araneoides","Aphaenogaster araneoides","","Lim n","Costa Rica","2002-11-13","",100,"point","10.583333","-83.7"
"http://antweb.org/api/v2/?occurrenceId=CAS:ANTWEB:jtl054914","jtl054914","formicidae","myrmicinae","Aphaenogaster","araneoides","Aphaenogaster araneoides","","Alajuela","Costa Rica","2002-11-13","",900,"point","10.2","-84.583336"
"http://antweb.org/api/v2/?occurrenceId=CAS:ANTWEB:jtl054915","jtl054915","formicidae","myrmicinae","Aphaenogaster","araneoides","Aphaenogaster araneoides","","Guanacaste","Costa Rica","2002-11-13","",900,"point","10.6","-84.98333"
"http://antweb.org/api/v2/?occurrenceId=CAS:ANTWEB:jtl054916","jtl054916","formicidae","myrmicinae","Aphaenogaster","araneoides","Aphaenogaster araneoides","","Alajuela","Costa Rica","2002-11-13","",500,"point","10.433333","-84.666664"
"http://antweb.org/api/v2/?occurrenceId=CAS:ANTWEB:jtl054917","jtl054917","formicidae","myrmicinae","Aphaenogaster","araneoides","Aphaenogaster araneoides","","Heredia","Costa Rica","2002-11-13","",100,"point","10.4","-84.05"
"http://antweb.org/api/v2/?occurrenceId=CAS:ANTWEB:jtl054923","jtl054923","formicidae","myrmicinae","Aphaenogaster","araneoides","Aphaenogaster araneoides","","San Jos","Costa Rica","2002-11-13","",600,"point","10.15","-83.95"
"http://antweb.org/api/v2/?occurrenceId=CAS:ANTWEB:jtl054924","jtl054924","formicidae","myrmicinae","Aphaenogaster","araneoides","Aphaenogaster araneoides","","Heredia","Costa Rica","2002-11-13","",500,"point","10.33333","-84.08333"
"http://antweb.org/api/v2/?occurrenceId=CAS:ANTWEB:jtl054925","jtl054925","formicidae","myrmicinae","Aphaenogaster","araneoides","Aphaenogaster araneoides","","Guanacaste","Costa Rica","2002-11-13","",700,"point","10.98333","-85.43333"
"http://antweb.org/api/v2/?occurrenceId=CAS:ANTWEB:jtl054928","jtl054928","formicidae","myrmicinae","Aphaenogaster","araneoides","Aphaenogaster araneoides","","Lim n","Costa Rica","2002-11-13","",5,"point","10.53333","-83.51667"
"http://antweb.org/api/v2/?occurrenceId=CAS:ANTWEB:jtl054929","jtl054929","formicidae","myrmicinae","Aphaenogaster","araneoides","Aphaenogaster araneoides","","Lim n","Costa Rica","2002-11-13","",200,"point","9.666667","-83.03333"
"http://antweb.org/api/v2/?occurrenceId=CAS:ANTWEB:jtl054930","jtl054930","formicidae","myrmicinae","Aphaenogaster","araneoides","Aphaenogaster araneoides","","Alajuela","Costa Rica","2002-11-13","",900,"point","10.28333","-84.56667"
"http://antweb.org/api/v2/?occurrenceId=CAS:ANTWEB:jtl054932","jtl054932","formicidae","myrmicinae","Aphaenogaster","araneoides","Aphaenogaster araneoides","lectotype araneoides","Limon","Costa Rica","","",NA,"point","10.21667","-83.73333"
"http://antweb.org/api/v2/?occurrenceId=CAS:ANTWEB:jtl055831","jtl055831","formicidae","myrmicinae","Aphaenogaster","araneoides","Aphaenogaster araneoides","syntype araneoides","Alajuela","Costa Rica","2002-12-30","",1100,"point","10.01667","-84.21667"
"http://antweb.org/api/v2/?occurrenceId=CAS:ANTWEB:jtl055835","jtl055835","formicidae","myrmicinae","Aphaenogaster","araneoides","Aphaenogaster araneoides","syntype phalangium","Limon","Costa Rica","2002-12-30","",NA,"point","10.21667","-83.73333"
"http://antweb.org/api/v2/?occurrenceId=CAS:ANTWEB:jtl126462","jtl126462","formicidae","myrmicinae","Aphaenogaster","araneoides","Aphaenogaster araneoides","","Heredia","Costa Rica","2006-07-27","lowland rainforest",50,"point","10.422561","-84.001045"
"http://antweb.org/api/v2/?occurrenceId=CAS:ANTWEB:jtl126896","jtl126896","formicidae","myrmicinae","Aphaenogaster","araneoides","Aphaenogaster araneoides","","Heredia","Costa Rica","2006-07-27","lowland rainforest",50,"point","10.422588","-84.002144"
"http://antweb.org/api/v2/?occurrenceId=CAS:ANTWEB:jtl132432","jtl132432","formicidae","myrmicinae","Aphaenogaster","araneoides","Aphaenogaster araneoides","","Heredia","Costa Rica","2007-05-06","Sura bajo de M/22",50,"point","10.432271","-84.01333"
"http://antweb.org/api/v2/?occurrenceId=CAS:ANTWEB:jtl132468","jtl132468","formicidae","myrmicinae","Aphaenogaster","araneoides","Aphaenogaster araneoides","","Heredia","Costa Rica","2007-05-06","Sura bajo de M/22",50,"point","10.432271","-84.01333"
"http://antweb.org/api/v2/?occurrenceId=CAS:ANTWEB:jtl132480","jtl132480","formicidae","myrmicinae","Aphaenogaster","araneoides","Aphaenogaster araneoides","","Heredia","Costa Rica","2007-05-06","Sura bajo de M/23",50,"point","10.432412","-84.013855"
"http://antweb.org/api/v2/?occurrenceId=CAS:ANTWEB:jtl132504","jtl132504","formicidae","myrmicinae","Aphaenogaster","araneoides","Aphaenogaster araneoides","","Heredia","Costa Rica","2007-05-06","STR bajo de M/27",50,"point","10.436447","-84.009415"
"http://antweb.org/api/v2/?occurrenceId=CAS:ANTWEB:jtl132522","jtl132522","formicidae","myrmicinae","Aphaenogaster","araneoides","Aphaenogaster araneoides","","Heredia","Costa Rica","2007-05-06","SCH bajo de M/25",50,"point","10.437478","-84.01381"
"http://antweb.org/api/v2/?occurrenceId=CAS:ANTWEB:jtl132541","jtl132541","formicidae","myrmicinae","Aphaenogaster","araneoides","Aphaenogaster araneoides","","Heredia","Costa Rica","2007-05-06","Sura bajo de M/21",50,"point","10.431818","-84.01302"
"http://antweb.org/api/v2/?occurrenceId=CAS:ANTWEB:jtl132605","jtl132605","formicidae","myrmicinae","Aphaenogaster","araneoides","Aphaenogaster araneoides","","Heredia","Costa Rica","2007-05-06","SCH bajo de M/26",50,"point","10.438293","-84.01368"
"http://antweb.org/api/v2/?occurrenceId=CAS:ANTWEB:jtl132618","jtl132618","formicidae","myrmicinae","Aphaenogaster","araneoides","Aphaenogaster araneoides","","Heredia","Costa Rica","2007-05-06","Sura bajo de M/21",50,"point","10.431818","-84.01302"
"http://antweb.org/api/v2/?occurrenceId=CAS:ANTWEB:jtl132623","jtl132623","formicidae","myrmicinae","Aphaenogaster","araneoides","Aphaenogaster araneoides","","Heredia","Costa Rica","2007-05-06","SCH bajo de M/25",50,"point","10.437478","-84.01381"
"http://antweb.org/api/v2/?occurrenceId=CAS:ANTWEB:jtl132675","jtl132675","formicidae","myrmicinae","Aphaenogaster","araneoides","Aphaenogaster araneoides","","Heredia","Costa Rica","2007-05-06","Sura bajo de M/20",50,"point","10.431009","-84.01227"
"http://antweb.org/api/v2/?occurrenceId=CAS:ANTWEB:jtl132686","jtl132686","formicidae","myrmicinae","Aphaenogaster","araneoides","Aphaenogaster araneoides","","Heredia","Costa Rica","2007-05-06","Sura bajo de M/23",50,"point","10.432412","-84.013855"
"http://antweb.org/api/v2/?occurrenceId=CAS:ANTWEB:jtl132710","jtl132710","formicidae","myrmicinae","Aphaenogaster","araneoides","Aphaenogaster araneoides","","Heredia","Costa Rica","2007-05-06","SCH bajo de M/26",50,"point","10.438293","-84.01368"
"http://antweb.org/api/v2/?occurrenceId=CAS:ANTWEB:jtl681600","jtl681600","formicidae","myrmicinae","Aphaenogaster","araneoides","Aphaenogaster araneoides","","Alajuela","Costa Rica","2012-06-22","wet forest nest in clay bank",800,"point","10.31667","-84.71667"
"http://antweb.org/api/v2/?occurrenceId=CAS:ANTWEB:jtl722294","jtl722294","formicidae","myrmicinae","Aphaenogaster","araneoides","Aphaenogaster araneoides","","Alajuela","Costa Rica","2014-07-17","mature wet forest at bait",840,"point","10.352145","-84.66961"
"http://antweb.org/api/v2/?occurrenceId=CAS:ANTWEB:jtl722295","jtl722295","formicidae","myrmicinae","Aphaenogaster","araneoides","Aphaenogaster araneoides","","Alajuela","Costa Rica","2014-07-17","mature wet forest nest in clay bank",840,"point","10.352145","-84.66961"
"http://antweb.org/api/v2/?occurrenceId=CAS:ANTWEB:jtl723708","jtl723708","formicidae","myrmicinae","Aphaenogaster","araneoides","Aphaenogaster araneoides","","Alajuela","Costa Rica","2014-07-17","wet forest",850,"point","10.30799","-84.71635"
"http://antweb.org/api/v2/?occurrenceId=CAS:ANTWEB:jtlc-vial-000590.1","jtlc-vial-000590.1","formicidae","myrmicinae","Aphaenogaster","araneoides","Aphaenogaster araneoides","","Alajuela","Costa Rica","2002-05-30","wet forest at ground baits",800,"point","10.31667","-84.71667"
"http://antweb.org/api/v2/?occurrenceId=CAS:ANTWEB:jtlc-vial-000716.1","jtlc-vial-000716.1","formicidae","myrmicinae","Aphaenogaster","araneoides","Aphaenogaster araneoides","","Heredia","Costa Rica","2002-12-01","montane wet forest",1000,"point","10.28333","-84.08333"
"http://antweb.org/api/v2/?occurrenceId=CAS:ANTWEB:jtlc-vial-000795.2","jtlc-vial-000795.2","formicidae","myrmicinae","Aphaenogaster","araneoides","Aphaenogaster araneoides","","Heredia","Costa Rica","2003-04-01","wet forest",500,"point","10.33333","-84.06667"
"http://antweb.org/api/v2/?occurrenceId=CAS:ANTWEB:jtlc-vial-000796.1","jtlc-vial-000796.1","formicidae","myrmicinae","Aphaenogaster","araneoides","Aphaenogaster araneoides","","Heredia","Costa Rica","2003-04-01","wet forest stream edge Cascante refuge",500,"point","10.33333","-84.06667"
"http://antweb.org/api/v2/?occurrenceId=CAS:ANTWEB:jtlc-vial-000799.10","jtlc-vial-000799.10","formicidae","myrmicinae","Aphaenogaster","araneoides","Aphaenogaster araneoides","","Heredia","Costa Rica","2003-04-01","wet forest pecan sandie bait",500,"point","10.33333","-84.08333"
"http://antweb.org/api/v2/?occurrenceId=CAS:ANTWEB:jtlc-vial-000801.1","jtlc-vial-000801.1","formicidae","myrmicinae","Aphaenogaster","araneoides","Aphaenogaster araneoides","","Heredia","Costa Rica","2003-04-01","wet forest pecan sandie bait",50,"point","10.43333","-84.01667"
"http://antweb.org/api/v2/?occurrenceId=CAS:ANTWEB:jtlc-vial-000801.2","jtlc-vial-000801.2","formicidae","myrmicinae","Aphaenogaster","araneoides","Aphaenogaster araneoides","","Heredia","Costa Rica","2003-04-01","wet forest pecan sandie bait",50,"point","10.43333","-84.01667"
"http://antweb.org/api/v2/?occurrenceId=CAS:ANTWEB:jtlc-vial-000801.3","jtlc-vial-000801.3","formicidae","myrmicinae","Aphaenogaster","araneoides","Aphaenogaster araneoides","","Heredia","Costa Rica","2003-04-01","wet forest pecan sandie bait",50,"point","10.43333","-84.01667"
"http://antweb.org/api/v2/?occurrenceId=CAS:ANTWEB:jtlc-vial-000801.4","jtlc-vial-000801.4","formicidae","myrmicinae","Aphaenogaster","araneoides","Aphaenogaster araneoides","","Heredia","Costa Rica","2003-04-01","wet forest pecan sandie bait",50,"point","10.43333","-84.01667"
"http://antweb.org/api/v2/?occurrenceId=CAS:ANTWEB:jtlc-vial-000801.5","jtlc-vial-000801.5","formicidae","myrmicinae","Aphaenogaster","araneoides","Aphaenogaster araneoides","","Heredia","Costa Rica","2003-04-01","wet forest pecan sandie bait",50,"point","10.43333","-84.01667"
"http://antweb.org/api/v2/?occurrenceId=CAS:ANTWEB:jtlc-vial-001038","jtlc-vial-001038","formicidae","myrmicinae","Aphaenogaster","araneoides","Aphaenogaster araneoides","","Alajuela","Costa Rica","2007-12-05","wet forest nest in clay bank",800,"point","10.31667","-84.71667"
"http://antweb.org/api/v2/?occurrenceId=CAS:ANTWEB:jtlc-vial-001038.1","jtlc-vial-001038.1","formicidae","myrmicinae","Aphaenogaster","araneoides","Aphaenogaster araneoides","","Alajuela","Costa Rica","2007-12-05","wet forest nest in clay bank",800,"point","10.31667","-84.71667"
"http://antweb.org/api/v2/?occurrenceId=CAS:ANTWEB:jtlc-vial-001262.01","jtlc-vial-001262.01","formicidae","myrmicinae","Aphaenogaster","araneoides","Aphaenogaster araneoides","","Heredia","Costa Rica","2005-07-11","rainforest",50,"point","10.43333","-84.01667"
"http://antweb.org/api/v2/?occurrenceId=CAS:ANTWEB:jtlc000002433","jtlc000002433","formicidae","myrmicinae","Aphaenogaster","araneoides","Aphaenogaster araneoides","","Bocas del Toro","Panama","1995-11-01","",NA,"point","9.43333","-82.51667"
"http://antweb.org/api/v2/?occurrenceId=CAS:ANTWEB:jtlc000002434","jtlc000002434","formicidae","myrmicinae","Aphaenogaster","araneoides","Aphaenogaster araneoides","","Bocas del Toro","Panama","1995-11-01","",NA,"point","9.43333","-82.51667"
"http://antweb.org/api/v2/?occurrenceId=CAS:ANTWEB:jtlc000002435","jtlc000002435","formicidae","myrmicinae","Aphaenogaster","araneoides","Aphaenogaster araneoides","","Bocas del Toro","Panama","1995-11-01","",NA,"point","9.43333","-82.51667"
"http://antweb.org/api/v2/?occurrenceId=CAS:ANTWEB:jtlc000002436","jtlc000002436","formicidae","myrmicinae","Aphaenogaster","araneoides","Aphaenogaster araneoides","","Lim n","Costa Rica","1995-11-01","",NA,"point","10.08333","-83.33333"
"http://antweb.org/api/v2/?occurrenceId=CAS:ANTWEB:jtlc000002437","jtlc000002437","formicidae","myrmicinae","Aphaenogaster","araneoides","Aphaenogaster araneoides","","Lim n","Costa Rica","1995-11-01","",NA,"point","10.08333","-83.33333"
"http://antweb.org/api/v2/?occurrenceId=CAS:ANTWEB:jtlc000002438","jtlc000002438","formicidae","myrmicinae","Aphaenogaster","araneoides","Aphaenogaster araneoides","","Lim n","Costa Rica","1995-11-01","",NA,"point","10.08333","-83.33333"
"http://antweb.org/api/v2/?occurrenceId=CAS:ANTWEB:jtlc000002439","jtlc000002439","formicidae","myrmicinae","Aphaenogaster","araneoides","Aphaenogaster araneoides","","Heredia","Costa Rica","1995-11-01","",50,"point","10.433333","-84.01667"
"http://antweb.org/api/v2/?occurrenceId=CAS:ANTWEB:jtlc000002440","jtlc000002440","formicidae","myrmicinae","Aphaenogaster","araneoides","Aphaenogaster araneoides","","Heredia","Costa Rica","1995-11-01","",50,"point","10.433333","-84.01667"
"http://antweb.org/api/v2/?occurrenceId=CAS:ANTWEB:jtlc000002441","jtlc000002441","formicidae","myrmicinae","Aphaenogaster","araneoides","Aphaenogaster araneoides","","Heredia","Costa Rica","1995-11-01","",50,"point","10.433333","-84.01667"
"http://antweb.org/api/v2/?occurrenceId=CAS:ANTWEB:jtlc000002442","jtlc000002442","formicidae","myrmicinae","Aphaenogaster","araneoides","Aphaenogaster araneoides","","Heredia","Costa Rica","1995-11-01","",50,"point","10.433333","-84.01667"
"http://antweb.org/api/v2/?occurrenceId=CAS:ANTWEB:jtlc000002443","jtlc000002443","formicidae","myrmicinae","Aphaenogaster","araneoides","Aphaenogaster araneoides","","Heredia","Costa Rica","1995-11-01","",50,"point","10.433333","-84.01667"
"http://antweb.org/api/v2/?occurrenceId=CAS:ANTWEB:jtlc000002444","jtlc000002444","formicidae","myrmicinae","Aphaenogaster","araneoides","Aphaenogaster araneoides","","Lim n","Costa Rica","1995-11-01","",NA,"point","10.21667","-83.8"
"http://antweb.org/api/v2/?occurrenceId=CAS:ANTWEB:jtlc000002445","jtlc000002445","formicidae","myrmicinae","Aphaenogaster","araneoides","Aphaenogaster araneoides","","Lim n","Costa Rica","1995-11-01","",NA,"point","10.21667","-83.8"
"http://antweb.org/api/v2/?occurrenceId=CAS:ANTWEB:jtlc000002446","jtlc000002446","formicidae","myrmicinae","Aphaenogaster","araneoides","Aphaenogaster araneoides","","Lim n","Costa Rica","1995-11-01","",NA,"point","10.21667","-83.8"
"http://antweb.org/api/v2/?occurrenceId=CAS:ANTWEB:jtlc000002447","jtlc000002447","formicidae","myrmicinae","Aphaenogaster","araneoides","Aphaenogaster araneoides","","Lim n","Costa Rica","1995-11-01","",NA,"point","10.21667","-83.8"
"http://antweb.org/api/v2/?occurrenceId=CAS:ANTWEB:jtlc000002448","jtlc000002448","formicidae","myrmicinae","Aphaenogaster","araneoides","Aphaenogaster araneoides","","Cartago","Costa Rica","1995-11-01","",NA,"point","9.9","-83.68333"
"http://antweb.org/api/v2/?occurrenceId=CAS:ANTWEB:jtlc000002449","jtlc000002449","formicidae","myrmicinae","Aphaenogaster","araneoides","Aphaenogaster araneoides","","Cort s","Honduras","1995-11-01","steep forest slope",700,"point","14.93333","-88.01667"
"http://antweb.org/api/v2/?occurrenceId=CAS:ANTWEB:jtlc000002450","jtlc000002450","formicidae","myrmicinae","Aphaenogaster","araneoides","Aphaenogaster araneoides","","Cort s","Honduras","1995-11-01","steep forest slope",650,"point","14.93333","-88.01667"
"http://antweb.org/api/v2/?occurrenceId=CAS:ANTWEB:jtlc000002451","jtlc000002451","formicidae","myrmicinae","Aphaenogaster","araneoides","Aphaenogaster araneoides","","Cort s","Honduras","1995-11-01","steep forest slope",650,"point","14.93333","-88.01667"
"http://antweb.org/api/v2/?occurrenceId=CAS:ANTWEB:jtlc000002452","jtlc000002452","formicidae","myrmicinae","Aphaenogaster","araneoides","Aphaenogaster araneoides","","","El Salvador","1995-11-01","shady ravine",NA,"point","13.83333","-89.26667"
"http://antweb.org/api/v2/?occurrenceId=CAS:ANTWEB:jtlc000002453","jtlc000002453","formicidae","myrmicinae","Aphaenogaster","araneoides","Aphaenogaster araneoides","","","El Salvador","1995-11-01","shady ravine",NA,"point","13.83333","-89.26667"
"http://antweb.org/api/v2/?occurrenceId=CAS:ANTWEB:jtlc000002454","jtlc000002454","formicidae","myrmicinae","Aphaenogaster","araneoides","Aphaenogaster araneoides","","Heredia","Costa Rica","1995-11-01","rainforest",50,"point","10.433333","-84.01667"
"http://antweb.org/api/v2/?occurrenceId=CAS:ANTWEB:jtlc000002455","jtlc000002455","formicidae","myrmicinae","Aphaenogaster","araneoides","Aphaenogaster araneoides","","Heredia","Costa Rica","1995-11-01","",50,"point","10.433333","-84.01667"
"http://antweb.org/api/v2/?occurrenceId=CAS:ANTWEB:jtlc000002456","jtlc000002456","formicidae","myrmicinae","Aphaenogaster","araneoides","Aphaenogaster araneoides","","Heredia","Costa Rica","1995-11-01","",50,"point","10.433333","-84.01667"
"http://antweb.org/api/v2/?occurrenceId=CAS:ANTWEB:jtlc000002457","jtlc000002457","formicidae","myrmicinae","Aphaenogaster","araneoides","Aphaenogaster araneoides","","Heredia","Costa Rica","1995-11-01","",50,"point","10.433333","-84.01667"
"http://antweb.org/api/v2/?occurrenceId=CAS:ANTWEB:jtlc000002458","jtlc000002458","formicidae","myrmicinae","Aphaenogaster","araneoides","Aphaenogaster araneoides","","Heredia","Costa Rica","1995-11-01","",NA,"point","10.45","-84.06667"
"http://antweb.org/api/v2/?occurrenceId=CAS:ANTWEB:jtlc000002459","jtlc000002459","formicidae","myrmicinae","Aphaenogaster","araneoides","Aphaenogaster araneoides","","Heredia","Costa Rica","1995-11-01","",NA,"point","10.45","-84.06667"
"http://antweb.org/api/v2/?occurrenceId=CAS:ANTWEB:jtlc000002460","jtlc000002460","formicidae","myrmicinae","Aphaenogaster","araneoides","Aphaenogaster araneoides","","Heredia","Costa Rica","1995-11-01","",NA,"point","10.45","-84.06667"
"http://antweb.org/api/v2/?occurrenceId=CAS:ANTWEB:jtlc000002461","jtlc000002461","formicidae","myrmicinae","Aphaenogaster","araneoides","Aphaenogaster araneoides","","Heredia","Costa Rica","1995-11-01","",NA,"point","10.45","-84.06667"
"http://antweb.org/api/v2/?occurrenceId=CAS:ANTWEB:jtlc000002462","jtlc000002462","formicidae","myrmicinae","Aphaenogaster","araneoides","Aphaenogaster araneoides","","Rio San Juan","Nicaragua","1995-11-01","rainforest twig nest",10,"point","10.7","-83.96667"
"http://antweb.org/api/v2/?occurrenceId=CAS:ANTWEB:jtlc000004449","jtlc000004449","formicidae","myrmicinae","Aphaenogaster","araneoides","Aphaenogaster araneoides","","Heredia","Costa Rica","2003-12-16","recent clearing in rainforest foragers",300,"point","10.35","-84.05"
"http://antweb.org/api/v2/?occurrenceId=CAS:ANTWEB:jtlc000005085","jtlc000005085","formicidae","myrmicinae","Aphaenogaster","araneoides","Aphaenogaster araneoides","","Puntarenas","Costa Rica","2003-12-12","cloud forest ex sifted litter from forest floor",750,"point","10.266666","-84.833336"
"http://antweb.org/api/v2/?occurrenceId=CAS:ANTWEB:jtlc000005348","jtlc000005348","formicidae","myrmicinae","Aphaenogaster","araneoides","Aphaenogaster araneoides","","Alajuela","Costa Rica","2004-04-02","wet forest ex sifted leaf litter",830,"point","10.30877","-84.7165"
"http://antweb.org/api/v2/?occurrenceId=CAS:ANTWEB:jtlc000005487","jtlc000005487","formicidae","myrmicinae","Aphaenogaster","araneoides","Aphaenogaster araneoides","","Alajuela","Costa Rica","2004-04-02","wet forest at baits",800,"point","10.31667","-84.71667"
"http://antweb.org/api/v2/?occurrenceId=CAS:ANTWEB:jtlc000005521","jtlc000005521","formicidae","myrmicinae","Aphaenogaster","araneoides","Aphaenogaster araneoides","","Alajuela","Costa Rica","2004-04-02","wet forest nest in clay bank",800,"point","10.31667","-84.71667"
"http://antweb.org/api/v2/?occurrenceId=CAS:ANTWEB:jtlc000005522","jtlc000005522","formicidae","myrmicinae","Aphaenogaster","araneoides","Aphaenogaster araneoides","","Alajuela","Costa Rica","2004-04-02","wet forest nest in clay bank",800,"point","10.31667","-84.71667"
"http://antweb.org/api/v2/?occurrenceId=CAS:ANTWEB:jtlc000005523","jtlc000005523","formicidae","myrmicinae","Aphaenogaster","araneoides","Aphaenogaster araneoides","","Alajuela","Costa Rica","2004-04-02","wet forest nest in clay bank",800,"point","10.31667","-84.71667"
"http://antweb.org/api/v2/?occurrenceId=CAS:ANTWEB:jtlc000009424","jtlc000009424","formicidae","myrmicinae","Aphaenogaster","araneoides","Aphaenogaster araneoides","","Heredia","Costa Rica","2007-03-08","montane wet forest",500,"point","10.33333","-84.06667"
"http://antweb.org/api/v2/?occurrenceId=CAS:ANTWEB:lacm ent 141071","lacm ent 141071","formicidae","myrmicinae","Aphaenogaster","araneoides","Aphaenogaster araneoides","","Heredia","Costa Rica","1998-05-22","",500,"point","10.33333","-84.06667"
"http://antweb.org/api/v2/?occurrenceId=CAS:ANTWEB:lacm ent 141072","lacm ent 141072","formicidae","myrmicinae","Aphaenogaster","araneoides","Aphaenogaster araneoides","","Heredia","Costa Rica","1998-05-22","",300,"point","10.35","-84.05"
"http://antweb.org/api/v2/?occurrenceId=CAS:ANTWEB:lacm ent 141073","lacm ent 141073","formicidae","myrmicinae","Aphaenogaster","araneoides","Aphaenogaster araneoides","","San Jos","Costa Rica","1998-05-22","",500,"point","10.15","-83.91667"
"http://antweb.org/api/v2/?occurrenceId=CAS:ANTWEB:lacm ent 141074","lacm ent 141074","formicidae","myrmicinae","Aphaenogaster","araneoides","Aphaenogaster araneoides","","San Jos","Costa Rica","1998-05-22","",500,"point","10.15","-83.91667"
"http://antweb.org/api/v2/?occurrenceId=CAS:ANTWEB:lacm ent 141075","lacm ent 141075","formicidae","myrmicinae","Aphaenogaster","araneoides","Aphaenogaster araneoides","","Heredia","Costa Rica","1998-05-22","",700,"point","10.3","-84.05"
"http://antweb.org/api/v2/?occurrenceId=CAS:ANTWEB:lacm ent 141076","lacm ent 141076","formicidae","myrmicinae","Aphaenogaster","araneoides","Aphaenogaster araneoides","","Heredia","Costa Rica","1998-05-22","",700,"point","10.3","-84.05"
"http://antweb.org/api/v2/?occurrenceId=CAS:ANTWEB:lacm ent 141077","lacm ent 141077","formicidae","myrmicinae","Aphaenogaster","araneoides","Aphaenogaster araneoides","","Heredia","Costa Rica","1998-05-22","lowland rainforest",50,"point","10.433333","-84.01667"
"http://antweb.org/api/v2/?occurrenceId=CAS:ANTWEB:lacm ent 141087","lacm ent 141087","formicidae","myrmicinae","Aphaenogaster","araneoides","Aphaenogaster araneoides","","Alajuela","Costa Rica","1998-05-22","",800,"point","10.31667","-84.71667"
"http://antweb.org/api/v2/?occurrenceId=CAS:ANTWEB:lacm ent 141088","lacm ent 141088","formicidae","myrmicinae","Aphaenogaster","araneoides","Aphaenogaster araneoides","","Alajuela","Costa Rica","1998-05-22","",800,"point","10.31667","-84.71667"
"http://antweb.org/api/v2/?occurrenceId=CAS:ANTWEB:lacm ent 141089","lacm ent 141089","formicidae","myrmicinae","Aphaenogaster","araneoides","Aphaenogaster araneoides","","Alajuela","Costa Rica","1998-05-22","",800,"point","10.31667","-84.71667"
"http://antweb.org/api/v2/?occurrenceId=CAS:ANTWEB:lacm ent 141090","lacm ent 141090","formicidae","myrmicinae","Aphaenogaster","araneoides","Aphaenogaster araneoides","","Alajuela","Costa Rica","1998-05-22","montane wet forest",800,"point","10.31667","-84.71667"
"http://antweb.org/api/v2/?occurrenceId=CAS:ANTWEB:lacm ent 141091","lacm ent 141091","formicidae","myrmicinae","Aphaenogaster","araneoides","Aphaenogaster araneoides","","Puntarenas","Costa Rica","1998-05-22","",1400,"point","10.3","-84.8"
"http://antweb.org/api/v2/?occurrenceId=CAS:ANTWEB:lacm ent 141092","lacm ent 141092","formicidae","myrmicinae","Aphaenogaster","araneoides","Aphaenogaster araneoides","","Puntarenas","Costa Rica","1998-05-22","",1100,"point","10.283334","-84.816666"
"http://antweb.org/api/v2/?occurrenceId=CAS:ANTWEB:lacm ent 141093","lacm ent 141093","formicidae","myrmicinae","Aphaenogaster","araneoides","Aphaenogaster araneoides","","Puntarenas","Costa Rica","1998-05-22","",700,"point","10.25","-84.833336"
"http://antweb.org/api/v2/?occurrenceId=CAS:ANTWEB:lacm ent 141094","lacm ent 141094","formicidae","myrmicinae","Aphaenogaster","araneoides","Aphaenogaster araneoides","","Puntarenas","Costa Rica","1998-05-22","",1100,"point","10.316667","-84.85"
"http://antweb.org/api/v2/?occurrenceId=CAS:ANTWEB:lacm ent 141095","lacm ent 141095","formicidae","myrmicinae","Aphaenogaster","araneoides","Aphaenogaster araneoides","","Puntarenas","Costa Rica","1998-05-22","",850,"point","10.283334","-84.8"
"http://antweb.org/api/v2/?occurrenceId=CAS:ANTWEB:lacm ent 143575","lacm ent 143575","formicidae","myrmicinae","Aphaenogaster","araneoides","Aphaenogaster araneoides","","Puntarenas","Costa Rica","2000-05-02","moist forest and second growth veg. strays",800,"point","10.25","-84.81667"
"http://antweb.org/api/v2/?occurrenceId=CAS:ANTWEB:lacm ent 143576","lacm ent 143576","formicidae","myrmicinae","Aphaenogaster","araneoides","Aphaenogaster araneoides","","Puntarenas","Costa Rica","2000-05-02","moist forest and second growth veg. strays",800,"point","10.25","-84.81667"
"http://antweb.org/api/v2/?occurrenceId=CAS:ANTWEB:lacm ent 143577","lacm ent 143577","formicidae","myrmicinae","Aphaenogaster","araneoides","Aphaenogaster araneoides","","Puntarenas","Costa Rica","2000-05-02","moist forest and second growth veg. strays",800,"point","10.25","-84.81667"
