"url","catalogNumber","family","subfamily","genus","specificEpithet","scientific_name","typeStatus","stateProvince","country","dateIdentified","habitat","minimumElevationInMeters"
"http://antweb.org/api/v2/?occurrenceId=CAS:ANTWEB:fmnhins0000049607","fmnhins0000049607","formicidae","myrmicinae","Aphaenogaster","aquia","Aphaenogaster aquia","","","","","",NA
"http://antweb.org/api/v2/?occurrenceId=CAS:ANTWEB:fmnhins0000049608","fmnhins0000049608","formicidae","myrmicinae","Aphaenogaster","aquia","Aphaenogaster aquia","","","","","",NA
"http://antweb.org/api/v2/?occurrenceId=CAS:ANTWEB:fmnhins0000049609","fmnhins0000049609","formicidae","myrmicinae","Aphaenogaster","aquia","Aphaenogaster aquia","","","","","",NA
"http://antweb.org/api/v2/?occurrenceId=CAS:ANTWEB:fmnhins0000049610","fmnhins0000049610","formicidae","myrmicinae","Aphaenogaster","aquia","Aphaenogaster aquia","","","","","",NA
"http://antweb.org/api/v2/?occurrenceId=CAS:ANTWEB:fmnhins0000049611","fmnhins0000049611","formicidae","myrmicinae","Aphaenogaster","aquia","Aphaenogaster aquia","","","","","",NA
"http://antweb.org/api/v2/?occurrenceId=CAS:ANTWEB:fmnhins0000049612","fmnhins0000049612","formicidae","myrmicinae","Aphaenogaster","aquia","Aphaenogaster aquia","","","","","",NA
"http://antweb.org/api/v2/?occurrenceId=CAS:ANTWEB:fmnhins0000049613","fmnhins0000049613","formicidae","myrmicinae","Aphaenogaster","aquia","Aphaenogaster aquia","","","","","",NA
"http://antweb.org/api/v2/?occurrenceId=CAS:ANTWEB:fmnhins0000049614","fmnhins0000049614","formicidae","myrmicinae","Aphaenogaster","aquia","Aphaenogaster aquia","","","","","",NA
"http://antweb.org/api/v2/?occurrenceId=CAS:ANTWEB:fmnhins0000049615","fmnhins0000049615","formicidae","myrmicinae","Aphaenogaster","aquia","Aphaenogaster aquia","","","","","",NA
"http://antweb.org/api/v2/?occurrenceId=CAS:ANTWEB:fmnhins0000049616","fmnhins0000049616","formicidae","myrmicinae","Aphaenogaster","aquia","Aphaenogaster aquia","","","","","",NA
"http://antweb.org/api/v2/?occurrenceId=CAS:ANTWEB:fmnhins0000120550","fmnhins0000120550","formicidae","myrmicinae","Aphaenogaster","aquia","Aphaenogaster aquia","","","","","",NA
"http://antweb.org/api/v2/?occurrenceId=CAS:ANTWEB:fmnhins0000120551","fmnhins0000120551","formicidae","myrmicinae","Aphaenogaster","aquia","Aphaenogaster aquia","","","","","",NA
"http://antweb.org/api/v2/?occurrenceId=CAS:ANTWEB:fmnhins0000120552","fmnhins0000120552","formicidae","myrmicinae","Aphaenogaster","aquia","Aphaenogaster aquia","","","","","",NA
"http://antweb.org/api/v2/?occurrenceId=CAS:ANTWEB:fmnhins0000120553","fmnhins0000120553","formicidae","myrmicinae","Aphaenogaster","aquia","Aphaenogaster aquia","","","","","",NA
"http://antweb.org/api/v2/?occurrenceId=CAS:ANTWEB:fmnhins0000120559","fmnhins0000120559","formicidae","myrmicinae","Aphaenogaster","aquia","Aphaenogaster aquia","","","","","",NA
"http://antweb.org/api/v2/?occurrenceId=CAS:ANTWEB:fmnhins0000120563","fmnhins0000120563","formicidae","myrmicinae","Aphaenogaster","aquia","Aphaenogaster aquia","","","","","",NA
"http://antweb.org/api/v2/?occurrenceId=CAS:ANTWEB:fmnhins0000120566","fmnhins0000120566","formicidae","myrmicinae","Aphaenogaster","aquia","Aphaenogaster aquia","","","","","",NA
