"url","catalogNumber","family","subfamily","genus","specificEpithet","scientific_name","typeStatus","stateProvince","country","dateIdentified","habitat","minimumElevationInMeters","geojson.type","decimal_latitude","decimal_longitude"
"http://antweb.org/api/v2/?occurrenceId=CAS:ANTWEB:casent0103599","casent0103599","formicidae","myrmicinae","Aphaenogaster","mariae","Aphaenogaster mariae","","Florida","United States","2004-03-09","sandhill/bluffs",NA,"point","30.43333","-84.98333"
"http://antweb.org/api/v2/?occurrenceId=CAS:ANTWEB:casent0105571","casent0105571","formicidae","myrmicinae","Aphaenogaster","mariae","Aphaenogaster mariae","","Florida","United States","2007-04-13","",NA,NA,NA,NA
"http://antweb.org/api/v2/?occurrenceId=CAS:ANTWEB:casent0173650","casent0173650","formicidae","myrmicinae","Aphaenogaster","mariae","Aphaenogaster mariae","","Missouri","United States","2007-12-31","",360,"point","36.9082","-92.96712"
"http://antweb.org/api/v2/?occurrenceId=CAS:ANTWEB:casent0907688","casent0907688","formicidae","myrmicinae","Aphaenogaster","mariae","Aphaenogaster mariae","Lectotype of Aphaenogaster mariae","Florida","United States","","",NA,NA,NA,NA
