"url","catalogNumber","family","subfamily","genus","specificEpithet","scientific_name","typeStatus","stateProvince","country","dateIdentified","habitat","minimumElevationInMeters","geojson.type","decimal_latitude","decimal_longitude"
"http://antweb.org/api/v2/?occurrenceId=CAS:ANTWEB:casent0906111","casent0906111","formicidae","myrmicinae","Aphaenogaster","graeca","Aphaenogaster graeca","","","Greece","2012-12-31","",803,"point","39.99043","22.43902"
"http://antweb.org/api/v2/?occurrenceId=CAS:ANTWEB:casent0911129","casent0911129","formicidae","myrmicinae","Aphaenogaster","graeca","Aphaenogaster graeca","Holotype of Aphaenogaster graeca","","Greece","","Kiefernwald",1000,NA,NA,NA
"http://antweb.org/api/v2/?occurrenceId=CAS:ANTWEB:lbc-gr00642","lbc-gr00642","formicidae","myrmicinae","Aphaenogaster","graeca","Aphaenogaster graeca","","Macedonia","Greece","","mountain deciduous forest under stone",649,"point","40.2","22.21666"
"http://antweb.org/api/v2/?occurrenceId=CAS:ANTWEB:lbc-gr00655","lbc-gr00655","formicidae","myrmicinae","Aphaenogaster","graeca","Aphaenogaster graeca","","Macedonia","Greece","","mountain deciduous forest under stone",803,"point","39.98333","22.43333"
"http://antweb.org/api/v2/?occurrenceId=CAS:ANTWEB:lbc-gr00688","lbc-gr00688","formicidae","myrmicinae","Aphaenogaster","graeca","Aphaenogaster graeca","","Macedonia","Greece","","mountain deciduous forest under stone",748,"point","40.3","22.25"
