"url","catalogNumber","family","subfamily","genus","specificEpithet","scientific_name","typeStatus","stateProvince","country","dateIdentified","habitat","minimumElevationInMeters","geojson.type","decimal_latitude","decimal_longitude"
"http://antweb.org/api/v2/?occurrenceId=CAS:ANTWEB:antweb1008051","antweb1008051","formicidae","myrmicinae","Aphaenogaster","gibbosa","Aphaenogaster gibbosa","","Gilan","Iran","","",NA,NA,NA,NA
"http://antweb.org/api/v2/?occurrenceId=CAS:ANTWEB:casent0246581","casent0246581","formicidae","myrmicinae","Aphaenogaster","gibbosa","Aphaenogaster gibbosa","","","Iraq","2012-04-06","Port of entry on Phoenix var. ashrasi",NA,NA,NA,NA
"http://antweb.org/api/v2/?occurrenceId=CAS:ANTWEB:casent0904172","casent0904172","formicidae","myrmicinae","Aphaenogaster","gibbosa","Aphaenogaster gibbosa","syntype of Aphaenogaster gibbosa homonyma","","Tunisia","","",NA,NA,NA,NA
"http://antweb.org/api/v2/?occurrenceId=CAS:ANTWEB:casent0904175","casent0904175","formicidae","myrmicinae","Aphaenogaster","gibbosa","Aphaenogaster gibbosa","Lectotype of Aphaenogaster gibbosa fiorii","","","","",NA,NA,NA,NA
"http://antweb.org/api/v2/?occurrenceId=CAS:ANTWEB:casent0907684","casent0907684","formicidae","myrmicinae","Aphaenogaster","gibbosa","Aphaenogaster gibbosa","syntype of Aphaenogaster striola laevior","","Spain","","",NA,NA,NA,NA
"http://antweb.org/api/v2/?occurrenceId=CAS:ANTWEB:casent0914409","casent0914409","formicidae","myrmicinae","Aphaenogaster","gibbosa","Aphaenogaster gibbosa","","M laga","Spain","","",861,"point","36.57569","-4.88228"
"http://antweb.org/api/v2/?occurrenceId=CAS:ANTWEB:cfh000011","cfh000011","formicidae","myrmicinae","Aphaenogaster","gibbosa","Aphaenogaster gibbosa","","Mazandaran","Iran","2010-12-31","Forest",270,"point","36.2976","52.619"
"http://antweb.org/api/v2/?occurrenceId=CAS:ANTWEB:kg03111g","kg03111g","formicidae","myrmicinae","Aphaenogaster","gibbosa","Aphaenogaster gibbosa","","Salamanca","Spain","2015-09-01","Q. pyrenaica, C. sativa Foraging",975,"point","40.37955","-5.748967"
