"url","catalogNumber","family","subfamily","genus","specificEpithet","scientific_name","typeStatus","stateProvince","country","dateIdentified","habitat","minimumElevationInMeters","geojson.type","decimal_latitude","decimal_longitude"
"http://antweb.org/api/v2/?occurrenceId=CAS:ANTWEB:casent0280966","casent0280966","formicidae","myrmicinae","Aphaenogaster","iberica","Aphaenogaster iberica","","Faro","Portugal","","",NA,"point","37.0833","-8.7333"
"http://antweb.org/api/v2/?occurrenceId=CAS:ANTWEB:casent0281533","casent0281533","formicidae","myrmicinae","Aphaenogaster","iberica","Aphaenogaster iberica","","","Spain","2012-12-31","",37,"point","39.33333","3.05"
"http://antweb.org/api/v2/?occurrenceId=CAS:ANTWEB:casent0904164","casent0904164","formicidae","myrmicinae","Aphaenogaster","iberica","Aphaenogaster iberica","syntype of Aphaenogaster testaceopilosa iberica","","Spain","","",NA,NA,NA,NA
"http://antweb.org/api/v2/?occurrenceId=CAS:ANTWEB:casent0904165","casent0904165","formicidae","myrmicinae","Aphaenogaster","iberica","Aphaenogaster iberica","syntype of Aphaenogaster testaceopilosa iberica vieirai","","Portugal","","",NA,NA,NA,NA
"http://antweb.org/api/v2/?occurrenceId=CAS:ANTWEB:casent0913116","casent0913116","formicidae","myrmicinae","Aphaenogaster","iberica","Aphaenogaster iberica","syntype of Aphaenogaster angusta","Almer a","Spain","","",NA,NA,NA,NA
"http://antweb.org/api/v2/?occurrenceId=CAS:ANTWEB:kg03068a","kg03068a","formicidae","myrmicinae","Aphaenogaster","iberica","Aphaenogaster iberica","","Salamanca","Spain","2015-09-01","Ruderal Foraging",910,"point","40.391365","-5.779438"
"http://antweb.org/api/v2/?occurrenceId=CAS:ANTWEB:kg03073","kg03073","formicidae","myrmicinae","Aphaenogaster","iberica","Aphaenogaster iberica","","Salamanca","Spain","2015-09-01","Ruderal Foraging",890,"point","40.387417","-5.779111"
"http://antweb.org/api/v2/?occurrenceId=CAS:ANTWEB:kg03082c","kg03082c","formicidae","myrmicinae","Aphaenogaster","iberica","Aphaenogaster iberica","","Salamanca","Spain","2015-09-01","Ruderal Foraging",890,"point","40.38828","-5.781417"
"http://antweb.org/api/v2/?occurrenceId=CAS:ANTWEB:kg03091b","kg03091b","formicidae","myrmicinae","Aphaenogaster","iberica","Aphaenogaster iberica","","Salamanca","Spain","2015-09-01","Ruderal Foraging",1095,"point","40.3747","-5.763283"
"http://antweb.org/api/v2/?occurrenceId=CAS:ANTWEB:kg03111a","kg03111a","formicidae","myrmicinae","Aphaenogaster","iberica","Aphaenogaster iberica","","Salamanca","Spain","2015-09-01","Q. pyrenaica, C. sativa Foraging",975,"point","40.37955","-5.748967"
"http://antweb.org/api/v2/?occurrenceId=CAS:ANTWEB:kg03113f","kg03113f","formicidae","myrmicinae","Aphaenogaster","iberica","Aphaenogaster iberica","","Salamanca","Spain","2015-09-01","Ruderal Foraging",920,"point","40.509083","-5.6857"
