"url","catalogNumber","family","subfamily","genus","specificEpithet","scientific_name","typeStatus","stateProvince","country","dateIdentified","habitat","minimumElevationInMeters","geojson.type","decimal_latitude","decimal_longitude"
"http://antweb.org/api/v2/?occurrenceId=CAS:ANTWEB:anic32-000825","anic32-000825","formicidae","myrmicinae","Aphaenogaster","barbara","Aphaenogaster barbara","","Queensland","Australia","","Sandy plain, box-pine",NA,"point","-24.45","146.25"
"http://antweb.org/api/v2/?occurrenceId=CAS:ANTWEB:anic32-000830","anic32-000830","formicidae","myrmicinae","Aphaenogaster","barbara","Aphaenogaster barbara","","Queensland","Australia","","Dry sclerophyll, sandy nr. creek Deep funnel craters",NA,"point","-21.6","149.183"
"http://antweb.org/api/v2/?occurrenceId=CAS:ANTWEB:anic32-000873","anic32-000873","formicidae","myrmicinae","Aphaenogaster","barbara","Aphaenogaster barbara","","Queensland","Australia","","Dry sclerophyll, rich volcanic soil Huge open funnels in soil",NA,"point","-17","145.433"
"http://antweb.org/api/v2/?occurrenceId=CAS:ANTWEB:anic32-000875","anic32-000875","formicidae","myrmicinae","Aphaenogaster","barbara","Aphaenogaster barbara","","Queensland","Australia","","",NA,"point","-18.75","145.417"
"http://antweb.org/api/v2/?occurrenceId=CAS:ANTWEB:anic32-000878","anic32-000878","formicidae","myrmicinae","Aphaenogaster","barbara","Aphaenogaster barbara","","Queensland","Australia","","Savannah woodland Large funnel craters",NA,"point","-24.6833","151.117"
"http://antweb.org/api/v2/?occurrenceId=CAS:ANTWEB:anic32-000881","anic32-000881","formicidae","myrmicinae","Aphaenogaster","barbara","Aphaenogaster barbara","","Queensland","Australia","","Savannah woodland Huge open craters",NA,"point","-17","145.533"
"http://antweb.org/api/v2/?occurrenceId=CAS:ANTWEB:anic32-000885","anic32-000885","formicidae","myrmicinae","Aphaenogaster","barbara","Aphaenogaster barbara","","Queensland","Australia","","Savannah woodland",NA,"point","-25.5833","151.3"
"http://antweb.org/api/v2/?occurrenceId=CAS:ANTWEB:anic32-001251","anic32-001251","formicidae","myrmicinae","Aphaenogaster","barbara","Aphaenogaster barbara","","Queensland","Australia","","Dry sclerophyll",NA,"point","-24.65","149.05"
"http://antweb.org/api/v2/?occurrenceId=CAS:ANTWEB:anic32-001252","anic32-001252","formicidae","myrmicinae","Aphaenogaster","barbara","Aphaenogaster barbara","","Queensland","Australia","","Hilly savannah woodland Abundant typical funnels",NA,"point","-20.4667","147.85"
"http://antweb.org/api/v2/?occurrenceId=CAS:ANTWEB:anic32-001253","anic32-001253","formicidae","myrmicinae","Aphaenogaster","barbara","Aphaenogaster barbara","","Queensland","Australia","","Savannah woodland, sandy soil Rimmed cones going deep into soil",NA,"point","-20.5333","145.45"
"http://antweb.org/api/v2/?occurrenceId=CAS:ANTWEB:anic32-001254","anic32-001254","formicidae","myrmicinae","Aphaenogaster","barbara","Aphaenogaster barbara","","Queensland","Australia","","",NA,"point","-21.4","148.983"
"http://antweb.org/api/v2/?occurrenceId=CAS:ANTWEB:anic32-001255","anic32-001255","formicidae","myrmicinae","Aphaenogaster","barbara","Aphaenogaster barbara","","Queensland","Australia","","Dry sclerophyll, reddish sandy soil Deep funnel",NA,"point","-17.6833","144.883"
"http://antweb.org/api/v2/?occurrenceId=CAS:ANTWEB:anic32-001256","anic32-001256","formicidae","myrmicinae","Aphaenogaster","barbara","Aphaenogaster barbara","","Queensland","Australia","","Hilly savannah woodland Under log, smooth deep funnels abundant",NA,"point","-20.4667","147.85"
"http://antweb.org/api/v2/?occurrenceId=CAS:ANTWEB:anic32-001257","anic32-001257","formicidae","myrmicinae","Aphaenogaster","barbara","Aphaenogaster barbara","","Queensland","Australia","","",NA,"point","-16.8167","145.517"
"http://antweb.org/api/v2/?occurrenceId=CAS:ANTWEB:anic32-001258","anic32-001258","formicidae","myrmicinae","Aphaenogaster","barbara","Aphaenogaster barbara","","Queensland","Australia","","dry sclerophyll woodland",900,"point","-17.6833","145.117"
"http://antweb.org/api/v2/?occurrenceId=CAS:ANTWEB:anic32-001259","anic32-001259","formicidae","myrmicinae","Aphaenogaster","barbara","Aphaenogaster barbara","","Queensland","Australia","","dry sclerophyll",NA,"point","-17.6833","144.883"
"http://antweb.org/api/v2/?occurrenceId=CAS:ANTWEB:anic32-001260","anic32-001260","formicidae","myrmicinae","Aphaenogaster","barbara","Aphaenogaster barbara","paratype","Queensland","Australia","","",NA,"point","-15.05","145.15"
"http://antweb.org/api/v2/?occurrenceId=CAS:ANTWEB:anic32-001261","anic32-001261","formicidae","myrmicinae","Aphaenogaster","barbara","Aphaenogaster barbara","","Queensland","Australia","","",NA,"point","-22.5833","147.9"
"http://antweb.org/api/v2/?occurrenceId=CAS:ANTWEB:anic32-001262","anic32-001262","formicidae","myrmicinae","Aphaenogaster","barbara","Aphaenogaster barbara","","Queensland","Australia","","",NA,"point","-25.1333","149.567"
"http://antweb.org/api/v2/?occurrenceId=CAS:ANTWEB:anic32-001263","anic32-001263","formicidae","myrmicinae","Aphaenogaster","barbara","Aphaenogaster barbara","","Queensland","Australia","","",NA,"point","-19.6","146.917"
"http://antweb.org/api/v2/?occurrenceId=CAS:ANTWEB:anic32-001264","anic32-001264","formicidae","myrmicinae","Aphaenogaster","barbara","Aphaenogaster barbara","","Queensland","Australia","","dry sclerophyll",NA,"point","-17","145.433"
"http://antweb.org/api/v2/?occurrenceId=CAS:ANTWEB:anic32-001265","anic32-001265","formicidae","myrmicinae","Aphaenogaster","barbara","Aphaenogaster barbara","","Queensland","Australia","","",NA,"point","-15.2667","144.983"
"http://antweb.org/api/v2/?occurrenceId=CAS:ANTWEB:anic32-001266","anic32-001266","formicidae","myrmicinae","Aphaenogaster","barbara","Aphaenogaster barbara","","Queensland","Australia","","dry sclerophyll",NA,"point","-22.5833","147.9"
"http://antweb.org/api/v2/?occurrenceId=CAS:ANTWEB:anic32-002760","anic32-002760","formicidae","myrmicinae","Aphaenogaster","barbara","Aphaenogaster barbara","","Queensland","Australia","","",NA,"point","-19.6","146.917"
"http://antweb.org/api/v2/?occurrenceId=CAS:ANTWEB:anic32-031017","anic32-031017","formicidae","myrmicinae","Aphaenogaster","barbara","Aphaenogaster barbara","holotype","Queensland","Australia","","",NA,"point","-15.05","145.15"
"http://antweb.org/api/v2/?occurrenceId=CAS:ANTWEB:anic32-055182","anic32-055182","formicidae","myrmicinae","Aphaenogaster","barbara","Aphaenogaster barbara","","Queensland","Australia","","Ridgelands granodiorite, undulating rise loamy surface, brown texture contrast",NA,"point","-23.1711","150.169"
"http://antweb.org/api/v2/?occurrenceId=CAS:ANTWEB:anic32-055183","anic32-055183","formicidae","myrmicinae","Aphaenogaster","barbara","Aphaenogaster barbara","","Queensland","Australia","","Ridgelands granodiorite, undulating rise loamy surface, brown texture contrast",NA,"point","-23.1711","150.169"
"http://antweb.org/api/v2/?occurrenceId=CAS:ANTWEB:anic32-055184","anic32-055184","formicidae","myrmicinae","Aphaenogaster","barbara","Aphaenogaster barbara","","Queensland","Australia","","Ridgelands granodiorite, undulating rise loamy surface, brown texture contrast",NA,"point","-23.1711","150.169"
