"url","catalogNumber","family","subfamily","genus","specificEpithet","scientific_name","typeStatus","stateProvince","country","dateIdentified","habitat","minimumElevationInMeters","geojson.type","decimal_latitude","decimal_longitude"
"http://antweb.org/api/v2/?occurrenceId=CAS:ANTWEB:anic32-001113","anic32-001113","formicidae","myrmicinae","Aphaenogaster","kimberleyensis","Aphaenogaster kimberleyensis","","Northern Territory","Australia","","Allosyncarpia forest nest in sandy soil",NA,"point","-13.3","132.65"
"http://antweb.org/api/v2/?occurrenceId=CAS:ANTWEB:anic32-001119","anic32-001119","formicidae","myrmicinae","Aphaenogaster","kimberleyensis","Aphaenogaster kimberleyensis","","Western Australia","Australia","","",60,"point","-15.8","124.733"
"http://antweb.org/api/v2/?occurrenceId=CAS:ANTWEB:anic32-017982","anic32-017982","formicidae","myrmicinae","Aphaenogaster","kimberleyensis","Aphaenogaster kimberleyensis","holotype","Western Australia","Australia","","Eucalyptus woodland",NA,"point","-14.63","125.76"
"http://antweb.org/api/v2/?occurrenceId=CAS:ANTWEB:anic32-017983","anic32-017983","formicidae","myrmicinae","Aphaenogaster","kimberleyensis","Aphaenogaster kimberleyensis","paratype","Western Australia","Australia","","Eucalyptus woodland",NA,"point","-14.63","125.76"
"http://antweb.org/api/v2/?occurrenceId=CAS:ANTWEB:jdmc32-023657","jdmc32-023657","formicidae","myrmicinae","Aphaenogaster","kimberleyensis","Aphaenogaster kimberleyensis","","Western Australia","Australia","","",NA,"point","-15.2833","125.067"
"http://antweb.org/api/v2/?occurrenceId=CAS:ANTWEB:terct-114503","terct-114503","formicidae","myrmicinae","Aphaenogaster","kimberleyensis","Aphaenogaster kimberleyensis","","Western Australia","Australia","","rainforest",230,"point","-15.2667","125.067"
