"url","catalogNumber","family","subfamily","genus","specificEpithet","scientific_name","typeStatus","stateProvince","country","dateIdentified","habitat","minimumElevationInMeters","geojson.type","decimal_latitude","decimal_longitude"
"http://antweb.org/api/v2/?occurrenceId=CAS:ANTWEB:casent0280950","casent0280950","formicidae","myrmicinae","Aphaenogaster","feae","Aphaenogaster feae","","Kedah","Malaysia","","",NA,NA,NA,NA
"http://antweb.org/api/v2/?occurrenceId=CAS:ANTWEB:casent0616367","casent0616367","formicidae","myrmicinae","Aphaenogaster","feae","Aphaenogaster feae","","Sabah","Malaysia","2014-09-28","tropical rainforest ex sifted leaf litter",190,"point","4.96328","117.80495"
"http://antweb.org/api/v2/?occurrenceId=CAS:ANTWEB:casent0616496","casent0616496","formicidae","myrmicinae","Aphaenogaster","feae","Aphaenogaster feae","","Sabah","Malaysia","2014-09-28","tropical rainforest at bait",190,"point","4.96092","117.80125"
"http://antweb.org/api/v2/?occurrenceId=CAS:ANTWEB:casent0634702","casent0634702","formicidae","myrmicinae","Aphaenogaster","feae","Aphaenogaster feae","","Sabah","Malaysia","2014-10-01","swamp forest nest in moss mat",1060,"point","4.7136","116.88057"
"http://antweb.org/api/v2/?occurrenceId=CAS:ANTWEB:casent0634703","casent0634703","formicidae","myrmicinae","Aphaenogaster","feae","Aphaenogaster feae","","Sabah","Malaysia","2014-10-01","swamp forest nest in moss mat",1060,"point","4.7136","116.88057"
"http://antweb.org/api/v2/?occurrenceId=CAS:ANTWEB:casent0634926","casent0634926","formicidae","myrmicinae","Aphaenogaster","feae","Aphaenogaster feae","","Sabah","Malaysia","2014-10-01","2nd growth wet forest",300,"point","4.62932","116.4706"
"http://antweb.org/api/v2/?occurrenceId=CAS:ANTWEB:casent0715909","casent0715909","formicidae","myrmicinae","Aphaenogaster","feae","Aphaenogaster feae","","Yunnan","China","","Rubber plantation",640,"point","21.933945","101.268974"
"http://antweb.org/api/v2/?occurrenceId=CAS:ANTWEB:casent0715910","casent0715910","formicidae","myrmicinae","Aphaenogaster","feae","Aphaenogaster feae","","Yunnan","China","","Rubber plantation",640,"point","21.933945","101.268974"
"http://antweb.org/api/v2/?occurrenceId=CAS:ANTWEB:casent0715911","casent0715911","formicidae","myrmicinae","Aphaenogaster","feae","Aphaenogaster feae","","Yunnan","China","","limestone rain forest",650,"point","21.911222","101.2812"
"http://antweb.org/api/v2/?occurrenceId=CAS:ANTWEB:casent0715912","casent0715912","formicidae","myrmicinae","Aphaenogaster","feae","Aphaenogaster feae","","Yunnan","China","","Young rain forest",675,"point","21.858223","101.275665"
"http://antweb.org/api/v2/?occurrenceId=CAS:ANTWEB:casent0715913","casent0715913","formicidae","myrmicinae","Aphaenogaster","feae","Aphaenogaster feae","","Yunnan","China","","limestone rain forest",650,"point","21.911222","101.2812"
"http://antweb.org/api/v2/?occurrenceId=CAS:ANTWEB:casent0715914","casent0715914","formicidae","myrmicinae","Aphaenogaster","feae","Aphaenogaster feae","","Yunnan","China","","Young rain forest",675,"point","21.858223","101.275665"
"http://antweb.org/api/v2/?occurrenceId=CAS:ANTWEB:casent0715915","casent0715915","formicidae","myrmicinae","Aphaenogaster","feae","Aphaenogaster feae","","Yunnan","China","","Young rain forest",675,"point","21.858223","101.275665"
"http://antweb.org/api/v2/?occurrenceId=CAS:ANTWEB:casent0715916","casent0715916","formicidae","myrmicinae","Aphaenogaster","feae","Aphaenogaster feae","","Yunnan","China","","rain forest",820,"point","21.964056","101.20208"
"http://antweb.org/api/v2/?occurrenceId=CAS:ANTWEB:casent0715917","casent0715917","formicidae","myrmicinae","Aphaenogaster","feae","Aphaenogaster feae","","Yunnan","China","","Rubber plantation",640,"point","21.933945","101.268974"
"http://antweb.org/api/v2/?occurrenceId=CAS:ANTWEB:casent0715918","casent0715918","formicidae","myrmicinae","Aphaenogaster","feae","Aphaenogaster feae","","Yunnan","China","","Rubber plantation",640,"point","21.933945","101.268974"
"http://antweb.org/api/v2/?occurrenceId=CAS:ANTWEB:casent0715919","casent0715919","formicidae","myrmicinae","Aphaenogaster","feae","Aphaenogaster feae","","Yunnan","China","","Rubber plantation",640,"point","21.933945","101.268974"
"http://antweb.org/api/v2/?occurrenceId=CAS:ANTWEB:casent0715920","casent0715920","formicidae","myrmicinae","Aphaenogaster","feae","Aphaenogaster feae","","Yunnan","China","","Young rain forest",680,"point","21.859556","101.277664"
"http://antweb.org/api/v2/?occurrenceId=CAS:ANTWEB:casent0715921","casent0715921","formicidae","myrmicinae","Aphaenogaster","feae","Aphaenogaster feae","","Yunnan","China","","rain forest",805,"point","21.96211","101.20025"
"http://antweb.org/api/v2/?occurrenceId=CAS:ANTWEB:casent0715922","casent0715922","formicidae","myrmicinae","Aphaenogaster","feae","Aphaenogaster feae","","Yunnan","China","","rain forest",805,"point","21.96211","101.20025"
"http://antweb.org/api/v2/?occurrenceId=CAS:ANTWEB:casent0735926","casent0735926","formicidae","myrmicinae","Aphaenogaster","feae","Aphaenogaster feae","","Yunnan","China","","limestone rain forest",650,"point","21.911222","101.2812"
"http://antweb.org/api/v2/?occurrenceId=CAS:ANTWEB:casent0735927","casent0735927","formicidae","myrmicinae","Aphaenogaster","feae","Aphaenogaster feae","","Yunnan","China","","limestone rain forest",650,"point","21.911222","101.2812"
"http://antweb.org/api/v2/?occurrenceId=CAS:ANTWEB:casent0735928","casent0735928","formicidae","myrmicinae","Aphaenogaster","feae","Aphaenogaster feae","","Yunnan","China","","limestone rain forest",650,"point","21.911222","101.2812"
"http://antweb.org/api/v2/?occurrenceId=CAS:ANTWEB:casent0904185","casent0904185","formicidae","myrmicinae","Aphaenogaster","feae","Aphaenogaster feae","syntype of Aphaenogaster feae","","Myanmar","","",NA,NA,NA,NA
"http://antweb.org/api/v2/?occurrenceId=CAS:ANTWEB:casent0904192","casent0904192","formicidae","myrmicinae","Aphaenogaster","feae","Aphaenogaster feae","syntype of Aphaenogaster feae simulans","","Indonesia","","",NA,NA,NA,NA
"http://antweb.org/api/v2/?occurrenceId=CAS:ANTWEB:casent0905773","casent0905773","formicidae","myrmicinae","Aphaenogaster","feae","Aphaenogaster feae","syntype of Aphaenogaster feae imbellis","","Indonesia","","",NA,NA,NA,NA
"http://antweb.org/api/v2/?occurrenceId=CAS:ANTWEB:casent0907706","casent0907706","formicidae","myrmicinae","Aphaenogaster","feae","Aphaenogaster feae","syntype of Aphaenogaster feae simulans","Aceh","Indonesia","","",NA,NA,NA,NA
"http://antweb.org/api/v2/?occurrenceId=CAS:ANTWEB:casent0907707","casent0907707","formicidae","myrmicinae","Aphaenogaster","feae","Aphaenogaster feae","syntype of Aphaenogaster feae nicobarensis","","India","","",NA,NA,NA,NA
"http://antweb.org/api/v2/?occurrenceId=CAS:ANTWEB:jtl301505","jtl301505","formicidae","myrmicinae","Aphaenogaster","feae","Aphaenogaster feae","","Sabah","Malaysia","2014-09-28","tropical rainforest ex sifted leaf litter",190,"point","4.96328","117.80495"
"http://antweb.org/api/v2/?occurrenceId=CAS:ANTWEB:jtl301531","jtl301531","formicidae","myrmicinae","Aphaenogaster","feae","Aphaenogaster feae","","Sabah","Malaysia","2014-09-28","tropical rainforest at bait",190,"point","4.96092","117.80125"
"http://antweb.org/api/v2/?occurrenceId=CAS:ANTWEB:jtl681610","jtl681610","formicidae","myrmicinae","Aphaenogaster","feae","Aphaenogaster feae","","Sabah","Malaysia","2014-09-28","tropical rainforest ex sifted leaf litter",190,"point","4.96328","117.80495"
"http://antweb.org/api/v2/?occurrenceId=CAS:ANTWEB:jtl725843","jtl725843","formicidae","myrmicinae","Aphaenogaster","feae","Aphaenogaster feae","","Sabah","Malaysia","2014-10-01","swamp forest nest in moss mat",1060,"point","4.7136","116.88057"
"http://antweb.org/api/v2/?occurrenceId=CAS:ANTWEB:jtl725846","jtl725846","formicidae","myrmicinae","Aphaenogaster","feae","Aphaenogaster feae","","Sabah","Malaysia","2014-10-01","swamp forest ex sifted leaf litter",1060,"point","4.7136","116.88057"
"http://antweb.org/api/v2/?occurrenceId=CAS:ANTWEB:jtl725944","jtl725944","formicidae","myrmicinae","Aphaenogaster","feae","Aphaenogaster feae","","Sabah","Malaysia","2014-10-01","2nd growth wet forest",300,"point","4.62932","116.4706"
