"url","catalogNumber","family","subfamily","genus","specificEpithet","scientific_name","typeStatus","stateProvince","country","dateIdentified","habitat","minimumElevationInMeters","geojson.type","decimal_latitude","decimal_longitude"
"http://antweb.org/api/v2/?occurrenceId=CAS:ANTWEB:anic32-024610","anic32-024610","formicidae","myrmicinae","Aphaenogaster","loriai","Aphaenogaster loriai","","Central","Papua New Guinea","","Rainforest",1200,"point","-8.36667","146.983"
"http://antweb.org/api/v2/?occurrenceId=CAS:ANTWEB:anic32-024611","anic32-024611","formicidae","myrmicinae","Aphaenogaster","loriai","Aphaenogaster loriai","","Central","Papua New Guinea","","Rainforest nesting in soil",1200,"point","-8.36667","146.983"
"http://antweb.org/api/v2/?occurrenceId=CAS:ANTWEB:anic32-024612","anic32-024612","formicidae","myrmicinae","Aphaenogaster","loriai","Aphaenogaster loriai","","Central","Papua New Guinea","","Rainforest ground strays",1200,"point","-8.36667","146.983"
"http://antweb.org/api/v2/?occurrenceId=CAS:ANTWEB:anic32-024613","anic32-024613","formicidae","myrmicinae","Aphaenogaster","loriai","Aphaenogaster loriai","","Morobe","Papua New Guinea","","",1066,"point","-6.98333","146.583"
"http://antweb.org/api/v2/?occurrenceId=CAS:ANTWEB:anic32-024614","anic32-024614","formicidae","myrmicinae","Aphaenogaster","loriai","Aphaenogaster loriai","","Morobe","Papua New Guinea","","",NA,"point","-6.98333","146.583"
"http://antweb.org/api/v2/?occurrenceId=CAS:ANTWEB:anic32-024615","anic32-024615","formicidae","myrmicinae","Aphaenogaster","loriai","Aphaenogaster loriai","","Madang","Papua New Guinea","","Rainforest on ground",NA,"point","-5.73333","145.233"
"http://antweb.org/api/v2/?occurrenceId=CAS:ANTWEB:anic32-024616","anic32-024616","formicidae","myrmicinae","Aphaenogaster","loriai","Aphaenogaster loriai","","Morobe","Papua New Guinea","","",NA,NA,NA,NA
"http://antweb.org/api/v2/?occurrenceId=CAS:ANTWEB:casent0900358","casent0900358","formicidae","myrmicinae","Aphaenogaster","loriai","Aphaenogaster loriai","","","New Guinea","2012-12-31","",1219,NA,NA,NA
"http://antweb.org/api/v2/?occurrenceId=CAS:ANTWEB:casent0904189","casent0904189","formicidae","myrmicinae","Aphaenogaster","loriai","Aphaenogaster loriai","syntype of Aphaenogaster loriai","","New Guinea","","",1300,NA,NA,NA
"http://antweb.org/api/v2/?occurrenceId=CAS:ANTWEB:lacm ent 142682","lacm ent 142682","formicidae","myrmicinae","Aphaenogaster","loriai","Aphaenogaster loriai","","Irian Jaya","Indonesia","1999-12-31","lowland secondary rainforest ex nest in soil at base of tree",61,"point","-3.04","136.38"
