"url","catalogNumber","family","subfamily","genus","specificEpithet","scientific_name","typeStatus","stateProvince","country","dateIdentified","habitat","minimumElevationInMeters","geojson.type","decimal_latitude","decimal_longitude"
"http://antweb.org/api/v2/?occurrenceId=CAS:ANTWEB:casent0000089","casent0000089","formicidae","myrmicinae","Aphaenogaster","huachucana","Aphaenogaster huachucana","","Arizona","United States","2004-03-09","oak woodland under stone",1770,"point","32.46333","-110.73167"
"http://antweb.org/api/v2/?occurrenceId=CAS:ANTWEB:casent0102825","casent0102825","formicidae","myrmicinae","Aphaenogaster","huachucana","Aphaenogaster huachucana","","Arizona","United States","2004-03-09","Ponderosa Pine forest 80 tall on NW-facing slope, sparse oak under-story. Under rock in partial shade. Sandy soil at small gap edge.",1737,NA,NA,NA
"http://antweb.org/api/v2/?occurrenceId=CAS:ANTWEB:casent0260082","casent0260082","formicidae","myrmicinae","Aphaenogaster","huachucana","Aphaenogaster huachucana","","Arizona","United States","","riparian woodland/desert scrub",1600,"point","31.93237","-109.18594"
"http://antweb.org/api/v2/?occurrenceId=CAS:ANTWEB:casent0260082-d01","casent0260082-d01","formicidae","myrmicinae","Aphaenogaster","huachucana","Aphaenogaster huachucana","","Arizona","United States","","riparian woodland/desert scrub",1600,"point","31.93237","-109.18594"
"http://antweb.org/api/v2/?occurrenceId=CAS:ANTWEB:casent0752007","casent0752007","formicidae","myrmicinae","Aphaenogaster","huachucana","Aphaenogaster huachucana","","Arizona","United States","2004-03-09","surrounded by oak under rock in sunny clearing",1524,"point","31.83556","-109.13972"
"http://antweb.org/api/v2/?occurrenceId=CAS:ANTWEB:casent0900415","casent0900415","formicidae","myrmicinae","Aphaenogaster","huachucana","Aphaenogaster huachucana","syntype of Aphaenogaster huachucana","Arizona","United States","","",NA,NA,NA,NA
"http://antweb.org/api/v2/?occurrenceId=CAS:ANTWEB:casent0900421","casent0900421","formicidae","myrmicinae","Aphaenogaster","huachucana","Aphaenogaster huachucana","paratype of Aphaenogaster huachucana crinimera","New Mexico","United States","2012-12-31","",NA,NA,NA,NA
"http://antweb.org/api/v2/?occurrenceId=CAS:ANTWEB:fmnhins0000077015","fmnhins0000077015","formicidae","myrmicinae","Aphaenogaster","huachucana","Aphaenogaster huachucana","Paratype","","","","",NA,NA,NA,NA
"http://antweb.org/api/v2/?occurrenceId=CAS:ANTWEB:fmnhins0000077019","fmnhins0000077019","formicidae","myrmicinae","Aphaenogaster","huachucana","Aphaenogaster huachucana","","","","","",2438,NA,NA,NA
"http://antweb.org/api/v2/?occurrenceId=CAS:ANTWEB:fmnhins0000077020","fmnhins0000077020","formicidae","myrmicinae","Aphaenogaster","huachucana","Aphaenogaster huachucana","","","","","",NA,NA,NA,NA
"http://antweb.org/api/v2/?occurrenceId=CAS:ANTWEB:fmnhins0000083014","fmnhins0000083014","formicidae","myrmicinae","Aphaenogaster","huachucana","Aphaenogaster huachucana","Paratype","","","","",NA,NA,NA,NA
"http://antweb.org/api/v2/?occurrenceId=CAS:ANTWEB:fmnhins0000083015","fmnhins0000083015","formicidae","myrmicinae","Aphaenogaster","huachucana","Aphaenogaster huachucana","Paratype","","","","",NA,NA,NA,NA
"http://antweb.org/api/v2/?occurrenceId=CAS:ANTWEB:fmnhins0000083016","fmnhins0000083016","formicidae","myrmicinae","Aphaenogaster","huachucana","Aphaenogaster huachucana","Paratype","","","","",NA,NA,NA,NA
"http://antweb.org/api/v2/?occurrenceId=CAS:ANTWEB:fmnhins0000083026","fmnhins0000083026","formicidae","myrmicinae","Aphaenogaster","huachucana","Aphaenogaster huachucana","","","","","",2438,NA,NA,NA
"http://antweb.org/api/v2/?occurrenceId=CAS:ANTWEB:fmnhins0000083027","fmnhins0000083027","formicidae","myrmicinae","Aphaenogaster","huachucana","Aphaenogaster huachucana","","","","","",2438,NA,NA,NA
"http://antweb.org/api/v2/?occurrenceId=CAS:ANTWEB:fmnhins0000083028","fmnhins0000083028","formicidae","myrmicinae","Aphaenogaster","huachucana","Aphaenogaster huachucana","","","","","",2438,NA,NA,NA
"http://antweb.org/api/v2/?occurrenceId=CAS:ANTWEB:fmnhins0000083029","fmnhins0000083029","formicidae","myrmicinae","Aphaenogaster","huachucana","Aphaenogaster huachucana","","","","","",NA,NA,NA,NA
"http://antweb.org/api/v2/?occurrenceId=CAS:ANTWEB:fmnhins0000083030","fmnhins0000083030","formicidae","myrmicinae","Aphaenogaster","huachucana","Aphaenogaster huachucana","","","","","",NA,NA,NA,NA
"http://antweb.org/api/v2/?occurrenceId=CAS:ANTWEB:fmnhins0000083031","fmnhins0000083031","formicidae","myrmicinae","Aphaenogaster","huachucana","Aphaenogaster huachucana","","","","","",NA,NA,NA,NA
"http://antweb.org/api/v2/?occurrenceId=CAS:ANTWEB:jtlc000004196","jtlc000004196","formicidae","myrmicinae","Aphaenogaster","huachucana","Aphaenogaster huachucana","","Arizona","United States","2003-08-16","conifer woodland on rock face",2440,"point","31.91667","-109.26667"
