"url","catalogNumber","family","subfamily","genus","specificEpithet","scientific_name","typeStatus","stateProvince","country","dateIdentified","habitat","minimumElevationInMeters","geojson.type","decimal_latitude","decimal_longitude"
"http://antweb.org/api/v2/?occurrenceId=CAS:ANTWEB:casent0904169","casent0904169","formicidae","myrmicinae","Aphaenogaster","festae","Aphaenogaster festae","syntype of Aphaenogaster splendida festae","South Aegean","Greece","","",NA,NA,NA,NA
"http://antweb.org/api/v2/?occurrenceId=CAS:ANTWEB:casent0914234","casent0914234","formicidae","myrmicinae","Aphaenogaster","festae","Aphaenogaster festae","","","Greece","","",NA,"point","37.78333","26.81667"
"http://antweb.org/api/v2/?occurrenceId=CAS:ANTWEB:lbc-gr01092","lbc-gr01092","formicidae","myrmicinae","Aphaenogaster","festae","Aphaenogaster festae","","Aegean Islands","Greece","","",NA,"point","37.7","26.63333"
"http://antweb.org/api/v2/?occurrenceId=CAS:ANTWEB:lbc-gr01180","lbc-gr01180","formicidae","myrmicinae","Aphaenogaster","festae","Aphaenogaster festae","","Aegean Islands","Greece","","",NA,"point","37.78333","26.81666"
"http://antweb.org/api/v2/?occurrenceId=CAS:ANTWEB:lbc-gr01332","lbc-gr01332","formicidae","myrmicinae","Aphaenogaster","festae","Aphaenogaster festae","","Aegean Islands","Greece","","",NA,"point","37.78333","26.81666"
"http://antweb.org/api/v2/?occurrenceId=CAS:ANTWEB:lbc-gr01555","lbc-gr01555","formicidae","myrmicinae","Aphaenogaster","festae","Aphaenogaster festae","","Dodecanese","Greece","","",60,"point","36.258","28.1197"
