"url","catalogNumber","family","subfamily","genus","specificEpithet","scientific_name","typeStatus","stateProvince","country","dateIdentified","habitat","minimumElevationInMeters","geojson.type","decimal_latitude","decimal_longitude"
"http://antweb.org/api/v2/?occurrenceId=CAS:ANTWEB:anic32-000521","anic32-000521","formicidae","myrmicinae","Aphaenogaster","dromedaria","Aphaenogaster dromedaria","","Morobe","Papua New Guinea","","Lowland rainforest Nest: nest hole at base of tree",NA,"point","-6.73333","147.05"
"http://antweb.org/api/v2/?occurrenceId=CAS:ANTWEB:anic32-000522","anic32-000522","formicidae","myrmicinae","Aphaenogaster","dromedaria","Aphaenogaster dromedaria","","Morobe","Papua New Guinea","","Rainforest Foragers",121,"point","-6.73333","147.033"
"http://antweb.org/api/v2/?occurrenceId=CAS:ANTWEB:anic32-000526","anic32-000526","formicidae","myrmicinae","Aphaenogaster","dromedaria","Aphaenogaster dromedaria","","Morobe","Papua New Guinea","","Rainforest Foragers, nest in soil",NA,"point","-6.73333","146.967"
"http://antweb.org/api/v2/?occurrenceId=CAS:ANTWEB:anic32-000527","anic32-000527","formicidae","myrmicinae","Aphaenogaster","dromedaria","Aphaenogaster dromedaria","","Morobe","Papua New Guinea","","Rainforest Nest in soil",1066,"point","-6.98333","146.717"
"http://antweb.org/api/v2/?occurrenceId=CAS:ANTWEB:anic32-000860","anic32-000860","formicidae","myrmicinae","Aphaenogaster","dromedaria","Aphaenogaster dromedaria","","Morobe","Papua New Guinea","","Rainforest In soil under wood",NA,"point","-6.63333","146.9"
"http://antweb.org/api/v2/?occurrenceId=CAS:ANTWEB:anic32-024593","anic32-024593","formicidae","myrmicinae","Aphaenogaster","dromedaria","Aphaenogaster dromedaria","","Northern","Papua New Guinea","","",NA,"point","-9.2","148.233"
"http://antweb.org/api/v2/?occurrenceId=CAS:ANTWEB:anic32-024594","anic32-024594","formicidae","myrmicinae","Aphaenogaster","dromedaria","Aphaenogaster dromedaria","","Northern","Papua New Guinea","","",914,NA,NA,NA
"http://antweb.org/api/v2/?occurrenceId=CAS:ANTWEB:anic32-024595","anic32-024595","formicidae","myrmicinae","Aphaenogaster","dromedaria","Aphaenogaster dromedaria","","Northern","Papua New Guinea","","",500,"point","-9.1","148.417"
"http://antweb.org/api/v2/?occurrenceId=CAS:ANTWEB:anic32-024596","anic32-024596","formicidae","myrmicinae","Aphaenogaster","dromedaria","Aphaenogaster dromedaria","","East Sepik","Papua New Guinea","","Rainforest ground strays",20,"point","-4.06667","144.067"
"http://antweb.org/api/v2/?occurrenceId=CAS:ANTWEB:anic32-024597","anic32-024597","formicidae","myrmicinae","Aphaenogaster","dromedaria","Aphaenogaster dromedaria","","Northern","Papua New Guinea","","Rainforest Stray foragers",396,NA,NA,NA
"http://antweb.org/api/v2/?occurrenceId=CAS:ANTWEB:anic32-024598","anic32-024598","formicidae","myrmicinae","Aphaenogaster","dromedaria","Aphaenogaster dromedaria","","Northern","Papua New Guinea","","",NA,"point","-8.76667","148.233"
"http://antweb.org/api/v2/?occurrenceId=CAS:ANTWEB:anic32-024599","anic32-024599","formicidae","myrmicinae","Aphaenogaster","dromedaria","Aphaenogaster dromedaria","","Northern","Papua New Guinea","","",NA,"point","-8.88333","147.733"
"http://antweb.org/api/v2/?occurrenceId=CAS:ANTWEB:anic32-024600","anic32-024600","formicidae","myrmicinae","Aphaenogaster","dromedaria","Aphaenogaster dromedaria","","Northern","Papua New Guinea","","",NA,"point","-8.88333","147.733"
"http://antweb.org/api/v2/?occurrenceId=CAS:ANTWEB:anic32-024601","anic32-024601","formicidae","myrmicinae","Aphaenogaster","dromedaria","Aphaenogaster dromedaria","","Northern","Papua New Guinea","","Rainforest nest hole in ground",396,"point","-8.88333","147.733"
"http://antweb.org/api/v2/?occurrenceId=CAS:ANTWEB:anic32-024602","anic32-024602","formicidae","myrmicinae","Aphaenogaster","dromedaria","Aphaenogaster dromedaria","","Northern","Papua New Guinea","","Rainforest ground strays",800,"point","-8.95","147.733"
"http://antweb.org/api/v2/?occurrenceId=CAS:ANTWEB:anic32-024603","anic32-024603","formicidae","myrmicinae","Aphaenogaster","dromedaria","Aphaenogaster dromedaria","","Madang","Papua New Guinea","","Rainforest",1828,"point","-5.83333","146.117"
"http://antweb.org/api/v2/?occurrenceId=CAS:ANTWEB:anic32-024604","anic32-024604","formicidae","myrmicinae","Aphaenogaster","dromedaria","Aphaenogaster dromedaria","","Morobe","Papua New Guinea","","Lowland rainforest common nest hole in ground",NA,"point","-6.73333","147.05"
"http://antweb.org/api/v2/?occurrenceId=CAS:ANTWEB:anic32-024605","anic32-024605","formicidae","myrmicinae","Aphaenogaster","dromedaria","Aphaenogaster dromedaria","","Morobe","Papua New Guinea","","",100,"point","-6.73333","147.05"
"http://antweb.org/api/v2/?occurrenceId=CAS:ANTWEB:anic32-024606","anic32-024606","formicidae","myrmicinae","Aphaenogaster","dromedaria","Aphaenogaster dromedaria","","Morobe","Papua New Guinea","","Lowland Rainforest common nest in soil",NA,"point","-6.73333","147.05"
"http://antweb.org/api/v2/?occurrenceId=CAS:ANTWEB:anic32-024607","anic32-024607","formicidae","myrmicinae","Aphaenogaster","dromedaria","Aphaenogaster dromedaria","","Morobe","Papua New Guinea","","",NA,"point","-6.73333","147"
"http://antweb.org/api/v2/?occurrenceId=CAS:ANTWEB:anic32-024608","anic32-024608","formicidae","myrmicinae","Aphaenogaster","dromedaria","Aphaenogaster dromedaria","","Morobe","Papua New Guinea","","",220,"point","-6.63333","146.9"
"http://antweb.org/api/v2/?occurrenceId=CAS:ANTWEB:anic32-024609","anic32-024609","formicidae","myrmicinae","Aphaenogaster","dromedaria","Aphaenogaster dromedaria","","Morobe","Papua New Guinea","","Rainforest",220,"point","-6.63333","146.9"
"http://antweb.org/api/v2/?occurrenceId=CAS:ANTWEB:casent0280945","casent0280945","formicidae","myrmicinae","Aphaenogaster","dromedaria","Aphaenogaster dromedaria","","Madang","New Guinea","","",1082,NA,NA,NA
"http://antweb.org/api/v2/?occurrenceId=CAS:ANTWEB:casent0900422","casent0900422","formicidae","myrmicinae","Aphaenogaster","dromedaria","Aphaenogaster dromedaria","Holotype of Aphaenogaster dromedarius nigra","","New Guinea","","",320,NA,NA,NA
"http://antweb.org/api/v2/?occurrenceId=CAS:ANTWEB:casent0904190","casent0904190","formicidae","myrmicinae","Aphaenogaster","dromedaria","Aphaenogaster dromedaria","syntype of Aphaenogaster dromedaria","","New Guinea","","",NA,NA,NA,NA
"http://antweb.org/api/v2/?occurrenceId=CAS:ANTWEB:casent0904191","casent0904191","formicidae","myrmicinae","Aphaenogaster","dromedaria","Aphaenogaster dromedaria","syntype of Ischnomyrmex dromedarius fusca","","New Guinea","","",NA,NA,NA,NA
