"url","catalogNumber","family","subfamily","genus","specificEpithet","scientific_name","typeStatus","stateProvince","country","dateIdentified","habitat","minimumElevationInMeters","geojson.type","decimal_latitude","decimal_longitude"
"http://antweb.org/api/v2/?occurrenceId=CAS:ANTWEB:casent0914404","casent0914404","formicidae","myrmicinae","Aphaenogaster","karpathica","Aphaenogaster karpathica","","","Greece","","",67,"point","35.5597","27.10981"
"http://antweb.org/api/v2/?occurrenceId=CAS:ANTWEB:lbc-gr01337","lbc-gr01337","formicidae","myrmicinae","Aphaenogaster","karpathica","Aphaenogaster karpathica","","Dodecanese","Greece","","",863,"point","35.57415","27.15589"
"http://antweb.org/api/v2/?occurrenceId=CAS:ANTWEB:lbc-gr01338","lbc-gr01338","formicidae","myrmicinae","Aphaenogaster","karpathica","Aphaenogaster karpathica","","Dodecanese","Greece","","",250,"point","35.6008","27.15275"
"http://antweb.org/api/v2/?occurrenceId=CAS:ANTWEB:lbc-gr01339","lbc-gr01339","formicidae","myrmicinae","Aphaenogaster","karpathica","Aphaenogaster karpathica","","Dodecanese","Greece","","",172,"point","35.49633","27.23075"
"http://antweb.org/api/v2/?occurrenceId=CAS:ANTWEB:lbc-gr01340","lbc-gr01340","formicidae","myrmicinae","Aphaenogaster","karpathica","Aphaenogaster karpathica","","Dodecanese","Greece","","",205,"point","35.57519","27.18209"
"http://antweb.org/api/v2/?occurrenceId=CAS:ANTWEB:lbc-gr01341","lbc-gr01341","formicidae","myrmicinae","Aphaenogaster","karpathica","Aphaenogaster karpathica","","Dodecanese","Greece","","",292,"point","35.68767","27.15036"
"http://antweb.org/api/v2/?occurrenceId=CAS:ANTWEB:lbc-gr01342","lbc-gr01342","formicidae","myrmicinae","Aphaenogaster","karpathica","Aphaenogaster karpathica","","Dodecanese","Greece","","",399,"point","35.62784","27.12748"
"http://antweb.org/api/v2/?occurrenceId=CAS:ANTWEB:lbc-gr01343","lbc-gr01343","formicidae","myrmicinae","Aphaenogaster","karpathica","Aphaenogaster karpathica","","Dodecanese","Greece","","",67,"point","35.5597","27.10981"
"http://antweb.org/api/v2/?occurrenceId=CAS:ANTWEB:lbc-gr01557","lbc-gr01557","formicidae","myrmicinae","Aphaenogaster","karpathica","Aphaenogaster karpathica","","Dodecanese","Greece","","",169,"point","35.5686","27.0984"
