"url","catalogNumber","family","subfamily","genus","specificEpithet","scientific_name","typeStatus","stateProvince","country","dateIdentified","habitat","minimumElevationInMeters","geojson.type","decimal_latitude","decimal_longitude"
"http://antweb.org/api/v2/?occurrenceId=CAS:ANTWEB:casent0618368","casent0618368","formicidae","myrmicinae","Aphaenogaster","honduriana","Aphaenogaster honduriana","","Atl ntida","Honduras","2011-04-15","tropical rainforest ex sifted leaf litter",190,"point","15.72332","-87.45177"
"http://antweb.org/api/v2/?occurrenceId=CAS:ANTWEB:casent0618370","casent0618370","formicidae","myrmicinae","Aphaenogaster","honduriana","Aphaenogaster honduriana","","Atl ntida","Honduras","2011-04-15","tropical rainforest ex sifted leaf litter",190,"point","15.72332","-87.45177"
"http://antweb.org/api/v2/?occurrenceId=CAS:ANTWEB:casent0618374","casent0618374","formicidae","myrmicinae","Aphaenogaster","honduriana","Aphaenogaster honduriana","","Atl ntida","Honduras","2011-04-15","tropical rainforest ex sifted leaf litter",190,"point","15.72429","-87.45188"
"http://antweb.org/api/v2/?occurrenceId=CAS:ANTWEB:casent0618375","casent0618375","formicidae","myrmicinae","Aphaenogaster","honduriana","Aphaenogaster honduriana","","Atl ntida","Honduras","2011-04-15","tropical rainforest ex sifted leaf litter",190,"point","15.72429","-87.45188"
"http://antweb.org/api/v2/?occurrenceId=CAS:ANTWEB:casent0618376","casent0618376","formicidae","myrmicinae","Aphaenogaster","honduriana","Aphaenogaster honduriana","","Atl ntida","Honduras","2011-04-15","tropical rainforest ex sifted leaf litter",190,"point","15.72429","-87.45188"
"http://antweb.org/api/v2/?occurrenceId=CAS:ANTWEB:casent0618377","casent0618377","formicidae","myrmicinae","Aphaenogaster","honduriana","Aphaenogaster honduriana","","Atl ntida","Honduras","2011-04-15","tropical rainforest ex sifted leaf litter",190,"point","15.72429","-87.45188"
"http://antweb.org/api/v2/?occurrenceId=CAS:ANTWEB:casent0618378","casent0618378","formicidae","myrmicinae","Aphaenogaster","honduriana","Aphaenogaster honduriana","","Atl ntida","Honduras","2011-04-15","tropical rainforest ex sifted leaf litter",190,"point","15.72429","-87.45188"
"http://antweb.org/api/v2/?occurrenceId=CAS:ANTWEB:casent0618379","casent0618379","formicidae","myrmicinae","Aphaenogaster","honduriana","Aphaenogaster honduriana","","Atl ntida","Honduras","2011-04-15","tropical rainforest ex sifted leaf litter",190,"point","15.72429","-87.45188"
"http://antweb.org/api/v2/?occurrenceId=CAS:ANTWEB:casent0618429","casent0618429","formicidae","myrmicinae","Aphaenogaster","honduriana","Aphaenogaster honduriana","","Atl ntida","Honduras","2011-04-15","tropical rainforest ex sifted leaf litter",190,"point","15.72429","-87.45188"
"http://antweb.org/api/v2/?occurrenceId=CAS:ANTWEB:casent0618810","casent0618810","formicidae","myrmicinae","Aphaenogaster","honduriana","Aphaenogaster honduriana","","Atl ntida","Honduras","2012-02-19","tropical rainforest Malaise trap",170,"point","15.72687","-87.45065"
"http://antweb.org/api/v2/?occurrenceId=CAS:ANTWEB:casent0625206","casent0625206","formicidae","myrmicinae","Aphaenogaster","honduriana","Aphaenogaster honduriana","","Atl ntida","Honduras","2012-01-11","tropical rainforest ex sifted leaf litter",200,"point","15.69449","-86.8645"
"http://antweb.org/api/v2/?occurrenceId=CAS:ANTWEB:casent0625291","casent0625291","formicidae","myrmicinae","Aphaenogaster","honduriana","Aphaenogaster honduriana","","Atl ntida","Honduras","2012-01-11","tropical rainforest ex sifted leaf litter",200,"point","15.69449","-86.8645"
"http://antweb.org/api/v2/?occurrenceId=CAS:ANTWEB:casent0625292","casent0625292","formicidae","myrmicinae","Aphaenogaster","honduriana","Aphaenogaster honduriana","","Atl ntida","Honduras","2012-01-11","tropical rainforest ex sifted leaf litter",200,"point","15.69449","-86.8645"
"http://antweb.org/api/v2/?occurrenceId=CAS:ANTWEB:casent0625293","casent0625293","formicidae","myrmicinae","Aphaenogaster","honduriana","Aphaenogaster honduriana","","Atl ntida","Honduras","2012-01-11","tropical rainforest ex sifted leaf litter",200,"point","15.69449","-86.8645"
"http://antweb.org/api/v2/?occurrenceId=CAS:ANTWEB:casent0625294","casent0625294","formicidae","myrmicinae","Aphaenogaster","honduriana","Aphaenogaster honduriana","","Atl ntida","Honduras","2012-01-11","tropical rainforest ex sifted leaf litter",200,"point","15.69449","-86.8645"
"http://antweb.org/api/v2/?occurrenceId=CAS:ANTWEB:casent0625295","casent0625295","formicidae","myrmicinae","Aphaenogaster","honduriana","Aphaenogaster honduriana","","Atl ntida","Honduras","2012-01-11","tropical rainforest ex sifted leaf litter",200,"point","15.69449","-86.8645"
"http://antweb.org/api/v2/?occurrenceId=CAS:ANTWEB:casent0625296","casent0625296","formicidae","myrmicinae","Aphaenogaster","honduriana","Aphaenogaster honduriana","","Atl ntida","Honduras","2012-01-11","tropical rainforest ex sifted leaf litter",200,"point","15.69449","-86.8645"
"http://antweb.org/api/v2/?occurrenceId=CAS:ANTWEB:casent0625297","casent0625297","formicidae","myrmicinae","Aphaenogaster","honduriana","Aphaenogaster honduriana","","Atl ntida","Honduras","2012-01-11","tropical rainforest ex sifted leaf litter",200,"point","15.69449","-86.8645"
"http://antweb.org/api/v2/?occurrenceId=CAS:ANTWEB:casent0625318","casent0625318","formicidae","myrmicinae","Aphaenogaster","honduriana","Aphaenogaster honduriana","","Atl ntida","Honduras","2012-01-11","tropical rainforest ex sifted leaf litter",200,"point","15.69449","-86.86302"
"http://antweb.org/api/v2/?occurrenceId=CAS:ANTWEB:casent0625320","casent0625320","formicidae","myrmicinae","Aphaenogaster","honduriana","Aphaenogaster honduriana","","Atl ntida","Honduras","2012-01-11","tropical rainforest ex sifted leaf litter",200,"point","15.69449","-86.862976"
"http://antweb.org/api/v2/?occurrenceId=CAS:ANTWEB:casent0625321","casent0625321","formicidae","myrmicinae","Aphaenogaster","honduriana","Aphaenogaster honduriana","","Atl ntida","Honduras","2012-01-11","tropical rainforest ex sifted leaf litter",200,"point","15.69449","-86.862976"
"http://antweb.org/api/v2/?occurrenceId=CAS:ANTWEB:casent0625322","casent0625322","formicidae","myrmicinae","Aphaenogaster","honduriana","Aphaenogaster honduriana","","Atl ntida","Honduras","2012-01-11","tropical rainforest ex sifted leaf litter",200,"point","15.69449","-86.862976"
"http://antweb.org/api/v2/?occurrenceId=CAS:ANTWEB:casent0625585","casent0625585","formicidae","myrmicinae","Aphaenogaster","honduriana","Aphaenogaster honduriana","","Atl ntida","Honduras","2013-03-11","tropical rainforest at bait",150,"point","15.72725","-87.45027"
"http://antweb.org/api/v2/?occurrenceId=CAS:ANTWEB:casent0625586","casent0625586","formicidae","myrmicinae","Aphaenogaster","honduriana","Aphaenogaster honduriana","","Atl ntida","Honduras","2013-03-11","tropical rainforest at bait",170,"point","15.72699","-87.45122"
"http://antweb.org/api/v2/?occurrenceId=CAS:ANTWEB:jtl319536","jtl319536","formicidae","myrmicinae","Aphaenogaster","honduriana","Aphaenogaster honduriana","","Atl ntida","Honduras","2011-04-15","tropical rainforest ex sifted leaf litter",190,"point","15.7235","-87.45179"
"http://antweb.org/api/v2/?occurrenceId=CAS:ANTWEB:jtl319584","jtl319584","formicidae","myrmicinae","Aphaenogaster","honduriana","Aphaenogaster honduriana","","Atl ntida","Honduras","2011-04-15","tropical rainforest ex sifted leaf litter",190,"point","15.723365","-87.451775"
"http://antweb.org/api/v2/?occurrenceId=CAS:ANTWEB:jtl319610","jtl319610","formicidae","myrmicinae","Aphaenogaster","honduriana","Aphaenogaster honduriana","","Atl ntida","Honduras","2011-04-15","tropical rainforest ex sifted leaf litter",190,"point","15.72332","-87.45177"
"http://antweb.org/api/v2/?occurrenceId=CAS:ANTWEB:jtl319662","jtl319662","formicidae","myrmicinae","Aphaenogaster","honduriana","Aphaenogaster honduriana","","Atl ntida","Honduras","2011-04-15","tropical rainforest ex sifted leaf litter",190,"point","15.723186","-87.45175"
"http://antweb.org/api/v2/?occurrenceId=CAS:ANTWEB:jtl319953","jtl319953","formicidae","myrmicinae","Aphaenogaster","honduriana","Aphaenogaster honduriana","","Atl ntida","Honduras","2011-04-15","tropical rainforest ex sifted leaf litter",190,"point","15.72429","-87.45188"
"http://antweb.org/api/v2/?occurrenceId=CAS:ANTWEB:jtl319986","jtl319986","formicidae","myrmicinae","Aphaenogaster","honduriana","Aphaenogaster honduriana","","Atl ntida","Honduras","2011-04-15","tropical rainforest ex sifted leaf litter",100,"point","15.72873","-87.45151"
"http://antweb.org/api/v2/?occurrenceId=CAS:ANTWEB:jtl320019","jtl320019","formicidae","myrmicinae","Aphaenogaster","honduriana","Aphaenogaster honduriana","","Atl ntida","Honduras","2011-04-15","tropical rainforest ex sifted leaf litter",120,"point","15.72792","-87.4497"
"http://antweb.org/api/v2/?occurrenceId=CAS:ANTWEB:jtl320055","jtl320055","formicidae","myrmicinae","Aphaenogaster","honduriana","Aphaenogaster honduriana","","Atl ntida","Honduras","2011-04-15","tropical rainforest ex sifted leaf litter",120,"point","15.72792","-87.4497"
"http://antweb.org/api/v2/?occurrenceId=CAS:ANTWEB:jtl320211","jtl320211","formicidae","myrmicinae","Aphaenogaster","honduriana","Aphaenogaster honduriana","","Atl ntida","Honduras","2011-04-15","tropical wet forest ex sifted leaf litter",770,"point","15.693738","-87.47797"
"http://antweb.org/api/v2/?occurrenceId=CAS:ANTWEB:jtl320339","jtl320339","formicidae","myrmicinae","Aphaenogaster","honduriana","Aphaenogaster honduriana","","Atl ntida","Honduras","2011-04-15","tropical wet forest ex sifted leaf litter",610,"point","15.69714","-87.47451"
"http://antweb.org/api/v2/?occurrenceId=CAS:ANTWEB:jtl320383","jtl320383","formicidae","myrmicinae","Aphaenogaster","honduriana","Aphaenogaster honduriana","","Atl ntida","Honduras","2011-04-15","tropical wet forest ex sifted leaf litter",550,"point","15.69843","-87.47256"
"http://antweb.org/api/v2/?occurrenceId=CAS:ANTWEB:jtl320430","jtl320430","formicidae","myrmicinae","Aphaenogaster","honduriana","Aphaenogaster honduriana","","Atl ntida","Honduras","2011-04-15","tropical wet forest ex sifted leaf litter",520,"point","15.69914","-87.47202"
"http://antweb.org/api/v2/?occurrenceId=CAS:ANTWEB:jtl320468","jtl320468","formicidae","myrmicinae","Aphaenogaster","honduriana","Aphaenogaster honduriana","","Atl ntida","Honduras","2011-04-15","tropical rainforest ex sifted leaf litter",450,"point","15.70207","-87.47304"
"http://antweb.org/api/v2/?occurrenceId=CAS:ANTWEB:jtl320515","jtl320515","formicidae","myrmicinae","Aphaenogaster","honduriana","Aphaenogaster honduriana","","Atl ntida","Honduras","2011-04-15","tropical rainforest ex sifted leaf litter",410,"point","15.70493","-87.47291"
"http://antweb.org/api/v2/?occurrenceId=CAS:ANTWEB:jtl320567","jtl320567","formicidae","myrmicinae","Aphaenogaster","honduriana","Aphaenogaster honduriana","","Atl ntida","Honduras","2011-04-15","tropical rainforest ex sifted leaf litter",360,"point","15.70961","-87.46828"
"http://antweb.org/api/v2/?occurrenceId=CAS:ANTWEB:jtl320614","jtl320614","formicidae","myrmicinae","Aphaenogaster","honduriana","Aphaenogaster honduriana","","Atl ntida","Honduras","2011-04-15","tropical rainforest ex sifted leaf litter",330,"point","15.70914","-87.46623"
"http://antweb.org/api/v2/?occurrenceId=CAS:ANTWEB:jtl320703","jtl320703","formicidae","myrmicinae","Aphaenogaster","honduriana","Aphaenogaster honduriana","","Atl ntida","Honduras","2011-04-15","tropical rainforest ex sifted leaf litter",210,"point","15.71083","-87.4612"
"http://antweb.org/api/v2/?occurrenceId=CAS:ANTWEB:jtl655814","jtl655814","formicidae","myrmicinae","Aphaenogaster","honduriana","Aphaenogaster honduriana","","Atl ntida","Honduras","2012-01-11","tropical rainforest ex sifted leaf litter",200,"point","15.69449","-86.8645"
"http://antweb.org/api/v2/?occurrenceId=CAS:ANTWEB:jtl655824","jtl655824","formicidae","myrmicinae","Aphaenogaster","honduriana","Aphaenogaster honduriana","","Atl ntida","Honduras","2012-01-11","tropical rainforest ex sifted leaf litter",200,"point","15.69449","-86.864456"
"http://antweb.org/api/v2/?occurrenceId=CAS:ANTWEB:jtl655850","jtl655850","formicidae","myrmicinae","Aphaenogaster","honduriana","Aphaenogaster honduriana","","Atl ntida","Honduras","2012-01-11","tropical rainforest ex sifted leaf litter",200,"point","15.69449","-86.86432"
"http://antweb.org/api/v2/?occurrenceId=CAS:ANTWEB:jtl655874","jtl655874","formicidae","myrmicinae","Aphaenogaster","honduriana","Aphaenogaster honduriana","","Atl ntida","Honduras","2012-01-11","tropical rainforest ex sifted leaf litter",200,"point","15.69449","-86.86422"
"http://antweb.org/api/v2/?occurrenceId=CAS:ANTWEB:jtl655907","jtl655907","formicidae","myrmicinae","Aphaenogaster","honduriana","Aphaenogaster honduriana","","Atl ntida","Honduras","2012-01-11","tropical rainforest ex sifted leaf litter",200,"point","15.69449","-86.86413"
"http://antweb.org/api/v2/?occurrenceId=CAS:ANTWEB:jtl655921","jtl655921","formicidae","myrmicinae","Aphaenogaster","honduriana","Aphaenogaster honduriana","","Atl ntida","Honduras","2012-01-11","tropical rainforest ex sifted leaf litter",200,"point","15.69449","-86.86404"
"http://antweb.org/api/v2/?occurrenceId=CAS:ANTWEB:jtl655930","jtl655930","formicidae","myrmicinae","Aphaenogaster","honduriana","Aphaenogaster honduriana","","Atl ntida","Honduras","2012-01-11","tropical rainforest ex sifted leaf litter",200,"point","15.69449","-86.86399"
"http://antweb.org/api/v2/?occurrenceId=CAS:ANTWEB:jtl655939","jtl655939","formicidae","myrmicinae","Aphaenogaster","honduriana","Aphaenogaster honduriana","","Atl ntida","Honduras","2012-01-11","tropical rainforest ex sifted leaf litter",200,"point","15.69449","-86.863945"
"http://antweb.org/api/v2/?occurrenceId=CAS:ANTWEB:jtl655963","jtl655963","formicidae","myrmicinae","Aphaenogaster","honduriana","Aphaenogaster honduriana","","Atl ntida","Honduras","2012-01-11","tropical rainforest ex sifted leaf litter",200,"point","15.69449","-86.86385"
"http://antweb.org/api/v2/?occurrenceId=CAS:ANTWEB:jtl656046","jtl656046","formicidae","myrmicinae","Aphaenogaster","honduriana","Aphaenogaster honduriana","","Atl ntida","Honduras","2012-01-11","tropical rainforest ex sifted leaf litter",200,"point","15.69449","-86.86348"
"http://antweb.org/api/v2/?occurrenceId=CAS:ANTWEB:jtl656062","jtl656062","formicidae","myrmicinae","Aphaenogaster","honduriana","Aphaenogaster honduriana","","Atl ntida","Honduras","2012-01-11","tropical rainforest ex sifted leaf litter",200,"point","15.69449","-86.863434"
"http://antweb.org/api/v2/?occurrenceId=CAS:ANTWEB:jtl656073","jtl656073","formicidae","myrmicinae","Aphaenogaster","honduriana","Aphaenogaster honduriana","","Atl ntida","Honduras","2012-01-11","tropical rainforest ex sifted leaf litter",200,"point","15.69449","-86.86339"
"http://antweb.org/api/v2/?occurrenceId=CAS:ANTWEB:jtl656089","jtl656089","formicidae","myrmicinae","Aphaenogaster","honduriana","Aphaenogaster honduriana","","Atl ntida","Honduras","2012-01-11","tropical rainforest ex sifted leaf litter",200,"point","15.69449","-86.86334"
"http://antweb.org/api/v2/?occurrenceId=CAS:ANTWEB:jtl656108","jtl656108","formicidae","myrmicinae","Aphaenogaster","honduriana","Aphaenogaster honduriana","","Atl ntida","Honduras","2012-01-11","tropical rainforest ex sifted leaf litter",200,"point","15.69449","-86.8633"
"http://antweb.org/api/v2/?occurrenceId=CAS:ANTWEB:jtl656118","jtl656118","formicidae","myrmicinae","Aphaenogaster","honduriana","Aphaenogaster honduriana","","Atl ntida","Honduras","2012-01-11","tropical rainforest ex sifted leaf litter",200,"point","15.69449","-86.86325"
"http://antweb.org/api/v2/?occurrenceId=CAS:ANTWEB:jtl656129","jtl656129","formicidae","myrmicinae","Aphaenogaster","honduriana","Aphaenogaster honduriana","","Atl ntida","Honduras","2012-01-11","tropical rainforest ex sifted leaf litter",200,"point","15.69449","-86.863205"
"http://antweb.org/api/v2/?occurrenceId=CAS:ANTWEB:jtl656141","jtl656141","formicidae","myrmicinae","Aphaenogaster","honduriana","Aphaenogaster honduriana","","Atl ntida","Honduras","2012-01-11","tropical rainforest ex sifted leaf litter",200,"point","15.69449","-86.86316"
"http://antweb.org/api/v2/?occurrenceId=CAS:ANTWEB:jtl656156","jtl656156","formicidae","myrmicinae","Aphaenogaster","honduriana","Aphaenogaster honduriana","","Atl ntida","Honduras","2012-01-11","tropical rainforest ex sifted leaf litter",200,"point","15.69449","-86.86311"
"http://antweb.org/api/v2/?occurrenceId=CAS:ANTWEB:jtl656157","jtl656157","formicidae","myrmicinae","Aphaenogaster","honduriana","Aphaenogaster honduriana","","Atl ntida","Honduras","2012-01-11","tropical rainforest ex sifted leaf litter",200,"point","15.69449","-86.86311"
"http://antweb.org/api/v2/?occurrenceId=CAS:ANTWEB:jtl656185","jtl656185","formicidae","myrmicinae","Aphaenogaster","honduriana","Aphaenogaster honduriana","","Atl ntida","Honduras","2012-01-11","tropical rainforest ex sifted leaf litter",200,"point","15.69449","-86.86302"
"http://antweb.org/api/v2/?occurrenceId=CAS:ANTWEB:jtl656200","jtl656200","formicidae","myrmicinae","Aphaenogaster","honduriana","Aphaenogaster honduriana","","Atl ntida","Honduras","2012-01-11","tropical rainforest ex sifted leaf litter",200,"point","15.69449","-86.862976"
"http://antweb.org/api/v2/?occurrenceId=CAS:ANTWEB:jtl656213","jtl656213","formicidae","myrmicinae","Aphaenogaster","honduriana","Aphaenogaster honduriana","","Atl ntida","Honduras","2012-01-11","tropical rainforest ex sifted leaf litter",200,"point","15.69449","-86.86293"
"http://antweb.org/api/v2/?occurrenceId=CAS:ANTWEB:jtl656230","jtl656230","formicidae","myrmicinae","Aphaenogaster","honduriana","Aphaenogaster honduriana","","Atl ntida","Honduras","2012-01-11","tropical rainforest ex sifted leaf litter",200,"point","15.69449","-86.862885"
"http://antweb.org/api/v2/?occurrenceId=CAS:ANTWEB:jtl656243","jtl656243","formicidae","myrmicinae","Aphaenogaster","honduriana","Aphaenogaster honduriana","","Atl ntida","Honduras","2012-01-11","tropical rainforest ex sifted leaf litter",200,"point","15.69449","-86.86284"
"http://antweb.org/api/v2/?occurrenceId=CAS:ANTWEB:jtl656255","jtl656255","formicidae","myrmicinae","Aphaenogaster","honduriana","Aphaenogaster honduriana","","Atl ntida","Honduras","2012-01-11","tropical rainforest ex sifted leaf litter",200,"point","15.69449","-86.86279"
"http://antweb.org/api/v2/?occurrenceId=CAS:ANTWEB:jtl656269","jtl656269","formicidae","myrmicinae","Aphaenogaster","honduriana","Aphaenogaster honduriana","","Atl ntida","Honduras","2012-01-11","tropical rainforest ex sifted leaf litter",200,"point","15.69449","-86.86274"
"http://antweb.org/api/v2/?occurrenceId=CAS:ANTWEB:jtl656282","jtl656282","formicidae","myrmicinae","Aphaenogaster","honduriana","Aphaenogaster honduriana","","Atl ntida","Honduras","2012-01-11","tropical rainforest ex sifted leaf litter",200,"point","15.69449","-86.86269"
"http://antweb.org/api/v2/?occurrenceId=CAS:ANTWEB:jtl656296","jtl656296","formicidae","myrmicinae","Aphaenogaster","honduriana","Aphaenogaster honduriana","","Atl ntida","Honduras","2012-01-11","tropical rainforest ex sifted leaf litter",200,"point","15.69449","-86.8626"
"http://antweb.org/api/v2/?occurrenceId=CAS:ANTWEB:jtl656307","jtl656307","formicidae","myrmicinae","Aphaenogaster","honduriana","Aphaenogaster honduriana","","Atl ntida","Honduras","2012-01-11","tropical rainforest ex sifted leaf litter",200,"point","15.69449","-86.86256"
"http://antweb.org/api/v2/?occurrenceId=CAS:ANTWEB:jtl656327","jtl656327","formicidae","myrmicinae","Aphaenogaster","honduriana","Aphaenogaster honduriana","","Atl ntida","Honduras","2012-01-11","tropical rainforest ex sifted leaf litter",200,"point","15.69449","-86.86251"
"http://antweb.org/api/v2/?occurrenceId=CAS:ANTWEB:jtl656363","jtl656363","formicidae","myrmicinae","Aphaenogaster","honduriana","Aphaenogaster honduriana","","Atl ntida","Honduras","2012-01-11","tropical rainforest ex sifted leaf litter",200,"point","15.69449","-86.86237"
"http://antweb.org/api/v2/?occurrenceId=CAS:ANTWEB:jtl656381","jtl656381","formicidae","myrmicinae","Aphaenogaster","honduriana","Aphaenogaster honduriana","","Atl ntida","Honduras","2012-01-11","tropical rainforest ex sifted leaf litter",200,"point","15.69449","-86.86233"
"http://antweb.org/api/v2/?occurrenceId=CAS:ANTWEB:jtl656394","jtl656394","formicidae","myrmicinae","Aphaenogaster","honduriana","Aphaenogaster honduriana","","Atl ntida","Honduras","2012-01-11","tropical rainforest ex sifted leaf litter",200,"point","15.694445","-86.86233"
"http://antweb.org/api/v2/?occurrenceId=CAS:ANTWEB:jtl656437","jtl656437","formicidae","myrmicinae","Aphaenogaster","honduriana","Aphaenogaster honduriana","","Atl ntida","Honduras","2012-01-11","tropical rainforest ex sifted leaf litter",200,"point","15.69175","-86.861"
"http://antweb.org/api/v2/?occurrenceId=CAS:ANTWEB:jtl656455","jtl656455","formicidae","myrmicinae","Aphaenogaster","honduriana","Aphaenogaster honduriana","","Atl ntida","Honduras","2012-01-11","tropical rainforest ex sifted leaf litter",200,"point","15.69175","-86.860954"
"http://antweb.org/api/v2/?occurrenceId=CAS:ANTWEB:jtl656479","jtl656479","formicidae","myrmicinae","Aphaenogaster","honduriana","Aphaenogaster honduriana","","Atl ntida","Honduras","2012-01-11","tropical rainforest ex sifted leaf litter",200,"point","15.69175","-86.86086"
"http://antweb.org/api/v2/?occurrenceId=CAS:ANTWEB:jtl656505","jtl656505","formicidae","myrmicinae","Aphaenogaster","honduriana","Aphaenogaster honduriana","","Atl ntida","Honduras","2012-01-11","tropical rainforest ex sifted leaf litter",200,"point","15.69175","-86.86077"
"http://antweb.org/api/v2/?occurrenceId=CAS:ANTWEB:jtl656530","jtl656530","formicidae","myrmicinae","Aphaenogaster","honduriana","Aphaenogaster honduriana","","Atl ntida","Honduras","2012-01-11","tropical rainforest ex sifted leaf litter",280,"point","15.69166","-86.86077"
"http://antweb.org/api/v2/?occurrenceId=CAS:ANTWEB:jtl656562","jtl656562","formicidae","myrmicinae","Aphaenogaster","honduriana","Aphaenogaster honduriana","","Atl ntida","Honduras","2012-01-11","tropical rainforest ex sifted leaf litter",280,"point","15.6915245","-86.86076"
"http://antweb.org/api/v2/?occurrenceId=CAS:ANTWEB:jtl656592","jtl656592","formicidae","myrmicinae","Aphaenogaster","honduriana","Aphaenogaster honduriana","","Atl ntida","Honduras","2012-01-11","tropical rainforest ex sifted leaf litter",280,"point","15.691434","-86.86076"
"http://antweb.org/api/v2/?occurrenceId=CAS:ANTWEB:jtl656652","jtl656652","formicidae","myrmicinae","Aphaenogaster","honduriana","Aphaenogaster honduriana","","Atl ntida","Honduras","2012-01-11","tropical rainforest ex sifted leaf litter",280,"point","15.691208","-86.860756"
"http://antweb.org/api/v2/?occurrenceId=CAS:ANTWEB:jtl656787","jtl656787","formicidae","myrmicinae","Aphaenogaster","honduriana","Aphaenogaster honduriana","","Atl ntida","Honduras","2012-01-11","tropical rainforest ex sifted leaf litter",280,"point","15.691129","-86.86116"
"http://antweb.org/api/v2/?occurrenceId=CAS:ANTWEB:jtl656804","jtl656804","formicidae","myrmicinae","Aphaenogaster","honduriana","Aphaenogaster honduriana","","Atl ntida","Honduras","2012-01-11","tropical rainforest ex sifted leaf litter",280,"point","15.691141","-86.86125"
"http://antweb.org/api/v2/?occurrenceId=CAS:ANTWEB:jtl656822","jtl656822","formicidae","myrmicinae","Aphaenogaster","honduriana","Aphaenogaster honduriana","","Atl ntida","Honduras","2012-01-11","tropical rainforest ex sifted leaf litter",280,"point","15.6911545","-86.86134"
"http://antweb.org/api/v2/?occurrenceId=CAS:ANTWEB:jtl656836","jtl656836","formicidae","myrmicinae","Aphaenogaster","honduriana","Aphaenogaster honduriana","","Atl ntida","Honduras","2012-01-11","tropical rainforest ex sifted leaf litter",280,"point","15.69116","-86.86139"
"http://antweb.org/api/v2/?occurrenceId=CAS:ANTWEB:jtl656849","jtl656849","formicidae","myrmicinae","Aphaenogaster","honduriana","Aphaenogaster honduriana","","Atl ntida","Honduras","2012-01-11","tropical rainforest ex sifted leaf litter",280,"point","15.691205","-86.86139"
"http://antweb.org/api/v2/?occurrenceId=CAS:ANTWEB:jtl656878","jtl656878","formicidae","myrmicinae","Aphaenogaster","honduriana","Aphaenogaster honduriana","","Atl ntida","Honduras","2012-01-11","tropical rainforest ex sifted leaf litter",280,"point","15.691296","-86.861374"
"http://antweb.org/api/v2/?occurrenceId=CAS:ANTWEB:jtl656897","jtl656897","formicidae","myrmicinae","Aphaenogaster","honduriana","Aphaenogaster honduriana","","Atl ntida","Honduras","2012-01-11","tropical rainforest ex sifted leaf litter",280,"point","15.69134","-86.861374"
"http://antweb.org/api/v2/?occurrenceId=CAS:ANTWEB:jtl656918","jtl656918","formicidae","myrmicinae","Aphaenogaster","honduriana","Aphaenogaster honduriana","","Atl ntida","Honduras","2012-01-11","tropical rainforest ex sifted leaf litter",280,"point","15.691385","-86.86137"
"http://antweb.org/api/v2/?occurrenceId=CAS:ANTWEB:jtl656929","jtl656929","formicidae","myrmicinae","Aphaenogaster","honduriana","Aphaenogaster honduriana","","Atl ntida","Honduras","2012-01-11","tropical rainforest ex sifted leaf litter",280,"point","15.691431","-86.86137"
"http://antweb.org/api/v2/?occurrenceId=CAS:ANTWEB:jtl656941","jtl656941","formicidae","myrmicinae","Aphaenogaster","honduriana","Aphaenogaster honduriana","","Atl ntida","Honduras","2012-01-11","tropical rainforest ex sifted leaf litter",280,"point","15.691465","-86.861336"
"http://antweb.org/api/v2/?occurrenceId=CAS:ANTWEB:jtl657000","jtl657000","formicidae","myrmicinae","Aphaenogaster","honduriana","Aphaenogaster honduriana","","Atl ntida","Honduras","2012-01-11","tropical rainforest ex sifted leaf litter",280,"point","15.691638","-86.86118"
"http://antweb.org/api/v2/?occurrenceId=CAS:ANTWEB:jtl658301","jtl658301","formicidae","myrmicinae","Aphaenogaster","honduriana","Aphaenogaster honduriana","","Atl ntida","Honduras","2012-01-11","tropical rainforest ex sifted leaf litter",140,"point","15.69445","-86.86338"
"http://antweb.org/api/v2/?occurrenceId=CAS:ANTWEB:jtl658339","jtl658339","formicidae","myrmicinae","Aphaenogaster","honduriana","Aphaenogaster honduriana","","Atl ntida","Honduras","2012-01-11","tropical rainforest ex sifted leaf litter",140,"point","15.69445","-86.86338"
"http://antweb.org/api/v2/?occurrenceId=CAS:ANTWEB:jtl681611","jtl681611","formicidae","myrmicinae","Aphaenogaster","honduriana","Aphaenogaster honduriana","","Atl ntida","Honduras","2012-06-21","tropical rainforest ex sifted leaf litter",200,"point","15.69449","-86.862976"
"http://antweb.org/api/v2/?occurrenceId=CAS:ANTWEB:jtl681612","jtl681612","formicidae","myrmicinae","Aphaenogaster","honduriana","Aphaenogaster honduriana","","Atl ntida","Honduras","2012-06-21","tropical rainforest ex sifted leaf litter",190,"point","15.72429","-87.45188"
"http://antweb.org/api/v2/?occurrenceId=CAS:ANTWEB:jtl705131","jtl705131","formicidae","myrmicinae","Aphaenogaster","honduriana","Aphaenogaster honduriana","","Atl ntida","Honduras","2013-08-28","tropical rainforest ex sifted leaf litter",200,"point","15.69175","-86.861"
"http://antweb.org/api/v2/?occurrenceId=CAS:ANTWEB:mgbspec001521","mgbspec001521","formicidae","myrmicinae","Aphaenogaster","honduriana","Aphaenogaster honduriana","","Atl ntida","Honduras","2013-03-11","tropical rainforest at bait",120,"point","15.72792","-87.4497"
"http://antweb.org/api/v2/?occurrenceId=CAS:ANTWEB:mgbspec001522","mgbspec001522","formicidae","myrmicinae","Aphaenogaster","honduriana","Aphaenogaster honduriana","","Atl ntida","Honduras","2013-03-11","tropical rainforest at bait",120,"point","15.72792","-87.4497"
