"url","catalogNumber","family","subfamily","genus","specificEpithet","scientific_name","typeStatus","stateProvince","country","dateIdentified","habitat","minimumElevationInMeters","geojson.type","decimal_latitude","decimal_longitude"
"http://antweb.org/api/v2/?occurrenceId=CAS:ANTWEB:casent0103585","casent0103585","formicidae","myrmicinae","Aphaenogaster","fulva","Aphaenogaster fulva","","Florida","United States","2004-03-09","sandhill/bluffs",NA,"point","30.41667","-84.98333"
"http://antweb.org/api/v2/?occurrenceId=CAS:ANTWEB:casent0103588","casent0103588","formicidae","myrmicinae","Aphaenogaster","fulva","Aphaenogaster fulva","","Florida","United States","2004-03-09","sandhill area",NA,"point","28.6","-81.21667"
"http://antweb.org/api/v2/?occurrenceId=CAS:ANTWEB:casent0104857","casent0104857","formicidae","myrmicinae","Aphaenogaster","fulva","Aphaenogaster fulva","","Mississippi","United States","2005-12-31","",152,"point","33.20805","-89.07542"
"http://antweb.org/api/v2/?occurrenceId=CAS:ANTWEB:casent0104858","casent0104858","formicidae","myrmicinae","Aphaenogaster","fulva","Aphaenogaster fulva","","Mississippi","United States","2005-12-31","",152,"point","33.20805","-89.07542"
"http://antweb.org/api/v2/?occurrenceId=CAS:ANTWEB:casent0104859","casent0104859","formicidae","myrmicinae","Aphaenogaster","fulva","Aphaenogaster fulva","","Mississippi","United States","2005-12-31","",152,"point","33.20805","-89.07542"
"http://antweb.org/api/v2/?occurrenceId=CAS:ANTWEB:casent0105670","casent0105670","formicidae","myrmicinae","Aphaenogaster","fulva","Aphaenogaster fulva","","Virginia","United States","","",NA,NA,NA,NA
"http://antweb.org/api/v2/?occurrenceId=CAS:ANTWEB:casent0221944","casent0221944","formicidae","myrmicinae","Aphaenogaster","fulva","Aphaenogaster fulva","","North Carolina","United States","2014-08-19","pine forest ex rotten log",115,"point","35.73546","-78.6767"
"http://antweb.org/api/v2/?occurrenceId=CAS:ANTWEB:casent0755045","casent0755045","formicidae","myrmicinae","Aphaenogaster","fulva","Aphaenogaster fulva","","Virginia","United States","2015-06-10","riparian mixed hardwood forest nest in rotten log on ground",205,"point","38.94978","-78.29942"
"http://antweb.org/api/v2/?occurrenceId=CAS:ANTWEB:casent0755046","casent0755046","formicidae","myrmicinae","Aphaenogaster","fulva","Aphaenogaster fulva","","Virginia","United States","2015-06-10","riparian mixed hardwood forest nest in rotten log on ground",205,"point","38.94978","-78.29942"
"http://antweb.org/api/v2/?occurrenceId=CAS:ANTWEB:casent0755047","casent0755047","formicidae","myrmicinae","Aphaenogaster","fulva","Aphaenogaster fulva","","Virginia","United States","2015-06-10","riparian mixed hardwood forest nest in rotten log on ground",205,"point","38.94978","-78.29942"
"http://antweb.org/api/v2/?occurrenceId=CAS:ANTWEB:casent0755131","casent0755131","formicidae","myrmicinae","Aphaenogaster","fulva","Aphaenogaster fulva","","Maryland","United States","2015-06-10","suburban stray forager on ground",40,"point","39.189075","-76.698906"
"http://antweb.org/api/v2/?occurrenceId=CAS:ANTWEB:casent0755162","casent0755162","formicidae","myrmicinae","Aphaenogaster","fulva","Aphaenogaster fulva","","Virginia","United States","2015-06-10","riparian mixed hardwood forest nest in rotten log on ground",205,"point","38.94978","-78.29942"
"http://antweb.org/api/v2/?occurrenceId=CAS:ANTWEB:casent0904167","casent0904167","formicidae","myrmicinae","Aphaenogaster","fulva","Aphaenogaster fulva","syntype of Stenamma fulvum aquia pusillum","District of Columbia","United States","","",NA,NA,NA,NA
"http://antweb.org/api/v2/?occurrenceId=CAS:ANTWEB:casent0904168","casent0904168","formicidae","myrmicinae","Aphaenogaster","fulva","Aphaenogaster fulva","syntype of Stenamma fulvum aquia aztecum","","Mexico","","",NA,NA,NA,NA
"http://antweb.org/api/v2/?occurrenceId=CAS:ANTWEB:fmnhins0000046075","fmnhins0000046075","formicidae","myrmicinae","Aphaenogaster","fulva","Aphaenogaster fulva","","","","2008-01-01","",NA,NA,NA,NA
"http://antweb.org/api/v2/?occurrenceId=CAS:ANTWEB:fmnhins0000046076","fmnhins0000046076","formicidae","myrmicinae","Aphaenogaster","fulva","Aphaenogaster fulva","","","","2008-01-01","",NA,NA,NA,NA
"http://antweb.org/api/v2/?occurrenceId=CAS:ANTWEB:fmnhins0000049617","fmnhins0000049617","formicidae","myrmicinae","Aphaenogaster","fulva","Aphaenogaster fulva","","","","","",NA,NA,NA,NA
"http://antweb.org/api/v2/?occurrenceId=CAS:ANTWEB:fmnhins0000049618","fmnhins0000049618","formicidae","myrmicinae","Aphaenogaster","fulva","Aphaenogaster fulva","","","","","",NA,NA,NA,NA
"http://antweb.org/api/v2/?occurrenceId=CAS:ANTWEB:fmnhins0000049619","fmnhins0000049619","formicidae","myrmicinae","Aphaenogaster","fulva","Aphaenogaster fulva","","","","","",NA,NA,NA,NA
"http://antweb.org/api/v2/?occurrenceId=CAS:ANTWEB:fmnhins0000049620","fmnhins0000049620","formicidae","myrmicinae","Aphaenogaster","fulva","Aphaenogaster fulva","","","","","",NA,NA,NA,NA
"http://antweb.org/api/v2/?occurrenceId=CAS:ANTWEB:fmnhins0000049621","fmnhins0000049621","formicidae","myrmicinae","Aphaenogaster","fulva","Aphaenogaster fulva","","","","","",NA,NA,NA,NA
"http://antweb.org/api/v2/?occurrenceId=CAS:ANTWEB:fmnhins0000049622","fmnhins0000049622","formicidae","myrmicinae","Aphaenogaster","fulva","Aphaenogaster fulva","","","","","",NA,NA,NA,NA
"http://antweb.org/api/v2/?occurrenceId=CAS:ANTWEB:fmnhins0000062926","fmnhins0000062926","formicidae","myrmicinae","Aphaenogaster","fulva","Aphaenogaster fulva","","","","","clay soil, riparian hardwood forest",343,NA,NA,NA
"http://antweb.org/api/v2/?occurrenceId=CAS:ANTWEB:fmnhins0000062929","fmnhins0000062929","formicidae","myrmicinae","Aphaenogaster","fulva","Aphaenogaster fulva","","","","","",NA,NA,NA,NA
"http://antweb.org/api/v2/?occurrenceId=CAS:ANTWEB:fmnhins0000106634","fmnhins0000106634","formicidae","myrmicinae","Aphaenogaster","fulva","Aphaenogaster fulva","","","","","mixed hardwood forest",716,NA,NA,NA
"http://antweb.org/api/v2/?occurrenceId=CAS:ANTWEB:fmnhins0000106635","fmnhins0000106635","formicidae","myrmicinae","Aphaenogaster","fulva","Aphaenogaster fulva","","","","","mixed hardwood forest",564,NA,NA,NA
"http://antweb.org/api/v2/?occurrenceId=CAS:ANTWEB:fmnhins0000106636","fmnhins0000106636","formicidae","myrmicinae","Aphaenogaster","fulva","Aphaenogaster fulva","","","","","Oak-hickory forest",213,NA,NA,NA
"http://antweb.org/api/v2/?occurrenceId=CAS:ANTWEB:fmnhins0000106637","fmnhins0000106637","formicidae","myrmicinae","Aphaenogaster","fulva","Aphaenogaster fulva","","","","","Mixed deciduous forest",NA,NA,NA,NA
"http://antweb.org/api/v2/?occurrenceId=CAS:ANTWEB:fmnhins0000106638","fmnhins0000106638","formicidae","myrmicinae","Aphaenogaster","fulva","Aphaenogaster fulva","","","","","Mixed deciduous forest",NA,NA,NA,NA
"http://antweb.org/api/v2/?occurrenceId=CAS:ANTWEB:fmnhins0000106639","fmnhins0000106639","formicidae","myrmicinae","Aphaenogaster","fulva","Aphaenogaster fulva","","","","","Oak-hickory forest",213,NA,NA,NA
"http://antweb.org/api/v2/?occurrenceId=CAS:ANTWEB:fmnhins0000106640","fmnhins0000106640","formicidae","myrmicinae","Aphaenogaster","fulva","Aphaenogaster fulva","","","","","Forest margin",777,NA,NA,NA
"http://antweb.org/api/v2/?occurrenceId=CAS:ANTWEB:fmnhins0000106641","fmnhins0000106641","formicidae","myrmicinae","Aphaenogaster","fulva","Aphaenogaster fulva","","","","","mixed hardwood forest",716,NA,NA,NA
"http://antweb.org/api/v2/?occurrenceId=CAS:ANTWEB:fmnhins0000106642","fmnhins0000106642","formicidae","myrmicinae","Aphaenogaster","fulva","Aphaenogaster fulva","","","","","mixed hardwood forest",564,NA,NA,NA
"http://antweb.org/api/v2/?occurrenceId=CAS:ANTWEB:fmnhins0000120554","fmnhins0000120554","formicidae","myrmicinae","Aphaenogaster","fulva","Aphaenogaster fulva","","","","","Newly cot stomp marshy forest",NA,NA,NA,NA
"http://antweb.org/api/v2/?occurrenceId=CAS:ANTWEB:fmnhins0000120556","fmnhins0000120556","formicidae","myrmicinae","Aphaenogaster","fulva","Aphaenogaster fulva","","","","","",NA,NA,NA,NA
"http://antweb.org/api/v2/?occurrenceId=CAS:ANTWEB:fmnhins0000120557","fmnhins0000120557","formicidae","myrmicinae","Aphaenogaster","fulva","Aphaenogaster fulva","","","","","",NA,NA,NA,NA
"http://antweb.org/api/v2/?occurrenceId=CAS:ANTWEB:fmnhins0000120558","fmnhins0000120558","formicidae","myrmicinae","Aphaenogaster","fulva","Aphaenogaster fulva","","","","","",NA,NA,NA,NA
"http://antweb.org/api/v2/?occurrenceId=CAS:ANTWEB:fmnhins0000120560","fmnhins0000120560","formicidae","myrmicinae","Aphaenogaster","fulva","Aphaenogaster fulva","","","","","",NA,NA,NA,NA
"http://antweb.org/api/v2/?occurrenceId=CAS:ANTWEB:fmnhins0000120564","fmnhins0000120564","formicidae","myrmicinae","Aphaenogaster","fulva","Aphaenogaster fulva","","","","","floor litter",NA,NA,NA,NA
"http://antweb.org/api/v2/?occurrenceId=CAS:ANTWEB:fmnhins0000120565","fmnhins0000120565","formicidae","myrmicinae","Aphaenogaster","fulva","Aphaenogaster fulva","","","","","",NA,NA,NA,NA
"http://antweb.org/api/v2/?occurrenceId=CAS:ANTWEB:fmnhins0000120573","fmnhins0000120573","formicidae","myrmicinae","Aphaenogaster","fulva","Aphaenogaster fulva","","","","","",NA,NA,NA,NA
"http://antweb.org/api/v2/?occurrenceId=CAS:ANTWEB:jtlc000006554","jtlc000006554","formicidae","myrmicinae","Aphaenogaster","fulva","Aphaenogaster fulva","","North Carolina","United States","2005-07-21","pine/oak managed forest sifted leaf litter",5,"point","34.76667","-76.76667"
"http://antweb.org/api/v2/?occurrenceId=CAS:ANTWEB:jtlc000006561","jtlc000006561","formicidae","myrmicinae","Aphaenogaster","fulva","Aphaenogaster fulva","","North Carolina","United States","2005-07-21","pine/oak managed forest sifted leaf litter",5,"point","34.76667","-76.76667"
"http://antweb.org/api/v2/?occurrenceId=CAS:ANTWEB:jtlc000006566","jtlc000006566","formicidae","myrmicinae","Aphaenogaster","fulva","Aphaenogaster fulva","","North Carolina","United States","2005-07-21","pine/oak managed forest sifted leaf litter",5,"point","34.76667","-76.76667"
"http://antweb.org/api/v2/?occurrenceId=CAS:ANTWEB:jtlc000006567","jtlc000006567","formicidae","myrmicinae","Aphaenogaster","fulva","Aphaenogaster fulva","","North Carolina","United States","2005-07-21","pine/oak managed forest sifted leaf litter",5,"point","34.76667","-76.76667"
"http://antweb.org/api/v2/?occurrenceId=CAS:ANTWEB:lacm ent 141098","lacm ent 141098","formicidae","myrmicinae","Aphaenogaster","fulva","Aphaenogaster fulva","","Maryland","United States","1999-08-14","",30,"point","38.983334","-77.23333"
"http://antweb.org/api/v2/?occurrenceId=CAS:ANTWEB:lacm ent 141099","lacm ent 141099","formicidae","myrmicinae","Aphaenogaster","fulva","Aphaenogaster fulva","","Maryland","United States","1998-05-24","",30,"point","38.983334","-77.23333"
"http://antweb.org/api/v2/?occurrenceId=CAS:ANTWEB:lacm ent 141105","lacm ent 141105","formicidae","myrmicinae","Aphaenogaster","fulva","Aphaenogaster fulva","","Maryland","United States","1999-08-14","",80,"point","39.033333","-77.083336"
"http://antweb.org/api/v2/?occurrenceId=CAS:ANTWEB:lacm ent 142236","lacm ent 142236","formicidae","myrmicinae","Aphaenogaster","fulva","Aphaenogaster fulva","","Oklahoma","United States","1999-08-14","postoak/grass parkland strays",320,"point","35.23333","-97.21667"
"http://antweb.org/api/v2/?occurrenceId=CAS:ANTWEB:ss190582ss13a164","ss190582ss13a164","formicidae","myrmicinae","Aphaenogaster","fulva","Aphaenogaster fulva","","Massachusetts","United States","2014-11-07","garden foraging on ground at night",6,"point","42.38696","-71.116104"
"http://antweb.org/api/v2/?occurrenceId=CAS:ANTWEB:ss190582ss13a165","ss190582ss13a165","formicidae","myrmicinae","Aphaenogaster","fulva","Aphaenogaster fulva","","Massachusetts","United States","2014-11-07","garden beside road, open foraging on wall",27,"point","42.38703","-71.11019"
