"url","catalogNumber","family","subfamily","genus","specificEpithet","scientific_name","typeStatus","stateProvince","country","dateIdentified","habitat","minimumElevationInMeters"
"http://antweb.org/api/v2/?occurrenceId=CAS:ANTWEB:casent0900455","casent0900455","formicidae","myrmicinae","Aphaenogaster","famelica","Aphaenogaster famelica","Holotype of Aphaenogaster famelica","","","2012-12-31","",NA
"http://antweb.org/api/v2/?occurrenceId=CAS:ANTWEB:fmnhins0000106814","fmnhins0000106814","formicidae","myrmicinae","Aphaenogaster","famelica","Aphaenogaster famelica","","","","","",NA
"http://antweb.org/api/v2/?occurrenceId=CAS:ANTWEB:fmnhins0000106816","fmnhins0000106816","formicidae","myrmicinae","Aphaenogaster","famelica","Aphaenogaster famelica","","","","","",NA
"http://antweb.org/api/v2/?occurrenceId=CAS:ANTWEB:fmnhins0000106962","fmnhins0000106962","formicidae","myrmicinae","Aphaenogaster","famelica","Aphaenogaster famelica","","","","","",NA
"http://antweb.org/api/v2/?occurrenceId=CAS:ANTWEB:fmnhins0000106963","fmnhins0000106963","formicidae","myrmicinae","Aphaenogaster","famelica","Aphaenogaster famelica","","","","","",150
