"url","catalogNumber","family","subfamily","genus","specificEpithet","scientific_name","typeStatus","stateProvince","country","dateIdentified","habitat","minimumElevationInMeters","geojson.type","decimal_latitude","decimal_longitude"
"http://antweb.org/api/v2/?occurrenceId=CAS:ANTWEB:casent0005722","casent0005722","formicidae","myrmicinae","Aphaenogaster","boulderensis","Aphaenogaster boulderensis","","California","United States","2000-11-10","sagebrush scrub ground foragers",1500,"point","40.36667","-120.16667"
"http://antweb.org/api/v2/?occurrenceId=CAS:ANTWEB:casent0629759","casent0629759","formicidae","myrmicinae","Aphaenogaster","boulderensis","Aphaenogaster boulderensis","","Utah","United States","2012-10-28","desert canyon wall under stone",1320,"point","38.78972","-109.20748"
"http://antweb.org/api/v2/?occurrenceId=CAS:ANTWEB:fmnhins0000062660","fmnhins0000062660","formicidae","myrmicinae","Aphaenogaster","boulderensis","Aphaenogaster boulderensis","Holotype","","","","Cactus- yucca desert",1676,NA,NA,NA
"http://antweb.org/api/v2/?occurrenceId=CAS:ANTWEB:fmnhins0000062700","fmnhins0000062700","formicidae","myrmicinae","Aphaenogaster","boulderensis","Aphaenogaster boulderensis","Paratype","","","","",NA,NA,NA,NA
"http://antweb.org/api/v2/?occurrenceId=CAS:ANTWEB:fmnhins0000062701","fmnhins0000062701","formicidae","myrmicinae","Aphaenogaster","boulderensis","Aphaenogaster boulderensis","","","","","Cactus- yucca desert",1676,NA,NA,NA
"http://antweb.org/api/v2/?occurrenceId=CAS:ANTWEB:fmnhins0000077013","fmnhins0000077013","formicidae","myrmicinae","Aphaenogaster","boulderensis","Aphaenogaster boulderensis","Paratype","","","","Cactus- yucca desert",1676,NA,NA,NA
"http://antweb.org/api/v2/?occurrenceId=CAS:ANTWEB:fmnhins0000077014","fmnhins0000077014","formicidae","myrmicinae","Aphaenogaster","boulderensis","Aphaenogaster boulderensis","","","","","Cactus- yucca desert",1676,NA,NA,NA
"http://antweb.org/api/v2/?occurrenceId=CAS:ANTWEB:fmnhins0000077044","fmnhins0000077044","formicidae","myrmicinae","Aphaenogaster","boulderensis","Aphaenogaster boulderensis","","","","","Cactus- yucca desert",1676,NA,NA,NA
"http://antweb.org/api/v2/?occurrenceId=CAS:ANTWEB:fmnhins0000083008","fmnhins0000083008","formicidae","myrmicinae","Aphaenogaster","boulderensis","Aphaenogaster boulderensis","Paratype","","","","Cactus- yucca desert",1676,NA,NA,NA
"http://antweb.org/api/v2/?occurrenceId=CAS:ANTWEB:fmnhins0000083009","fmnhins0000083009","formicidae","myrmicinae","Aphaenogaster","boulderensis","Aphaenogaster boulderensis","Paratype","","","","Cactus- yucca desert",1676,NA,NA,NA
"http://antweb.org/api/v2/?occurrenceId=CAS:ANTWEB:fmnhins0000083010","fmnhins0000083010","formicidae","myrmicinae","Aphaenogaster","boulderensis","Aphaenogaster boulderensis","Paratype","","","","Cactus- yucca desert",1676,NA,NA,NA
"http://antweb.org/api/v2/?occurrenceId=CAS:ANTWEB:fmnhins0000083011","fmnhins0000083011","formicidae","myrmicinae","Aphaenogaster","boulderensis","Aphaenogaster boulderensis","","","","","Cactus- yucca desert",1676,NA,NA,NA
"http://antweb.org/api/v2/?occurrenceId=CAS:ANTWEB:fmnhins0000083012","fmnhins0000083012","formicidae","myrmicinae","Aphaenogaster","boulderensis","Aphaenogaster boulderensis","","","","","Cactus- yucca desert",1676,NA,NA,NA
"http://antweb.org/api/v2/?occurrenceId=CAS:ANTWEB:fmnhins0000083013","fmnhins0000083013","formicidae","myrmicinae","Aphaenogaster","boulderensis","Aphaenogaster boulderensis","","","","","Cactus- yucca desert",1676,NA,NA,NA
"http://antweb.org/api/v2/?occurrenceId=CAS:ANTWEB:fmnhins0000083035","fmnhins0000083035","formicidae","myrmicinae","Aphaenogaster","boulderensis","Aphaenogaster boulderensis","","","","","Cactus- yucca desert",1676,NA,NA,NA
"http://antweb.org/api/v2/?occurrenceId=CAS:ANTWEB:fmnhins0000083036","fmnhins0000083036","formicidae","myrmicinae","Aphaenogaster","boulderensis","Aphaenogaster boulderensis","","","","","Cactus- yucca desert",1676,NA,NA,NA
"http://antweb.org/api/v2/?occurrenceId=CAS:ANTWEB:fmnhins0000083037","fmnhins0000083037","formicidae","myrmicinae","Aphaenogaster","boulderensis","Aphaenogaster boulderensis","","","","","Cactus- yucca desert",1676,NA,NA,NA
"http://antweb.org/api/v2/?occurrenceId=CAS:ANTWEB:fmnhins0000106400","fmnhins0000106400","formicidae","myrmicinae","Aphaenogaster","boulderensis","Aphaenogaster boulderensis","","","","","",NA,NA,NA,NA
